owner,entry_num,entry_alias,team_num,team
!!!!RETIREMENT!!!!,1,!!!!RETIREMENT!!!!-1,22,CHARGERS
FRANK B,6,FRANK B-6,20,LIONS
patriots with leis,3,patriots with leis-3,12,STEELERS
!!DNANA,1,!!DNANA-1,22,CHARGERS
FRANK B,7,FRANK B-7,20,LIONS
patriots with leis,4,patriots with leis-4,12,STEELERS
!!DNANA,10,!!DNANA-10,12,STEELERS
FRANK B,8,FRANK B-8,28,VIKINGS
PATSBROS,1,PATSBROS-1,6,JAGUARS
!!DNANA,2,!!DNANA-2,22,CHARGERS
FRANK B,9,FRANK B-9,6,JAGUARS
PATSBROS,2,PATSBROS-2,12,STEELERS
!!DNANA,3,!!DNANA-3,22,CHARGERS
FRANK410,1,FRANK410-1,22,CHARGERS
PATTY WAGON,1,PATTY WAGON-1,6,JAGUARS
!!DNANA,4,!!DNANA-4,22,CHARGERS
FRANK410,10,FRANK410-10,24,RAIDERS
PATTY WAGON,2,PATTY WAGON-2,24,RAIDERS
!!DNANA,5,!!DNANA-5,22,CHARGERS
FRANK410,2,FRANK410-2,22,CHARGERS
PATTYFATSTACKS,1,PATTYFATSTACKS-1,6,JAGUARS
!!DNANA,6,!!DNANA-6,6,JAGUARS
FRANK410,3,FRANK410-3,22,CHARGERS
PATTYFATSTACKS,2,PATTYFATSTACKS-2,8,BENGALS
!!DNANA,7,!!DNANA-7,6,JAGUARS
FRANK410,4,FRANK410-4,6,JAGUARS
PAUL BEARERS,1,PAUL BEARERS-1,6,JAGUARS
!!DNANA,8,!!DNANA-8,6,JAGUARS
FRANK410,5,FRANK410-5,6,JAGUARS
PAUL BEARERS,2,PAUL BEARERS-2,6,JAGUARS
!!DNANA,9,!!DNANA-9,6,JAGUARS
FRANK410,6,FRANK410-6,6,JAGUARS
PAUL BEARERS,3,PAUL BEARERS-3,6,JAGUARS
!!Sphincter,1,!!Sphincter-1,2,SEAHAWKS
FRANK410,7,FRANK410-7,6,JAGUARS
PAUL BEARERS,4,PAUL BEARERS-4,6,JAGUARS
!!Sphincter,10,!!Sphincter-10,2,SEAHAWKS
FRANK410,8,FRANK410-8,24,RAIDERS
PAUL BEARERS,5,PAUL BEARERS-5,22,CHARGERS
!!Sphincter,2,!!Sphincter-2,2,SEAHAWKS
FRANK410,9,FRANK410-9,24,RAIDERS
PAUL BEARERS,6,PAUL BEARERS-6,22,CHARGERS
!!Sphincter,3,!!Sphincter-3,2,SEAHAWKS
FRANK420,1,FRANK420-1,20,LIONS
PAUL BEARERS,7,PAUL BEARERS-7,22,CHARGERS
!!Sphincter,4,!!Sphincter-4,2,SEAHAWKS
FRANK420,10,FRANK420-10,18,TITANS
PAUL BEARERS,8,PAUL BEARERS-8,20,LIONS
!!Sphincter,5,!!Sphincter-5,2,SEAHAWKS
FRANK420,2,FRANK420-2,20,LIONS
PAY ME THE CASH,1,PAY ME THE CASH-1,22,CHARGERS
!!Sphincter,6,!!Sphincter-6,2,SEAHAWKS
FRANK420,3,FRANK420-3,20,LIONS
PAY ME THE CASH,10,PAY ME THE CASH-10,6,JAGUARS
!!Sphincter,7,!!Sphincter-7,2,SEAHAWKS
FRANK420,4,FRANK420-4,12,STEELERS
PAY ME THE CASH,2,PAY ME THE CASH-2,20,LIONS
!!Sphincter,8,!!Sphincter-8,2,SEAHAWKS
FRANK420,5,FRANK420-5,12,STEELERS
PAY ME THE CASH,3,PAY ME THE CASH-3,22,CHARGERS
!!Sphincter,9,!!Sphincter-9,2,SEAHAWKS
FRANK420,6,FRANK420-6,15,BEARS
PAY ME THE CASH,4,PAY ME THE CASH-4,6,JAGUARS
!APOPHIS 4-13-2029!$,1,!APOPHIS 4-13-2029!$-1,22,CHARGERS
FRANK420,7,FRANK420-7,15,BEARS
PAY ME THE CASH,5,PAY ME THE CASH-5,6,JAGUARS
!APOPHIS 4-13-2029!$,2,!APOPHIS 4-13-2029!$-2,6,JAGUARS
FRANK420,8,FRANK420-8,29,COWBOYS
PAY ME THE CASH,6,PAY ME THE CASH-6,6,JAGUARS
!BADBEATINCOMING,1,!BADBEATINCOMING-1,22,CHARGERS
FRANK420,9,FRANK420-9,29,COWBOYS
PAY ME THE CASH,7,PAY ME THE CASH-7,12,STEELERS
!BADBEATINCOMING,2,!BADBEATINCOMING-2,20,LIONS
FRANKAC,1,FRANKAC-1,6,JAGUARS
PAY ME THE CASH,8,PAY ME THE CASH-8,22,CHARGERS
!BADBEATINCOMING,3,!BADBEATINCOMING-3,12,STEELERS
FRANKFORTPHILLYGROUP,1,FRANKFORTPHILLYGROUP-1,6,JAGUARS
PAY ME THE CASH,9,PAY ME THE CASH-9,6,JAGUARS
""" THE COOLER""",1,""" THE COOLER""-1",6,JAGUARS
Frankie & Joey's Dad,1,Frankie & Joey's Dad-1,12,STEELERS
PAY THE MASTER,1,PAY THE MASTER-1,22,CHARGERS
"""THE CINCERO KID""",1,"""THE CINCERO KID""-1",12,STEELERS
Frankie & Joey's Dad,10,Frankie & Joey's Dad-10,22,CHARGERS
PAY THE MASTER,10,PAY THE MASTER-10,12,STEELERS
"""THE CINCERO KID""",2,"""THE CINCERO KID""-2",6,JAGUARS
Frankie & Joey's Dad,2,Frankie & Joey's Dad-2,12,STEELERS
PAY THE MASTER,2,PAY THE MASTER-2,22,CHARGERS
"""THE CINCERO KID""",3,"""THE CINCERO KID""-3",22,CHARGERS
Frankie & Joey's Dad,3,Frankie & Joey's Dad-3,6,JAGUARS
PAY THE MASTER,3,PAY THE MASTER-3,22,CHARGERS
# lets go,1,# lets go-1,6,JAGUARS
Frankie & Joey's Dad,4,Frankie & Joey's Dad-4,6,JAGUARS
PAY THE MASTER,4,PAY THE MASTER-4,22,CHARGERS
# lets go,2,# lets go-2,22,CHARGERS
Frankie & Joey's Dad,5,Frankie & Joey's Dad-5,6,JAGUARS
PAY THE MASTER,5,PAY THE MASTER-5,6,JAGUARS
### AVERIE,1,### AVERIE-1,6,JAGUARS
Frankie & Joey's Dad,6,Frankie & Joey's Dad-6,12,STEELERS
PAY THE MASTER,6,PAY THE MASTER-6,6,JAGUARS
### AVERIE,2,### AVERIE-2,6,JAGUARS
Frankie & Joey's Dad,7,Frankie & Joey's Dad-7,22,CHARGERS
PAY THE MASTER,7,PAY THE MASTER-7,6,JAGUARS
### AVERIE,3,### AVERIE-3,20,LIONS
Frankie & Joey's Dad,8,Frankie & Joey's Dad-8,22,CHARGERS
PAY THE MASTER,8,PAY THE MASTER-8,6,JAGUARS
### AVERIE,4,### AVERIE-4,22,CHARGERS
Frankie & Joey's Dad,9,Frankie & Joey's Dad-9,22,CHARGERS
PAY THE MASTER,9,PAY THE MASTER-9,20,LIONS
### AVERIE,5,### AVERIE-5,22,CHARGERS
FRANKIE 2 DOT 1,1,FRANKIE 2 DOT 1-1,26,EAGLES
Pay To The Order Of,1,Pay To The Order Of-1,12,STEELERS
### AVERIE,6,### AVERIE-6,20,LIONS
FRANKIE 2 DOT 1,10,FRANKIE 2 DOT 1-10,9,RAVENS
Pay To The Order Of,10,Pay To The Order Of-10,6,JAGUARS
### AVERIE,7,### AVERIE-7,24,RAIDERS
FRANKIE 2 DOT 1,2,FRANKIE 2 DOT 1-2,24,RAIDERS
Pay To The Order Of,2,Pay To The Order Of-2,12,STEELERS
### AVERIE,8,### AVERIE-8,24,RAIDERS
FRANKIE 2 DOT 1,3,FRANKIE 2 DOT 1-3,6,JAGUARS
Pay To The Order Of,3,Pay To The Order Of-3,26,EAGLES
### AVERIE,9,### AVERIE-9,24,RAIDERS
FRANKIE 2 DOT 1,4,FRANKIE 2 DOT 1-4,6,JAGUARS
Pay To The Order Of,4,Pay To The Order Of-4,22,CHARGERS
#1 FROGVILLE,1,#1 FROGVILLE-1,6,JAGUARS
FRANKIE 2 DOT 1,5,FRANKIE 2 DOT 1-5,6,JAGUARS
Pay To The Order Of,5,Pay To The Order Of-5,22,CHARGERS
#1 FROGVILLE,2,#1 FROGVILLE-2,12,STEELERS
FRANKIE 2 DOT 1,6,FRANKIE 2 DOT 1-6,26,EAGLES
Pay To The Order Of,6,Pay To The Order Of-6,6,JAGUARS
#808 PAKE,1,#808 PAKE-1,6,JAGUARS
FRANKIE 2 DOT 1,7,FRANKIE 2 DOT 1-7,24,RAIDERS
Pay To The Order Of,7,Pay To The Order Of-7,6,JAGUARS
#808 PAKE,10,#808 PAKE-10,12,STEELERS
FRANKIE 2 DOT 1,8,FRANKIE 2 DOT 1-8,20,LIONS
Pay To The Order Of,8,Pay To The Order Of-8,6,JAGUARS
#808 PAKE,2,#808 PAKE-2,6,JAGUARS
FRANKIE 2 DOT 1,9,FRANKIE 2 DOT 1-9,12,STEELERS
Pay To The Order Of,9,Pay To The Order Of-9,6,JAGUARS
#808 PAKE,3,#808 PAKE-3,22,CHARGERS
FRANKIESTEIN,1,FRANKIESTEIN-1,6,JAGUARS
PAYDATMANHISMONEY,1,PAYDATMANHISMONEY-1,6,JAGUARS
#808 PAKE,4,#808 PAKE-4,22,CHARGERS
FRANKLIN SAINT,1,FRANKLIN SAINT-1,12,STEELERS
PAYDATMANHISMONEY,2,PAYDATMANHISMONEY-2,24,RAIDERS
#808 PAKE,5,#808 PAKE-5,22,CHARGERS
FRANKLINS,1,FRANKLINS-1,22,CHARGERS
PAYDATMANHISMONEY,3,PAYDATMANHISMONEY-3,6,JAGUARS
#808 PAKE,6,#808 PAKE-6,22,CHARGERS
FRANKLINS,2,FRANKLINS-2,20,LIONS
PAYDATMANHISMONEY,4,PAYDATMANHISMONEY-4,6,JAGUARS
#808 PAKE,7,#808 PAKE-7,22,CHARGERS
FRANKMACK5129,1,FRANKMACK5129-1,6,JAGUARS
PAYDATMANHISMONEY,5,PAYDATMANHISMONEY-5,6,JAGUARS
#808 PAKE,8,#808 PAKE-8,12,STEELERS
FRANKMACK5129,2,FRANKMACK5129-2,6,JAGUARS
PAYDATMANHISMONEY,6,PAYDATMANHISMONEY-6,6,JAGUARS
#808 PAKE,9,#808 PAKE-9,12,STEELERS
FRANKMACK5129,3,FRANKMACK5129-3,22,CHARGERS
PAYDATMANHISMONEY,7,PAYDATMANHISMONEY-7,12,STEELERS
#BOIKERUP,1,#BOIKERUP-1,12,STEELERS
FRANKRICARD,1,FRANKRICARD-1,6,JAGUARS
PAZVIBES,1,PAZVIBES-1,12,STEELERS
#MAXOUT,1,#MAXOUT-1,22,CHARGERS
FRANKRICARD,10,FRANKRICARD-10,22,CHARGERS
PB SPORTS,1,PB SPORTS-1,6,JAGUARS
#MAXOUT,10,#MAXOUT-10,22,CHARGERS
FRANKRICARD,2,FRANKRICARD-2,6,JAGUARS
PBS,1,PBS-1,6,JAGUARS
#MAXOUT,2,#MAXOUT-2,22,CHARGERS
FRANKRICARD,3,FRANKRICARD-3,6,JAGUARS
PBS,2,PBS-2,6,JAGUARS
#MAXOUT,3,#MAXOUT-3,22,CHARGERS
FRANKRICARD,4,FRANKRICARD-4,22,CHARGERS
PBS,3,PBS-3,6,JAGUARS
#MAXOUT,4,#MAXOUT-4,22,CHARGERS
FRANKRICARD,5,FRANKRICARD-5,22,CHARGERS
PBS,4,PBS-4,6,JAGUARS
#MAXOUT,5,#MAXOUT-5,22,CHARGERS
FRANKRICARD,6,FRANKRICARD-6,22,CHARGERS
PBS,5,PBS-5,6,JAGUARS
#MAXOUT,6,#MAXOUT-6,22,CHARGERS
FRANKRICARD,7,FRANKRICARD-7,22,CHARGERS
pc boyz,1,pc boyz-1,22,CHARGERS
#MAXOUT,7,#MAXOUT-7,22,CHARGERS
FRANKRICARD,8,FRANKRICARD-8,22,CHARGERS
pc boyz,2,pc boyz-2,6,JAGUARS
#MAXOUT,8,#MAXOUT-8,22,CHARGERS
FRANKRICARD,9,FRANKRICARD-9,22,CHARGERS
PCHASE,1,PCHASE-1,12,STEELERS
#MAXOUT,9,#MAXOUT-9,22,CHARGERS
FRANKROCK,1,FRANKROCK-1,22,CHARGERS
PCHASE,2,PCHASE-2,6,JAGUARS
#POSITIVE EV,1,#POSITIVE EV-1,24,RAIDERS
FRANKROCK,10,FRANKROCK-10,8,BENGALS
PCHASE,3,PCHASE-3,6,JAGUARS
#TIMEHASCOME,1,#TIMEHASCOME-1,22,CHARGERS
FRANKROCK,2,FRANKROCK-2,22,CHARGERS
Peaches,1,Peaches-1,22,CHARGERS
#TIMEHASCOME,10,#TIMEHASCOME-10,6,JAGUARS
FRANKROCK,3,FRANKROCK-3,26,EAGLES
PEBBLES DAD,1,PEBBLES DAD-1,22,CHARGERS
#TIMEHASCOME,2,#TIMEHASCOME-2,22,CHARGERS
FRANKROCK,4,FRANKROCK-4,6,JAGUARS
PEBBLES DAD,2,PEBBLES DAD-2,22,CHARGERS
#TIMEHASCOME,3,#TIMEHASCOME-3,22,CHARGERS
FRANKROCK,5,FRANKROCK-5,6,JAGUARS
PEBBLES DAD,3,PEBBLES DAD-3,6,JAGUARS
#TIMEHASCOME,4,#TIMEHASCOME-4,22,CHARGERS
FRANKROCK,6,FRANKROCK-6,20,LIONS
PECCOLE POSSE,1,PECCOLE POSSE-1,12,STEELERS
#TIMEHASCOME,5,#TIMEHASCOME-5,22,CHARGERS
FRANKROCK,7,FRANKROCK-7,20,LIONS
PECCOLE POSSE,10,PECCOLE POSSE-10,6,JAGUARS
#TIMEHASCOME,6,#TIMEHASCOME-6,22,CHARGERS
FRANKROCK,8,FRANKROCK-8,12,STEELERS
PECCOLE POSSE,2,PECCOLE POSSE-2,12,STEELERS
#TIMEHASCOME,7,#TIMEHASCOME-7,22,CHARGERS
FRANKROCK,9,FRANKROCK-9,12,STEELERS
PECCOLE POSSE,3,PECCOLE POSSE-3,12,STEELERS
#TIMEHASCOME,8,#TIMEHASCOME-8,22,CHARGERS
FRASERVALLEY,1,FRASERVALLEY-1,6,JAGUARS
PECCOLE POSSE,4,PECCOLE POSSE-4,12,STEELERS
#TIMEHASCOME,9,#TIMEHASCOME-9,22,CHARGERS
FRASERVALLEY,2,FRASERVALLEY-2,6,JAGUARS
PECCOLE POSSE,5,PECCOLE POSSE-5,12,STEELERS
#TIMEISNOW,1,#TIMEISNOW-1,6,JAGUARS
FRASERVALLEY,3,FRASERVALLEY-3,22,CHARGERS
PECCOLE POSSE,6,PECCOLE POSSE-6,6,JAGUARS
#TIMEISNOW,2,#TIMEISNOW-2,6,JAGUARS
FRASERVALLEY,4,FRASERVALLEY-4,6,JAGUARS
PECCOLE POSSE,7,PECCOLE POSSE-7,6,JAGUARS
#TIMEISNOW,3,#TIMEISNOW-3,22,CHARGERS
FRASERVALLEY,5,FRASERVALLEY-5,22,CHARGERS
PECCOLE POSSE,8,PECCOLE POSSE-8,6,JAGUARS
$$$CHANGESEVERTHING,1,$$$CHANGESEVERTHING-1,22,CHARGERS
FREAKSFORUM.COM,1,FREAKSFORUM.COM-1,22,CHARGERS
PECCOLE POSSE,9,PECCOLE POSSE-9,6,JAGUARS
$$$CHANGESEVERTHING,10,$$$CHANGESEVERTHING-10,12,STEELERS
FREAKSFORUM.COM,2,FREAKSFORUM.COM-2,22,CHARGERS
Peckerheads,1,Peckerheads-1,6,JAGUARS
$$$CHANGESEVERTHING,2,$$$CHANGESEVERTHING-2,22,CHARGERS
FREAKYDEAKS,1,FREAKYDEAKS-1,6,JAGUARS
Peckerheads,2,Peckerheads-2,8,BENGALS
$$$CHANGESEVERTHING,3,$$$CHANGESEVERTHING-3,22,CHARGERS
FRED SCHMALTZ,1,FRED SCHMALTZ-1,22,CHARGERS
Peckerheads,3,Peckerheads-3,6,JAGUARS
$$$CHANGESEVERTHING,4,$$$CHANGESEVERTHING-4,22,CHARGERS
FRED SCHMALTZ,2,FRED SCHMALTZ-2,22,CHARGERS
Peckerheads,4,Peckerheads-4,22,CHARGERS
$$$CHANGESEVERTHING,5,$$$CHANGESEVERTHING-5,6,JAGUARS
FRED SCHMALTZ,3,FRED SCHMALTZ-3,6,JAGUARS
PEDRO PAGES,1,PEDRO PAGES-1,6,JAGUARS
$$$CHANGESEVERTHING,6,$$$CHANGESEVERTHING-6,6,JAGUARS
Fred Vegas,1,Fred Vegas-1,6,JAGUARS
Peelio,1,Peelio-1,6,JAGUARS
$$$CHANGESEVERTHING,7,$$$CHANGESEVERTHING-7,6,JAGUARS
Fred Vegas,10,Fred Vegas-10,22,CHARGERS
PEGGLES808,1,PEGGLES808-1,12,STEELERS
$$$CHANGESEVERTHING,8,$$$CHANGESEVERTHING-8,24,RAIDERS
Fred Vegas,2,Fred Vegas-2,6,JAGUARS
PEGGLES808,10,PEGGLES808-10,12,STEELERS
$$$CHANGESEVERTHING,9,$$$CHANGESEVERTHING-9,24,RAIDERS
Fred Vegas,3,Fred Vegas-3,6,JAGUARS
PEGGLES808,2,PEGGLES808-2,12,STEELERS
$$TBEV,1,$$TBEV-1,22,CHARGERS
Fred Vegas,4,Fred Vegas-4,6,JAGUARS
PEGGLES808,3,PEGGLES808-3,12,STEELERS
$eanperrysuxnut$,1,$eanperrysuxnut$-1,12,STEELERS
Fred Vegas,5,Fred Vegas-5,6,JAGUARS
PEGGLES808,4,PEGGLES808-4,12,STEELERS
$eanperrysuxnut$,2,$eanperrysuxnut$-2,22,CHARGERS
Fred Vegas,6,Fred Vegas-6,22,CHARGERS
PEGGLES808,5,PEGGLES808-5,12,STEELERS
$eanperrysuxnut$,3,$eanperrysuxnut$-3,6,JAGUARS
Fred Vegas,7,Fred Vegas-7,22,CHARGERS
PEGGLES808,6,PEGGLES808-6,12,STEELERS
$eanperrysuxnut$,4,$eanperrysuxnut$-4,6,JAGUARS
Fred Vegas,8,Fred Vegas-8,22,CHARGERS
PEGGLES808,7,PEGGLES808-7,12,STEELERS
$JAR,1,$JAR-1,12,STEELERS
Fred Vegas,9,Fred Vegas-9,22,CHARGERS
PEGGLES808,8,PEGGLES808-8,12,STEELERS
$Money,1,$Money-1,22,CHARGERS
FRED,1,FRED-1,6,JAGUARS
PEGGLES808,9,PEGGLES808-9,12,STEELERS
$Money,2,$Money-2,12,STEELERS
FRED,10,FRED-10,22,CHARGERS
PELICAN CLYDE,1,PELICAN CLYDE-1,6,JAGUARS
$Money,3,$Money-3,12,STEELERS
FRED,2,FRED-2,6,JAGUARS
PELICAN CLYDE,2,PELICAN CLYDE-2,20,LIONS
$PARLAYS+PANICATTACK,1,$PARLAYS+PANICATTACK-1,12,STEELERS
FRED,3,FRED-3,6,JAGUARS
PELICAN CLYDE,3,PELICAN CLYDE-3,22,CHARGERS
$PARLAYS+PANICATTACK,2,$PARLAYS+PANICATTACK-2,6,JAGUARS
FRED,4,FRED-4,6,JAGUARS
PELICAN CLYDE,4,PELICAN CLYDE-4,22,CHARGERS
$PARLAYS+PANICATTACK,3,$PARLAYS+PANICATTACK-3,6,JAGUARS
FRED,5,FRED-5,6,JAGUARS
PELICANS FORE,1,PELICANS FORE-1,6,JAGUARS
$PARLAYS+PANICATTACK,4,$PARLAYS+PANICATTACK-4,6,JAGUARS
FRED,6,FRED-6,22,CHARGERS
PELICANS FORE,2,PELICANS FORE-2,22,CHARGERS
$RAIDERROCKETFLYER$,1,$RAIDERROCKETFLYER$-1,12,STEELERS
FRED,7,FRED-7,22,CHARGERS
PELICANS FORE,3,PELICANS FORE-3,20,LIONS
$RAIDERROCKETFLYER$,2,$RAIDERROCKETFLYER$-2,12,STEELERS
FRED,8,FRED-8,22,CHARGERS
PELICANS FORE,4,PELICANS FORE-4,22,CHARGERS
$RAIDERROCKETFLYER$,3,$RAIDERROCKETFLYER$-3,22,CHARGERS
FRED,9,FRED-9,22,CHARGERS
PENELOPE 1,1,PENELOPE 1-1,26,EAGLES
$RAIDERROCKETFLYER$,4,$RAIDERROCKETFLYER$-4,6,JAGUARS
FREDGARVINHOUSECALLS,1,FREDGARVINHOUSECALLS-1,22,CHARGERS
PENELOPE 1,10,PENELOPE 1-10,24,RAIDERS
$RAIDERROCKETFLYER$,5,$RAIDERROCKETFLYER$-5,22,CHARGERS
FREDGARVINHOUSECALLS,2,FREDGARVINHOUSECALLS-2,22,CHARGERS
PENELOPE 1,2,PENELOPE 1-2,26,EAGLES
$TONER$NOMORE,1,$TONER$NOMORE-1,6,JAGUARS
FREDGARVINHOUSECALLS,3,FREDGARVINHOUSECALLS-3,22,CHARGERS
PENELOPE 1,3,PENELOPE 1-3,26,EAGLES
$TONER$NOMORE,2,$TONER$NOMORE-2,22,CHARGERS
FREDGARVINHOUSECALLS,4,FREDGARVINHOUSECALLS-4,22,CHARGERS
PENELOPE 1,4,PENELOPE 1-4,20,LIONS
$TRICTLY BU$INE$$,1,$TRICTLY BU$INE$$-1,22,CHARGERS
FREDVEGAS,1,FREDVEGAS-1,12,STEELERS
PENELOPE 1,5,PENELOPE 1-5,20,LIONS
&ROLLING,1,&ROLLING-1,12,STEELERS
FREDY P,1,FREDY P-1,6,JAGUARS
PENELOPE 1,6,PENELOPE 1-6,20,LIONS
&ROLLING,10,&ROLLING-10,24,RAIDERS
FREDY P,2,FREDY P-2,22,CHARGERS
PENELOPE 1,7,PENELOPE 1-7,24,RAIDERS
&ROLLING,2,&ROLLING-2,12,STEELERS
FREDY P,3,FREDY P-3,12,STEELERS
PENELOPE 1,8,PENELOPE 1-8,24,RAIDERS
&ROLLING,3,&ROLLING-3,12,STEELERS
FREDY P,4,FREDY P-4,6,JAGUARS
PENELOPE 1,9,PENELOPE 1-9,24,RAIDERS
&ROLLING,4,&ROLLING-4,12,STEELERS
FREDY P,5,FREDY P-5,22,CHARGERS
PENELOPE 2,1,PENELOPE 2-1,24,RAIDERS
&ROLLING,5,&ROLLING-5,12,STEELERS
FREE STEAK,1,FREE STEAK-1,22,CHARGERS
PENELOPE 2,10,PENELOPE 2-10,6,JAGUARS
&ROLLING,6,&ROLLING-6,12,STEELERS
FREE STEAK,2,FREE STEAK-2,6,JAGUARS
PENELOPE 2,2,PENELOPE 2-2,6,JAGUARS
&ROLLING,7,&ROLLING-7,12,STEELERS
FREEBANDZ CED,1,FREEBANDZ CED-1,22,CHARGERS
PENELOPE 2,3,PENELOPE 2-3,6,JAGUARS
&ROLLING,8,&ROLLING-8,24,RAIDERS
FREEBANDZ CED,2,FREEBANDZ CED-2,24,RAIDERS
PENELOPE 2,4,PENELOPE 2-4,6,JAGUARS
&ROLLING,9,&ROLLING-9,24,RAIDERS
FREEBARBEQUE,1,FREEBARBEQUE-1,6,JAGUARS
PENELOPE 2,5,PENELOPE 2-5,6,JAGUARS
'92 AZ STATE CHAMPS,1,'92 AZ STATE CHAMPS-1,12,STEELERS
FREEBARBEQUE,10,FREEBARBEQUE-10,22,CHARGERS
PENELOPE 2,6,PENELOPE 2-6,6,JAGUARS
'92 AZ STATE CHAMPS,2,'92 AZ STATE CHAMPS-2,12,STEELERS
FREEBARBEQUE,2,FREEBARBEQUE-2,6,JAGUARS
PENELOPE 2,7,PENELOPE 2-7,6,JAGUARS
* BLACK HOLE SONS,1,* BLACK HOLE SONS-1,6,JAGUARS
FREEBARBEQUE,3,FREEBARBEQUE-3,6,JAGUARS
PENELOPE 2,8,PENELOPE 2-8,6,JAGUARS
* BLACK HOLE SONS,2,* BLACK HOLE SONS-2,6,JAGUARS
FREEBARBEQUE,4,FREEBARBEQUE-4,6,JAGUARS
PENELOPE 2,9,PENELOPE 2-9,6,JAGUARS
* BLACK HOLE SONS,3,* BLACK HOLE SONS-3,12,STEELERS
FREEBARBEQUE,5,FREEBARBEQUE-5,22,CHARGERS
PENELOPE 3,1,PENELOPE 3-1,22,CHARGERS
* BLACK HOLE SONS,4,* BLACK HOLE SONS-4,12,STEELERS
FREEBARBEQUE,6,FREEBARBEQUE-6,22,CHARGERS
PENELOPE 3,10,PENELOPE 3-10,12,STEELERS
* BLACK HOLE SONS,5,* BLACK HOLE SONS-5,12,STEELERS
FREEBARBEQUE,7,FREEBARBEQUE-7,22,CHARGERS
PENELOPE 3,2,PENELOPE 3-2,22,CHARGERS
* BLACK HOLE SONS,6,* BLACK HOLE SONS-6,22,CHARGERS
FREEBARBEQUE,8,FREEBARBEQUE-8,22,CHARGERS
PENELOPE 3,3,PENELOPE 3-3,22,CHARGERS
* HAMM,1,* HAMM-1,22,CHARGERS
FREEBARBEQUE,9,FREEBARBEQUE-9,22,CHARGERS
PENELOPE 3,4,PENELOPE 3-4,22,CHARGERS
* HAMM,2,* HAMM-2,6,JAGUARS
FREEBEER,1,FREEBEER-1,22,CHARGERS
PENELOPE 3,5,PENELOPE 3-5,22,CHARGERS
* HAMM,3,* HAMM-3,22,CHARGERS
FREEBEER,2,FREEBEER-2,12,STEELERS
PENELOPE 3,6,PENELOPE 3-6,22,CHARGERS
* HAMM,4,* HAMM-4,6,JAGUARS
FREEBEER,3,FREEBEER-3,12,STEELERS
PENELOPE 3,7,PENELOPE 3-7,22,CHARGERS
* HAMM,5,* HAMM-5,24,RAIDERS
FREEBS99,1,FREEBS99-1,6,JAGUARS
PENELOPE 3,8,PENELOPE 3-8,12,STEELERS
*NOODLE KING,1,*NOODLE KING-1,6,JAGUARS
FREEBS99,2,FREEBS99-2,22,CHARGERS
PENELOPE 3,9,PENELOPE 3-9,12,STEELERS
*NOODLE KING,10,*NOODLE KING-10,17,JETS
FREEBS99,3,FREEBS99-3,6,JAGUARS
PENNY CRAB,1,PENNY CRAB-1,12,STEELERS
*NOODLE KING,2,*NOODLE KING-2,6,JAGUARS
FREEBURK MAFIA,1,FREEBURK MAFIA-1,6,JAGUARS
PENNY REAPER,1,PENNY REAPER-1,12,STEELERS
*NOODLE KING,3,*NOODLE KING-3,6,JAGUARS
FREEBURK MAFIA,2,FREEBURK MAFIA-2,22,CHARGERS
PENNY REAPER,10,PENNY REAPER-10,22,CHARGERS
*NOODLE KING,4,*NOODLE KING-4,6,JAGUARS
FREEBURK MAFIA,3,FREEBURK MAFIA-3,6,JAGUARS
PENNY REAPER,2,PENNY REAPER-2,6,JAGUARS
*NOODLE KING,5,*NOODLE KING-5,6,JAGUARS
FREEBURK MAFIA,4,FREEBURK MAFIA-4,6,JAGUARS
PENNY REAPER,3,PENNY REAPER-3,22,CHARGERS
*NOODLE KING,6,*NOODLE KING-6,6,JAGUARS
FREEBURK MAFIA,5,FREEBURK MAFIA-5,22,CHARGERS
PENNY REAPER,4,PENNY REAPER-4,6,JAGUARS
*NOODLE KING,7,*NOODLE KING-7,28,VIKINGS
FREEBURK MAFIA,6,FREEBURK MAFIA-6,12,STEELERS
PENNY REAPER,5,PENNY REAPER-5,6,JAGUARS
*NOODLE KING,8,*NOODLE KING-8,28,VIKINGS
FREEBURK MAFIA,7,FREEBURK MAFIA-7,22,CHARGERS
PENNY REAPER,6,PENNY REAPER-6,22,CHARGERS
*NOODLE KING,9,*NOODLE KING-9,8,BENGALS
FREEBURK MAFIA,8,FREEBURK MAFIA-8,26,EAGLES
PENNY REAPER,7,PENNY REAPER-7,22,CHARGERS
... AND DRANG,1,... AND DRANG-1,12,STEELERS
FREEBURK MAFIA,9,FREEBURK MAFIA-9,22,CHARGERS
PENNY REAPER,8,PENNY REAPER-8,22,CHARGERS
... AND DRANG,2,... AND DRANG-2,6,JAGUARS
freedom rockets,1,freedom rockets-1,24,RAIDERS
PENNY REAPER,9,PENNY REAPER-9,22,CHARGERS
... AND DRANG,3,... AND DRANG-3,6,JAGUARS
freedom rockets,10,freedom rockets-10,24,RAIDERS
PENNYWISE,1,PENNYWISE-1,22,CHARGERS
... AND DRANG,4,... AND DRANG-4,24,RAIDERS
freedom rockets,2,freedom rockets-2,24,RAIDERS
PENNYWISE,2,PENNYWISE-2,22,CHARGERS
.BUSINESS AS CONDUCT,1,.BUSINESS AS CONDUCT-1,22,CHARGERS
freedom rockets,3,freedom rockets-3,24,RAIDERS
PENNYWISE,3,PENNYWISE-3,22,CHARGERS
.BUSINESS AS CONDUCT,2,.BUSINESS AS CONDUCT-2,12,STEELERS
freedom rockets,4,freedom rockets-4,24,RAIDERS
PENNYWISE,4,PENNYWISE-4,26,EAGLES
.BUSINESS AS CONDUCT,3,.BUSINESS AS CONDUCT-3,20,LIONS
freedom rockets,5,freedom rockets-5,24,RAIDERS
PEPPER DOG,1,PEPPER DOG-1,12,STEELERS
.BUSINESS AS CONDUCT,4,.BUSINESS AS CONDUCT-4,22,CHARGERS
freedom rockets,6,freedom rockets-6,24,RAIDERS
PEPPER DOG,2,PEPPER DOG-2,22,CHARGERS
.NAYUMIH,1,.NAYUMIH-1,22,CHARGERS
freedom rockets,7,freedom rockets-7,24,RAIDERS
PEPPER DOG,3,PEPPER DOG-3,6,JAGUARS
.NAYUMIH,2,.NAYUMIH-2,6,JAGUARS
freedom rockets,8,freedom rockets-8,24,RAIDERS
PEPPER,1,PEPPER-1,22,CHARGERS
@Bradattitude,1,@Bradattitude-1,12,STEELERS
freedom rockets,9,freedom rockets-9,24,RAIDERS
PEPPER,2,PEPPER-2,22,CHARGERS
@TABLE1VEGAS,1,@TABLE1VEGAS-1,6,JAGUARS
FREESHAVACADO,1,FREESHAVACADO-1,12,STEELERS
PEPPER,3,PEPPER-3,22,CHARGERS
@TABLE1VEGAS,2,@TABLE1VEGAS-2,22,CHARGERS
FREESHAVACADO,10,FREESHAVACADO-10,6,JAGUARS
PEPPER,4,PEPPER-4,6,JAGUARS
@TABLE1VEGAS,3,@TABLE1VEGAS-3,12,STEELERS
FREESHAVACADO,2,FREESHAVACADO-2,12,STEELERS
PEPPER,5,PEPPER-5,20,LIONS
@TABLE1VEGAS,4,@TABLE1VEGAS-4,26,EAGLES
FREESHAVACADO,3,FREESHAVACADO-3,12,STEELERS
PEPPER,6,PEPPER-6,22,CHARGERS
@TABLE1VEGAS,5,@TABLE1VEGAS-5,20,LIONS
FREESHAVACADO,4,FREESHAVACADO-4,12,STEELERS
PEPUSH,1,PEPUSH-1,22,CHARGERS
@TABLE1VEGAS,6,@TABLE1VEGAS-6,6,JAGUARS
FREESHAVACADO,5,FREESHAVACADO-5,12,STEELERS
PEPUSH,10,PEPUSH-10,26,EAGLES
@VIEWFROMVEGAS,1,@VIEWFROMVEGAS-1,12,STEELERS
FREESHAVACADO,6,FREESHAVACADO-6,6,JAGUARS
PEPUSH,2,PEPUSH-2,22,CHARGERS
@VIEWFROMVEGAS,2,@VIEWFROMVEGAS-2,22,CHARGERS
FREESHAVACADO,7,FREESHAVACADO-7,6,JAGUARS
PEPUSH,3,PEPUSH-3,22,CHARGERS
@VIEWFROMVEGAS,3,@VIEWFROMVEGAS-3,6,JAGUARS
FREESHAVACADO,8,FREESHAVACADO-8,6,JAGUARS
PEPUSH,4,PEPUSH-4,22,CHARGERS
@VIEWFROMVEGAS,4,@VIEWFROMVEGAS-4,12,STEELERS
FREESHAVACADO,9,FREESHAVACADO-9,6,JAGUARS
PEPUSH,5,PEPUSH-5,6,JAGUARS
@VIEWFROMVEGAS,5,@VIEWFROMVEGAS-5,26,EAGLES
FREMONT'S FINEST,1,FREMONT'S FINEST-1,6,JAGUARS
PEPUSH,6,PEPUSH-6,6,JAGUARS
@VIEWFROMVEGAS,6,@VIEWFROMVEGAS-6,6,JAGUARS
FRIED CHICKEN MONEY,1,FRIED CHICKEN MONEY-1,6,JAGUARS
PEPUSH,7,PEPUSH-7,20,LIONS
^SPYDER^,1,^SPYDER^-1,22,CHARGERS
FRIED CHICKEN MONEY,2,FRIED CHICKEN MONEY-2,6,JAGUARS
PEPUSH,8,PEPUSH-8,20,LIONS
^SPYDER^,10,^SPYDER^-10,22,CHARGERS
FRIED CHICKEN MONEY,3,FRIED CHICKEN MONEY-3,12,STEELERS
PEPUSH,9,PEPUSH-9,12,STEELERS
^SPYDER^,2,^SPYDER^-2,22,CHARGERS
FRIED CHICKEN MONEY,4,FRIED CHICKEN MONEY-4,22,CHARGERS
Perch 11,1,Perch 11-1,6,JAGUARS
^SPYDER^,3,^SPYDER^-3,22,CHARGERS
FRIED CHICKEN MONEY,5,FRIED CHICKEN MONEY-5,22,CHARGERS
Perch 11,2,Perch 11-2,12,STEELERS
^SPYDER^,4,^SPYDER^-4,22,CHARGERS
FRIED HOKRA,1,FRIED HOKRA-1,6,JAGUARS
PERCY GATOR,1,PERCY GATOR-1,15,BEARS
^SPYDER^,5,^SPYDER^-5,22,CHARGERS
Friendly1,1,Friendly1-1,26,EAGLES
PERCY GATOR,10,PERCY GATOR-10,24,RAIDERS
^SPYDER^,6,^SPYDER^-6,6,JAGUARS
Friendly1,10,Friendly1-10,20,LIONS
PERCY GATOR,2,PERCY GATOR-2,29,COWBOYS
^SPYDER^,7,^SPYDER^-7,20,LIONS
Friendly1,2,Friendly1-2,26,EAGLES
PERCY GATOR,3,PERCY GATOR-3,29,COWBOYS
^SPYDER^,8,^SPYDER^-8,20,LIONS
Friendly1,3,Friendly1-3,26,EAGLES
PERCY GATOR,4,PERCY GATOR-4,29,COWBOYS
^SPYDER^,9,^SPYDER^-9,20,LIONS
Friendly1,4,Friendly1-4,26,EAGLES
PERCY GATOR,5,PERCY GATOR-5,29,COWBOYS
__PLATO'S PHILOSOPHY,1,__PLATO'S PHILOSOPHY-1,6,JAGUARS
Friendly1,5,Friendly1-5,26,EAGLES
PERCY GATOR,6,PERCY GATOR-6,9,RAVENS
__PLATO'S PHILOSOPHY,10,__PLATO'S PHILOSOPHY-10,24,RAIDERS
Friendly1,6,Friendly1-6,12,STEELERS
PERCY GATOR,7,PERCY GATOR-7,9,RAVENS
__PLATO'S PHILOSOPHY,2,__PLATO'S PHILOSOPHY-2,6,JAGUARS
Friendly1,7,Friendly1-7,12,STEELERS
PERCY GATOR,8,PERCY GATOR-8,28,VIKINGS
__PLATO'S PHILOSOPHY,3,__PLATO'S PHILOSOPHY-3,6,JAGUARS
Friendly1,8,Friendly1-8,12,STEELERS
PERCY GATOR,9,PERCY GATOR-9,28,VIKINGS
__PLATO'S PHILOSOPHY,4,__PLATO'S PHILOSOPHY-4,6,JAGUARS
Friendly1,9,Friendly1-9,20,LIONS
PERDADOR,1,PERDADOR-1,22,CHARGERS
__PLATO'S PHILOSOPHY,5,__PLATO'S PHILOSOPHY-5,12,STEELERS
FriendlyPicks,1,FriendlyPicks-1,6,JAGUARS
PERDADOR,2,PERDADOR-2,22,CHARGERS
__PLATO'S PHILOSOPHY,6,__PLATO'S PHILOSOPHY-6,12,STEELERS
FRIENDO,1,FRIENDO-1,6,JAGUARS
PERDADOR,3,PERDADOR-3,22,CHARGERS
__PLATO'S PHILOSOPHY,7,__PLATO'S PHILOSOPHY-7,12,STEELERS
FRIENDO,2,FRIENDO-2,20,LIONS
PERDADOR,4,PERDADOR-4,22,CHARGERS
__PLATO'S PHILOSOPHY,8,__PLATO'S PHILOSOPHY-8,24,RAIDERS
FRITZ,1,FRITZ-1,22,CHARGERS
PERDADOR,5,PERDADOR-5,12,STEELERS
__PLATO'S PHILOSOPHY,9,__PLATO'S PHILOSOPHY-9,24,RAIDERS
FRITZY,1,FRITZY-1,22,CHARGERS
PERDADOR,6,PERDADOR-6,12,STEELERS
_TEAMZERO,1,_TEAMZERO-1,12,STEELERS
FRITZY,10,FRITZY-10,24,RAIDERS
PERDADOR,7,PERDADOR-7,22,CHARGERS
_TEAMZERO,10,_TEAMZERO-10,2,SEAHAWKS
FRITZY,2,FRITZY-2,22,CHARGERS
PERDADOR,8,PERDADOR-8,22,CHARGERS
_TEAMZERO,2,_TEAMZERO-2,24,RAIDERS
FRITZY,3,FRITZY-3,22,CHARGERS
PESSO,1,PESSO-1,6,JAGUARS
_TEAMZERO,3,_TEAMZERO-3,6,JAGUARS
FRITZY,4,FRITZY-4,22,CHARGERS
PESSO,2,PESSO-2,12,STEELERS
_TEAMZERO,4,_TEAMZERO-4,2,SEAHAWKS
FRITZY,5,FRITZY-5,6,JAGUARS
PESSO,3,PESSO-3,22,CHARGERS
_TEAMZERO,5,_TEAMZERO-5,2,SEAHAWKS
FRITZY,6,FRITZY-6,6,JAGUARS
PETE KNITRO,1,PETE KNITRO-1,22,CHARGERS
_TEAMZERO,6,_TEAMZERO-6,2,SEAHAWKS
FRITZY,7,FRITZY-7,20,LIONS
PETE KNITRO,10,PETE KNITRO-10,22,CHARGERS
_TEAMZERO,7,_TEAMZERO-7,2,SEAHAWKS
FRITZY,8,FRITZY-8,26,EAGLES
PETE KNITRO,2,PETE KNITRO-2,6,JAGUARS
_TEAMZERO,8,_TEAMZERO-8,2,SEAHAWKS
FRITZY,9,FRITZY-9,12,STEELERS
PETE KNITRO,3,PETE KNITRO-3,22,CHARGERS
_TEAMZERO,9,_TEAMZERO-9,2,SEAHAWKS
FROGGZLODA2ND,1,FROGGZLODA2ND-1,22,CHARGERS
PETE KNITRO,4,PETE KNITRO-4,22,CHARGERS
~BLUE ITALIAN~,1,~BLUE ITALIAN~-1,2,SEAHAWKS
FROM THE 108,1,FROM THE 108-1,22,CHARGERS
PETE KNITRO,5,PETE KNITRO-5,22,CHARGERS
0-TOWN SYNDICATE,1,0-TOWN SYNDICATE-1,22,CHARGERS
FROM THE 108,2,FROM THE 108-2,6,JAGUARS
PETE KNITRO,6,PETE KNITRO-6,6,JAGUARS
007 EAGLE,1,007 EAGLE-1,22,CHARGERS
FROM THE ASHES,1,FROM THE ASHES-1,22,CHARGERS
PETE KNITRO,7,PETE KNITRO-7,6,JAGUARS
007 EAGLE,2,007 EAGLE-2,6,JAGUARS
FROM THE FUTURE,1,FROM THE FUTURE-1,6,JAGUARS
PETE KNITRO,8,PETE KNITRO-8,22,CHARGERS
007 EAGLE,3,007 EAGLE-3,22,CHARGERS
FROST,1,FROST-1,20,LIONS
PETE KNITRO,9,PETE KNITRO-9,6,JAGUARS
007 EAGLE,4,007 EAGLE-4,6,JAGUARS
FROST,10,FROST-10,12,STEELERS
Pete's Lob Wedge,1,Pete's Lob Wedge-1,6,JAGUARS
007 EAGLE,5,007 EAGLE-5,22,CHARGERS
FROST,2,FROST-2,22,CHARGERS
Pete's Lob Wedge,2,Pete's Lob Wedge-2,12,STEELERS
007 EAGLE,6,007 EAGLE-6,22,CHARGERS
FROST,3,FROST-3,6,JAGUARS
PETE7180,1,PETE7180-1,12,STEELERS
007 EAGLE,7,007 EAGLE-7,24,RAIDERS
FROST,4,FROST-4,9,RAVENS
PETE7180,10,PETE7180-10,20,LIONS
007 EAGLE,8,007 EAGLE-8,26,EAGLES
FROST,5,FROST-5,6,JAGUARS
PETE7180,2,PETE7180-2,29,COWBOYS
007 EAGLE,9,007 EAGLE-9,6,JAGUARS
FROST,6,FROST-6,22,CHARGERS
PETE7180,3,PETE7180-3,6,JAGUARS
01CoronaJammers,1,01CoronaJammers-1,24,RAIDERS
FROST,7,FROST-7,20,LIONS
PETE7180,4,PETE7180-4,15,BEARS
02129 BEEF,1,02129 BEEF-1,12,STEELERS
FROST,8,FROST-8,22,CHARGERS
PETE7180,5,PETE7180-5,12,STEELERS
0RiskPoker,1,0RiskPoker-1,6,JAGUARS
FROST,9,FROST-9,20,LIONS
PETE7180,6,PETE7180-6,24,RAIDERS
1 BALLCOACH 3 JUDGES,1,1 BALLCOACH 3 JUDGES-1,22,CHARGERS
FROSTY CACTUS,1,FROSTY CACTUS-1,12,STEELERS
PETE7180,7,PETE7180-7,24,RAIDERS
1 BALLCOACH 3 JUDGES,2,1 BALLCOACH 3 JUDGES-2,12,STEELERS
FROSTY CACTUS,2,FROSTY CACTUS-2,12,STEELERS
PETE7180,8,PETE7180-8,6,JAGUARS
1 BALLCOACH 3 JUDGES,3,1 BALLCOACH 3 JUDGES-3,6,JAGUARS
FROSTY CACTUS,3,FROSTY CACTUS-3,22,CHARGERS
PETE7180,9,PETE7180-9,15,BEARS
1 BALLCOACH 3 JUDGES,4,1 BALLCOACH 3 JUDGES-4,24,RAIDERS
FROSTY CACTUS,4,FROSTY CACTUS-4,22,CHARGERS
PETES DREAM,1,PETES DREAM-1,12,STEELERS
1 BALLCOACH 3 JUDGES,5,1 BALLCOACH 3 JUDGES-5,22,CHARGERS
frozen1,1,frozen1-1,6,JAGUARS
PETES DREAM,2,PETES DREAM-2,24,RAIDERS
1 BALLCOACH 3 JUDGES,6,1 BALLCOACH 3 JUDGES-6,6,JAGUARS
frozen1,2,frozen1-2,24,RAIDERS
PETESFEATS,1,PETESFEATS-1,22,CHARGERS
1 BALLCOACH 3 JUDGES,7,1 BALLCOACH 3 JUDGES-7,22,CHARGERS
FRUITCAKE,1,FRUITCAKE-1,6,JAGUARS
PETESFEATS,2,PETESFEATS-2,20,LIONS
1 BALLCOACH 3 JUDGES,8,1 BALLCOACH 3 JUDGES-8,6,JAGUARS
FRUITCAKE,2,FRUITCAKE-2,12,STEELERS
PETESFEATS,3,PETESFEATS-3,6,JAGUARS
1 CAPTAIN,1,1 CAPTAIN-1,12,STEELERS
FRUITFANATICS,1,FRUITFANATICS-1,22,CHARGERS
PETESFEATS,4,PETESFEATS-4,6,JAGUARS
1 CAPTAIN,10,1 CAPTAIN-10,12,STEELERS
FRUITFANATICS,10,FRUITFANATICS-10,12,STEELERS
PETESFEATS,5,PETESFEATS-5,22,CHARGERS
1 CAPTAIN,2,1 CAPTAIN-2,12,STEELERS
FRUITFANATICS,2,FRUITFANATICS-2,12,STEELERS
PEYOS,1,PEYOS-1,22,CHARGERS
1 CAPTAIN,3,1 CAPTAIN-3,12,STEELERS
FRUITFANATICS,3,FRUITFANATICS-3,6,JAGUARS
PEYTON&JAX,1,PEYTON&JAX-1,22,CHARGERS
1 CAPTAIN,4,1 CAPTAIN-4,12,STEELERS
FRUITFANATICS,4,FRUITFANATICS-4,6,JAGUARS
PEYTON&JAX,10,PEYTON&JAX-10,12,STEELERS
1 CAPTAIN,5,1 CAPTAIN-5,12,STEELERS
FRUITFANATICS,5,FRUITFANATICS-5,22,CHARGERS
PEYTON&JAX,2,PEYTON&JAX-2,22,CHARGERS
1 CAPTAIN,6,1 CAPTAIN-6,12,STEELERS
FRUITFANATICS,6,FRUITFANATICS-6,20,LIONS
PEYTON&JAX,3,PEYTON&JAX-3,22,CHARGERS
1 CAPTAIN,7,1 CAPTAIN-7,12,STEELERS
FRUITFANATICS,7,FRUITFANATICS-7,22,CHARGERS
PEYTON&JAX,4,PEYTON&JAX-4,22,CHARGERS
1 CAPTAIN,8,1 CAPTAIN-8,12,STEELERS
FRUITFANATICS,8,FRUITFANATICS-8,24,RAIDERS
PEYTON&JAX,5,PEYTON&JAX-5,22,CHARGERS
1 CAPTAIN,9,1 CAPTAIN-9,12,STEELERS
FRUITFANATICS,9,FRUITFANATICS-9,6,JAGUARS
PEYTON&JAX,6,PEYTON&JAX-6,22,CHARGERS
1 ENTRY 1 KILL,1,1 ENTRY 1 KILL-1,22,CHARGERS
Fry Guy's,1,Fry Guy's-1,22,CHARGERS
PEYTON&JAX,7,PEYTON&JAX-7,22,CHARGERS
1 EYED KING,1,1 EYED KING-1,6,JAGUARS
FSGFAN16NJBNSARGRE78,1,FSGFAN16NJBNSARGRE78-1,22,CHARGERS
PEYTON&JAX,8,PEYTON&JAX-8,20,LIONS
1 EYED KING,10,1 EYED KING-10,24,RAIDERS
FSGFAN16NJBNSARGRE78,2,FSGFAN16NJBNSARGRE78-2,22,CHARGERS
PEYTON&JAX,9,PEYTON&JAX-9,6,JAGUARS
1 EYED KING,2,1 EYED KING-2,6,JAGUARS
FSGFAN16NJBNSARGRE78,3,FSGFAN16NJBNSARGRE78-3,22,CHARGERS
PFAGXD,1,PFAGXD-1,6,JAGUARS
1 EYED KING,3,1 EYED KING-3,6,JAGUARS
FSGFAN16NJBNSARGRE78,4,FSGFAN16NJBNSARGRE78-4,6,JAGUARS
PFAGXD,10,PFAGXD-10,12,STEELERS
1 EYED KING,4,1 EYED KING-4,12,STEELERS
FSGFAN16NJBNSARGRE78,5,FSGFAN16NJBNSARGRE78-5,20,LIONS
PFAGXD,2,PFAGXD-2,6,JAGUARS
1 EYED KING,5,1 EYED KING-5,12,STEELERS
FSGFAN16NJBNSARGRE78,6,FSGFAN16NJBNSARGRE78-6,26,EAGLES
PFAGXD,3,PFAGXD-3,6,JAGUARS
1 EYED KING,6,1 EYED KING-6,12,STEELERS
FSGFAN16NJBNSARGRE78,7,FSGFAN16NJBNSARGRE78-7,22,CHARGERS
PFAGXD,4,PFAGXD-4,6,JAGUARS
1 EYED KING,7,1 EYED KING-7,22,CHARGERS
FSGFAN16NJBNSARGRE78,8,FSGFAN16NJBNSARGRE78-8,6,JAGUARS
PFAGXD,5,PFAGXD-5,6,JAGUARS
1 EYED KING,8,1 EYED KING-8,22,CHARGERS
FTBLISLIFE,1,FTBLISLIFE-1,6,JAGUARS
PFAGXD,6,PFAGXD-6,6,JAGUARS
1 EYED KING,9,1 EYED KING-9,24,RAIDERS
FTBLISLIFE,2,FTBLISLIFE-2,22,CHARGERS
PFAGXD,7,PFAGXD-7,12,STEELERS
1 FOR THE ROAD,1,1 FOR THE ROAD-1,6,JAGUARS
FTTUN,1,FTTUN-1,24,RAIDERS
PFAGXD,8,PFAGXD-8,12,STEELERS
1 KENZOS FINEST,1,1 KENZOS FINEST-1,6,JAGUARS
FU,1,FU-1,6,JAGUARS
PFAGXD,9,PFAGXD-9,12,STEELERS
1 OREDIGGERS,1,1 OREDIGGERS-1,6,JAGUARS
FU,10,FU-10,24,RAIDERS
PHANTOM MENACE76,1,PHANTOM MENACE76-1,22,CHARGERS
1 OREDIGGERS,2,1 OREDIGGERS-2,22,CHARGERS
FU,2,FU-2,6,JAGUARS
PHARAOHS,1,PHARAOHS-1,6,JAGUARS
100 PROOF,1,100 PROOF-1,6,JAGUARS
FU,3,FU-3,6,JAGUARS
Pharos of alexandria,1,Pharos of alexandria-1,24,RAIDERS
100 PROOF,2,100 PROOF-2,6,JAGUARS
FU,4,FU-4,15,BEARS
Phat Cat,1,Phat Cat-1,6,JAGUARS
100 PROOF,3,100 PROOF-3,6,JAGUARS
FU,5,FU-5,15,BEARS
PHAT MAN,1,PHAT MAN-1,22,CHARGERS
100 PROOF,4,100 PROOF-4,22,CHARGERS
FU,6,FU-6,12,STEELERS
PHATMAN 97,1,PHATMAN 97-1,26,EAGLES
100 PROOF,5,100 PROOF-5,12,STEELERS
FU,7,FU-7,9,RAVENS
PHATMAN 97,2,PHATMAN 97-2,6,JAGUARS
1013,1,1013-1,22,CHARGERS
FU,8,FU-8,9,RAVENS
PHAZED ONE,1,PHAZED ONE-1,22,CHARGERS
10TRICKPONY,1,10TRICKPONY-1,2,SEAHAWKS
FU,9,FU-9,24,RAIDERS
PHELPS BROS INC,1,PHELPS BROS INC-1,12,STEELERS
10TRICKPONY,10,10TRICKPONY-10,22,CHARGERS
FUBAR,1,FUBAR-1,22,CHARGERS
PHELPS BROS INC,2,PHELPS BROS INC-2,6,JAGUARS
10TRICKPONY,2,10TRICKPONY-2,4,RAMS
FUBAR,2,FUBAR-2,26,EAGLES
PHELPS BROS INC,3,PHELPS BROS INC-3,12,STEELERS
10TRICKPONY,3,10TRICKPONY-3,6,JAGUARS
FUBAR,3,FUBAR-3,23,DOLPHINS
PHELPS BROS INC,4,PHELPS BROS INC-4,22,CHARGERS
10TRICKPONY,4,10TRICKPONY-4,6,JAGUARS
FUBAR,4,FUBAR-4,6,JAGUARS
PHELPS BROS INC,5,PHELPS BROS INC-5,22,CHARGERS
10TRICKPONY,5,10TRICKPONY-5,8,BENGALS
FULL OF FANTA,1,FULL OF FANTA-1,24,RAIDERS
PHELPS BROS INC,6,PHELPS BROS INC-6,12,STEELERS
10TRICKPONY,6,10TRICKPONY-6,20,LIONS
FULL OF FANTA,2,FULL OF FANTA-2,6,JAGUARS
PHELPS BROS INC,7,PHELPS BROS INC-7,12,STEELERS
10TRICKPONY,7,10TRICKPONY-7,20,LIONS
FULL OF FANTA,3,FULL OF FANTA-3,22,CHARGERS
PHIL PIZZ,1,PHIL PIZZ-1,26,EAGLES
10TRICKPONY,8,10TRICKPONY-8,24,RAIDERS
FULL OF FANTA,4,FULL OF FANTA-4,20,LIONS
PHIL PIZZ,2,PHIL PIZZ-2,20,LIONS
10TRICKPONY,9,10TRICKPONY-9,22,CHARGERS
FULLPORTYOLO$,1,FULLPORTYOLO$-1,12,STEELERS
PHIL PIZZ,3,PHIL PIZZ-3,22,CHARGERS
11 ANGRY MEN,1,11 ANGRY MEN-1,20,LIONS
FULLPORTYOLO$,10,FULLPORTYOLO$-10,6,JAGUARS
PHIL PIZZ,4,PHIL PIZZ-4,6,JAGUARS
11 ANGRY MEN,2,11 ANGRY MEN-2,20,LIONS
FULLPORTYOLO$,2,FULLPORTYOLO$-2,12,STEELERS
PHIL PIZZ,5,PHIL PIZZ-5,12,STEELERS
11 ANGRY MEN,3,11 ANGRY MEN-3,20,LIONS
FULLPORTYOLO$,3,FULLPORTYOLO$-3,22,CHARGERS
PHIL,1,PHIL-1,22,CHARGERS
11 VILLAINS,1,11 VILLAINS-1,6,JAGUARS
FULLPORTYOLO$,4,FULLPORTYOLO$-4,22,CHARGERS
PHIL,2,PHIL-2,12,STEELERS
11 VILLAINS,2,11 VILLAINS-2,22,CHARGERS
FULLPORTYOLO$,5,FULLPORTYOLO$-5,12,STEELERS
PHIL,3,PHIL-3,22,CHARGERS
11 VILLAINS,3,11 VILLAINS-3,2,SEAHAWKS
FULLPORTYOLO$,6,FULLPORTYOLO$-6,6,JAGUARS
PHIL,4,PHIL-4,6,JAGUARS
11 VILLAINS,4,11 VILLAINS-4,20,LIONS
FULLPORTYOLO$,7,FULLPORTYOLO$-7,12,STEELERS
PHIL,5,PHIL-5,24,RAIDERS
11 VILLAINS,5,11 VILLAINS-5,6,JAGUARS
FULLPORTYOLO$,8,FULLPORTYOLO$-8,6,JAGUARS
PHIL,6,PHIL-6,24,RAIDERS
126NMB,1,126NMB-1,26,EAGLES
FULLPORTYOLO$,9,FULLPORTYOLO$-9,22,CHARGERS
PHIL,7,PHIL-7,12,STEELERS
126NMB,2,126NMB-2,22,CHARGERS
FULLTIME FANTASY,1,FULLTIME FANTASY-1,6,JAGUARS
PHILIPPIANS 4:13,1,PHILIPPIANS 4:13-1,20,LIONS
126NMB,3,126NMB-3,6,JAGUARS
FULLTIME FANTASY,10,FULLTIME FANTASY-10,22,CHARGERS
PHILIPPIANS 4:13,2,PHILIPPIANS 4:13-2,22,CHARGERS
126NMB,4,126NMB-4,6,JAGUARS
FULLTIME FANTASY,2,FULLTIME FANTASY-2,22,CHARGERS
PHILLIY JOHN,1,PHILLIY JOHN-1,6,JAGUARS
126NMB,5,126NMB-5,24,RAIDERS
FULLTIME FANTASY,3,FULLTIME FANTASY-3,12,STEELERS
PHILLIY JOHN,2,PHILLIY JOHN-2,22,CHARGERS
126NMB,6,126NMB-6,6,JAGUARS
FULLTIME FANTASY,4,FULLTIME FANTASY-4,22,CHARGERS
PHILLY SPECIAL,1,PHILLY SPECIAL-1,12,STEELERS
126NMB,7,126NMB-7,22,CHARGERS
FULLTIME FANTASY,5,FULLTIME FANTASY-5,6,JAGUARS
PHILLY SPECIAL,2,PHILLY SPECIAL-2,12,STEELERS
126NMB,8,126NMB-8,12,STEELERS
FULLTIME FANTASY,6,FULLTIME FANTASY-6,6,JAGUARS
PHILLY SPECIAL,3,PHILLY SPECIAL-3,20,LIONS
126NMB,9,126NMB-9,22,CHARGERS
FULLTIME FANTASY,7,FULLTIME FANTASY-7,12,STEELERS
PHILLY SPECIAL,4,PHILLY SPECIAL-4,20,LIONS
13 VEER,1,13 VEER-1,12,STEELERS
FULLTIME FANTASY,8,FULLTIME FANTASY-8,22,CHARGERS
PHILLY SPECIAL,5,PHILLY SPECIAL-5,20,LIONS
13 VEER,2,13 VEER-2,6,JAGUARS
FULLTIME FANTASY,9,FULLTIME FANTASY-9,26,EAGLES
PHILLY SPECIAL,6,PHILLY SPECIAL-6,20,LIONS
132aholes,1,132aholes-1,22,CHARGERS
FUMONEY,1,FUMONEY-1,6,JAGUARS
phillybaby,1,phillybaby-1,22,CHARGERS
132aholes,2,132aholes-2,6,JAGUARS
FUMONEY,2,FUMONEY-2,6,JAGUARS
PHILLYDAWGS,1,PHILLYDAWGS-1,12,STEELERS
1560 POISON,1,1560 POISON-1,22,CHARGERS
FUMONEY,3,FUMONEY-3,22,CHARGERS
PHILLYDAWGS,2,PHILLYDAWGS-2,6,JAGUARS
1560 POISON,2,1560 POISON-2,6,JAGUARS
FUMONEY,4,FUMONEY-4,12,STEELERS
PHILLYDAWGS,3,PHILLYDAWGS-3,22,CHARGERS
1560 POISON,3,1560 POISON-3,6,JAGUARS
FUNCLE KEN,1,FUNCLE KEN-1,6,JAGUARS
phillyfilly,1,phillyfilly-1,22,CHARGERS
1560 POISON,4,1560 POISON-4,12,STEELERS
FUNCLE KEN,2,FUNCLE KEN-2,12,STEELERS
PHILWESTON,1,PHILWESTON-1,22,CHARGERS
1587SUPERBOWL,1,1587SUPERBOWL-1,24,RAIDERS
FUNKDOCTORSPOCK,1,FUNKDOCTORSPOCK-1,6,JAGUARS
PHILWESTON,10,PHILWESTON-10,22,CHARGERS
16 & 13,1,16 & 13-1,22,CHARGERS
FUNKDOCTORSPOCK,2,FUNKDOCTORSPOCK-2,24,RAIDERS
PHILWESTON,2,PHILWESTON-2,22,CHARGERS
18 PUNISHERS,1,18 PUNISHERS-1,6,JAGUARS
FUNKDOCTORSPOCK,3,FUNKDOCTORSPOCK-3,22,CHARGERS
PHILWESTON,3,PHILWESTON-3,22,CHARGERS
18 PUNISHERS,2,18 PUNISHERS-2,6,JAGUARS
FUNKOFRANZ,1,FUNKOFRANZ-1,6,JAGUARS
PHILWESTON,4,PHILWESTON-4,22,CHARGERS
186 SIXTH AVE,1,186 SIXTH AVE-1,22,CHARGERS
FURRY GOOSE,1,FURRY GOOSE-1,22,CHARGERS
PHILWESTON,5,PHILWESTON-5,22,CHARGERS
18TEN,1,18TEN-1,6,JAGUARS
FURRY GOOSE,2,FURRY GOOSE-2,22,CHARGERS
PHILWESTON,6,PHILWESTON-6,22,CHARGERS
18TEN,2,18TEN-2,22,CHARGERS
FURRY GOOSE,3,FURRY GOOSE-3,6,JAGUARS
PHILWESTON,7,PHILWESTON-7,22,CHARGERS
18TEN,3,18TEN-3,8,BENGALS
FURRY GOOSE,4,FURRY GOOSE-4,26,EAGLES
PHILWESTON,8,PHILWESTON-8,22,CHARGERS
19 CAT ATTACK,1,19 CAT ATTACK-1,12,STEELERS
FUSSY BRITCHES,1,FUSSY BRITCHES-1,2,SEAHAWKS
PHILWESTON,9,PHILWESTON-9,22,CHARGERS
19 CAT ATTACK,2,19 CAT ATTACK-2,12,STEELERS
FUSSY BRITCHES,2,FUSSY BRITCHES-2,2,SEAHAWKS
PHILZONE,1,PHILZONE-1,6,JAGUARS
19 CAT ATTACK,3,19 CAT ATTACK-3,20,LIONS
FUSSY BRITCHES,3,FUSSY BRITCHES-3,2,SEAHAWKS
PHILZONE,2,PHILZONE-2,6,JAGUARS
19 CAT ATTACK,4,19 CAT ATTACK-4,20,LIONS
FUSSY BRITCHES,4,FUSSY BRITCHES-4,2,SEAHAWKS
PHILZONE,3,PHILZONE-3,12,STEELERS
1KBONFIRE,1,1KBONFIRE-1,26,EAGLES
FUSSY BRITCHES,5,FUSSY BRITCHES-5,2,SEAHAWKS
PHILZONE,4,PHILZONE-4,12,STEELERS
1TIMENO2TIMES,1,1TIMENO2TIMES-1,6,JAGUARS
FUSSY BRITCHES,6,FUSSY BRITCHES-6,2,SEAHAWKS
PHILZONE,5,PHILZONE-5,12,STEELERS
1TIMENO2TIMES,10,1TIMENO2TIMES-10,22,CHARGERS
FUSSY BRITCHES,7,FUSSY BRITCHES-7,2,SEAHAWKS
PHILZONE,6,PHILZONE-6,12,STEELERS
1TIMENO2TIMES,2,1TIMENO2TIMES-2,20,LIONS
FUSSY BRITCHES,8,FUSSY BRITCHES-8,2,SEAHAWKS
PHILZONE,7,PHILZONE-7,22,CHARGERS
1TIMENO2TIMES,3,1TIMENO2TIMES-3,12,STEELERS
FUSSY BRITCHES,9,FUSSY BRITCHES-9,12,STEELERS
PHILZONE,8,PHILZONE-8,24,RAIDERS
1TIMENO2TIMES,4,1TIMENO2TIMES-4,12,STEELERS
FUTBOL LADS,1,FUTBOL LADS-1,6,JAGUARS
PHINSUP2,1,PHINSUP2-1,6,JAGUARS
1TIMENO2TIMES,5,1TIMENO2TIMES-5,22,CHARGERS
future millionaire,1,future millionaire-1,12,STEELERS
PHINSUP2,2,PHINSUP2-2,22,CHARGERS
1TIMENO2TIMES,6,1TIMENO2TIMES-6,22,CHARGERS
G AND G,1,G AND G-1,22,CHARGERS
PHISHFOOD32,1,PHISHFOOD32-1,20,LIONS
1TIMENO2TIMES,7,1TIMENO2TIMES-7,22,CHARGERS
G AND G,2,G AND G-2,22,CHARGERS
PHNX SPORTS,1,PHNX SPORTS-1,6,JAGUARS
1TIMENO2TIMES,8,1TIMENO2TIMES-8,22,CHARGERS
G AND G,3,G AND G-3,22,CHARGERS
PHO KING B.S,1,PHO KING B.S-1,20,LIONS
1TIMENO2TIMES,9,1TIMENO2TIMES-9,22,CHARGERS
G AND G,4,G AND G-4,6,JAGUARS
PHO KING B.S,2,PHO KING B.S-2,20,LIONS
2 DADS 1 PICK,1,2 DADS 1 PICK-1,22,CHARGERS
G AND G,5,G AND G-5,6,JAGUARS
PHO KING B.S,3,PHO KING B.S-3,20,LIONS
2 FAT GUYS,1,2 FAT GUYS-1,6,JAGUARS
G$,1,G$-1,20,LIONS
PHO KING B.S,4,PHO KING B.S-4,20,LIONS
2 FAT GUYS,2,2 FAT GUYS-2,12,STEELERS
G$,10,G$-10,12,STEELERS
PHO KING B.S,5,PHO KING B.S-5,20,LIONS
2 GRINDLERS &A BLADE,1,2 GRINDLERS &A BLADE-1,6,JAGUARS
G$,2,G$-2,20,LIONS
PHO KING B.S,6,PHO KING B.S-6,26,EAGLES
2 HEADED MONSTER,1,2 HEADED MONSTER-1,22,CHARGERS
G$,3,G$-3,20,LIONS
PHO KING B.S,7,PHO KING B.S-7,12,STEELERS
2 MAKE THE CUT,1,2 MAKE THE CUT-1,12,STEELERS
G$,4,G$-4,20,LIONS
PHOTON,1,PHOTON-1,22,CHARGERS
2 MAKE THE CUT,2,2 MAKE THE CUT-2,12,STEELERS
G$,5,G$-5,20,LIONS
PHX2040,1,PHX2040-1,22,CHARGERS
2 MAKE THE CUT,3,2 MAKE THE CUT-3,12,STEELERS
G$,6,G$-6,12,STEELERS
PHYTHIAN6,1,PHYTHIAN6-1,12,STEELERS
2 MAKE THE CUT,4,2 MAKE THE CUT-4,22,CHARGERS
G$,7,G$-7,12,STEELERS
PHYTHIAN6,2,PHYTHIAN6-2,22,CHARGERS
2 ROSES,1,2 ROSES-1,22,CHARGERS
G$,8,G$-8,12,STEELERS
PHYTHIAN6,3,PHYTHIAN6-3,6,JAGUARS
2 ROSES,2,2 ROSES-2,22,CHARGERS
G$,9,G$-9,12,STEELERS
PHYTHIAN6,4,PHYTHIAN6-4,6,JAGUARS
2 ROSES,3,2 ROSES-3,22,CHARGERS
G-LIFE,1,G-LIFE-1,12,STEELERS
PHYTHIAN6,5,PHYTHIAN6-5,12,STEELERS
2 ROSES,4,2 ROSES-4,22,CHARGERS
G-LIFE,2,G-LIFE-2,6,JAGUARS
PICK AND PRAY,1,PICK AND PRAY-1,6,JAGUARS
2 ROSES,5,2 ROSES-5,6,JAGUARS
G-LIFE,3,G-LIFE-3,22,CHARGERS
PICK ME DADDY,1,PICK ME DADDY-1,6,JAGUARS
2 ROSES,6,2 ROSES-6,6,JAGUARS
G-MAN,1,G-MAN-1,6,JAGUARS
PICK ME DADDY,2,PICK ME DADDY-2,12,STEELERS
2 ROSES,7,2 ROSES-7,6,JAGUARS
G-MAN,2,G-MAN-2,6,JAGUARS
PICKANDPRAY7,1,PICKANDPRAY7-1,6,JAGUARS
2 UL FANS 1 BAD IDEA,1,2 UL FANS 1 BAD IDEA-1,6,JAGUARS
G-MAN,3,G-MAN-3,22,CHARGERS
PICKANDPRAY7,10,PICKANDPRAY7-10,24,RAIDERS
2+2=4,1,2+2=4-1,12,STEELERS
G-MAN,4,G-MAN-4,22,CHARGERS
PICKANDPRAY7,2,PICKANDPRAY7-2,6,JAGUARS
2+2=4,10,2+2=4-10,22,CHARGERS
G-MAN,5,G-MAN-5,2,SEAHAWKS
PICKANDPRAY7,3,PICKANDPRAY7-3,6,JAGUARS
2+2=4,2,2+2=4-2,12,STEELERS
G-TOWN,1,G-TOWN-1,22,CHARGERS
PICKANDPRAY7,4,PICKANDPRAY7-4,12,STEELERS
2+2=4,3,2+2=4-3,12,STEELERS
G-TOWN,2,G-TOWN-2,6,JAGUARS
PICKANDPRAY7,5,PICKANDPRAY7-5,12,STEELERS
2+2=4,4,2+2=4-4,12,STEELERS
G-TOWN,3,G-TOWN-3,12,STEELERS
PICKANDPRAY7,6,PICKANDPRAY7-6,12,STEELERS
2+2=4,5,2+2=4-5,12,STEELERS
GABA GOOL,1,GABA GOOL-1,6,JAGUARS
PICKANDPRAY7,7,PICKANDPRAY7-7,22,CHARGERS
2+2=4,6,2+2=4-6,12,STEELERS
GABAGOOL,1,GABAGOOL-1,6,JAGUARS
PICKANDPRAY7,8,PICKANDPRAY7-8,22,CHARGERS
2+2=4,7,2+2=4-7,22,CHARGERS
GABAGOOL,2,GABAGOOL-2,26,EAGLES
PICKANDPRAY7,9,PICKANDPRAY7-9,22,CHARGERS
2+2=4,8,2+2=4-8,22,CHARGERS
GABAGOOL,3,GABAGOOL-3,12,STEELERS
PICKAWINNER22,1,PICKAWINNER22-1,24,RAIDERS
2+2=4,9,2+2=4-9,22,CHARGERS
GABBY,1,GABBY-1,6,JAGUARS
Pickin Aint Easy,1,Pickin Aint Easy-1,6,JAGUARS
"2,railz",1,"2,railz-1",12,STEELERS
GABBY,2,GABBY-2,12,STEELERS
PICKINAINTEASY,1,PICKINAINTEASY-1,6,JAGUARS
2-58,1,2-58-1,6,JAGUARS
GABBY,3,GABBY-3,24,RAIDERS
PICKINAINTEASY,10,PICKINAINTEASY-10,6,JAGUARS
2-58,2,2-58-2,6,JAGUARS
GABBY,4,GABBY-4,12,STEELERS
PICKINAINTEASY,2,PICKINAINTEASY-2,6,JAGUARS
202627CSPFBC,1,202627CSPFBC-1,6,JAGUARS
GABBY,5,GABBY-5,6,JAGUARS
PICKINAINTEASY,3,PICKINAINTEASY-3,6,JAGUARS
2026BTNGO49ERS,1,2026BTNGO49ERS-1,6,JAGUARS
GABBYBOMBOM,1,GABBYBOMBOM-1,8,BENGALS
PICKINAINTEASY,4,PICKINAINTEASY-4,6,JAGUARS
210 saltines,1,210 saltines-1,6,JAGUARS
GABBYBOMBOM,2,GABBYBOMBOM-2,24,RAIDERS
PICKINAINTEASY,5,PICKINAINTEASY-5,6,JAGUARS
210 saltines,10,210 saltines-10,20,LIONS
gabi h llc,1,gabi h llc-1,22,CHARGERS
PICKINAINTEASY,6,PICKINAINTEASY-6,6,JAGUARS
210 saltines,2,210 saltines-2,6,JAGUARS
gabi h llc,10,gabi h llc-10,22,CHARGERS
PICKINAINTEASY,7,PICKINAINTEASY-7,6,JAGUARS
210 saltines,3,210 saltines-3,6,JAGUARS
gabi h llc,2,gabi h llc-2,22,CHARGERS
PICKINAINTEASY,8,PICKINAINTEASY-8,6,JAGUARS
210 saltines,4,210 saltines-4,22,CHARGERS
gabi h llc,3,gabi h llc-3,22,CHARGERS
PICKINAINTEASY,9,PICKINAINTEASY-9,6,JAGUARS
210 saltines,5,210 saltines-5,22,CHARGERS
gabi h llc,4,gabi h llc-4,22,CHARGERS
PICKLENATION,1,PICKLENATION-1,6,JAGUARS
210 saltines,6,210 saltines-6,22,CHARGERS
gabi h llc,5,gabi h llc-5,22,CHARGERS
PICKWIZARD32,1,PICKWIZARD32-1,22,CHARGERS
210 saltines,7,210 saltines-7,12,STEELERS
gabi h llc,6,gabi h llc-6,22,CHARGERS
PICKWIZARD32,2,PICKWIZARD32-2,22,CHARGERS
210 saltines,8,210 saltines-8,12,STEELERS
gabi h llc,7,gabi h llc-7,22,CHARGERS
PICKWIZARD32,3,PICKWIZARD32-3,22,CHARGERS
210 saltines,9,210 saltines-9,24,RAIDERS
gabi h llc,8,gabi h llc-8,22,CHARGERS
PICKWIZARD32,4,PICKWIZARD32-4,6,JAGUARS
213WOLFUNIT,1,213WOLFUNIT-1,6,JAGUARS
gabi h llc,9,gabi h llc-9,22,CHARGERS
PICKWIZARD32,5,PICKWIZARD32-5,15,BEARS
213WOLFUNIT,10,213WOLFUNIT-10,20,LIONS
GABSTER,1,GABSTER-1,6,JAGUARS
PIG$KINPROPHET,1,PIG$KINPROPHET-1,20,LIONS
213WOLFUNIT,2,213WOLFUNIT-2,6,JAGUARS
GABSTER,2,GABSTER-2,18,TITANS
PIG$KINPROPHET,10,PIG$KINPROPHET-10,22,CHARGERS
213WOLFUNIT,3,213WOLFUNIT-3,6,JAGUARS
GABSTER,3,GABSTER-3,12,STEELERS
PIG$KINPROPHET,2,PIG$KINPROPHET-2,6,JAGUARS
213WOLFUNIT,4,213WOLFUNIT-4,6,JAGUARS
gag,1,gag-1,6,JAGUARS
PIG$KINPROPHET,3,PIG$KINPROPHET-3,24,RAIDERS
213WOLFUNIT,5,213WOLFUNIT-5,22,CHARGERS
gag,2,gag-2,6,JAGUARS
PIG$KINPROPHET,4,PIG$KINPROPHET-4,6,JAGUARS
213WOLFUNIT,6,213WOLFUNIT-6,22,CHARGERS
gag,3,gag-3,24,RAIDERS
PIG$KINPROPHET,5,PIG$KINPROPHET-5,12,STEELERS
213WOLFUNIT,7,213WOLFUNIT-7,22,CHARGERS
Gaines2,1,Gaines2-1,6,JAGUARS
PIG$KINPROPHET,6,PIG$KINPROPHET-6,22,CHARGERS
213WOLFUNIT,8,213WOLFUNIT-8,20,LIONS
Gaines2,2,Gaines2-2,12,STEELERS
PIG$KINPROPHET,7,PIG$KINPROPHET-7,22,CHARGERS
213WOLFUNIT,9,213WOLFUNIT-9,20,LIONS
Gaines2,3,Gaines2-3,18,TITANS
PIG$KINPROPHET,8,PIG$KINPROPHET-8,12,STEELERS
214 baby,1,214 baby-1,2,SEAHAWKS
GALATASARAY,1,GALATASARAY-1,12,STEELERS
PIG$KINPROPHET,9,PIG$KINPROPHET-9,6,JAGUARS
214 baby,2,214 baby-2,18,TITANS
GALATASARAY,2,GALATASARAY-2,26,EAGLES
PIGEONLEGEND,1,PIGEONLEGEND-1,24,RAIDERS
214 baby,3,214 baby-3,24,RAIDERS
GALAXICSHARK,1,GALAXICSHARK-1,6,JAGUARS
PIGEONLEGEND,2,PIGEONLEGEND-2,12,STEELERS
22CLAUDE,1,22CLAUDE-1,22,CHARGERS
GALAXICSHARK,10,GALAXICSHARK-10,24,RAIDERS
PIGEONLEGEND,3,PIGEONLEGEND-3,6,JAGUARS
22CLAUDE,10,22CLAUDE-10,12,STEELERS
GALAXICSHARK,2,GALAXICSHARK-2,6,JAGUARS
PIGSKIN PROFIT,1,PIGSKIN PROFIT-1,6,JAGUARS
22CLAUDE,2,22CLAUDE-2,22,CHARGERS
GALAXICSHARK,3,GALAXICSHARK-3,6,JAGUARS
PIGSKIN PROPHETS,1,PIGSKIN PROPHETS-1,6,JAGUARS
22CLAUDE,3,22CLAUDE-3,22,CHARGERS
GALAXICSHARK,4,GALAXICSHARK-4,6,JAGUARS
PILESPEAK,1,PILESPEAK-1,6,JAGUARS
22CLAUDE,4,22CLAUDE-4,6,JAGUARS
GALAXICSHARK,5,GALAXICSHARK-5,12,STEELERS
PILESPEAK,10,PILESPEAK-10,6,JAGUARS
22CLAUDE,5,22CLAUDE-5,6,JAGUARS
GALAXICSHARK,6,GALAXICSHARK-6,12,STEELERS
PILESPEAK,2,PILESPEAK-2,6,JAGUARS
22CLAUDE,6,22CLAUDE-6,6,JAGUARS
GALAXICSHARK,7,GALAXICSHARK-7,12,STEELERS
PILESPEAK,3,PILESPEAK-3,6,JAGUARS
22CLAUDE,7,22CLAUDE-7,12,STEELERS
GALAXICSHARK,8,GALAXICSHARK-8,12,STEELERS
PILESPEAK,4,PILESPEAK-4,6,JAGUARS
22CLAUDE,8,22CLAUDE-8,20,LIONS
GALAXICSHARK,9,GALAXICSHARK-9,18,TITANS
PILESPEAK,5,PILESPEAK-5,6,JAGUARS
22CLAUDE,9,22CLAUDE-9,26,EAGLES
GALAXY BOYZ,1,GALAXY BOYZ-1,12,STEELERS
PILESPEAK,6,PILESPEAK-6,6,JAGUARS
24goblue,1,24goblue-1,22,CHARGERS
GALAXY BOYZ,2,GALAXY BOYZ-2,6,JAGUARS
PILESPEAK,7,PILESPEAK-7,6,JAGUARS
24goblue,2,24goblue-2,22,CHARGERS
GALAXY BOYZ,3,GALAXY BOYZ-3,22,CHARGERS
PILESPEAK,8,PILESPEAK-8,6,JAGUARS
24goblue,3,24goblue-3,22,CHARGERS
GALAXY BOYZ,4,GALAXY BOYZ-4,22,CHARGERS
PILESPEAK,9,PILESPEAK-9,6,JAGUARS
24goblue,4,24goblue-4,24,RAIDERS
GAMBLE GUYS,1,GAMBLE GUYS-1,12,STEELERS
PILGRIM,1,PILGRIM-1,6,JAGUARS
24goblue,5,24goblue-5,6,JAGUARS
GAMBLE GUYS,2,GAMBLE GUYS-2,22,CHARGERS
PIMPASS,1,PIMPASS-1,18,TITANS
24goblue,6,24goblue-6,22,CHARGERS
GAMBLE-TRON2K,1,GAMBLE-TRON2K-1,24,RAIDERS
PIMPASS,2,PIMPASS-2,24,RAIDERS
24goblue,7,24goblue-7,24,RAIDERS
GAMBLEBALLS,1,GAMBLEBALLS-1,18,TITANS
PIMPASS,3,PIMPASS-3,22,CHARGERS
25TH447,1,25TH447-1,12,STEELERS
GAMBLEBALLS,10,GAMBLEBALLS-10,6,JAGUARS
PIMPASS,4,PIMPASS-4,12,STEELERS
26.2 WEEKS OF SWEAT,1,26.2 WEEKS OF SWEAT-1,22,CHARGERS
GAMBLEBALLS,2,GAMBLEBALLS-2,18,TITANS
PINBALL1728,1,PINBALL1728-1,6,JAGUARS
26.2 WEEKS OF SWEAT,10,26.2 WEEKS OF SWEAT-10,22,CHARGERS
GAMBLEBALLS,3,GAMBLEBALLS-3,10,COLTS
PINBALL1728,2,PINBALL1728-2,12,STEELERS
26.2 WEEKS OF SWEAT,2,26.2 WEEKS OF SWEAT-2,22,CHARGERS
GAMBLEBALLS,4,GAMBLEBALLS-4,6,JAGUARS
PINHIGH,1,PINHIGH-1,6,JAGUARS
26.2 WEEKS OF SWEAT,3,26.2 WEEKS OF SWEAT-3,22,CHARGERS
GAMBLEBALLS,5,GAMBLEBALLS-5,6,JAGUARS
PINHIGH,2,PINHIGH-2,6,JAGUARS
26.2 WEEKS OF SWEAT,4,26.2 WEEKS OF SWEAT-4,22,CHARGERS
GAMBLEBALLS,6,GAMBLEBALLS-6,6,JAGUARS
PINHIGH,3,PINHIGH-3,6,JAGUARS
26.2 WEEKS OF SWEAT,5,26.2 WEEKS OF SWEAT-5,12,STEELERS
GAMBLEBALLS,7,GAMBLEBALLS-7,6,JAGUARS
PINHIGH,4,PINHIGH-4,6,JAGUARS
26.2 WEEKS OF SWEAT,6,26.2 WEEKS OF SWEAT-6,12,STEELERS
GAMBLEBALLS,8,GAMBLEBALLS-8,6,JAGUARS
PINHIGH,5,PINHIGH-5,22,CHARGERS
26.2 WEEKS OF SWEAT,7,26.2 WEEKS OF SWEAT-7,20,LIONS
GAMBLEBALLS,9,GAMBLEBALLS-9,6,JAGUARS
PINHIGH,6,PINHIGH-6,6,JAGUARS
26.2 WEEKS OF SWEAT,8,26.2 WEEKS OF SWEAT-8,26,EAGLES
GAMBLER$ ANONYMOU$,1,GAMBLER$ ANONYMOU$-1,6,JAGUARS
PINHIGH,7,PINHIGH-7,12,STEELERS
26.2 WEEKS OF SWEAT,9,26.2 WEEKS OF SWEAT-9,22,CHARGERS
GAMBLER$ ANONYMOU$,2,GAMBLER$ ANONYMOU$-2,22,CHARGERS
PINK STRIPES,1,PINK STRIPES-1,12,STEELERS
27,1,27-1,22,CHARGERS
GAMBLER$ ANONYMOU$,3,GAMBLER$ ANONYMOU$-3,22,CHARGERS
PINKIES UP,1,PINKIES UP-1,12,STEELERS
27,2,27-2,22,CHARGERS
Gamblers Anonymous,1,Gamblers Anonymous-1,22,CHARGERS
PINKPANTHERCHASINM'S,1,PINKPANTHERCHASINM'S-1,6,JAGUARS
27,3,27-3,6,JAGUARS
Gamblers Anonymous,10,Gamblers Anonymous-10,12,STEELERS
PINNACLE LLP,1,PINNACLE LLP-1,6,JAGUARS
27,4,27-4,24,RAIDERS
Gamblers Anonymous,2,Gamblers Anonymous-2,6,JAGUARS
PINNACLE LLP,2,PINNACLE LLP-2,6,JAGUARS
27,5,27-5,20,LIONS
Gamblers Anonymous,3,Gamblers Anonymous-3,6,JAGUARS
PINNACLE LLP,3,PINNACLE LLP-3,6,JAGUARS
27_JAYFIRE,1,27_JAYFIRE-1,22,CHARGERS
Gamblers Anonymous,4,Gamblers Anonymous-4,20,LIONS
PINNACLE LLP,4,PINNACLE LLP-4,22,CHARGERS
27_JAYFIRE,2,27_JAYFIRE-2,6,JAGUARS
Gamblers Anonymous,5,Gamblers Anonymous-5,24,RAIDERS
PINNACLE LLP,5,PINNACLE LLP-5,22,CHARGERS
28 CROSSBUCK ON,1,28 CROSSBUCK ON-1,22,CHARGERS
Gamblers Anonymous,6,Gamblers Anonymous-6,12,STEELERS
PINNACLE LLP,6,PINNACLE LLP-6,22,CHARGERS
28 CROSSBUCK ON,2,28 CROSSBUCK ON-2,22,CHARGERS
Gamblers Anonymous,7,Gamblers Anonymous-7,22,CHARGERS
PINNACLE LLP,7,PINNACLE LLP-7,12,STEELERS
2DYE4,1,2DYE4-1,6,JAGUARS
Gamblers Anonymous,8,Gamblers Anonymous-8,6,JAGUARS
PIPE DREAM $$$,1,PIPE DREAM $$$-1,22,CHARGERS
2K2MIL,1,2K2MIL-1,26,EAGLES
Gamblers Anonymous,9,Gamblers Anonymous-9,6,JAGUARS
PIRATE DAWG,1,PIRATE DAWG-1,6,JAGUARS
2MARCINS,1,2MARCINS-1,22,CHARGERS
GAMBLING GROCER,1,GAMBLING GROCER-1,6,JAGUARS
PIRATE DAWG,10,PIRATE DAWG-10,22,CHARGERS
2PAK,1,2PAK-1,22,CHARGERS
GAMBLING GROCER,2,GAMBLING GROCER-2,22,CHARGERS
PIRATE DAWG,2,PIRATE DAWG-2,6,JAGUARS
2PAK,2,2PAK-2,22,CHARGERS
GAMBLING GROCER,3,GAMBLING GROCER-3,12,STEELERS
PIRATE DAWG,3,PIRATE DAWG-3,6,JAGUARS
2PEAPODS,1,2PEAPODS-1,6,JAGUARS
Gambling Problems,1,Gambling Problems-1,6,JAGUARS
PIRATE DAWG,4,PIRATE DAWG-4,6,JAGUARS
2PEAPODS,2,2PEAPODS-2,24,RAIDERS
Gambling Problems,2,Gambling Problems-2,6,JAGUARS
PIRATE DAWG,5,PIRATE DAWG-5,12,STEELERS
2XFACTOR2,1,2XFACTOR2-1,8,BENGALS
Gambling Problems,3,Gambling Problems-3,6,JAGUARS
PIRATE DAWG,6,PIRATE DAWG-6,12,STEELERS
2XFACTOR2,2,2XFACTOR2-2,24,RAIDERS
Gambling Problems,4,Gambling Problems-4,6,JAGUARS
PIRATE DAWG,7,PIRATE DAWG-7,12,STEELERS
2XFACTOR2,3,2XFACTOR2-3,9,RAVENS
Gambling Problems,5,Gambling Problems-5,6,JAGUARS
PIRATE DAWG,8,PIRATE DAWG-8,22,CHARGERS
2XFACTOR2,4,2XFACTOR2-4,22,CHARGERS
Gambling Problems,6,Gambling Problems-6,26,EAGLES
PIRATE DAWG,9,PIRATE DAWG-9,22,CHARGERS
2XFACTOR2,5,2XFACTOR2-5,6,JAGUARS
GAMBLING RATS,1,GAMBLING RATS-1,22,CHARGERS
PIRATEPAUL,1,PIRATEPAUL-1,20,LIONS
3 BARREL POKER,1,3 BARREL POKER-1,22,CHARGERS
GAMBLINGUMBY99,1,GAMBLINGUMBY99-1,22,CHARGERS
PIRATES DEN,1,PIRATES DEN-1,18,TITANS
3 BARREL POKER,2,3 BARREL POKER-2,6,JAGUARS
GAMBLNZMICHAELKAINE,1,GAMBLNZMICHAELKAINE-1,24,RAIDERS
PISTOL PETE 98,1,PISTOL PETE 98-1,22,CHARGERS
3 BARREL POKER,3,3 BARREL POKER-3,20,LIONS
GAMBLNZMICHAELKAINE,2,GAMBLNZMICHAELKAINE-2,12,STEELERS
PISTOL PETE 98,10,PISTOL PETE 98-10,20,LIONS
3 BARREL POKER,4,3 BARREL POKER-4,22,CHARGERS
GAMBLNZMICHAELKAINE,3,GAMBLNZMICHAELKAINE-3,12,STEELERS
PISTOL PETE 98,2,PISTOL PETE 98-2,22,CHARGERS
3 BARREL POKER,5,3 BARREL POKER-5,6,JAGUARS
GAMBLORDS,1,GAMBLORDS-1,6,JAGUARS
PISTOL PETE 98,3,PISTOL PETE 98-3,22,CHARGERS
3 BARREL POKER,6,3 BARREL POKER-6,12,STEELERS
GAMBLORDS,10,GAMBLORDS-10,22,CHARGERS
PISTOL PETE 98,4,PISTOL PETE 98-4,22,CHARGERS
3 BARREL POKER,7,3 BARREL POKER-7,9,RAVENS
GAMBLORDS,2,GAMBLORDS-2,6,JAGUARS
PISTOL PETE 98,5,PISTOL PETE 98-5,22,CHARGERS
3 BEST FRIENDS,1,3 BEST FRIENDS-1,12,STEELERS
GAMBLORDS,3,GAMBLORDS-3,22,CHARGERS
PISTOL PETE 98,6,PISTOL PETE 98-6,20,LIONS
3 GUYS 20 WINS,1,3 GUYS 20 WINS-1,22,CHARGERS
GAMBLORDS,4,GAMBLORDS-4,22,CHARGERS
PISTOL PETE 98,7,PISTOL PETE 98-7,20,LIONS
3 MARAUDERS,1,3 MARAUDERS-1,6,JAGUARS
GAMBLORDS,5,GAMBLORDS-5,22,CHARGERS
PISTOL PETE 98,8,PISTOL PETE 98-8,20,LIONS
3 MUSKETEERS,1,3 MUSKETEERS-1,6,JAGUARS
GAMBLORDS,6,GAMBLORDS-6,22,CHARGERS
PISTOL PETE 98,9,PISTOL PETE 98-9,20,LIONS
3 SHEETS TO THE WIND,1,3 SHEETS TO THE WIND-1,22,CHARGERS
GAMBLORDS,7,GAMBLORDS-7,22,CHARGERS
Pistons87,1,Pistons87-1,29,COWBOYS
3 SHEETS,1,3 SHEETS-1,6,JAGUARS
GAMBLORDS,8,GAMBLORDS-8,22,CHARGERS
Pistons87,10,Pistons87-10,20,LIONS
3 SHEETS,2,3 SHEETS-2,6,JAGUARS
GAMBLORDS,9,GAMBLORDS-9,22,CHARGERS
Pistons87,2,Pistons87-2,20,LIONS
3 SOAKS AND A MISER,1,3 SOAKS AND A MISER-1,22,CHARGERS
GAME CHANGERS,1,GAME CHANGERS-1,6,JAGUARS
Pistons87,3,Pistons87-3,20,LIONS
3 WISE MEN JOBU,1,3 WISE MEN JOBU-1,22,CHARGERS
GAME CHANGERS,2,GAME CHANGERS-2,22,CHARGERS
Pistons87,4,Pistons87-4,20,LIONS
3 WISE MEN JOBU,2,3 WISE MEN JOBU-2,22,CHARGERS
GAME CHANGERS,3,GAME CHANGERS-3,12,STEELERS
Pistons87,5,Pistons87-5,20,LIONS
3 WISE MEN JOBU,3,3 WISE MEN JOBU-3,6,JAGUARS
GAME CHANGERS,4,GAME CHANGERS-4,12,STEELERS
Pistons87,6,Pistons87-6,20,LIONS
3-2-1-WIN,1,3-2-1-WIN-1,6,JAGUARS
GAME CHANGERS,5,GAME CHANGERS-5,6,JAGUARS
Pistons87,7,Pistons87-7,20,LIONS
3-AMIGOS,1,3-AMIGOS-1,6,JAGUARS
GAME CHANGERS,6,GAME CHANGERS-6,22,CHARGERS
Pistons87,8,Pistons87-8,20,LIONS
3-AMIGOS,2,3-AMIGOS-2,22,CHARGERS
GAME CHANGERS,7,GAME CHANGERS-7,24,RAIDERS
Pistons87,9,Pistons87-9,20,LIONS
34OKC,1,34OKC-1,6,JAGUARS
GAME CHANGERS,8,GAME CHANGERS-8,22,CHARGERS
Pit not the Palace,1,Pit not the Palace-1,12,STEELERS
350S,1,350S-1,22,CHARGERS
GAME CHANGERS,9,GAME CHANGERS-9,6,JAGUARS
Pitchy Pitchy Wu Wu,1,Pitchy Pitchy Wu Wu-1,6,JAGUARS
350S,2,350S-2,22,CHARGERS
GAME OF JONES,1,GAME OF JONES-1,6,JAGUARS
PITTBULL,1,PITTBULL-1,12,STEELERS
350S,3,350S-3,12,STEELERS
GAMEHOG,1,GAMEHOG-1,22,CHARGERS
PITTBULL,2,PITTBULL-2,12,STEELERS
350S,4,350S-4,12,STEELERS
GAMETIME GAMBLER,1,GAMETIME GAMBLER-1,12,STEELERS
PITTBULL,3,PITTBULL-3,22,CHARGERS
37 EVANS,1,37 EVANS-1,6,JAGUARS
GAMETIME GAMBLER,2,GAMETIME GAMBLER-2,12,STEELERS
PITTBULL,4,PITTBULL-4,22,CHARGERS
37 EVANS,2,37 EVANS-2,22,CHARGERS
GAMETIME GAMBLER,3,GAMETIME GAMBLER-3,6,JAGUARS
PittyCat,1,PittyCat-1,22,CHARGERS
3BALL-CAPPED,1,3BALL-CAPPED-1,6,JAGUARS
GAMETIME GAMBLER,4,GAMETIME GAMBLER-4,6,JAGUARS
PIVIBIRD,1,PIVIBIRD-1,8,BENGALS
3BALL-CAPPED,2,3BALL-CAPPED-2,24,RAIDERS
GAMETIME SPORTSBAR,1,GAMETIME SPORTSBAR-1,24,RAIDERS
PIVIBIRD,10,PIVIBIRD-10,20,LIONS
3C,1,3C-1,12,STEELERS
GAMETIME SPORTSBAR,2,GAMETIME SPORTSBAR-2,24,RAIDERS
PIVIBIRD,2,PIVIBIRD-2,8,BENGALS
3C,2,3C-2,12,STEELERS
GAMETIME SPORTSBAR,3,GAMETIME SPORTSBAR-3,12,STEELERS
PIVIBIRD,3,PIVIBIRD-3,8,BENGALS
3C,3,3C-3,12,STEELERS
GAMETIME SPORTSBAR,4,GAMETIME SPORTSBAR-4,12,STEELERS
PIVIBIRD,4,PIVIBIRD-4,26,EAGLES
3C,4,3C-4,12,STEELERS
GAMETIME SPORTSBAR,5,GAMETIME SPORTSBAR-5,20,LIONS
PIVIBIRD,5,PIVIBIRD-5,26,EAGLES
3C,5,3C-5,24,RAIDERS
GAMETIME SPORTSBAR,6,GAMETIME SPORTSBAR-6,20,LIONS
PIVIBIRD,6,PIVIBIRD-6,26,EAGLES
3C,6,3C-6,24,RAIDERS
GAMROT'S GREASY GUYS,1,GAMROT'S GREASY GUYS-1,6,JAGUARS
PIVIBIRD,7,PIVIBIRD-7,6,JAGUARS
3C,7,3C-7,24,RAIDERS
GAMROT'S GREASY GUYS,10,GAMROT'S GREASY GUYS-10,6,JAGUARS
PIVIBIRD,8,PIVIBIRD-8,22,CHARGERS
3C,8,3C-8,17,JETS
GAMROT'S GREASY GUYS,2,GAMROT'S GREASY GUYS-2,6,JAGUARS
PIVIBIRD,9,PIVIBIRD-9,12,STEELERS
3C,9,3C-9,17,JETS
GAMROT'S GREASY GUYS,3,GAMROT'S GREASY GUYS-3,6,JAGUARS
Pivot,1,Pivot-1,22,CHARGERS
3GUYSFROMCHICAGO,1,3GUYSFROMCHICAGO-1,8,BENGALS
GAMROT'S GREASY GUYS,4,GAMROT'S GREASY GUYS-4,6,JAGUARS
Pivot,2,Pivot-2,22,CHARGERS
3GUYSFROMCHICAGO,2,3GUYSFROMCHICAGO-2,6,JAGUARS
GAMROT'S GREASY GUYS,5,GAMROT'S GREASY GUYS-5,6,JAGUARS
Pivot,3,Pivot-3,22,CHARGERS
3GUYSFROMCHICAGO,3,3GUYSFROMCHICAGO-3,24,RAIDERS
GAMROT'S GREASY GUYS,6,GAMROT'S GREASY GUYS-6,6,JAGUARS
Pivot,4,Pivot-4,22,CHARGERS
3P Productions,1,3P Productions-1,6,JAGUARS
GAMROT'S GREASY GUYS,7,GAMROT'S GREASY GUYS-7,6,JAGUARS
Pivot,5,Pivot-5,22,CHARGERS
3P Productions,2,3P Productions-2,6,JAGUARS
GAMROT'S GREASY GUYS,8,GAMROT'S GREASY GUYS-8,6,JAGUARS
PIXIEHIGHROLLER,1,PIXIEHIGHROLLER-1,6,JAGUARS
3P Productions,3,3P Productions-3,6,JAGUARS
GAMROT'S GREASY GUYS,9,GAMROT'S GREASY GUYS-9,6,JAGUARS
PIXIEHIGHROLLER,10,PIXIEHIGHROLLER-10,6,JAGUARS
3P Productions,4,3P Productions-4,6,JAGUARS
GARAGE GANG,1,GARAGE GANG-1,6,JAGUARS
PIXIEHIGHROLLER,2,PIXIEHIGHROLLER-2,6,JAGUARS
3P Productions,5,3P Productions-5,6,JAGUARS
GARAGE GANG,2,GARAGE GANG-2,22,CHARGERS
PIXIEHIGHROLLER,3,PIXIEHIGHROLLER-3,6,JAGUARS
3P Productions,6,3P Productions-6,6,JAGUARS
GARAGE GANG,3,GARAGE GANG-3,20,LIONS
PIXIEHIGHROLLER,4,PIXIEHIGHROLLER-4,6,JAGUARS
3PUTT,1,3PUTT-1,6,JAGUARS
GARAGE GANG,4,GARAGE GANG-4,26,EAGLES
PIXIEHIGHROLLER,5,PIXIEHIGHROLLER-5,6,JAGUARS
3PUTT,2,3PUTT-2,22,CHARGERS
GARAGE GANG,5,GARAGE GANG-5,6,JAGUARS
PIXIEHIGHROLLER,6,PIXIEHIGHROLLER-6,6,JAGUARS
3PUTT,3,3PUTT-3,22,CHARGERS
GARG71,1,GARG71-1,6,JAGUARS
PIXIEHIGHROLLER,7,PIXIEHIGHROLLER-7,6,JAGUARS
3PUTT,4,3PUTT-4,6,JAGUARS
GARG71,2,GARG71-2,6,JAGUARS
PIXIEHIGHROLLER,8,PIXIEHIGHROLLER-8,6,JAGUARS
3PUTTBOGEY23,1,3PUTTBOGEY23-1,22,CHARGERS
GARG71,3,GARG71-3,6,JAGUARS
PIXIEHIGHROLLER,9,PIXIEHIGHROLLER-9,6,JAGUARS
3PUTTBOGEY23,2,3PUTTBOGEY23-2,6,JAGUARS
GARG71,4,GARG71-4,24,RAIDERS
PIZZA,1,PIZZA-1,12,STEELERS
3RD WARD COUGARS,1,3RD WARD COUGARS-1,6,JAGUARS
GARG71,5,GARG71-5,24,RAIDERS
PIZZA,10,PIZZA-10,12,STEELERS
3STIX,1,3STIX-1,24,RAIDERS
GARG71,6,GARG71-6,6,JAGUARS
PIZZA,2,PIZZA-2,12,STEELERS
3Whiffsand6,1,3Whiffsand6-1,6,JAGUARS
GARG71,7,GARG71-7,22,CHARGERS
PIZZA,3,PIZZA-3,12,STEELERS
4 1/2 MEN,1,4 1/2 MEN-1,6,JAGUARS
GARGOYLE,1,GARGOYLE-1,24,RAIDERS
PIZZA,4,PIZZA-4,12,STEELERS
4 BIRDS AND A HORSE,1,4 BIRDS AND A HORSE-1,6,JAGUARS
GARNETT COTTAGE,1,GARNETT COTTAGE-1,6,JAGUARS
PIZZA,5,PIZZA-5,12,STEELERS
4 CAJUN BENBO,1,4 CAJUN BENBO-1,6,JAGUARS
GAROFALO,1,GAROFALO-1,22,CHARGERS
PIZZA,6,PIZZA-6,12,STEELERS
4 CAJUN BENBO,10,4 CAJUN BENBO-10,24,RAIDERS
GAROFALO,2,GAROFALO-2,6,JAGUARS
PIZZA,7,PIZZA-7,12,STEELERS
4 CAJUN BENBO,2,4 CAJUN BENBO-2,6,JAGUARS
GAROFALO,3,GAROFALO-3,24,RAIDERS
PIZZA,8,PIZZA-8,12,STEELERS
4 CAJUN BENBO,3,4 CAJUN BENBO-3,6,JAGUARS
GAROFALO,4,GAROFALO-4,6,JAGUARS
PIZZA,9,PIZZA-9,12,STEELERS
4 CAJUN BENBO,4,4 CAJUN BENBO-4,6,JAGUARS
GARY'S SHOES,1,GARY'S SHOES-1,6,JAGUARS
PIZZABOSS,1,PIZZABOSS-1,24,RAIDERS
4 CAJUN BENBO,5,4 CAJUN BENBO-5,6,JAGUARS
GARY'S SHOES,2,GARY'S SHOES-2,20,LIONS
PIZZABOSS,2,PIZZABOSS-2,6,JAGUARS
4 CAJUN BENBO,6,4 CAJUN BENBO-6,6,JAGUARS
GARY'S SHOES,3,GARY'S SHOES-3,22,CHARGERS
PIZZABOSS,3,PIZZABOSS-3,6,JAGUARS
4 CAJUN BENBO,7,4 CAJUN BENBO-7,24,RAIDERS
GARY'S SHOES,4,GARY'S SHOES-4,6,JAGUARS
PIZZABOSS,4,PIZZABOSS-4,22,CHARGERS
4 CAJUN BENBO,8,4 CAJUN BENBO-8,24,RAIDERS
GARY'S SHOES,5,GARY'S SHOES-5,6,JAGUARS
PIZZABOSS,5,PIZZABOSS-5,24,RAIDERS
4 CAJUN BENBO,9,4 CAJUN BENBO-9,24,RAIDERS
GARY'S SHOES,6,GARY'S SHOES-6,12,STEELERS
PIZZABOSS,6,PIZZABOSS-6,6,JAGUARS
4 DUMMIES IN SWEATS,1,4 DUMMIES IN SWEATS-1,22,CHARGERS
GARY'S SHOES,7,GARY'S SHOES-7,22,CHARGERS
PJ551155,1,PJ551155-1,17,JETS
4 Guys 1 Cup,1,4 Guys 1 Cup-1,6,JAGUARS
GARYA,1,GARYA-1,22,CHARGERS
PJ551155,10,PJ551155-10,23,DOLPHINS
4 Guys 1 Cup,2,4 Guys 1 Cup-2,12,STEELERS
GARYA,10,GARYA-10,12,STEELERS
PJ551155,2,PJ551155-2,22,CHARGERS
4-HORSEMEN,1,4-HORSEMEN-1,6,JAGUARS
GARYA,2,GARYA-2,22,CHARGERS
PJ551155,3,PJ551155-3,22,CHARGERS
4-HORSEMEN,2,4-HORSEMEN-2,6,JAGUARS
GARYA,3,GARYA-3,22,CHARGERS
PJ551155,4,PJ551155-4,18,TITANS
4-HORSEMEN,3,4-HORSEMEN-3,22,CHARGERS
GARYA,4,GARYA-4,22,CHARGERS
PJ551155,5,PJ551155-5,22,CHARGERS
4-HORSEMEN,4,4-HORSEMEN-4,20,LIONS
GARYA,5,GARYA-5,12,STEELERS
PJ551155,6,PJ551155-6,22,CHARGERS
4_FONZIE,1,4_FONZIE-1,12,STEELERS
GARYA,6,GARYA-6,12,STEELERS
PJ551155,7,PJ551155-7,22,CHARGERS
4_FONZIE,2,4_FONZIE-2,24,RAIDERS
GARYA,7,GARYA-7,12,STEELERS
PJ551155,8,PJ551155-8,24,RAIDERS
401K PARLEY,1,401K PARLEY-1,6,JAGUARS
GARYA,8,GARYA-8,12,STEELERS
PJ551155,9,PJ551155-9,17,JETS
401K PARLEY,2,401K PARLEY-2,22,CHARGERS
GARYA,9,GARYA-9,12,STEELERS
PJDENVER,1,PJDENVER-1,6,JAGUARS
401K PARLEY,3,401K PARLEY-3,24,RAIDERS
GARYG,1,GARYG-1,6,JAGUARS
PJJ2015,1,PJJ2015-1,22,CHARGERS
401Killingsworth,1,401Killingsworth-1,12,STEELERS
GARYG,2,GARYG-2,22,CHARGERS
PJJ2015,2,PJJ2015-2,6,JAGUARS
405 DEGENS,1,405 DEGENS-1,6,JAGUARS
GAS WALL,1,GAS WALL-1,22,CHARGERS
PJJ2015,3,PJJ2015-3,6,JAGUARS
405 DEGENS,10,405 DEGENS-10,12,STEELERS
GASFIRE REAPERS,1,GASFIRE REAPERS-1,22,CHARGERS
PJJ2015,4,PJJ2015-4,22,CHARGERS
405 DEGENS,2,405 DEGENS-2,6,JAGUARS
GASFIRE REAPERS,2,GASFIRE REAPERS-2,20,LIONS
PJJ2015,5,PJJ2015-5,6,JAGUARS
405 DEGENS,3,405 DEGENS-3,6,JAGUARS
GASFIRE REAPERS,3,GASFIRE REAPERS-3,6,JAGUARS
PJJ2015,6,PJJ2015-6,22,CHARGERS
405 DEGENS,4,405 DEGENS-4,6,JAGUARS
GASFIRE REAPERS,4,GASFIRE REAPERS-4,22,CHARGERS
PJKB,1,PJKB-1,22,CHARGERS
405 DEGENS,5,405 DEGENS-5,6,JAGUARS
GASFIRE REAPERS,5,GASFIRE REAPERS-5,26,EAGLES
PLAKSMACKER,1,PLAKSMACKER-1,22,CHARGERS
405 DEGENS,6,405 DEGENS-6,6,JAGUARS
GASFIRE REAPERS,6,GASFIRE REAPERS-6,22,CHARGERS
PLAN B,1,PLAN B-1,22,CHARGERS
405 DEGENS,7,405 DEGENS-7,22,CHARGERS
GATE CITY,1,GATE CITY-1,6,JAGUARS
PLAN B,2,PLAN B-2,12,STEELERS
405 DEGENS,8,405 DEGENS-8,22,CHARGERS
GATE CITY,2,GATE CITY-2,6,JAGUARS
PLAN B,3,PLAN B-3,6,JAGUARS
405 DEGENS,9,405 DEGENS-9,12,STEELERS
GATE CITY,3,GATE CITY-3,6,JAGUARS
PLANO BOYZ,1,PLANO BOYZ-1,22,CHARGERS
406 Posse,1,406 Posse-1,22,CHARGERS
GATE CITY,4,GATE CITY-4,12,STEELERS
PLANO BOYZ,2,PLANO BOYZ-2,22,CHARGERS
40RTY DAYS,1,40RTY DAYS-1,20,LIONS
GATOR 1980,1,GATOR 1980-1,6,JAGUARS
Plate of Bacon,1,Plate of Bacon-1,6,JAGUARS
41D,1,41D-1,22,CHARGERS
GATOR 1980,2,GATOR 1980-2,22,CHARGERS
Plate of Bacon,2,Plate of Bacon-2,6,JAGUARS
427COBRA1966,1,427COBRA1966-1,22,CHARGERS
GATOR 1980,3,GATOR 1980-3,24,RAIDERS
Plate of Bacon,3,Plate of Bacon-3,22,CHARGERS
427COBRA1966,2,427COBRA1966-2,22,CHARGERS
GATX OFFENSIVE LINES,1,GATX OFFENSIVE LINES-1,6,JAGUARS
Plate of Bacon,4,Plate of Bacon-4,22,CHARGERS
427COBRA1966,3,427COBRA1966-3,22,CHARGERS
GATX OFFENSIVE LINES,2,GATX OFFENSIVE LINES-2,6,JAGUARS
Plate of Bacon,5,Plate of Bacon-5,24,RAIDERS
427COBRA1966,4,427COBRA1966-4,6,JAGUARS
GATX OFFENSIVE LINES,3,GATX OFFENSIVE LINES-3,22,CHARGERS
PLATYPUS,1,PLATYPUS-1,12,STEELERS
427COBRA1966,5,427COBRA1966-5,6,JAGUARS
GATX OFFENSIVE LINES,4,GATX OFFENSIVE LINES-4,22,CHARGERS
PLATYPUS,10,PLATYPUS-10,22,CHARGERS
432LANDMAN,1,432LANDMAN-1,12,STEELERS
GAUCHO NATION,1,GAUCHO NATION-1,22,CHARGERS
PLATYPUS,2,PLATYPUS-2,12,STEELERS
432LANDMAN,2,432LANDMAN-2,22,CHARGERS
GAUCHO NATION,2,GAUCHO NATION-2,6,JAGUARS
PLATYPUS,3,PLATYPUS-3,12,STEELERS
437 MPC,1,437 MPC-1,6,JAGUARS
GAUCHO NATION,3,GAUCHO NATION-3,6,JAGUARS
PLATYPUS,4,PLATYPUS-4,12,STEELERS
437 MPC,2,437 MPC-2,24,RAIDERS
GAVIN 1644,1,GAVIN 1644-1,12,STEELERS
PLATYPUS,5,PLATYPUS-5,6,JAGUARS
463 Group,1,463 Group-1,6,JAGUARS
GAVINS WAKE,1,GAVINS WAKE-1,6,JAGUARS
PLATYPUS,6,PLATYPUS-6,6,JAGUARS
463 Group,2,463 Group-2,12,STEELERS
GAVINS WAKE,2,GAVINS WAKE-2,22,CHARGERS
PLATYPUS,7,PLATYPUS-7,6,JAGUARS
463 Group,3,463 Group-3,22,CHARGERS
GAVINS WAKE,3,GAVINS WAKE-3,22,CHARGERS
PLATYPUS,8,PLATYPUS-8,6,JAGUARS
4750,1,4750-1,24,RAIDERS
GAVINS WAKE,4,GAVINS WAKE-4,22,CHARGERS
PLATYPUS,9,PLATYPUS-9,17,JETS
4750,2,4750-2,6,JAGUARS
GAVINS WAKE,5,GAVINS WAKE-5,6,JAGUARS
PLAY IT DOWN 1,1,PLAY IT DOWN 1-1,22,CHARGERS
49ers,1,49ers-1,6,JAGUARS
GAVINS WAKE,6,GAVINS WAKE-6,6,JAGUARS
PLAY IT DOWN 1,2,PLAY IT DOWN 1-2,6,JAGUARS
49ers,2,49ers-2,12,STEELERS
GAVINS WAKE,7,GAVINS WAKE-7,12,STEELERS
PLAY IT DOWN 1,3,PLAY IT DOWN 1-3,12,STEELERS
4ACES,1,4ACES-1,22,CHARGERS
GAVTHEGOAT,1,GAVTHEGOAT-1,22,CHARGERS
PLAY IT DOWN 1,4,PLAY IT DOWN 1-4,22,CHARGERS
4ACES,2,4ACES-2,22,CHARGERS
GAVTHEGOAT,2,GAVTHEGOAT-2,12,STEELERS
PLAY IT DOWN 1,5,PLAY IT DOWN 1-5,6,JAGUARS
4ACES,3,4ACES-3,6,JAGUARS
GAVTHEGOAT,3,GAVTHEGOAT-3,6,JAGUARS
PLAY IT DOWN 1,6,PLAY IT DOWN 1-6,12,STEELERS
4ARMSHIVER,1,4ARMSHIVER-1,22,CHARGERS
GAVTHEGOAT,4,GAVTHEGOAT-4,23,DOLPHINS
PLAY IT DOWN 2,1,PLAY IT DOWN 2-1,6,JAGUARS
4ARMSHIVER,2,4ARMSHIVER-2,22,CHARGERS
GAVTHEGOAT,5,GAVTHEGOAT-5,28,VIKINGS
PLAY IT DOWN 2,2,PLAY IT DOWN 2-2,12,STEELERS
4ARMSHIVER,3,4ARMSHIVER-3,22,CHARGERS
GAVTHEGOAT,6,GAVTHEGOAT-6,17,JETS
PLAY IT DOWN 2,3,PLAY IT DOWN 2-3,20,LIONS
4ARMSHIVER,4,4ARMSHIVER-4,6,JAGUARS
GAVTHEGOAT,7,GAVTHEGOAT-7,32,CHIEFS
PLAY IT DOWN 3,1,PLAY IT DOWN 3-1,22,CHARGERS
4BAGGER,1,4BAGGER-1,12,STEELERS
GAY JACENT,1,GAY JACENT-1,24,RAIDERS
PLAY IT DOWN 3,2,PLAY IT DOWN 3-2,6,JAGUARS
4HF SPORTS,1,4HF SPORTS-1,6,JAGUARS
GAY JACENT,10,GAY JACENT-10,24,RAIDERS
PLAY IT DOWN 3,3,PLAY IT DOWN 3-3,20,LIONS
4HF SPORTS,2,4HF SPORTS-2,6,JAGUARS
GAY JACENT,2,GAY JACENT-2,24,RAIDERS
PLAY4GT3,1,PLAY4GT3-1,22,CHARGERS
4th & 4 Blondes,1,4th & 4 Blondes-1,12,STEELERS
GAY JACENT,3,GAY JACENT-3,24,RAIDERS
PLAY4GT3,2,PLAY4GT3-2,22,CHARGERS
4th & 4 Blondes,2,4th & 4 Blondes-2,6,JAGUARS
GAY JACENT,4,GAY JACENT-4,24,RAIDERS
PLAY4GT3,3,PLAY4GT3-3,6,JAGUARS
4TH AND DRUNK,1,4TH AND DRUNK-1,6,JAGUARS
GAY JACENT,5,GAY JACENT-5,24,RAIDERS
PLAY4GT3,4,PLAY4GT3-4,6,JAGUARS
4TH AND DRUNK,2,4TH AND DRUNK-2,6,JAGUARS
GAY JACENT,6,GAY JACENT-6,24,RAIDERS
PLAY4GT3,5,PLAY4GT3-5,12,STEELERS
4TH AND DRUNK,3,4TH AND DRUNK-3,26,EAGLES
GAY JACENT,7,GAY JACENT-7,24,RAIDERS
PLAY4GT3,6,PLAY4GT3-6,12,STEELERS
4TH QUARTER,1,4TH QUARTER-1,14,TEXANS
GAY JACENT,8,GAY JACENT-8,24,RAIDERS
PLAY4GT3,7,PLAY4GT3-7,24,RAIDERS
4th&drunk,1,4th&drunk-1,6,JAGUARS
GAY JACENT,9,GAY JACENT-9,24,RAIDERS
PLAY4GT3,8,PLAY4GT3-8,22,CHARGERS
5 BIG DUMMIES,1,5 BIG DUMMIES-1,6,JAGUARS
GAYME OF INCHES,1,GAYME OF INCHES-1,6,JAGUARS
PLAYACTION JACKSON,1,PLAYACTION JACKSON-1,22,CHARGERS
5 JERKS & A SQUIRT,1,5 JERKS & A SQUIRT-1,22,CHARGERS
GBLOGBD,1,GBLOGBD-1,22,CHARGERS
PLAYACTION JACKSON,2,PLAYACTION JACKSON-2,22,CHARGERS
5 JERKS & A SQUIRT,2,5 JERKS & A SQUIRT-2,22,CHARGERS
GBLOGBD,2,GBLOGBD-2,6,JAGUARS
PLAYACTION JACKSON,3,PLAYACTION JACKSON-3,26,EAGLES
5 JERKS & A SQUIRT,3,5 JERKS & A SQUIRT-3,20,LIONS
GBON,1,GBON-1,6,JAGUARS
PLAYACTION JACKSON,4,PLAYACTION JACKSON-4,12,STEELERS
5 NITES OF INSOMNIA,1,5 NITES OF INSOMNIA-1,22,CHARGERS
GBON,10,GBON-10,22,CHARGERS
PLAYACTION JACKSON,5,PLAYACTION JACKSON-5,8,BENGALS
5 NITES OF INSOMNIA,2,5 NITES OF INSOMNIA-2,22,CHARGERS
GBON,2,GBON-2,12,STEELERS
PLAYACTION JACKSON,6,PLAYACTION JACKSON-6,20,LIONS
5 NITES OF INSOMNIA,3,5 NITES OF INSOMNIA-3,6,JAGUARS
GBON,3,GBON-3,22,CHARGERS
PLAYACTION JACKSON,7,PLAYACTION JACKSON-7,20,LIONS
5 OPA 5,1,5 OPA 5-1,20,LIONS
GBON,4,GBON-4,22,CHARGERS
PLAYACTION JACKSON,8,PLAYACTION JACKSON-8,6,JAGUARS
5 OPA 5,2,5 OPA 5-2,6,JAGUARS
GBON,5,GBON-5,6,JAGUARS
PLAYACTION JACKSON,9,PLAYACTION JACKSON-9,6,JAGUARS
5 OPA 5,3,5 OPA 5-3,12,STEELERS
GBON,6,GBON-6,22,CHARGERS
PLAYBOYS,1,PLAYBOYS-1,6,JAGUARS
5 OPA 5,4,5 OPA 5-4,22,CHARGERS
GBON,7,GBON-7,12,STEELERS
PLAYBOYS,2,PLAYBOYS-2,6,JAGUARS
5 STAR SEAFOOD,1,5 STAR SEAFOOD-1,22,CHARGERS
GBON,8,GBON-8,22,CHARGERS
PLAYBOYS,3,PLAYBOYS-3,6,JAGUARS
5 STAR SEAFOOD,2,5 STAR SEAFOOD-2,6,JAGUARS
GBON,9,GBON-9,22,CHARGERS
PLAYBOYS,4,PLAYBOYS-4,6,JAGUARS
5 STAR SEAFOOD,3,5 STAR SEAFOOD-3,6,JAGUARS
GBOTS,1,GBOTS-1,6,JAGUARS
PLAYBOYS,5,PLAYBOYS-5,6,JAGUARS
5 STAR SEAFOOD,4,5 STAR SEAFOOD-4,6,JAGUARS
GBOTS,10,GBOTS-10,22,CHARGERS
PLAYBOYS,6,PLAYBOYS-6,24,RAIDERS
5 STAR SEAFOOD,5,5 STAR SEAFOOD-5,6,JAGUARS
GBOTS,2,GBOTS-2,6,JAGUARS
PLAYBOYS,7,PLAYBOYS-7,24,RAIDERS
5 STAR SEAFOOD,6,5 STAR SEAFOOD-6,6,JAGUARS
GBOTS,3,GBOTS-3,6,JAGUARS
PLAYBOYS,8,PLAYBOYS-8,24,RAIDERS
5.5 MEN,1,5.5 MEN-1,22,CHARGERS
GBOTS,4,GBOTS-4,6,JAGUARS
PLAYBOYS,9,PLAYBOYS-9,24,RAIDERS
5.5 MEN,2,5.5 MEN-2,6,JAGUARS
GBOTS,5,GBOTS-5,6,JAGUARS
PlayerProps.ai,1,PlayerProps.ai-1,6,JAGUARS
5.5 MEN,3,5.5 MEN-3,22,CHARGERS
GBOTS,6,GBOTS-6,6,JAGUARS
PlayerProps.ai,2,PlayerProps.ai-2,12,STEELERS
5.5 MEN,4,5.5 MEN-4,12,STEELERS
GBOTS,7,GBOTS-7,6,JAGUARS
PLAYERPROPSKING,1,PLAYERPROPSKING-1,6,JAGUARS
5:00 PM DINNER,1,5:00 PM DINNER-1,22,CHARGERS
GBOTS,8,GBOTS-8,22,CHARGERS
PLAYERPROPSKING,2,PLAYERPROPSKING-2,6,JAGUARS
5:00 PM DINNER,10,5:00 PM DINNER-10,6,JAGUARS
GBOTS,9,GBOTS-9,22,CHARGERS
PLAYERPROPSKING,3,PLAYERPROPSKING-3,12,STEELERS
5:00 PM DINNER,2,5:00 PM DINNER-2,6,JAGUARS
GBUENTURES,1,GBUENTURES-1,22,CHARGERS
PLAYIN N STAYING,1,PLAYIN N STAYING-1,22,CHARGERS
5:00 PM DINNER,3,5:00 PM DINNER-3,22,CHARGERS
GBUENTURES,2,GBUENTURES-2,12,STEELERS
PLAYIN N STAYING,2,PLAYIN N STAYING-2,22,CHARGERS
5:00 PM DINNER,4,5:00 PM DINNER-4,22,CHARGERS
GCAP,1,GCAP-1,12,STEELERS
PLAYIN N STAYING,3,PLAYIN N STAYING-3,12,STEELERS
5:00 PM DINNER,5,5:00 PM DINNER-5,6,JAGUARS
GDAWG1447,1,GDAWG1447-1,12,STEELERS
PLAYIN N STAYING,4,PLAYIN N STAYING-4,12,STEELERS
5:00 PM DINNER,6,5:00 PM DINNER-6,12,STEELERS
GDMAFIA,1,GDMAFIA-1,22,CHARGERS
PLAYIN N STAYING,5,PLAYIN N STAYING-5,6,JAGUARS
5:00 PM DINNER,7,5:00 PM DINNER-7,26,EAGLES
GDMAFIA,2,GDMAFIA-2,12,STEELERS
PLAYIN N STAYING,6,PLAYIN N STAYING-6,6,JAGUARS
5:00 PM DINNER,8,5:00 PM DINNER-8,20,LIONS
GDMAFIA,3,GDMAFIA-3,12,STEELERS
PLAYMAKERS,1,PLAYMAKERS-1,6,JAGUARS
5:00 PM DINNER,9,5:00 PM DINNER-9,6,JAGUARS
GDMAFIA,4,GDMAFIA-4,22,CHARGERS
PLAYMAKERS,10,PLAYMAKERS-10,6,JAGUARS
504 BOYZ,1,504 BOYZ-1,12,STEELERS
GDMAFIA,5,GDMAFIA-5,22,CHARGERS
PLAYMAKERS,2,PLAYMAKERS-2,6,JAGUARS
504 GUYS,1,504 GUYS-1,6,JAGUARS
GDMAFIA,6,GDMAFIA-6,6,JAGUARS
PLAYMAKERS,3,PLAYMAKERS-3,6,JAGUARS
504 GUYS,10,504 GUYS-10,26,EAGLES
GEARITY 127,1,GEARITY 127-1,22,CHARGERS
PLAYMAKERS,4,PLAYMAKERS-4,6,JAGUARS
504 GUYS,2,504 GUYS-2,6,JAGUARS
GEARITY 127,2,GEARITY 127-2,6,JAGUARS
PLAYMAKERS,5,PLAYMAKERS-5,22,CHARGERS
504 GUYS,3,504 GUYS-3,22,CHARGERS
GEAUX 5 FOR 5,1,GEAUX 5 FOR 5-1,12,STEELERS
PLAYMAKERS,6,PLAYMAKERS-6,22,CHARGERS
504 GUYS,4,504 GUYS-4,22,CHARGERS
GEAUX 5 FOR 5,2,GEAUX 5 FOR 5-2,22,CHARGERS
PLAYMAKERS,7,PLAYMAKERS-7,22,CHARGERS
504 GUYS,5,504 GUYS-5,22,CHARGERS
GEAUX WITH YOUR GUT,1,GEAUX WITH YOUR GUT-1,6,JAGUARS
PLAYMAKERS,8,PLAYMAKERS-8,12,STEELERS
504 GUYS,6,504 GUYS-6,20,LIONS
GEDDY AND THE POPE,1,GEDDY AND THE POPE-1,6,JAGUARS
PLAYMAKERS,9,PLAYMAKERS-9,24,RAIDERS
504 GUYS,7,504 GUYS-7,20,LIONS
GEIGS,1,GEIGS-1,6,JAGUARS
PLAYOFFS,1,PLAYOFFS-1,6,JAGUARS
504 GUYS,8,504 GUYS-8,2,SEAHAWKS
GEIGS,10,GEIGS-10,12,STEELERS
PLENKEIT2,1,PLENKEIT2-1,6,JAGUARS
504 GUYS,9,504 GUYS-9,26,EAGLES
GEIGS,2,GEIGS-2,6,JAGUARS
Plishka Bop,1,Plishka Bop-1,12,STEELERS
507 MAFIA,1,507 MAFIA-1,6,JAGUARS
GEIGS,3,GEIGS-3,6,JAGUARS
Plishka Bop,2,Plishka Bop-2,22,CHARGERS
507 MAFIA,2,507 MAFIA-2,6,JAGUARS
GEIGS,4,GEIGS-4,6,JAGUARS
PLO8WHALES,1,PLO8WHALES-1,6,JAGUARS
507 MAFIA,3,507 MAFIA-3,12,STEELERS
GEIGS,5,GEIGS-5,6,JAGUARS
PLO8WHALES,10,PLO8WHALES-10,6,JAGUARS
507 MAFIA,4,507 MAFIA-4,12,STEELERS
GEIGS,6,GEIGS-6,6,JAGUARS
PLO8WHALES,2,PLO8WHALES-2,6,JAGUARS
507 MAFIA,5,507 MAFIA-5,22,CHARGERS
GEIGS,7,GEIGS-7,6,JAGUARS
PLO8WHALES,3,PLO8WHALES-3,22,CHARGERS
50COMMANDS4SP,1,50COMMANDS4SP-1,6,JAGUARS
GEIGS,8,GEIGS-8,6,JAGUARS
PLO8WHALES,4,PLO8WHALES-4,22,CHARGERS
50COMMANDS4SP,2,50COMMANDS4SP-2,22,CHARGERS
GEIGS,9,GEIGS-9,12,STEELERS
PLO8WHALES,5,PLO8WHALES-5,12,STEELERS
50COMMANDS4SP,3,50COMMANDS4SP-3,22,CHARGERS
GEL_MADNESS_26,1,GEL_MADNESS_26-1,22,CHARGERS
PLO8WHALES,6,PLO8WHALES-6,12,STEELERS
50COMMANDS4SP,4,50COMMANDS4SP-4,24,RAIDERS
GEL_MADNESS_26,2,GEL_MADNESS_26-2,6,JAGUARS
PLO8WHALES,7,PLO8WHALES-7,26,EAGLES
510 SHARP,1,510 SHARP-1,17,JETS
GEL_MADNESS_26,3,GEL_MADNESS_26-3,6,JAGUARS
PLO8WHALES,8,PLO8WHALES-8,24,RAIDERS
510 SHARP,2,510 SHARP-2,12,STEELERS
GEL_MADNESS_26,4,GEL_MADNESS_26-4,20,LIONS
PLO8WHALES,9,PLO8WHALES-9,18,TITANS
510 SHARP,3,510 SHARP-3,6,JAGUARS
GEN Z BOSS AND APICK,1,GEN Z BOSS AND APICK-1,12,STEELERS
PLOTTING SUCCESS,1,PLOTTING SUCCESS-1,24,RAIDERS
51SYOBWOC,1,51SYOBWOC-1,6,JAGUARS
GENERATIONAL SQUARES,1,GENERATIONAL SQUARES-1,6,JAGUARS
PLOTTING SUCCESS,2,PLOTTING SUCCESS-2,22,CHARGERS
559 SHARP$,1,559 SHARP$-1,6,JAGUARS
GENTS CLUB SPORTS,1,GENTS CLUB SPORTS-1,6,JAGUARS
PLOTTING SUCCESS,3,PLOTTING SUCCESS-3,22,CHARGERS
559 SHARP$,2,559 SHARP$-2,6,JAGUARS
GENTS CLUB SPORTS,2,GENTS CLUB SPORTS-2,12,STEELERS
PLOTTING SUCCESS,4,PLOTTING SUCCESS-4,12,STEELERS
559 SHARP$,3,559 SHARP$-3,12,STEELERS
GENTS CLUB SPORTS,3,GENTS CLUB SPORTS-3,6,JAGUARS
PLOTTING SUCCESS,5,PLOTTING SUCCESS-5,17,JETS
559 SHARP$,4,559 SHARP$-4,26,EAGLES
GEO,1,GEO-1,22,CHARGERS
PLOUTONIANS,1,PLOUTONIANS-1,22,CHARGERS
5ACES,1,5ACES-1,15,BEARS
GEO,2,GEO-2,22,CHARGERS
plump,1,plump-1,6,JAGUARS
5ACES,2,5ACES-2,6,JAGUARS
GEO,3,GEO-3,12,STEELERS
plump,2,plump-2,6,JAGUARS
5ACES,3,5ACES-3,12,STEELERS
GEOFFROW RECORDS,1,GEOFFROW RECORDS-1,12,STEELERS
PLUSMONEY,1,PLUSMONEY-1,12,STEELERS
5ACES,4,5ACES-4,24,RAIDERS
GEORGIA239,1,GEORGIA239-1,12,STEELERS
PLUTO NOODLE,1,PLUTO NOODLE-1,22,CHARGERS
5ACES,5,5ACES-5,20,LIONS
Gernyder,1,Gernyder-1,6,JAGUARS
PLUTO NOODLE,10,PLUTO NOODLE-10,24,RAIDERS
5IRISHCOWBOYS,1,5IRISHCOWBOYS-1,22,CHARGERS
Gernyder,2,Gernyder-2,26,EAGLES
PLUTO NOODLE,2,PLUTO NOODLE-2,22,CHARGERS
5IRISHCOWBOYS,2,5IRISHCOWBOYS-2,12,STEELERS
Gernyder,3,Gernyder-3,22,CHARGERS
PLUTO NOODLE,3,PLUTO NOODLE-3,22,CHARGERS
5IRISHCOWBOYS,3,5IRISHCOWBOYS-3,6,JAGUARS
Gernyder,4,Gernyder-4,12,STEELERS
PLUTO NOODLE,4,PLUTO NOODLE-4,22,CHARGERS
6 PACK,1,6 PACK-1,22,CHARGERS
Gernyder,5,Gernyder-5,6,JAGUARS
PLUTO NOODLE,5,PLUTO NOODLE-5,22,CHARGERS
605BUFF,1,605BUFF-1,6,JAGUARS
get off the poop dec,1,get off the poop dec-1,12,STEELERS
PLUTO NOODLE,6,PLUTO NOODLE-6,24,RAIDERS
605BUFF,2,605BUFF-2,12,STEELERS
get the bag,1,get the bag-1,6,JAGUARS
PLUTO NOODLE,7,PLUTO NOODLE-7,24,RAIDERS
605BUFF,3,605BUFF-3,22,CHARGERS
getdown247,1,getdown247-1,20,LIONS
PLUTO NOODLE,8,PLUTO NOODLE-8,24,RAIDERS
608PICKEM,1,608PICKEM-1,22,CHARGERS
getdown247,2,getdown247-2,6,JAGUARS
PLUTO NOODLE,9,PLUTO NOODLE-9,24,RAIDERS
651-740 OHIO LUCK,1,651-740 OHIO LUCK-1,22,CHARGERS
getdown247,3,getdown247-3,22,CHARGERS
PM ROSS,1,PM ROSS-1,6,JAGUARS
6970,1,6970-1,6,JAGUARS
GETTE-SETTER,1,GETTE-SETTER-1,6,JAGUARS
PMVNMN,1,PMVNMN-1,22,CHARGERS
6970,10,6970-10,6,JAGUARS
gettinpaid566,1,gettinpaid566-1,22,CHARGERS
PNW Degenerates,1,PNW Degenerates-1,22,CHARGERS
6970,2,6970-2,6,JAGUARS
GG'S,1,GG'S-1,6,JAGUARS
PNW Degenerates,10,PNW Degenerates-10,6,JAGUARS
6970,3,6970-3,6,JAGUARS
GG'S,2,GG'S-2,6,JAGUARS
PNW Degenerates,2,PNW Degenerates-2,22,CHARGERS
6970,4,6970-4,6,JAGUARS
GG'S,3,GG'S-3,24,RAIDERS
PNW Degenerates,3,PNW Degenerates-3,22,CHARGERS
6970,5,6970-5,6,JAGUARS
GG'S,4,GG'S-4,24,RAIDERS
PNW Degenerates,4,PNW Degenerates-4,22,CHARGERS
6970,6,6970-6,6,JAGUARS
GGDEP,1,GGDEP-1,12,STEELERS
PNW Degenerates,5,PNW Degenerates-5,22,CHARGERS
6970,7,6970-7,6,JAGUARS
GGDEP,10,GGDEP-10,6,JAGUARS
PNW Degenerates,6,PNW Degenerates-6,22,CHARGERS
6970,8,6970-8,6,JAGUARS
GGDEP,2,GGDEP-2,12,STEELERS
PNW Degenerates,7,PNW Degenerates-7,6,JAGUARS
6970,9,6970-9,6,JAGUARS
GGDEP,3,GGDEP-3,12,STEELERS
PNW Degenerates,8,PNW Degenerates-8,6,JAGUARS
6CARDCHARLIE,1,6CARDCHARLIE-1,6,JAGUARS
GGDEP,4,GGDEP-4,12,STEELERS
PNW Degenerates,9,PNW Degenerates-9,6,JAGUARS
6CARDCHARLIE,2,6CARDCHARLIE-2,6,JAGUARS
GGDEP,5,GGDEP-5,12,STEELERS
PNW2 Degenerates,1,PNW2 Degenerates-1,6,JAGUARS
6CARDCHARLIE,3,6CARDCHARLIE-3,20,LIONS
GGDEP,6,GGDEP-6,12,STEELERS
PNW2 Degenerates,10,PNW2 Degenerates-10,12,STEELERS
6CARDCHARLIE,4,6CARDCHARLIE-4,20,LIONS
GGDEP,7,GGDEP-7,6,JAGUARS
PNW2 Degenerates,2,PNW2 Degenerates-2,6,JAGUARS
6ER13,1,6ER13-1,22,CHARGERS
GGDEP,8,GGDEP-8,6,JAGUARS
PNW2 Degenerates,3,PNW2 Degenerates-3,6,JAGUARS
6ER13,2,6ER13-2,20,LIONS
GGDEP,9,GGDEP-9,6,JAGUARS
PNW2 Degenerates,4,PNW2 Degenerates-4,6,JAGUARS
6ER13,3,6ER13-3,22,CHARGERS
GGGZ,1,GGGZ-1,22,CHARGERS
PNW2 Degenerates,5,PNW2 Degenerates-5,6,JAGUARS
6ER13,4,6ER13-4,6,JAGUARS
GGGZ,2,GGGZ-2,22,CHARGERS
PNW2 Degenerates,6,PNW2 Degenerates-6,6,JAGUARS
7 25 AND A HALF,1,7 25 AND A HALF-1,22,CHARGERS
GGGZ,3,GGGZ-3,22,CHARGERS
PNW2 Degenerates,7,PNW2 Degenerates-7,12,STEELERS
7 25 AND A HALF,2,7 25 AND A HALF-2,15,BEARS
GGGZ,4,GGGZ-4,6,JAGUARS
PNW2 Degenerates,8,PNW2 Degenerates-8,12,STEELERS
7 25 AND A HALF,3,7 25 AND A HALF-3,22,CHARGERS
GGGZ,5,GGGZ-5,6,JAGUARS
PNW2 Degenerates,9,PNW2 Degenerates-9,12,STEELERS
7 Bullets - 91 Aces,1,7 Bullets - 91 Aces-1,6,JAGUARS
GHETTOBROS,1,GHETTOBROS-1,12,STEELERS
POATIHESTEAM,1,POATIHESTEAM-1,22,CHARGERS
7 Bullets - 91 Aces,2,7 Bullets - 91 Aces-2,12,STEELERS
GHETTOBROS,10,GHETTOBROS-10,26,EAGLES
POATIHESTEAM,10,POATIHESTEAM-10,22,CHARGERS
7 Bullets - 91 Aces,3,7 Bullets - 91 Aces-3,22,CHARGERS
GHETTOBROS,2,GHETTOBROS-2,12,STEELERS
POATIHESTEAM,2,POATIHESTEAM-2,22,CHARGERS
7 Bullets - Alxndr,1,7 Bullets - Alxndr-1,12,STEELERS
GHETTOBROS,3,GHETTOBROS-3,12,STEELERS
POATIHESTEAM,3,POATIHESTEAM-3,22,CHARGERS
7 Bullets - Alxndr,2,7 Bullets - Alxndr-2,22,CHARGERS
GHETTOBROS,4,GHETTOBROS-4,12,STEELERS
POATIHESTEAM,4,POATIHESTEAM-4,22,CHARGERS
7 DUECE,1,7 DUECE-1,6,JAGUARS
GHETTOBROS,5,GHETTOBROS-5,6,JAGUARS
POATIHESTEAM,5,POATIHESTEAM-5,22,CHARGERS
7 DUECE,2,7 DUECE-2,12,STEELERS
GHETTOBROS,6,GHETTOBROS-6,6,JAGUARS
POATIHESTEAM,6,POATIHESTEAM-6,22,CHARGERS
7 DUECE,3,7 DUECE-3,6,JAGUARS
GHETTOBROS,7,GHETTOBROS-7,6,JAGUARS
POATIHESTEAM,7,POATIHESTEAM-7,22,CHARGERS
7 HORSEMEN,1,7 HORSEMEN-1,20,LIONS
GHETTOBROS,8,GHETTOBROS-8,26,EAGLES
POATIHESTEAM,8,POATIHESTEAM-8,22,CHARGERS
7 HORSEMEN,10,7 HORSEMEN-10,6,JAGUARS
GHETTOBROS,9,GHETTOBROS-9,26,EAGLES
POATIHESTEAM,9,POATIHESTEAM-9,22,CHARGERS
7 HORSEMEN,2,7 HORSEMEN-2,6,JAGUARS
GHINDALOON,1,GHINDALOON-1,6,JAGUARS
Poce,1,Poce-1,22,CHARGERS
7 HORSEMEN,3,7 HORSEMEN-3,22,CHARGERS
GHINDALOON,2,GHINDALOON-2,22,CHARGERS
POCKET KINGS,1,POCKET KINGS-1,6,JAGUARS
7 HORSEMEN,4,7 HORSEMEN-4,6,JAGUARS
GHOST ADVENTURES,1,GHOST ADVENTURES-1,12,STEELERS
POCKET KINGS,2,POCKET KINGS-2,6,JAGUARS
7 HORSEMEN,5,7 HORSEMEN-5,22,CHARGERS
GHOST ADVENTURES,2,GHOST ADVENTURES-2,12,STEELERS
POCKET KINGS,3,POCKET KINGS-3,12,STEELERS
7 HORSEMEN,6,7 HORSEMEN-6,22,CHARGERS
GHOST ADVENTURES,3,GHOST ADVENTURES-3,6,JAGUARS
Pocket Rockets,1,Pocket Rockets-1,22,CHARGERS
7 HORSEMEN,7,7 HORSEMEN-7,20,LIONS
GHOST IN THE MACHINE,1,GHOST IN THE MACHINE-1,22,CHARGERS
POCKETS LITE,1,POCKETS LITE-1,6,JAGUARS
7 HORSEMEN,8,7 HORSEMEN-8,6,JAGUARS
GHTEXANS26,1,GHTEXANS26-1,22,CHARGERS
POCKETSOUT,1,POCKETSOUT-1,6,JAGUARS
7 HORSEMEN,9,7 HORSEMEN-9,6,JAGUARS
GHTEXANS26,2,GHTEXANS26-2,6,JAGUARS
POCKETSOUT,2,POCKETSOUT-2,20,LIONS
7 MILE,1,7 MILE-1,20,LIONS
GHTEXANS26,3,GHTEXANS26-3,12,STEELERS
PODCASTIERS,1,PODCASTIERS-1,12,STEELERS
7 MILE,2,7 MILE-2,6,JAGUARS
GIANTBOAR,1,GIANTBOAR-1,24,RAIDERS
PODCASTIERS,2,PODCASTIERS-2,22,CHARGERS
7 MILE,3,7 MILE-3,26,EAGLES
GIANTBOAR,2,GIANTBOAR-2,22,CHARGERS
PODCASTIERS,3,PODCASTIERS-3,6,JAGUARS
7-R'S,1,7-R'S-1,22,CHARGERS
GIBBS,1,GIBBS-1,24,RAIDERS
POINTS SCHMOINTS,1,POINTS SCHMOINTS-1,22,CHARGERS
7-R'S,2,7-R'S-2,6,JAGUARS
GIBBS,2,GIBBS-2,6,JAGUARS
POINTS SCHMOINTS,10,POINTS SCHMOINTS-10,22,CHARGERS
702 49ERS,1,702 49ERS-1,15,BEARS
GIBBS,3,GIBBS-3,6,JAGUARS
POINTS SCHMOINTS,2,POINTS SCHMOINTS-2,22,CHARGERS
702 49ERS,10,702 49ERS-10,15,BEARS
GIBBS,4,GIBBS-4,22,CHARGERS
POINTS SCHMOINTS,3,POINTS SCHMOINTS-3,22,CHARGERS
702 49ERS,2,702 49ERS-2,15,BEARS
GIBBS,5,GIBBS-5,22,CHARGERS
POINTS SCHMOINTS,4,POINTS SCHMOINTS-4,22,CHARGERS
702 49ERS,3,702 49ERS-3,15,BEARS
GIBBS,6,GIBBS-6,22,CHARGERS
POINTS SCHMOINTS,5,POINTS SCHMOINTS-5,22,CHARGERS
702 49ERS,4,702 49ERS-4,15,BEARS
GIDEONS FLEECE,1,GIDEONS FLEECE-1,24,RAIDERS
POINTS SCHMOINTS,6,POINTS SCHMOINTS-6,22,CHARGERS
702 49ERS,5,702 49ERS-5,15,BEARS
GIGREY,1,GIGREY-1,12,STEELERS
POINTS SCHMOINTS,7,POINTS SCHMOINTS-7,22,CHARGERS
702 49ERS,6,702 49ERS-6,15,BEARS
GIGREY,10,GIGREY-10,12,STEELERS
POINTS SCHMOINTS,8,POINTS SCHMOINTS-8,22,CHARGERS
702 49ERS,7,702 49ERS-7,15,BEARS
GIGREY,2,GIGREY-2,12,STEELERS
POINTS SCHMOINTS,9,POINTS SCHMOINTS-9,22,CHARGERS
702 49ERS,8,702 49ERS-8,15,BEARS
GIGREY,3,GIGREY-3,12,STEELERS
POINTSONTHEPACKAGE,1,POINTSONTHEPACKAGE-1,12,STEELERS
702 49ERS,9,702 49ERS-9,15,BEARS
GIGREY,4,GIGREY-4,12,STEELERS
POINTSONTHEPACKAGE,2,POINTSONTHEPACKAGE-2,22,CHARGERS
714TEAMOC,1,714TEAMOC-1,22,CHARGERS
GIGREY,5,GIGREY-5,12,STEELERS
POINTSONTHEPACKAGE,3,POINTSONTHEPACKAGE-3,6,JAGUARS
716 SPORTSCARDS,1,716 SPORTSCARDS-1,6,JAGUARS
GIGREY,6,GIGREY-6,12,STEELERS
POINTSONTHEPACKAGE,4,POINTSONTHEPACKAGE-4,12,STEELERS
72 PHINS,1,72 PHINS-1,6,JAGUARS
GIGREY,7,GIGREY-7,12,STEELERS
POINTSONTHEPACKAGE,5,POINTSONTHEPACKAGE-5,22,CHARGERS
7238422916,1,7238422916-1,12,STEELERS
GIGREY,8,GIGREY-8,12,STEELERS
Poison,1,Poison-1,22,CHARGERS
7238422916,10,7238422916-10,12,STEELERS
GIGREY,9,GIGREY-9,12,STEELERS
Poison,10,Poison-10,22,CHARGERS
7238422916,2,7238422916-2,12,STEELERS
GILLIS24,1,GILLIS24-1,22,CHARGERS
Poison,2,Poison-2,22,CHARGERS
7238422916,3,7238422916-3,12,STEELERS
GILLIS24,2,GILLIS24-2,22,CHARGERS
Poison,3,Poison-3,22,CHARGERS
7238422916,4,7238422916-4,12,STEELERS
GILLIS24,3,GILLIS24-3,22,CHARGERS
Poison,4,Poison-4,22,CHARGERS
7238422916,5,7238422916-5,12,STEELERS
GIPPAS LAST STAND,1,GIPPAS LAST STAND-1,6,JAGUARS
Poison,5,Poison-5,22,CHARGERS
7238422916,6,7238422916-6,12,STEELERS
GIPPAS LAST STAND,10,GIPPAS LAST STAND-10,20,LIONS
Poison,6,Poison-6,22,CHARGERS
7238422916,7,7238422916-7,12,STEELERS
GIPPAS LAST STAND,2,GIPPAS LAST STAND-2,6,JAGUARS
Poison,7,Poison-7,22,CHARGERS
7238422916,8,7238422916-8,12,STEELERS
GIPPAS LAST STAND,3,GIPPAS LAST STAND-3,6,JAGUARS
Poison,8,Poison-8,22,CHARGERS
7238422916,9,7238422916-9,12,STEELERS
GIPPAS LAST STAND,4,GIPPAS LAST STAND-4,6,JAGUARS
Poison,9,Poison-9,22,CHARGERS
737 KEVIN,1,737 KEVIN-1,12,STEELERS
GIPPAS LAST STAND,5,GIPPAS LAST STAND-5,6,JAGUARS
POK3RDADDY,1,POK3RDADDY-1,22,CHARGERS
737 KEVIN,2,737 KEVIN-2,12,STEELERS
GIPPAS LAST STAND,6,GIPPAS LAST STAND-6,20,LIONS
POK3RDADDY,2,POK3RDADDY-2,22,CHARGERS
737 KEVIN,3,737 KEVIN-3,6,JAGUARS
GIPPAS LAST STAND,7,GIPPAS LAST STAND-7,20,LIONS
POK3RDADDY,3,POK3RDADDY-3,6,JAGUARS
737 KEVIN,4,737 KEVIN-4,22,CHARGERS
GIPPAS LAST STAND,8,GIPPAS LAST STAND-8,20,LIONS
POKERLAWYERS2026,1,POKERLAWYERS2026-1,12,STEELERS
757 CREW,1,757 CREW-1,24,RAIDERS
GIPPAS LAST STAND,9,GIPPAS LAST STAND-9,20,LIONS
POKERLAWYERS2026,10,POKERLAWYERS2026-10,26,EAGLES
757 CREW,2,757 CREW-2,20,LIONS
GIRL POWER,1,GIRL POWER-1,22,CHARGERS
POKERLAWYERS2026,2,POKERLAWYERS2026-2,22,CHARGERS
77 Covert Ops,1,77 Covert Ops-1,22,CHARGERS
GIRTHQUAKE,1,GIRTHQUAKE-1,22,CHARGERS
POKERLAWYERS2026,3,POKERLAWYERS2026-3,22,CHARGERS
77 Covert Ops,2,77 Covert Ops-2,22,CHARGERS
GKON36,1,GKON36-1,6,JAGUARS
POKERLAWYERS2026,4,POKERLAWYERS2026-4,22,CHARGERS
77 Covert Ops,3,77 Covert Ops-3,29,COWBOYS
GKON36,10,GKON36-10,6,JAGUARS
POKERLAWYERS2026,5,POKERLAWYERS2026-5,22,CHARGERS
77 Covert Ops,4,77 Covert Ops-4,29,COWBOYS
GKON36,2,GKON36-2,6,JAGUARS
POKERLAWYERS2026,6,POKERLAWYERS2026-6,6,JAGUARS
7OUT11,1,7OUT11-1,6,JAGUARS
GKON36,3,GKON36-3,6,JAGUARS
POKERLAWYERS2026,7,POKERLAWYERS2026-7,6,JAGUARS
7OUT11,2,7OUT11-2,22,CHARGERS
GKON36,4,GKON36-4,6,JAGUARS
POKERLAWYERS2026,8,POKERLAWYERS2026-8,6,JAGUARS
7OUT11,3,7OUT11-3,12,STEELERS
GKON36,5,GKON36-5,6,JAGUARS
POKERLAWYERS2026,9,POKERLAWYERS2026-9,26,EAGLES
7OUT11,4,7OUT11-4,6,JAGUARS
GKON36,6,GKON36-6,6,JAGUARS
POKERLOU,1,POKERLOU-1,20,LIONS
7OUT11,5,7OUT11-5,22,CHARGERS
GKON36,7,GKON36-7,6,JAGUARS
POKERLOU,2,POKERLOU-2,12,STEELERS
8 FIGGURE DREAMS,1,8 FIGGURE DREAMS-1,6,JAGUARS
GKON36,8,GKON36-8,6,JAGUARS
POKERLOU,3,POKERLOU-3,6,JAGUARS
8 FIGGURE DREAMS,2,8 FIGGURE DREAMS-2,22,CHARGERS
GKON36,9,GKON36-9,6,JAGUARS
POKERLOU,4,POKERLOU-4,6,JAGUARS
8 MAN ROTATION,1,8 MAN ROTATION-1,22,CHARGERS
GLASS JAW,1,GLASS JAW-1,22,CHARGERS
PokerPlayer1,1,PokerPlayer1-1,12,STEELERS
8-888-GAMBLER,1,8-888-GAMBLER-1,6,JAGUARS
GLASS JAW,2,GLASS JAW-2,22,CHARGERS
pokerstuds,1,pokerstuds-1,22,CHARGERS
8-888-GAMBLER,2,8-888-GAMBLER-2,6,JAGUARS
GLASS JAW,3,GLASS JAW-3,6,JAGUARS
pokerstuds,2,pokerstuds-2,22,CHARGERS
8-888-GAMBLER,3,8-888-GAMBLER-3,22,CHARGERS
GLASS JAW,4,GLASS JAW-4,20,LIONS
pokerstuds,3,pokerstuds-3,22,CHARGERS
8-888-GAMBLER,4,8-888-GAMBLER-4,22,CHARGERS
GLASS JAW,5,GLASS JAW-5,26,EAGLES
pokerstuds,4,pokerstuds-4,6,JAGUARS
8-888-GAMBLER,5,8-888-GAMBLER-5,12,STEELERS
GLASS JAW,6,GLASS JAW-6,26,EAGLES
pokerstuds,5,pokerstuds-5,12,STEELERS
8-888-GAMBLER,6,8-888-GAMBLER-6,12,STEELERS
GLENNERATIONX,1,GLENNERATIONX-1,6,JAGUARS
pokerstuds,6,pokerstuds-6,24,RAIDERS
801 DEGEN,1,801 DEGEN-1,22,CHARGERS
Global Drinks,1,Global Drinks-1,22,CHARGERS
POLAR BEARS,1,POLAR BEARS-1,24,RAIDERS
801 DEGEN,2,801 DEGEN-2,22,CHARGERS
Global Drinks,2,Global Drinks-2,6,JAGUARS
POLAR BEARS,10,POLAR BEARS-10,12,STEELERS
801 DEGEN,3,801 DEGEN-3,6,JAGUARS
GLORIA GAYNOR SONG,1,GLORIA GAYNOR SONG-1,6,JAGUARS
POLAR BEARS,2,POLAR BEARS-2,24,RAIDERS
801 DEGEN,4,801 DEGEN-4,12,STEELERS
GLORIA GAYNOR SONG,2,GLORIA GAYNOR SONG-2,12,STEELERS
POLAR BEARS,3,POLAR BEARS-3,24,RAIDERS
801 DEGEN,5,801 DEGEN-5,22,CHARGERS
GLORIA GAYNOR SONG,3,GLORIA GAYNOR SONG-3,26,EAGLES
POLAR BEARS,4,POLAR BEARS-4,24,RAIDERS
805 jmj,1,805 jmj-1,22,CHARGERS
GLORIA GAYNOR SONG,4,GLORIA GAYNOR SONG-4,6,JAGUARS
POLAR BEARS,5,POLAR BEARS-5,24,RAIDERS
805 jmj,2,805 jmj-2,12,STEELERS
GLORIA GAYNOR SONG,5,GLORIA GAYNOR SONG-5,12,STEELERS
POLAR BEARS,6,POLAR BEARS-6,24,RAIDERS
805 jmj,3,805 jmj-3,6,JAGUARS
GLORY DAYS,1,GLORY DAYS-1,6,JAGUARS
POLAR BEARS,7,POLAR BEARS-7,24,RAIDERS
806 MAN,1,806 MAN-1,12,STEELERS
GLORY DAYS,2,GLORY DAYS-2,6,JAGUARS
POLAR BEARS,8,POLAR BEARS-8,12,STEELERS
806 MAN,2,806 MAN-2,22,CHARGERS
GLOVE TO GLORY,1,GLOVE TO GLORY-1,6,JAGUARS
POLAR BEARS,9,POLAR BEARS-9,12,STEELERS
806 MAN,3,806 MAN-3,20,LIONS
GLOVE TO GLORY,10,GLOVE TO GLORY-10,22,CHARGERS
Polinator,1,Polinator-1,6,JAGUARS
806 MAN,4,806 MAN-4,6,JAGUARS
GLOVE TO GLORY,2,GLOVE TO GLORY-2,8,BENGALS
POLISH PRINCE,1,POLISH PRINCE-1,6,JAGUARS
808GOTISSUES,1,808GOTISSUES-1,24,RAIDERS
GLOVE TO GLORY,3,GLOVE TO GLORY-3,12,STEELERS
POLISH PRINCE,2,POLISH PRINCE-2,24,RAIDERS
808GOTISSUES,2,808GOTISSUES-2,24,RAIDERS
GLOVE TO GLORY,4,GLOVE TO GLORY-4,12,STEELERS
POLISHPOWER,1,POLISHPOWER-1,6,JAGUARS
808GOTISSUES,3,808GOTISSUES-3,6,JAGUARS
GLOVE TO GLORY,5,GLOVE TO GLORY-5,20,LIONS
POLISHPOWER,2,POLISHPOWER-2,12,STEELERS
808GOTISSUES,4,808GOTISSUES-4,22,CHARGERS
GLOVE TO GLORY,6,GLOVE TO GLORY-6,20,LIONS
POLISHPOWER,3,POLISHPOWER-3,6,JAGUARS
808GOTISSUES,5,808GOTISSUES-5,6,JAGUARS
GLOVE TO GLORY,7,GLOVE TO GLORY-7,22,CHARGERS
POMJ2026,1,POMJ2026-1,6,JAGUARS
808GOTISSUES,6,808GOTISSUES-6,12,STEELERS
GLOVE TO GLORY,8,GLOVE TO GLORY-8,22,CHARGERS
POMJ2026,2,POMJ2026-2,22,CHARGERS
810OFCLUBS,1,810OFCLUBS-1,9,RAVENS
GLOVE TO GLORY,9,GLOVE TO GLORY-9,22,CHARGERS
POMKINGTON,1,POMKINGTON-1,22,CHARGERS
810OFCLUBS,10,810OFCLUBS-10,8,BENGALS
GLUE MAN,1,GLUE MAN-1,22,CHARGERS
pomp you up,1,pomp you up-1,6,JAGUARS
810OFCLUBS,2,810OFCLUBS-2,9,RAVENS
GLUE MAN,2,GLUE MAN-2,22,CHARGERS
pomp you up,2,pomp you up-2,6,JAGUARS
810OFCLUBS,3,810OFCLUBS-3,9,RAVENS
GLUE MAN,3,GLUE MAN-3,24,RAIDERS
pomp you up,3,pomp you up-3,22,CHARGERS
810OFCLUBS,4,810OFCLUBS-4,15,BEARS
GLUE MAN,4,GLUE MAN-4,18,TITANS
pomp you up,4,pomp you up-4,12,STEELERS
810OFCLUBS,5,810OFCLUBS-5,15,BEARS
GLUE MAN,5,GLUE MAN-5,17,JETS
pomp you up,5,pomp you up-5,17,JETS
810OFCLUBS,6,810OFCLUBS-6,15,BEARS
GMAC-CHOP,1,GMAC-CHOP-1,22,CHARGERS
POMPOMJO,1,POMPOMJO-1,6,JAGUARS
810OFCLUBS,7,810OFCLUBS-7,15,BEARS
gman,1,gman-1,6,JAGUARS
POMPOMJO,10,POMPOMJO-10,6,JAGUARS
810OFCLUBS,8,810OFCLUBS-8,15,BEARS
gman,10,gman-10,6,JAGUARS
POMPOMJO,2,POMPOMJO-2,6,JAGUARS
810OFCLUBS,9,810OFCLUBS-9,15,BEARS
gman,2,gman-2,6,JAGUARS
POMPOMJO,3,POMPOMJO-3,6,JAGUARS
813 straight kash,1,813 straight kash-1,12,STEELERS
gman,3,gman-3,6,JAGUARS
POMPOMJO,4,POMPOMJO-4,6,JAGUARS
813 straight kash,2,813 straight kash-2,6,JAGUARS
gman,4,gman-4,22,CHARGERS
POMPOMJO,5,POMPOMJO-5,6,JAGUARS
813 straight kash,3,813 straight kash-3,22,CHARGERS
gman,5,gman-5,22,CHARGERS
POMPOMJO,6,POMPOMJO-6,6,JAGUARS
813 straight kash,4,813 straight kash-4,6,JAGUARS
gman,6,gman-6,22,CHARGERS
POMPOMJO,7,POMPOMJO-7,6,JAGUARS
83 DGL,1,83 DGL-1,6,JAGUARS
gman,7,gman-7,12,STEELERS
POMPOMJO,8,POMPOMJO-8,6,JAGUARS
847 harp,1,847 harp-1,22,CHARGERS
gman,8,gman-8,12,STEELERS
POMPOMJO,9,POMPOMJO-9,6,JAGUARS
85/86,1,85/86-1,22,CHARGERS
gman,9,gman-9,20,LIONS
PONDTOON ASSOCIATION,1,PONDTOON ASSOCIATION-1,12,STEELERS
85/86,2,85/86-2,6,JAGUARS
GMEN2026,1,GMEN2026-1,6,JAGUARS
PONDTOON ASSOCIATION,2,PONDTOON ASSOCIATION-2,6,JAGUARS
888'S,1,888'S-1,6,JAGUARS
GMONEY,1,GMONEY-1,6,JAGUARS
PONDTOON ASSOCIATION,3,PONDTOON ASSOCIATION-3,6,JAGUARS
888'S,2,888'S-2,6,JAGUARS
GMONEY,2,GMONEY-2,6,JAGUARS
PONDTOON ASSOCIATION,4,PONDTOON ASSOCIATION-4,22,CHARGERS
888'S,3,888'S-3,22,CHARGERS
GMONEY,3,GMONEY-3,22,CHARGERS
PONDTOON ASSOCIATION,5,PONDTOON ASSOCIATION-5,22,CHARGERS
888'S,4,888'S-4,12,STEELERS
GMONEY,4,GMONEY-4,20,LIONS
PONSO,1,PONSO-1,22,CHARGERS
8AND3RACING,1,8AND3RACING-1,6,JAGUARS
gmoneyvikes,1,gmoneyvikes-1,22,CHARGERS
PONSO,10,PONSO-10,22,CHARGERS
8AND3RACING,2,8AND3RACING-2,24,RAIDERS
gmoneyvikes,10,gmoneyvikes-10,22,CHARGERS
PONSO,2,PONSO-2,22,CHARGERS
8AND3RACING,3,8AND3RACING-3,6,JAGUARS
gmoneyvikes,2,gmoneyvikes-2,22,CHARGERS
PONSO,3,PONSO-3,22,CHARGERS
8CORNERS,1,8CORNERS-1,12,STEELERS
gmoneyvikes,3,gmoneyvikes-3,22,CHARGERS
PONSO,4,PONSO-4,22,CHARGERS
8CORNERS,2,8CORNERS-2,12,STEELERS
gmoneyvikes,4,gmoneyvikes-4,22,CHARGERS
PONSO,5,PONSO-5,22,CHARGERS
8M,1,8M-1,24,RAIDERS
gmoneyvikes,5,gmoneyvikes-5,22,CHARGERS
PONSO,6,PONSO-6,22,CHARGERS
8M,2,8M-2,6,JAGUARS
gmoneyvikes,6,gmoneyvikes-6,22,CHARGERS
PONSO,7,PONSO-7,22,CHARGERS
906MAFIA,1,906MAFIA-1,22,CHARGERS
gmoneyvikes,7,gmoneyvikes-7,22,CHARGERS
PONSO,8,PONSO-8,22,CHARGERS
90FORE,1,90FORE-1,6,JAGUARS
gmoneyvikes,8,gmoneyvikes-8,22,CHARGERS
PONSO,9,PONSO-9,22,CHARGERS
90FORE,10,90FORE-10,6,JAGUARS
gmoneyvikes,9,gmoneyvikes-9,22,CHARGERS
POOCH22,1,POOCH22-1,20,LIONS
90FORE,2,90FORE-2,6,JAGUARS
GMOOLA 88,1,GMOOLA 88-1,22,CHARGERS
PoodyThrives,1,PoodyThrives-1,12,STEELERS
90FORE,3,90FORE-3,6,JAGUARS
GMOOLA 88,10,GMOOLA 88-10,24,RAIDERS
PoodyThrives,2,PoodyThrives-2,22,CHARGERS
90FORE,4,90FORE-4,6,JAGUARS
GMOOLA 88,2,GMOOLA 88-2,22,CHARGERS
POOL PARTY,1,POOL PARTY-1,6,JAGUARS
90FORE,5,90FORE-5,6,JAGUARS
GMOOLA 88,3,GMOOLA 88-3,22,CHARGERS
POOLSIDE RAZORS,1,POOLSIDE RAZORS-1,6,JAGUARS
90FORE,6,90FORE-6,22,CHARGERS
GMOOLA 88,4,GMOOLA 88-4,6,JAGUARS
POOLSIDE RAZORS,2,POOLSIDE RAZORS-2,22,CHARGERS
90FORE,7,90FORE-7,6,JAGUARS
GMOOLA 88,5,GMOOLA 88-5,6,JAGUARS
POOLSIDE RAZORS,3,POOLSIDE RAZORS-3,12,STEELERS
90FORE,8,90FORE-8,24,RAIDERS
GMOOLA 88,6,GMOOLA 88-6,6,JAGUARS
POOLSIDE RAZORS,4,POOLSIDE RAZORS-4,20,LIONS
90FORE,9,90FORE-9,22,CHARGERS
GMOOLA 88,7,GMOOLA 88-7,6,JAGUARS
POOR LIFE CHOICES,1,POOR LIFE CHOICES-1,12,STEELERS
91CHIEFS,1,91CHIEFS-1,22,CHARGERS
GMOOLA 88,8,GMOOLA 88-8,6,JAGUARS
POOR LIFE CHOICES,2,POOR LIFE CHOICES-2,12,STEELERS
91CHIEFS,2,91CHIEFS-2,6,JAGUARS
GMOOLA 88,9,GMOOLA 88-9,24,RAIDERS
POOR LIFE CHOICES,3,POOR LIFE CHOICES-3,28,VIKINGS
91DANMARINO,1,91DANMARINO-1,20,LIONS
GNOAH,1,GNOAH-1,22,CHARGERS
POOR LIFE CHOICES,4,POOR LIFE CHOICES-4,22,CHARGERS
940 PRIMETIME,1,940 PRIMETIME-1,22,CHARGERS
GNOAH,2,GNOAH-2,24,RAIDERS
poor mitch,1,poor mitch-1,6,JAGUARS
997GTS,1,997GTS-1,22,CHARGERS
GNOAH,3,GNOAH-3,6,JAGUARS
poor mitch,10,poor mitch-10,6,JAGUARS
997GTS,10,997GTS-10,24,RAIDERS
GNOAH,4,GNOAH-4,20,LIONS
poor mitch,2,poor mitch-2,20,LIONS
997GTS,2,997GTS-2,22,CHARGERS
GNOAH,5,GNOAH-5,24,RAIDERS
poor mitch,3,poor mitch-3,6,JAGUARS
997GTS,3,997GTS-3,6,JAGUARS
GO BIRDS !,1,GO BIRDS !-1,6,JAGUARS
poor mitch,4,poor mitch-4,6,JAGUARS
997GTS,4,997GTS-4,6,JAGUARS
GO BIRDS !,2,GO BIRDS !-2,22,CHARGERS
poor mitch,5,poor mitch-5,6,JAGUARS
997GTS,5,997GTS-5,20,LIONS
GO BIRDS !,3,GO BIRDS !-3,22,CHARGERS
poor mitch,6,poor mitch-6,22,CHARGERS
997GTS,6,997GTS-6,22,CHARGERS
go birds capital,1,go birds capital-1,12,STEELERS
poor mitch,7,poor mitch-7,22,CHARGERS
997GTS,7,997GTS-7,22,CHARGERS
GO BLUE,1,GO BLUE-1,22,CHARGERS
poor mitch,8,poor mitch-8,20,LIONS
997GTS,8,997GTS-8,22,CHARGERS
GO BLUE,10,GO BLUE-10,24,RAIDERS
poor mitch,9,poor mitch-9,12,STEELERS
997GTS,9,997GTS-9,24,RAIDERS
GO BLUE,2,GO BLUE-2,22,CHARGERS
POOTIE TANG,1,POOTIE TANG-1,22,CHARGERS
A DC/TC/CB/JB GROUP,1,A DC/TC/CB/JB GROUP-1,6,JAGUARS
GO BLUE,3,GO BLUE-3,22,CHARGERS
POOTIE TANG,2,POOTIE TANG-2,12,STEELERS
A DOLLAR AND A DREAM,1,A DOLLAR AND A DREAM-1,22,CHARGERS
GO BLUE,4,GO BLUE-4,22,CHARGERS
POOTIE TANG,3,POOTIE TANG-3,12,STEELERS
A GAMBLER AND GIVER,1,A GAMBLER AND GIVER-1,24,RAIDERS
GO BLUE,5,GO BLUE-5,22,CHARGERS
POP & PRODIGY,1,POP & PRODIGY-1,6,JAGUARS
A GAMBLER AND GIVER,2,A GAMBLER AND GIVER-2,12,STEELERS
GO BLUE,6,GO BLUE-6,22,CHARGERS
POPGRANDE,1,POPGRANDE-1,6,JAGUARS
A GAMBLER AND GIVER,3,A GAMBLER AND GIVER-3,24,RAIDERS
GO BLUE,7,GO BLUE-7,22,CHARGERS
POPGRANDE,10,POPGRANDE-10,22,CHARGERS
A GAMBLER AND GIVER,4,A GAMBLER AND GIVER-4,12,STEELERS
GO BLUE,8,GO BLUE-8,22,CHARGERS
POPGRANDE,2,POPGRANDE-2,6,JAGUARS
A GAMBLER AND GIVER,5,A GAMBLER AND GIVER-5,6,JAGUARS
GO BLUE,9,GO BLUE-9,20,LIONS
POPGRANDE,3,POPGRANDE-3,6,JAGUARS
A JB/JK PRODUCTION,1,A JB/JK PRODUCTION-1,22,CHARGERS
GO BUCKS27,1,GO BUCKS27-1,12,STEELERS
POPGRANDE,4,POPGRANDE-4,6,JAGUARS
A LOTTA HART,1,A LOTTA HART-1,12,STEELERS
GO BUCKS27,2,GO BUCKS27-2,22,CHARGERS
POPGRANDE,5,POPGRANDE-5,6,JAGUARS
A LOTTA HART,2,A LOTTA HART-2,22,CHARGERS
GO CHARGERS GO,1,GO CHARGERS GO-1,12,STEELERS
POPGRANDE,6,POPGRANDE-6,22,CHARGERS
A Pant Full,1,A Pant Full-1,22,CHARGERS
GO CHIEFS!,1,GO CHIEFS!-1,22,CHARGERS
POPGRANDE,7,POPGRANDE-7,22,CHARGERS
A Varmint Whisperer,1,A Varmint Whisperer-1,22,CHARGERS
GO CHIEFS!,2,GO CHIEFS!-2,24,RAIDERS
POPGRANDE,8,POPGRANDE-8,22,CHARGERS
A Varmint Whisperer,2,A Varmint Whisperer-2,22,CHARGERS
GO CHIEFS!,3,GO CHIEFS!-3,22,CHARGERS
POPGRANDE,9,POPGRANDE-9,22,CHARGERS
A Varmint Whisperer,3,A Varmint Whisperer-3,6,JAGUARS
GO COUGS,1,GO COUGS-1,20,LIONS
POPPYPIAP,1,POPPYPIAP-1,6,JAGUARS
A Varmint Whisperer,4,A Varmint Whisperer-4,22,CHARGERS
GO COUGS,2,GO COUGS-2,6,JAGUARS
POPPYPIAP,2,POPPYPIAP-2,22,CHARGERS
A Varmint Whisperer,5,A Varmint Whisperer-5,6,JAGUARS
GO DAWGS 91,1,GO DAWGS 91-1,22,CHARGERS
pops2008,1,pops2008-1,22,CHARGERS
A+ TEAM,1,A+ TEAM-1,22,CHARGERS
GO FOR GARY,1,GO FOR GARY-1,6,JAGUARS
pops2008,2,pops2008-2,22,CHARGERS
A.A.Ron,1,A.A.Ron-1,22,CHARGERS
GO FOR GARY,10,GO FOR GARY-10,6,JAGUARS
pops2008,3,pops2008-3,12,STEELERS
A.A.Ron,2,A.A.Ron-2,6,JAGUARS
GO FOR GARY,2,GO FOR GARY-2,22,CHARGERS
pops2008,4,pops2008-4,12,STEELERS
A1 GOLD,1,A1 GOLD-1,6,JAGUARS
GO FOR GARY,3,GO FOR GARY-3,12,STEELERS
pops2008,5,pops2008-5,6,JAGUARS
A1 GOLD,10,A1 GOLD-10,12,STEELERS
GO FOR GARY,4,GO FOR GARY-4,22,CHARGERS
pops2008,6,pops2008-6,30,GIANTS
A1 GOLD,2,A1 GOLD-2,6,JAGUARS
GO FOR GARY,5,GO FOR GARY-5,12,STEELERS
pops2008,7,pops2008-7,12,STEELERS
A1 GOLD,3,A1 GOLD-3,6,JAGUARS
GO FOR GARY,6,GO FOR GARY-6,6,JAGUARS
pops2008,8,pops2008-8,6,JAGUARS
A1 GOLD,4,A1 GOLD-4,6,JAGUARS
GO FOR GARY,7,GO FOR GARY-7,22,CHARGERS
POPSI 3.0,1,POPSI 3.0-1,26,EAGLES
A1 GOLD,5,A1 GOLD-5,6,JAGUARS
GO FOR GARY,8,GO FOR GARY-8,22,CHARGERS
POPSI 3.0,10,POPSI 3.0-10,6,JAGUARS
A1 GOLD,6,A1 GOLD-6,6,JAGUARS
GO FOR GARY,9,GO FOR GARY-9,22,CHARGERS
POPSI 3.0,2,POPSI 3.0-2,6,JAGUARS
A1 GOLD,7,A1 GOLD-7,22,CHARGERS
GO LEAFS GO,1,GO LEAFS GO-1,6,JAGUARS
POPSI 3.0,3,POPSI 3.0-3,28,VIKINGS
A1 GOLD,8,A1 GOLD-8,22,CHARGERS
GO LEAFS GO,2,GO LEAFS GO-2,12,STEELERS
POPSI 3.0,4,POPSI 3.0-4,28,VIKINGS
A1 GOLD,9,A1 GOLD-9,12,STEELERS
GO SPORTS 03,1,GO SPORTS 03-1,6,JAGUARS
POPSI 3.0,5,POPSI 3.0-5,28,VIKINGS
A55MAN,1,A55MAN-1,12,STEELERS
GO UGLY FARLY,1,GO UGLY FARLY-1,20,LIONS
POPSI 3.0,6,POPSI 3.0-6,12,STEELERS
A55MAN,2,A55MAN-2,24,RAIDERS
GO ZAGS!,1,GO ZAGS!-1,6,JAGUARS
POPSI 3.0,7,POPSI 3.0-7,22,CHARGERS
AAA 4 LIFE,1,AAA 4 LIFE-1,8,BENGALS
GO ZAGS!,2,GO ZAGS!-2,22,CHARGERS
POPSI 3.0,8,POPSI 3.0-8,12,STEELERS
AAA 4 LIFE,2,AAA 4 LIFE-2,24,RAIDERS
GO ZAGS!,3,GO ZAGS!-3,12,STEELERS
POPSI 3.0,9,POPSI 3.0-9,22,CHARGERS
AAA 4 LIFE,3,AAA 4 LIFE-3,22,CHARGERS
GO-COMMANDO-BROZHOZ,1,GO-COMMANDO-BROZHOZ-1,22,CHARGERS
POR QUE NO,1,POR QUE NO-1,20,LIONS
AAA 4 LIFE,4,AAA 4 LIFE-4,6,JAGUARS
GOAL CAUFIELD,1,GOAL CAUFIELD-1,20,LIONS
POR QUE NO,2,POR QUE NO-2,24,RAIDERS
AAA 4 LIFE,5,AAA 4 LIFE-5,22,CHARGERS
GOAL CAUFIELD,2,GOAL CAUFIELD-2,6,JAGUARS
POR QUE NO,3,POR QUE NO-3,12,STEELERS
AAA PLUMBING,1,AAA PLUMBING-1,6,JAGUARS
GOAL CAUFIELD,3,GOAL CAUFIELD-3,22,CHARGERS
PORKCHOPEXPRESS 1970,1,PORKCHOPEXPRESS 1970-1,22,CHARGERS
AAA PLUMBING,2,AAA PLUMBING-2,6,JAGUARS
GoatedGambler77,1,GoatedGambler77-1,6,JAGUARS
PORKCHOPEXPRESS 1970,2,PORKCHOPEXPRESS 1970-2,6,JAGUARS
AAA5,1,AAA5-1,22,CHARGERS
GoatedGambler77,2,GoatedGambler77-2,12,STEELERS
PORKCHOPEXPRESS 1970,3,PORKCHOPEXPRESS 1970-3,12,STEELERS
AAA5,2,AAA5-2,12,STEELERS
GOBEARS4080,1,GOBEARS4080-1,22,CHARGERS
PORTILLOS PAT,1,PORTILLOS PAT-1,12,STEELERS
AAA5,3,AAA5-3,6,JAGUARS
GOBEARS4080,2,GOBEARS4080-2,6,JAGUARS
PORTILLOS PAT,2,PORTILLOS PAT-2,12,STEELERS
AAA5,4,AAA5-4,22,CHARGERS
GOBEARS4080,3,GOBEARS4080-3,22,CHARGERS
PORTILLOS PAT,3,PORTILLOS PAT-3,12,STEELERS
AAAA42,1,AAAA42-1,2,SEAHAWKS
GOBILLS19,1,GOBILLS19-1,6,JAGUARS
PORTILLOS PAT,4,PORTILLOS PAT-4,12,STEELERS
AAAA42,2,AAAA42-2,4,RAMS
GOBILLS19,2,GOBILLS19-2,22,CHARGERS
POSSOAVERE,1,POSSOAVERE-1,6,JAGUARS
AAAA42,3,AAAA42-3,6,JAGUARS
GOBILLS19,3,GOBILLS19-3,22,CHARGERS
POSSOAVERE,10,POSSOAVERE-10,6,JAGUARS
AAAJAMAA,1,AAAJAMAA-1,22,CHARGERS
GOBILLS19,4,GOBILLS19-4,24,RAIDERS
POSSOAVERE,2,POSSOAVERE-2,6,JAGUARS
AAAJAMAA,2,AAAJAMAA-2,6,JAGUARS
GOBLUE4,1,GOBLUE4-1,6,JAGUARS
POSSOAVERE,3,POSSOAVERE-3,6,JAGUARS
AAASHLEY,1,AAASHLEY-1,12,STEELERS
GOBLUE4,2,GOBLUE4-2,22,CHARGERS
POSSOAVERE,4,POSSOAVERE-4,6,JAGUARS
AAASHLEY,2,AAASHLEY-2,22,CHARGERS
GOBOGO,1,GOBOGO-1,22,CHARGERS
POSSOAVERE,5,POSSOAVERE-5,6,JAGUARS
AAASHLEY,3,AAASHLEY-3,6,JAGUARS
GOBOGO,2,GOBOGO-2,6,JAGUARS
POSSOAVERE,6,POSSOAVERE-6,6,JAGUARS
AABUDDHA,1,AABUDDHA-1,20,LIONS
GoBuffs!,1,GoBuffs!-1,22,CHARGERS
POSSOAVERE,7,POSSOAVERE-7,6,JAGUARS
AABUDDHA,2,AABUDDHA-2,12,STEELERS
GoBuffs!,2,GoBuffs!-2,6,JAGUARS
POSSOAVERE,8,POSSOAVERE-8,6,JAGUARS
AAOA,1,AAOA-1,26,EAGLES
GoBuffs!,3,GoBuffs!-3,22,CHARGERS
POSSOAVERE,9,POSSOAVERE-9,6,JAGUARS
AAOA,2,AAOA-2,20,LIONS
GoBuffs!,4,GoBuffs!-4,26,EAGLES
POSSUM WAKERS,1,POSSUM WAKERS-1,6,JAGUARS
AAOA,3,AAOA-3,6,JAGUARS
GoBuffs!,5,GoBuffs!-5,6,JAGUARS
POSSUM WAKERS,2,POSSUM WAKERS-2,22,CHARGERS
AAOA,4,AAOA-4,12,STEELERS
GoBuffs!,6,GoBuffs!-6,6,JAGUARS
Possum,1,Possum-1,12,STEELERS
AAOA,5,AAOA-5,6,JAGUARS
gocats,1,gocats-1,22,CHARGERS
Possum,2,Possum-2,12,STEELERS
AASHACK1,1,AASHACK1-1,22,CHARGERS
gocats,10,gocats-10,22,CHARGERS
POTATO KMISH,1,POTATO KMISH-1,6,JAGUARS
AASHACK1,2,AASHACK1-2,22,CHARGERS
gocats,2,gocats-2,22,CHARGERS
POTATO KMISH,10,POTATO KMISH-10,12,STEELERS
AAYBORCITY,1,AAYBORCITY-1,24,RAIDERS
gocats,3,gocats-3,22,CHARGERS
POTATO KMISH,2,POTATO KMISH-2,6,JAGUARS
AAYBORCITY,10,AAYBORCITY-10,6,JAGUARS
gocats,4,gocats-4,22,CHARGERS
POTATO KMISH,3,POTATO KMISH-3,6,JAGUARS
AAYBORCITY,2,AAYBORCITY-2,6,JAGUARS
gocats,5,gocats-5,22,CHARGERS
POTATO KMISH,4,POTATO KMISH-4,6,JAGUARS
AAYBORCITY,3,AAYBORCITY-3,24,RAIDERS
gocats,6,gocats-6,22,CHARGERS
POTATO KMISH,5,POTATO KMISH-5,8,BENGALS
AAYBORCITY,4,AAYBORCITY-4,22,CHARGERS
gocats,7,gocats-7,22,CHARGERS
POTATO KMISH,6,POTATO KMISH-6,8,BENGALS
AAYBORCITY,5,AAYBORCITY-5,22,CHARGERS
gocats,8,gocats-8,22,CHARGERS
POTATO KMISH,7,POTATO KMISH-7,8,BENGALS
AAYBORCITY,6,AAYBORCITY-6,22,CHARGERS
gocats,9,gocats-9,22,CHARGERS
POTATO KMISH,8,POTATO KMISH-8,28,VIKINGS
AAYBORCITY,7,AAYBORCITY-7,12,STEELERS
GOCUBSGO,1,GOCUBSGO-1,22,CHARGERS
POTATO KMISH,9,POTATO KMISH-9,28,VIKINGS
AAYBORCITY,8,AAYBORCITY-8,24,RAIDERS
GOCUBSGO,2,GOCUBSGO-2,22,CHARGERS
POTATOKNISH2,1,POTATOKNISH2-1,6,JAGUARS
AAYBORCITY,9,AAYBORCITY-9,20,LIONS
GOCUBSGO,3,GOCUBSGO-3,22,CHARGERS
POTATOKNISH2,10,POTATOKNISH2-10,20,LIONS
ABADGER35,1,ABADGER35-1,12,STEELERS
GOCUBSGO,4,GOCUBSGO-4,22,CHARGERS
POTATOKNISH2,2,POTATOKNISH2-2,6,JAGUARS
ABADGER35,10,ABADGER35-10,22,CHARGERS
GOCUBSGO,5,GOCUBSGO-5,26,EAGLES
POTATOKNISH2,3,POTATOKNISH2-3,6,JAGUARS
ABADGER35,2,ABADGER35-2,22,CHARGERS
GOD SMACK,1,GOD SMACK-1,8,BENGALS
POTATOKNISH2,4,POTATOKNISH2-4,6,JAGUARS
ABADGER35,3,ABADGER35-3,20,LIONS
GOD SMACK,2,GOD SMACK-2,18,TITANS
POTATOKNISH2,5,POTATOKNISH2-5,6,JAGUARS
ABADGER35,4,ABADGER35-4,22,CHARGERS
GODFATHER,1,GODFATHER-1,22,CHARGERS
POTATOKNISH2,6,POTATOKNISH2-6,6,JAGUARS
ABADGER35,5,ABADGER35-5,6,JAGUARS
GODFATHER,10,GODFATHER-10,22,CHARGERS
POTATOKNISH2,7,POTATOKNISH2-7,6,JAGUARS
ABADGER35,6,ABADGER35-6,6,JAGUARS
GODFATHER,2,GODFATHER-2,22,CHARGERS
POTATOKNISH2,8,POTATOKNISH2-8,6,JAGUARS
ABADGER35,7,ABADGER35-7,6,JAGUARS
GODFATHER,3,GODFATHER-3,22,CHARGERS
POTATOKNISH2,9,POTATOKNISH2-9,20,LIONS
ABADGER35,8,ABADGER35-8,6,JAGUARS
GODFATHER,4,GODFATHER-4,22,CHARGERS
POUR DECISIONS,1,POUR DECISIONS-1,22,CHARGERS
ABADGER35,9,ABADGER35-9,22,CHARGERS
GODFATHER,5,GODFATHER-5,6,JAGUARS
POUR DECISIONS,10,POUR DECISIONS-10,6,JAGUARS
ABANGLAO,1,ABANGLAO-1,22,CHARGERS
GODFATHER,6,GODFATHER-6,6,JAGUARS
POUR DECISIONS,2,POUR DECISIONS-2,22,CHARGERS
ABBA42,1,ABBA42-1,6,JAGUARS
GODFATHER,7,GODFATHER-7,6,JAGUARS
POUR DECISIONS,3,POUR DECISIONS-3,22,CHARGERS
ABBA42,2,ABBA42-2,22,CHARGERS
GODFATHER,8,GODFATHER-8,6,JAGUARS
POUR DECISIONS,4,POUR DECISIONS-4,22,CHARGERS
ABBA42,3,ABBA42-3,20,LIONS
GODFATHER,9,GODFATHER-9,6,JAGUARS
POUR DECISIONS,5,POUR DECISIONS-5,12,STEELERS
ABBA42,4,ABBA42-4,22,CHARGERS
GOGGLES PAISANO,1,GOGGLES PAISANO-1,22,CHARGERS
POUR DECISIONS,6,POUR DECISIONS-6,12,STEELERS
ABBA42,5,ABBA42-5,22,CHARGERS
GOGO BEANS,1,GOGO BEANS-1,6,JAGUARS
POUR DECISIONS,7,POUR DECISIONS-7,6,JAGUARS
ABBA42,6,ABBA42-6,6,JAGUARS
GOGO BEANS,10,GOGO BEANS-10,8,BENGALS
POUR DECISIONS,8,POUR DECISIONS-8,6,JAGUARS
ABBA42,7,ABBA42-7,22,CHARGERS
GOGO BEANS,2,GOGO BEANS-2,6,JAGUARS
POUR DECISIONS,9,POUR DECISIONS-9,6,JAGUARS
ABBA42,8,ABBA42-8,22,CHARGERS
GOGO BEANS,3,GOGO BEANS-3,6,JAGUARS
POUTSARADES,1,POUTSARADES-1,22,CHARGERS
Abe's Angels,1,Abe's Angels-1,22,CHARGERS
GOGO BEANS,4,GOGO BEANS-4,6,JAGUARS
POUTSARADES,2,POUTSARADES-2,22,CHARGERS
Abigail,1,Abigail-1,6,JAGUARS
GOGO BEANS,5,GOGO BEANS-5,22,CHARGERS
POUTSARADES,3,POUTSARADES-3,12,STEELERS
Abigail,2,Abigail-2,20,LIONS
GOGO BEANS,6,GOGO BEANS-6,22,CHARGERS
Power Hour,1,Power Hour-1,6,JAGUARS
Abigail,3,Abigail-3,22,CHARGERS
GOGO BEANS,7,GOGO BEANS-7,12,STEELERS
power house,1,power house-1,22,CHARGERS
ABM,1,ABM-1,6,JAGUARS
GOGO BEANS,8,GOGO BEANS-8,12,STEELERS
power house,2,power house-2,22,CHARGERS
ABM,2,ABM-2,22,CHARGERS
GOGO BEANS,9,GOGO BEANS-9,20,LIONS
power house,3,power house-3,6,JAGUARS
ABOUT THAT TIME,1,ABOUT THAT TIME-1,22,CHARGERS
GOING DEEP,1,GOING DEEP-1,6,JAGUARS
power house,4,power house-4,26,EAGLES
ABOUT THAT TIME,2,ABOUT THAT TIME-2,20,LIONS
GOING DEEP,2,GOING DEEP-2,6,JAGUARS
POWERZ,1,POWERZ-1,6,JAGUARS
ABOUT THAT TIME,3,ABOUT THAT TIME-3,6,JAGUARS
GOING DEEP,3,GOING DEEP-3,6,JAGUARS
POWERZ,2,POWERZ-2,22,CHARGERS
ABRAHAM,1,ABRAHAM-1,26,EAGLES
GOING DEEP,4,GOING DEEP-4,12,STEELERS
PPA DEGENS,1,PPA DEGENS-1,6,JAGUARS
ABRAHAM,2,ABRAHAM-2,6,JAGUARS
GOING DEEP,5,GOING DEEP-5,12,STEELERS
PPW,1,PPW-1,6,JAGUARS
ABRRS FULL CLIP,1,ABRRS FULL CLIP-1,6,JAGUARS
GOING DEEP,6,GOING DEEP-6,22,CHARGERS
PPW,10,PPW-10,22,CHARGERS
ABRRS FULL CLIP,10,ABRRS FULL CLIP-10,24,RAIDERS
GOING DEEP,7,GOING DEEP-7,22,CHARGERS
PPW,2,PPW-2,6,JAGUARS
ABRRS FULL CLIP,2,ABRRS FULL CLIP-2,22,CHARGERS
GOING DEEP,8,GOING DEEP-8,26,EAGLES
PPW,3,PPW-3,22,CHARGERS
ABRRS FULL CLIP,3,ABRRS FULL CLIP-3,6,JAGUARS
going long,1,going long-1,12,STEELERS
PPW,4,PPW-4,6,JAGUARS
ABRRS FULL CLIP,4,ABRRS FULL CLIP-4,22,CHARGERS
going long,2,going long-2,6,JAGUARS
PPW,5,PPW-5,20,LIONS
ABRRS FULL CLIP,5,ABRRS FULL CLIP-5,6,JAGUARS
GOKFNEH,1,GOKFNEH-1,12,STEELERS
PPW,6,PPW-6,22,CHARGERS
ABRRS FULL CLIP,6,ABRRS FULL CLIP-6,22,CHARGERS
GOKFNEH,10,GOKFNEH-10,22,CHARGERS
PPW,7,PPW-7,6,JAGUARS
ABRRS FULL CLIP,7,ABRRS FULL CLIP-7,22,CHARGERS
GOKFNEH,2,GOKFNEH-2,12,STEELERS
PPW,8,PPW-8,20,LIONS
ABRRS FULL CLIP,8,ABRRS FULL CLIP-8,12,STEELERS
GOKFNEH,3,GOKFNEH-3,12,STEELERS
PPW,9,PPW-9,22,CHARGERS
ABRRS FULL CLIP,9,ABRRS FULL CLIP-9,20,LIONS
GOKFNEH,4,GOKFNEH-4,12,STEELERS
PRACKS,1,PRACKS-1,22,CHARGERS
abubbies,1,abubbies-1,6,JAGUARS
GOKFNEH,5,GOKFNEH-5,12,STEELERS
PRACKS,2,PRACKS-2,12,STEELERS
abubbies,2,abubbies-2,22,CHARGERS
GOKFNEH,6,GOKFNEH-6,6,JAGUARS
PRACKS,3,PRACKS-3,6,JAGUARS
AC DAWGS,1,AC DAWGS-1,22,CHARGERS
GOKFNEH,7,GOKFNEH-7,22,CHARGERS
prayers at hole 12,1,prayers at hole 12-1,6,JAGUARS
AC,1,AC-1,12,STEELERS
GOKFNEH,8,GOKFNEH-8,22,CHARGERS
prayers at hole 12,2,prayers at hole 12-2,22,CHARGERS
AC,10,AC-10,22,CHARGERS
GOKFNEH,9,GOKFNEH-9,22,CHARGERS
prayers at hole 12,3,prayers at hole 12-3,6,JAGUARS
AC,2,AC-2,6,JAGUARS
gold,1,gold-1,22,CHARGERS
PREETNATOR,1,PREETNATOR-1,6,JAGUARS
AC,3,AC-3,6,JAGUARS
GOLD-PANNING-GAMBLER,1,GOLD-PANNING-GAMBLER-1,22,CHARGERS
PREETNATOR,10,PREETNATOR-10,18,TITANS
AC,4,AC-4,6,JAGUARS
GOLD-PANNING-GAMBLER,10,GOLD-PANNING-GAMBLER-10,26,EAGLES
PREETNATOR,2,PREETNATOR-2,6,JAGUARS
AC,5,AC-5,6,JAGUARS
GOLD-PANNING-GAMBLER,2,GOLD-PANNING-GAMBLER-2,20,LIONS
PREETNATOR,3,PREETNATOR-3,6,JAGUARS
AC,6,AC-6,22,CHARGERS
GOLD-PANNING-GAMBLER,3,GOLD-PANNING-GAMBLER-3,6,JAGUARS
PREETNATOR,4,PREETNATOR-4,12,STEELERS
AC,7,AC-7,22,CHARGERS
GOLD-PANNING-GAMBLER,4,GOLD-PANNING-GAMBLER-4,6,JAGUARS
PREETNATOR,5,PREETNATOR-5,12,STEELERS
AC,8,AC-8,22,CHARGERS
GOLD-PANNING-GAMBLER,5,GOLD-PANNING-GAMBLER-5,22,CHARGERS
PREETNATOR,6,PREETNATOR-6,12,STEELERS
AC,9,AC-9,22,CHARGERS
GOLD-PANNING-GAMBLER,6,GOLD-PANNING-GAMBLER-6,30,GIANTS
PREETNATOR,7,PREETNATOR-7,12,STEELERS
AC/BC,1,AC/BC-1,6,JAGUARS
GOLD-PANNING-GAMBLER,7,GOLD-PANNING-GAMBLER-7,12,STEELERS
PREETNATOR,8,PREETNATOR-8,12,STEELERS
AC/BC,2,AC/BC-2,22,CHARGERS
GOLD-PANNING-GAMBLER,8,GOLD-PANNING-GAMBLER-8,12,STEELERS
PREETNATOR,9,PREETNATOR-9,28,VIKINGS
AC/DG,1,AC/DG-1,6,JAGUARS
GOLD-PANNING-GAMBLER,9,GOLD-PANNING-GAMBLER-9,2,SEAHAWKS
PREMATUREELIMINATION,1,PREMATUREELIMINATION-1,6,JAGUARS
ACCCCR,1,ACCCCR-1,12,STEELERS
GOLDEN GOAL,1,GOLDEN GOAL-1,22,CHARGERS
PRESSWOOD,1,PRESSWOOD-1,6,JAGUARS
ACCCCR,2,ACCCCR-2,6,JAGUARS
GOLDEN GOAL,2,GOLDEN GOAL-2,6,JAGUARS
PRESSWOOD,2,PRESSWOOD-2,6,JAGUARS
accorsi the mrs,1,accorsi the mrs-1,22,CHARGERS
GOLDENCROWNSYNDICATE,1,GOLDENCROWNSYNDICATE-1,6,JAGUARS
PRESSWOOD,3,PRESSWOOD-3,22,CHARGERS
accorsi the mrs,2,accorsi the mrs-2,20,LIONS
GOLDENCROWNSYNDICATE,2,GOLDENCROWNSYNDICATE-2,18,TITANS
PRESTIGE WORLDWIDE,1,PRESTIGE WORLDWIDE-1,22,CHARGERS
ACCORSI,1,ACCORSI-1,22,CHARGERS
GOLDENJETT,1,GOLDENJETT-1,6,JAGUARS
PRESTIGE WORLDWIDE,2,PRESTIGE WORLDWIDE-2,12,STEELERS
ACCORSI,10,ACCORSI-10,6,JAGUARS
GOLDENJETT,2,GOLDENJETT-2,6,JAGUARS
PRESTIGE WORLDWIDE,3,PRESTIGE WORLDWIDE-3,22,CHARGERS
ACCORSI,2,ACCORSI-2,22,CHARGERS
GOLDY'S LOCKS,1,GOLDY'S LOCKS-1,6,JAGUARS
PRESTIGEWORLDWIDE,1,PRESTIGEWORLDWIDE-1,22,CHARGERS
ACCORSI,3,ACCORSI-3,22,CHARGERS
goleafsgoeh,1,goleafsgoeh-1,8,BENGALS
PRETTYPRETTYGOOD,1,PRETTYPRETTYGOOD-1,6,JAGUARS
ACCORSI,4,ACCORSI-4,22,CHARGERS
goleafsgoeh,10,goleafsgoeh-10,12,STEELERS
PRICE CHECK,1,PRICE CHECK-1,22,CHARGERS
ACCORSI,5,ACCORSI-5,22,CHARGERS
goleafsgoeh,2,goleafsgoeh-2,8,BENGALS
PRICE CHECK,2,PRICE CHECK-2,6,JAGUARS
ACCORSI,6,ACCORSI-6,22,CHARGERS
goleafsgoeh,3,goleafsgoeh-3,8,BENGALS
PRICE CHECK,3,PRICE CHECK-3,6,JAGUARS
ACCORSI,7,ACCORSI-7,22,CHARGERS
goleafsgoeh,4,goleafsgoeh-4,8,BENGALS
PRICE CHECK,4,PRICE CHECK-4,22,CHARGERS
ACCORSI,8,ACCORSI-8,20,LIONS
goleafsgoeh,5,goleafsgoeh-5,8,BENGALS
PRICE CHECK,5,PRICE CHECK-5,6,JAGUARS
ACCORSI,9,ACCORSI-9,20,LIONS
goleafsgoeh,6,goleafsgoeh-6,9,RAVENS
Prime Rib,1,Prime Rib-1,6,JAGUARS
ACE 1600,1,ACE 1600-1,22,CHARGERS
goleafsgoeh,7,goleafsgoeh-7,9,RAVENS
Prime Rib,10,Prime Rib-10,20,LIONS
ACE 1600,2,ACE 1600-2,20,LIONS
goleafsgoeh,8,goleafsgoeh-8,12,STEELERS
Prime Rib,2,Prime Rib-2,6,JAGUARS
ACE MAGNETS,1,ACE MAGNETS-1,22,CHARGERS
goleafsgoeh,9,goleafsgoeh-9,12,STEELERS
Prime Rib,3,Prime Rib-3,6,JAGUARS
ACE MAGNETS,2,ACE MAGNETS-2,6,JAGUARS
GOLEM,1,GOLEM-1,2,SEAHAWKS
Prime Rib,4,Prime Rib-4,6,JAGUARS
ACE MAGNETS,3,ACE MAGNETS-3,12,STEELERS
GOLEM,10,GOLEM-10,20,LIONS
Prime Rib,5,Prime Rib-5,22,CHARGERS
ACE MAGNETS,4,ACE MAGNETS-4,22,CHARGERS
GOLEM,2,GOLEM-2,4,RAMS
Prime Rib,6,Prime Rib-6,22,CHARGERS
ACE MAGNETS,5,ACE MAGNETS-5,12,STEELERS
GOLEM,3,GOLEM-3,24,RAIDERS
Prime Rib,7,Prime Rib-7,22,CHARGERS
Ace Picks Winners,1,Ace Picks Winners-1,24,RAIDERS
GOLEM,4,GOLEM-4,12,STEELERS
Prime Rib,8,Prime Rib-8,12,STEELERS
ACE PURPLE,1,ACE PURPLE-1,24,RAIDERS
GOLEM,5,GOLEM-5,6,JAGUARS
Prime Rib,9,Prime Rib-9,12,STEELERS
ACE PURPLE,2,ACE PURPLE-2,22,CHARGERS
GOLEM,6,GOLEM-6,6,JAGUARS
PRIME STREAMS,1,PRIME STREAMS-1,20,LIONS
ACE PURPLE,3,ACE PURPLE-3,6,JAGUARS
GOLEM,7,GOLEM-7,6,JAGUARS
PRIME STREAMS,2,PRIME STREAMS-2,6,JAGUARS
ACEMAKER,1,ACEMAKER-1,6,JAGUARS
GOLEM,8,GOLEM-8,6,JAGUARS
PRIME STREAMS,3,PRIME STREAMS-3,24,RAIDERS
ACEMAKER,10,ACEMAKER-10,12,STEELERS
GOLEM,9,GOLEM-9,20,LIONS
PRIME STREAMS,4,PRIME STREAMS-4,6,JAGUARS
ACEMAKER,2,ACEMAKER-2,6,JAGUARS
GOLFER DAD 0707,1,GOLFER DAD 0707-1,6,JAGUARS
PRIMETIME21,1,PRIMETIME21-1,22,CHARGERS
ACEMAKER,3,ACEMAKER-3,6,JAGUARS
GOLFER DAD 0707,10,GOLFER DAD 0707-10,24,RAIDERS
PRIMETIME21,2,PRIMETIME21-2,6,JAGUARS
ACEMAKER,4,ACEMAKER-4,6,JAGUARS
GOLFER DAD 0707,2,GOLFER DAD 0707-2,22,CHARGERS
PRIMETIME21,3,PRIMETIME21-3,6,JAGUARS
ACEMAKER,5,ACEMAKER-5,6,JAGUARS
GOLFER DAD 0707,3,GOLFER DAD 0707-3,22,CHARGERS
PRINCE GEORGE,1,PRINCE GEORGE-1,22,CHARGERS
ACEMAKER,6,ACEMAKER-6,22,CHARGERS
GOLFER DAD 0707,4,GOLFER DAD 0707-4,20,LIONS
PRINCE GEORGE,10,PRINCE GEORGE-10,22,CHARGERS
ACEMAKER,7,ACEMAKER-7,22,CHARGERS
GOLFER DAD 0707,5,GOLFER DAD 0707-5,12,STEELERS
PRINCE GEORGE,2,PRINCE GEORGE-2,22,CHARGERS
ACEMAKER,8,ACEMAKER-8,17,JETS
GOLFER DAD 0707,6,GOLFER DAD 0707-6,22,CHARGERS
PRINCE GEORGE,3,PRINCE GEORGE-3,22,CHARGERS
ACEMAKER,9,ACEMAKER-9,12,STEELERS
GOLFER DAD 0707,7,GOLFER DAD 0707-7,6,JAGUARS
PRINCE GEORGE,4,PRINCE GEORGE-4,22,CHARGERS
ACES+FACES,1,ACES+FACES-1,6,JAGUARS
GOLFER DAD 0707,8,GOLFER DAD 0707-8,20,LIONS
PRINCE GEORGE,5,PRINCE GEORGE-5,22,CHARGERS
ACES+FACES,10,ACES+FACES-10,22,CHARGERS
GOLFER DAD 0707,9,GOLFER DAD 0707-9,12,STEELERS
PRINCE GEORGE,6,PRINCE GEORGE-6,22,CHARGERS
ACES+FACES,2,ACES+FACES-2,6,JAGUARS
GOLFNERDS,1,GOLFNERDS-1,6,JAGUARS
PRINCE GEORGE,7,PRINCE GEORGE-7,22,CHARGERS
ACES+FACES,3,ACES+FACES-3,24,RAIDERS
GOLFNERDS,10,GOLFNERDS-10,6,JAGUARS
PRINCE GEORGE,8,PRINCE GEORGE-8,22,CHARGERS
ACES+FACES,4,ACES+FACES-4,12,STEELERS
GOLFNERDS,2,GOLFNERDS-2,6,JAGUARS
PRINCE GEORGE,9,PRINCE GEORGE-9,22,CHARGERS
ACES+FACES,5,ACES+FACES-5,22,CHARGERS
GOLFNERDS,3,GOLFNERDS-3,24,RAIDERS
PRISON MIKE,1,PRISON MIKE-1,22,CHARGERS
ACES+FACES,6,ACES+FACES-6,22,CHARGERS
GOLFNERDS,4,GOLFNERDS-4,6,JAGUARS
PRISON MIKE,2,PRISON MIKE-2,22,CHARGERS
ACES+FACES,7,ACES+FACES-7,22,CHARGERS
GOLFNERDS,5,GOLFNERDS-5,22,CHARGERS
PRISON MIKE,3,PRISON MIKE-3,22,CHARGERS
ACES+FACES,8,ACES+FACES-8,22,CHARGERS
GOLFNERDS,6,GOLFNERDS-6,12,STEELERS
PRISON MIKE,4,PRISON MIKE-4,6,JAGUARS
ACES+FACES,9,ACES+FACES-9,22,CHARGERS
GOLFNERDS,7,GOLFNERDS-7,26,EAGLES
PRISON MIKE,5,PRISON MIKE-5,6,JAGUARS
ACEV21,1,ACEV21-1,6,JAGUARS
GOLFNERDS,8,GOLFNERDS-8,22,CHARGERS
PRISON MIKE,6,PRISON MIKE-6,6,JAGUARS
ACEV21,2,ACEV21-2,22,CHARGERS
GOLFNERDS,9,GOLFNERDS-9,24,RAIDERS
PRISON MIKE,7,PRISON MIKE-7,6,JAGUARS
ACK ATTACK,1,ACK ATTACK-1,22,CHARGERS
GOLFPRO30,1,GOLFPRO30-1,6,JAGUARS
PRITCH,1,PRITCH-1,12,STEELERS
ACK ATTACK,2,ACK ATTACK-2,22,CHARGERS
GOLFPRO30,2,GOLFPRO30-2,22,CHARGERS
PRITCH,10,PRITCH-10,22,CHARGERS
ACK ATTACK,3,ACK ATTACK-3,22,CHARGERS
GOLIONS,1,GOLIONS-1,12,STEELERS
PRITCH,2,PRITCH-2,6,JAGUARS
ACOSTA MILLAN,1,ACOSTA MILLAN-1,6,JAGUARS
GOLIONS,10,GOLIONS-10,22,CHARGERS
PRITCH,3,PRITCH-3,6,JAGUARS
ACOSTA MILLAN,2,ACOSTA MILLAN-2,8,BENGALS
GOLIONS,2,GOLIONS-2,12,STEELERS
PRITCH,4,PRITCH-4,6,JAGUARS
ACOSTA MILLAN,3,ACOSTA MILLAN-3,22,CHARGERS
GOLIONS,3,GOLIONS-3,22,CHARGERS
PRITCH,5,PRITCH-5,22,CHARGERS
ACQUITTED,1,ACQUITTED-1,6,JAGUARS
GOLIONS,4,GOLIONS-4,6,JAGUARS
PRITCH,6,PRITCH-6,22,CHARGERS
ACQUITTED,2,ACQUITTED-2,22,CHARGERS
GOLIONS,5,GOLIONS-5,6,JAGUARS
PRITCH,7,PRITCH-7,22,CHARGERS
ACQUITTED,3,ACQUITTED-3,12,STEELERS
GOLIONS,6,GOLIONS-6,6,JAGUARS
PRITCH,8,PRITCH-8,22,CHARGERS
ACQUITTED,4,ACQUITTED-4,12,STEELERS
GOLIONS,7,GOLIONS-7,6,JAGUARS
PRITCH,9,PRITCH-9,22,CHARGERS
ACT 3,1,ACT 3-1,24,RAIDERS
GOLIONS,8,GOLIONS-8,24,RAIDERS
PRITCHARD ALL STARS,1,PRITCHARD ALL STARS-1,22,CHARGERS
ACT 3,2,ACT 3-2,6,JAGUARS
GOLIONS,9,GOLIONS-9,24,RAIDERS
PRITCHARD ALL STARS,2,PRITCHARD ALL STARS-2,6,JAGUARS
ACTION JACKSON 55,1,ACTION JACKSON 55-1,6,JAGUARS
GOMERDIRT,1,GOMERDIRT-1,24,RAIDERS
PROBET,1,PROBET-1,6,JAGUARS
ACTION JACKSON,1,ACTION JACKSON-1,6,JAGUARS
GOMERDIRT,2,GOMERDIRT-2,22,CHARGERS
PROBET,10,PROBET-10,24,RAIDERS
ACTION JACKSON,2,ACTION JACKSON-2,6,JAGUARS
GONZO'S DILLEMA,1,GONZO'S DILLEMA-1,6,JAGUARS
PROBET,2,PROBET-2,6,JAGUARS
ACTION JACKSON,3,ACTION JACKSON-3,22,CHARGERS
GONZO'S DILLEMA,10,GONZO'S DILLEMA-10,12,STEELERS
PROBET,3,PROBET-3,6,JAGUARS
ACTION JACKSON,4,ACTION JACKSON-4,12,STEELERS
GONZO'S DILLEMA,2,GONZO'S DILLEMA-2,6,JAGUARS
PROBET,4,PROBET-4,6,JAGUARS
ACTION JACKSON,5,ACTION JACKSON-5,24,RAIDERS
GONZO'S DILLEMA,3,GONZO'S DILLEMA-3,6,JAGUARS
PROBET,5,PROBET-5,12,STEELERS
ACTION JACKSON,6,ACTION JACKSON-6,6,JAGUARS
GONZO'S DILLEMA,4,GONZO'S DILLEMA-4,6,JAGUARS
PROBET,6,PROBET-6,12,STEELERS
ACTION,1,ACTION-1,6,JAGUARS
GONZO'S DILLEMA,5,GONZO'S DILLEMA-5,6,JAGUARS
PROBET,7,PROBET-7,12,STEELERS
ACTION,2,ACTION-2,12,STEELERS
GONZO'S DILLEMA,6,GONZO'S DILLEMA-6,22,CHARGERS
PROBET,8,PROBET-8,12,STEELERS
actionjoe,1,actionjoe-1,20,LIONS
GONZO'S DILLEMA,7,GONZO'S DILLEMA-7,22,CHARGERS
PROBET,9,PROBET-9,24,RAIDERS
actionjoe,10,actionjoe-10,20,LIONS
GONZO'S DILLEMA,8,GONZO'S DILLEMA-8,22,CHARGERS
PROESHWACK,1,PROESHWACK-1,12,STEELERS
actionjoe,2,actionjoe-2,20,LIONS
GONZO'S DILLEMA,9,GONZO'S DILLEMA-9,22,CHARGERS
PROESHWACK,2,PROESHWACK-2,22,CHARGERS
actionjoe,3,actionjoe-3,20,LIONS
GOOD GRASS,1,GOOD GRASS-1,12,STEELERS
PROESHWACK,3,PROESHWACK-3,6,JAGUARS
actionjoe,4,actionjoe-4,20,LIONS
GOOD GUESS,1,GOOD GUESS-1,12,STEELERS
PROESHWACK,4,PROESHWACK-4,6,JAGUARS
actionjoe,5,actionjoe-5,20,LIONS
GOOD GUESS,10,GOOD GUESS-10,20,LIONS
prof101,1,prof101-1,6,JAGUARS
actionjoe,6,actionjoe-6,20,LIONS
GOOD GUESS,2,GOOD GUESS-2,12,STEELERS
PROFESSOR KM11,1,PROFESSOR KM11-1,6,JAGUARS
actionjoe,7,actionjoe-7,20,LIONS
GOOD GUESS,3,GOOD GUESS-3,12,STEELERS
PROFESSOR TOM,1,PROFESSOR TOM-1,7,BUCS
actionjoe,8,actionjoe-8,20,LIONS
GOOD GUESS,4,GOOD GUESS-4,12,STEELERS
PROFESSOR TOM,2,PROFESSOR TOM-2,26,EAGLES
actionjoe,9,actionjoe-9,20,LIONS
GOOD GUESS,5,GOOD GUESS-5,6,JAGUARS
PROFESSOR TOM,3,PROFESSOR TOM-3,22,CHARGERS
ACTIONSPORTS CENTRAL,1,ACTIONSPORTS CENTRAL-1,22,CHARGERS
GOOD GUESS,6,GOOD GUESS-6,6,JAGUARS
PROFESSOR TOM,4,PROFESSOR TOM-4,30,GIANTS
ACTIONSPORTS CENTRAL,2,ACTIONSPORTS CENTRAL-2,6,JAGUARS
GOOD GUESS,7,GOOD GUESS-7,15,BEARS
PROFESSOR TOM,5,PROFESSOR TOM-5,6,JAGUARS
ACTIONSPORTS CENTRAL,3,ACTIONSPORTS CENTRAL-3,6,JAGUARS
GOOD GUESS,8,GOOD GUESS-8,20,LIONS
Proffessor,1,Proffessor-1,22,CHARGERS
ACTIONSPORTS CENTRAL,4,ACTIONSPORTS CENTRAL-4,22,CHARGERS
GOOD GUESS,9,GOOD GUESS-9,20,LIONS
PROFITBETS,1,PROFITBETS-1,17,JETS
ACTIONSPORTS CENTRAL,5,ACTIONSPORTS CENTRAL-5,12,STEELERS
GOOD GUESSER,1,GOOD GUESSER-1,22,CHARGERS
PROJECT BBQ BIG DOGS,1,PROJECT BBQ BIG DOGS-1,22,CHARGERS
ACTIVSTAUF,1,ACTIVSTAUF-1,12,STEELERS
GOOD GUESSER,10,GOOD GUESSER-10,22,CHARGERS
PROJECT HAILMARY TX,1,PROJECT HAILMARY TX-1,6,JAGUARS
ACTIVSTAUF,2,ACTIVSTAUF-2,24,RAIDERS
GOOD GUESSER,2,GOOD GUESSER-2,12,STEELERS
PROJECT HAILMARY TX,2,PROJECT HAILMARY TX-2,12,STEELERS
AD ASTRA PER ASPERA,1,AD ASTRA PER ASPERA-1,12,STEELERS
GOOD GUESSER,3,GOOD GUESSER-3,15,BEARS
PROJECT HAILMARY TX,3,PROJECT HAILMARY TX-3,22,CHARGERS
AD ASTRA PER ASPERA,10,AD ASTRA PER ASPERA-10,12,STEELERS
GOOD GUESSER,4,GOOD GUESSER-4,6,JAGUARS
PROJECT HAILMARY TX,4,PROJECT HAILMARY TX-4,6,JAGUARS
AD ASTRA PER ASPERA,2,AD ASTRA PER ASPERA-2,12,STEELERS
GOOD GUESSER,5,GOOD GUESSER-5,6,JAGUARS
PROJECT HAILMARY TX,5,PROJECT HAILMARY TX-5,12,STEELERS
AD ASTRA PER ASPERA,3,AD ASTRA PER ASPERA-3,12,STEELERS
GOOD GUESSER,6,GOOD GUESSER-6,6,JAGUARS
PROJECT HAILMARY TX,6,PROJECT HAILMARY TX-6,26,EAGLES
AD ASTRA PER ASPERA,4,AD ASTRA PER ASPERA-4,12,STEELERS
GOOD GUESSER,7,GOOD GUESSER-7,22,CHARGERS
Project-PARALLAX,1,Project-PARALLAX-1,12,STEELERS
AD ASTRA PER ASPERA,5,AD ASTRA PER ASPERA-5,12,STEELERS
GOOD GUESSER,8,GOOD GUESSER-8,22,CHARGERS
Project-PARALLAX,2,Project-PARALLAX-2,6,JAGUARS
AD ASTRA PER ASPERA,6,AD ASTRA PER ASPERA-6,12,STEELERS
GOOD GUESSER,9,GOOD GUESSER-9,22,CHARGERS
Project-PARALLAX,3,Project-PARALLAX-3,22,CHARGERS
AD ASTRA PER ASPERA,7,AD ASTRA PER ASPERA-7,12,STEELERS
GOOD JUJU BETS,1,GOOD JUJU BETS-1,22,CHARGERS
Project-PARALLAX,4,Project-PARALLAX-4,12,STEELERS
AD ASTRA PER ASPERA,8,AD ASTRA PER ASPERA-8,12,STEELERS
GOOD TIME CHARLIE,1,GOOD TIME CHARLIE-1,12,STEELERS
prompt injection,1,prompt injection-1,12,STEELERS
AD ASTRA PER ASPERA,9,AD ASTRA PER ASPERA-9,12,STEELERS
GOOD TIME CHARLIE,2,GOOD TIME CHARLIE-2,12,STEELERS
prompt injection,10,prompt injection-10,20,LIONS
AD Rams,1,AD Rams-1,22,CHARGERS
GOOD TIME CHARLIE,3,GOOD TIME CHARLIE-3,12,STEELERS
prompt injection,2,prompt injection-2,12,STEELERS
AD Rams,2,AD Rams-2,22,CHARGERS
GOOD TROUBLE,1,GOOD TROUBLE-1,6,JAGUARS
prompt injection,3,prompt injection-3,20,LIONS
AD Rams,3,AD Rams-3,12,STEELERS
Good Will Punting,1,Good Will Punting-1,24,RAIDERS
prompt injection,4,prompt injection-4,20,LIONS
ADALEBOYS,1,ADALEBOYS-1,22,CHARGERS
Good Will Punting,2,Good Will Punting-2,6,JAGUARS
prompt injection,5,prompt injection-5,20,LIONS
ADALEBOYS,2,ADALEBOYS-2,22,CHARGERS
Good Will Punting,3,Good Will Punting-3,6,JAGUARS
prompt injection,6,prompt injection-6,20,LIONS
ADAM'S ARMY,1,ADAM'S ARMY-1,6,JAGUARS
Good Will Punting,4,Good Will Punting-4,22,CHARGERS
prompt injection,7,prompt injection-7,20,LIONS
ADAM'S ARMY,2,ADAM'S ARMY-2,22,CHARGERS
Good Will Punting,5,Good Will Punting-5,22,CHARGERS
prompt injection,8,prompt injection-8,20,LIONS
ADAM'S ARMY,3,ADAM'S ARMY-3,20,LIONS
GOOD2GO,1,GOOD2GO-1,6,JAGUARS
prompt injection,9,prompt injection-9,20,LIONS
ADAM'S ARMY,4,ADAM'S ARMY-4,22,CHARGERS
GOODFELLAS,1,GOODFELLAS-1,12,STEELERS
PROPHETX,1,PROPHETX-1,12,STEELERS
ADAM'S ARMY,5,ADAM'S ARMY-5,6,JAGUARS
GOODMACK,1,GOODMACK-1,6,JAGUARS
PROPHETX,10,PROPHETX-10,20,LIONS
ADAMANT9889,1,ADAMANT9889-1,6,JAGUARS
GOODMACK,2,GOODMACK-2,22,CHARGERS
PROPHETX,2,PROPHETX-2,12,STEELERS
ADAMANT9889,2,ADAMANT9889-2,22,CHARGERS
goodnight ace,1,goodnight ace-1,22,CHARGERS
PROPHETX,3,PROPHETX-3,12,STEELERS
ADAMANT9889,3,ADAMANT9889-3,6,JAGUARS
goodnight ace,10,goodnight ace-10,24,RAIDERS
PROPHETX,4,PROPHETX-4,20,LIONS
adap,1,adap-1,22,CHARGERS
goodnight ace,2,goodnight ace-2,6,JAGUARS
PROPHETX,5,PROPHETX-5,20,LIONS
ADDICATED SKIDS,1,ADDICATED SKIDS-1,6,JAGUARS
goodnight ace,3,goodnight ace-3,24,RAIDERS
PROPHETX,6,PROPHETX-6,20,LIONS
ADDICATED SKIDS,2,ADDICATED SKIDS-2,12,STEELERS
goodnight ace,4,goodnight ace-4,24,RAIDERS
PROPHETX,7,PROPHETX-7,20,LIONS
ADINS,1,ADINS-1,18,TITANS
goodnight ace,5,goodnight ace-5,24,RAIDERS
PROPHETX,8,PROPHETX-8,20,LIONS
ADINS,2,ADINS-2,6,JAGUARS
goodnight ace,6,goodnight ace-6,24,RAIDERS
PROPHETX,9,PROPHETX-9,20,LIONS
ADINS,3,ADINS-3,24,RAIDERS
goodnight ace,7,goodnight ace-7,24,RAIDERS
PROPHIT,1,PROPHIT-1,6,JAGUARS
ADIOS PARTNERS,1,ADIOS PARTNERS-1,6,JAGUARS
goodnight ace,8,goodnight ace-8,24,RAIDERS
PROPJUICE,1,PROPJUICE-1,6,JAGUARS
ADIOS PARTNERS,2,ADIOS PARTNERS-2,12,STEELERS
goodnight ace,9,goodnight ace-9,24,RAIDERS
PROSPER,1,PROSPER-1,6,JAGUARS
ADIOS PARTNERS,3,ADIOS PARTNERS-3,26,EAGLES
Goose & Friends,1,Goose & Friends-1,12,STEELERS
PROSPER,2,PROSPER-2,20,LIONS
ADIOS PARTNERS,4,ADIOS PARTNERS-4,22,CHARGERS
Goose & Friends,2,Goose & Friends-2,22,CHARGERS
PROSPER,3,PROSPER-3,12,STEELERS
ADIRONDACK THUNDER,1,ADIRONDACK THUNDER-1,6,JAGUARS
GOOSE GOODS,1,GOOSE GOODS-1,6,JAGUARS
PROSPER,4,PROSPER-4,6,JAGUARS
ADIRONDACK THUNDER,2,ADIRONDACK THUNDER-2,12,STEELERS
GOOSE GOODS,2,GOOSE GOODS-2,6,JAGUARS
PROSPER,5,PROSPER-5,22,CHARGERS
AEINOMAHA,1,AEINOMAHA-1,12,STEELERS
GOOSE GOODS,3,GOOSE GOODS-3,12,STEELERS
PROSPER,6,PROSPER-6,29,COWBOYS
AEINOMAHA,10,AEINOMAHA-10,12,STEELERS
GOOSE MADNESS,1,GOOSE MADNESS-1,12,STEELERS
PROSPER,7,PROSPER-7,22,CHARGERS
AEINOMAHA,2,AEINOMAHA-2,12,STEELERS
GOOSE MADNESS,2,GOOSE MADNESS-2,6,JAGUARS
PROVEN LOSERS,1,PROVEN LOSERS-1,22,CHARGERS
AEINOMAHA,3,AEINOMAHA-3,12,STEELERS
GOOSE MADNESS,3,GOOSE MADNESS-3,12,STEELERS
PROVEN LOSERS,2,PROVEN LOSERS-2,22,CHARGERS
AEINOMAHA,4,AEINOMAHA-4,12,STEELERS
GOOSE MADNESS,4,GOOSE MADNESS-4,12,STEELERS
PROVEN LOSERS,3,PROVEN LOSERS-3,6,JAGUARS
AEINOMAHA,5,AEINOMAHA-5,12,STEELERS
GOOSE MADNESS,5,GOOSE MADNESS-5,22,CHARGERS
Provolone Pushers,1,Provolone Pushers-1,6,JAGUARS
AEINOMAHA,6,AEINOMAHA-6,12,STEELERS
GOOSE MADNESS,6,GOOSE MADNESS-6,22,CHARGERS
Provolone Pushers,2,Provolone Pushers-2,12,STEELERS
AEINOMAHA,7,AEINOMAHA-7,12,STEELERS
GOOSE MADNESS,7,GOOSE MADNESS-7,22,CHARGERS
Provolone Pushers,3,Provolone Pushers-3,20,LIONS
AEINOMAHA,8,AEINOMAHA-8,12,STEELERS
GOOSE MADNESS,8,GOOSE MADNESS-8,6,JAGUARS
PROXIMITYZERO,1,PROXIMITYZERO-1,22,CHARGERS
AEINOMAHA,9,AEINOMAHA-9,12,STEELERS
GOOSE MADNESS,9,GOOSE MADNESS-9,24,RAIDERS
PRUDENCEISLAND,1,PRUDENCEISLAND-1,20,LIONS
AFHQ11,1,AFHQ11-1,6,JAGUARS
GOPHER16,1,GOPHER16-1,24,RAIDERS
PSULION26,1,PSULION26-1,22,CHARGERS
AFHQ11,2,AFHQ11-2,6,JAGUARS
GOPICKSGO,1,GOPICKSGO-1,22,CHARGERS
PSULION26,2,PSULION26-2,12,STEELERS
AFHQ11,3,AFHQ11-3,12,STEELERS
GORDLE SNAKE AND CO.,1,GORDLE SNAKE AND CO.-1,6,JAGUARS
PSULION26,3,PSULION26-3,6,JAGUARS
AFHQ11,4,AFHQ11-4,22,CHARGERS
GORILLA LAWYER 91,1,GORILLA LAWYER 91-1,20,LIONS
PT,1,PT-1,8,BENGALS
AGC8327,1,AGC8327-1,2,SEAHAWKS
GORILLA LAWYER 91,10,GORILLA LAWYER 91-10,12,STEELERS
PT,10,PT-10,2,SEAHAWKS
AGC8327,2,AGC8327-2,2,SEAHAWKS
GORILLA LAWYER 91,2,GORILLA LAWYER 91-2,22,CHARGERS
PT,2,PT-2,6,JAGUARS
AGC8327,3,AGC8327-3,2,SEAHAWKS
GORILLA LAWYER 91,3,GORILLA LAWYER 91-3,6,JAGUARS
PT,3,PT-3,15,BEARS
AGC8327,4,AGC8327-4,2,SEAHAWKS
GORILLA LAWYER 91,4,GORILLA LAWYER 91-4,8,BENGALS
PT,4,PT-4,15,BEARS
AGC8327,5,AGC8327-5,2,SEAHAWKS
GORILLA LAWYER 91,5,GORILLA LAWYER 91-5,24,RAIDERS
PT,5,PT-5,12,STEELERS
AGC8327,6,AGC8327-6,1,PATRIOTS
GORILLA LAWYER 91,6,GORILLA LAWYER 91-6,20,LIONS
PT,6,PT-6,12,STEELERS
AGC8327,7,AGC8327-7,1,PATRIOTS
GORILLA LAWYER 91,7,GORILLA LAWYER 91-7,22,CHARGERS
PT,7,PT-7,26,EAGLES
AGC8327,8,AGC8327-8,1,PATRIOTS
GORILLA LAWYER 91,8,GORILLA LAWYER 91-8,6,JAGUARS
PT,8,PT-8,22,CHARGERS
AGC8327,9,AGC8327-9,1,PATRIOTS
GORILLA LAWYER 91,9,GORILLA LAWYER 91-9,8,BENGALS
PT,9,PT-9,4,RAMS
AGENT WAG BUDR,1,AGENT WAG BUDR-1,12,STEELERS
GOTEM87,1,GOTEM87-1,29,COWBOYS
PTL,1,PTL-1,6,JAGUARS
AGENT WAG BUDR,2,AGENT WAG BUDR-2,22,CHARGERS
GOTEM87,10,GOTEM87-10,8,BENGALS
PTL,10,PTL-10,18,TITANS
AGENT WAG BUDR,3,AGENT WAG BUDR-3,22,CHARGERS
GOTEM87,2,GOTEM87-2,29,COWBOYS
PTL,2,PTL-2,6,JAGUARS
AGGIE RUSSO,1,AGGIE RUSSO-1,6,JAGUARS
GOTEM87,3,GOTEM87-3,29,COWBOYS
PTL,3,PTL-3,12,STEELERS
AGGIE RUSSO,10,AGGIE RUSSO-10,12,STEELERS
GOTEM87,4,GOTEM87-4,29,COWBOYS
PTL,4,PTL-4,12,STEELERS
AGGIE RUSSO,2,AGGIE RUSSO-2,6,JAGUARS
GOTEM87,5,GOTEM87-5,29,COWBOYS
PTL,5,PTL-5,26,EAGLES
AGGIE RUSSO,3,AGGIE RUSSO-3,6,JAGUARS
GOTEM87,6,GOTEM87-6,29,COWBOYS
PTL,6,PTL-6,26,EAGLES
AGGIE RUSSO,4,AGGIE RUSSO-4,6,JAGUARS
GOTEM87,7,GOTEM87-7,29,COWBOYS
PTL,7,PTL-7,20,LIONS
AGGIE RUSSO,5,AGGIE RUSSO-5,22,CHARGERS
GOTEM87,8,GOTEM87-8,8,BENGALS
PTL,8,PTL-8,22,CHARGERS
AGGIE RUSSO,6,AGGIE RUSSO-6,22,CHARGERS
GOTEM87,9,GOTEM87-9,8,BENGALS
PTL,9,PTL-9,24,RAIDERS
AGGIE RUSSO,7,AGGIE RUSSO-7,22,CHARGERS
GOTHICCUTIE,1,GOTHICCUTIE-1,6,JAGUARS
PUBLIUS,1,PUBLIUS-1,24,RAIDERS
AGGIE RUSSO,8,AGGIE RUSSO-8,22,CHARGERS
GOTHICCUTIE,10,GOTHICCUTIE-10,6,JAGUARS
PUBLIUS,10,PUBLIUS-10,22,CHARGERS
AGGIE RUSSO,9,AGGIE RUSSO-9,12,STEELERS
GOTHICCUTIE,2,GOTHICCUTIE-2,6,JAGUARS
PUBLIUS,2,PUBLIUS-2,2,SEAHAWKS
AGS,1,AGS-1,6,JAGUARS
GOTHICCUTIE,3,GOTHICCUTIE-3,6,JAGUARS
PUBLIUS,3,PUBLIUS-3,12,STEELERS
AGS,2,AGS-2,22,CHARGERS
GOTHICCUTIE,4,GOTHICCUTIE-4,6,JAGUARS
PUBLIUS,4,PUBLIUS-4,12,STEELERS
AGS,3,AGS-3,6,JAGUARS
GOTHICCUTIE,5,GOTHICCUTIE-5,6,JAGUARS
PUBLIUS,5,PUBLIUS-5,6,JAGUARS
AGS,4,AGS-4,12,STEELERS
GOTHICCUTIE,6,GOTHICCUTIE-6,6,JAGUARS
PUBLIUS,6,PUBLIUS-6,6,JAGUARS
AGS,5,AGS-5,22,CHARGERS
GOTHICCUTIE,7,GOTHICCUTIE-7,6,JAGUARS
PUBLIUS,7,PUBLIUS-7,6,JAGUARS
AGS,6,AGS-6,8,BENGALS
GOTHICCUTIE,8,GOTHICCUTIE-8,6,JAGUARS
PUBLIUS,8,PUBLIUS-8,22,CHARGERS
AGS,7,AGS-7,20,LIONS
GOTHICCUTIE,9,GOTHICCUTIE-9,6,JAGUARS
PUBLIUS,9,PUBLIUS-9,22,CHARGERS
AGS,8,AGS-8,20,LIONS
GOVERNOR,1,GOVERNOR-1,22,CHARGERS
PUCKDADDY,1,PUCKDADDY-1,6,JAGUARS
AGS1,1,AGS1-1,6,JAGUARS
GOVERNOR,2,GOVERNOR-2,6,JAGUARS
PUCKDADDY,2,PUCKDADDY-2,9,RAVENS
AGS1,2,AGS1-2,6,JAGUARS
gowy,1,gowy-1,22,CHARGERS
PUCKDADDY,3,PUCKDADDY-3,12,STEELERS
AGS1,3,AGS1-3,6,JAGUARS
GPALMONEY,1,GPALMONEY-1,22,CHARGERS
PUCKDADDY,4,PUCKDADDY-4,22,CHARGERS
AGS1,4,AGS1-4,6,JAGUARS
GPALMONEY,2,GPALMONEY-2,6,JAGUARS
PUDDNHEAD,1,PUDDNHEAD-1,22,CHARGERS
AHARPER34,1,AHARPER34-1,6,JAGUARS
grace under pressure,1,grace under pressure-1,22,CHARGERS
PUDDNHEAD,2,PUDDNHEAD-2,12,STEELERS
AHARPER34,10,AHARPER34-10,22,CHARGERS
grace under pressure,10,grace under pressure-10,12,STEELERS
PUDDNHEAD,3,PUDDNHEAD-3,17,JETS
AHARPER34,2,AHARPER34-2,6,JAGUARS
grace under pressure,2,grace under pressure-2,22,CHARGERS
PUDGE,1,PUDGE-1,6,JAGUARS
AHARPER34,3,AHARPER34-3,6,JAGUARS
grace under pressure,3,grace under pressure-3,22,CHARGERS
PUDGE,10,PUDGE-10,6,JAGUARS
AHARPER34,4,AHARPER34-4,6,JAGUARS
grace under pressure,4,grace under pressure-4,22,CHARGERS
PUDGE,2,PUDGE-2,6,JAGUARS
AHARPER34,5,AHARPER34-5,26,EAGLES
grace under pressure,5,grace under pressure-5,22,CHARGERS
PUDGE,3,PUDGE-3,6,JAGUARS
AHARPER34,6,AHARPER34-6,26,EAGLES
grace under pressure,6,grace under pressure-6,24,RAIDERS
PUDGE,4,PUDGE-4,6,JAGUARS
AHARPER34,7,AHARPER34-7,26,EAGLES
grace under pressure,7,grace under pressure-7,24,RAIDERS
PUDGE,5,PUDGE-5,6,JAGUARS
AHARPER34,8,AHARPER34-8,26,EAGLES
grace under pressure,8,grace under pressure-8,24,RAIDERS
PUDGE,6,PUDGE-6,6,JAGUARS
AHARPER34,9,AHARPER34-9,26,EAGLES
grace under pressure,9,grace under pressure-9,6,JAGUARS
PUDGE,7,PUDGE-7,6,JAGUARS
AHBLBB,1,AHBLBB-1,22,CHARGERS
GRACEFACE,1,GRACEFACE-1,22,CHARGERS
PUDGE,8,PUDGE-8,6,JAGUARS
AHBLBB,10,AHBLBB-10,26,EAGLES
GRACEFACE,2,GRACEFACE-2,22,CHARGERS
PUDGE,9,PUDGE-9,6,JAGUARS
AHBLBB,2,AHBLBB-2,6,JAGUARS
GRACEFACE,3,GRACEFACE-3,22,CHARGERS
PUDGEROI,1,PUDGEROI-1,6,JAGUARS
AHBLBB,3,AHBLBB-3,12,STEELERS
GRACEFACE,4,GRACEFACE-4,12,STEELERS
PUGNACIOUS D,1,PUGNACIOUS D-1,22,CHARGERS
AHBLBB,4,AHBLBB-4,26,EAGLES
GRACEFACE,5,GRACEFACE-5,12,STEELERS
PUGNACIOUS D,2,PUGNACIOUS D-2,22,CHARGERS
AHBLBB,5,AHBLBB-5,24,RAIDERS
GRACEFACE,6,GRACEFACE-6,6,JAGUARS
PUGNACIOUS D,3,PUGNACIOUS D-3,6,JAGUARS
AHBLBB,6,AHBLBB-6,6,JAGUARS
GRAILVAULTSDOTCOM,1,GRAILVAULTSDOTCOM-1,6,JAGUARS
PUGNACIOUS D,4,PUGNACIOUS D-4,6,JAGUARS
AHBLBB,7,AHBLBB-7,6,JAGUARS
GRAILVAULTSDOTCOM,2,GRAILVAULTSDOTCOM-2,6,JAGUARS
PUGNACIOUS D,5,PUGNACIOUS D-5,20,LIONS
AHBLBB,8,AHBLBB-8,12,STEELERS
GRAILVAULTSDOTCOM,3,GRAILVAULTSDOTCOM-3,6,JAGUARS
PULEK,1,PULEK-1,22,CHARGERS
AHBLBB,9,AHBLBB-9,12,STEELERS
GRAILVAULTSDOTCOM,4,GRAILVAULTSDOTCOM-4,6,JAGUARS
PULLMYTIGER,1,PULLMYTIGER-1,6,JAGUARS
AHMP3,1,AHMP3-1,2,SEAHAWKS
GRAILVAULTSDOTCOM,5,GRAILVAULTSDOTCOM-5,6,JAGUARS
PumbaLADent,1,PumbaLADent-1,6,JAGUARS
AHMP3,10,AHMP3-10,12,STEELERS
GRAILVAULTSDOTCOM,6,GRAILVAULTSDOTCOM-6,6,JAGUARS
PumbaLADent,2,PumbaLADent-2,22,CHARGERS
AHMP3,2,AHMP3-2,4,RAMS
GRAILVAULTSDOTCOM,7,GRAILVAULTSDOTCOM-7,6,JAGUARS
PumbaLADent,3,PumbaLADent-3,12,STEELERS
AHMP3,3,AHMP3-3,18,TITANS
GRAILVAULTSDOTCOM,8,GRAILVAULTSDOTCOM-8,6,JAGUARS
PUMBAPACK9,1,PUMBAPACK9-1,12,STEELERS
AHMP3,4,AHMP3-4,18,TITANS
GRAMPS AND OCHOA,1,GRAMPS AND OCHOA-1,22,CHARGERS
PUMBAPACK9,10,PUMBAPACK9-10,18,TITANS
AHMP3,5,AHMP3-5,18,TITANS
GRAMPS AND OCHOA,2,GRAMPS AND OCHOA-2,24,RAIDERS
PUMBAPACK9,2,PUMBAPACK9-2,12,STEELERS
AHMP3,6,AHMP3-6,18,TITANS
GRAMPS AND OCHOA,3,GRAMPS AND OCHOA-3,6,JAGUARS
PUMBAPACK9,3,PUMBAPACK9-3,12,STEELERS
AHMP3,7,AHMP3-7,12,STEELERS
GRAMPS AND OCHOA,4,GRAMPS AND OCHOA-4,6,JAGUARS
PUMBAPACK9,4,PUMBAPACK9-4,12,STEELERS
AHMP3,8,AHMP3-8,12,STEELERS
GRAMPS AND OCHOA,5,GRAMPS AND OCHOA-5,12,STEELERS
PUMBAPACK9,5,PUMBAPACK9-5,26,EAGLES
AHMP3,9,AHMP3-9,12,STEELERS
GRAMPS AND OCHOA,6,GRAMPS AND OCHOA-6,24,RAIDERS
PUMBAPACK9,6,PUMBAPACK9-6,26,EAGLES
AHOPDOC,1,AHOPDOC-1,26,EAGLES
GRAMPS AND OCHOA,7,GRAMPS AND OCHOA-7,22,CHARGERS
PUMBAPACK9,7,PUMBAPACK9-7,6,JAGUARS
AHOPDOC,2,AHOPDOC-2,20,LIONS
GRAMPS AND OCHOA,8,GRAMPS AND OCHOA-8,6,JAGUARS
PUMBAPACK9,8,PUMBAPACK9-8,22,CHARGERS
AHOPDOC,3,AHOPDOC-3,22,CHARGERS
GRAND AVE SAVAGES,1,GRAND AVE SAVAGES-1,12,STEELERS
PUMBAPACK9,9,PUMBAPACK9-9,24,RAIDERS
AI SPORTS,1,AI SPORTS-1,6,JAGUARS
GRAND AVE SAVAGES,2,GRAND AVE SAVAGES-2,6,JAGUARS
PUMPKIN HUNTER,1,PUMPKIN HUNTER-1,22,CHARGERS
AI SPORTS,2,AI SPORTS-2,12,STEELERS
GRAND AVE SAVAGES,3,GRAND AVE SAVAGES-3,6,JAGUARS
PUMPKIN HUNTER,2,PUMPKIN HUNTER-2,22,CHARGERS
AI SPORTS,3,AI SPORTS-3,6,JAGUARS
GRAND AVE SAVAGES,4,GRAND AVE SAVAGES-4,12,STEELERS
PUMPKIN HUNTER,3,PUMPKIN HUNTER-3,6,JAGUARS
AINT.DEAD.YET.,1,AINT.DEAD.YET.-1,12,STEELERS
GRAND AVE SAVAGES,5,GRAND AVE SAVAGES-5,17,JETS
PUMPKIN HUNTER,4,PUMPKIN HUNTER-4,6,JAGUARS
AINT.DEAD.YET.,2,AINT.DEAD.YET.-2,6,JAGUARS
GRAND BANANA,1,GRAND BANANA-1,6,JAGUARS
PUNT RESPONSIBLY,1,PUNT RESPONSIBLY-1,12,STEELERS
AIR ROSOL,1,AIR ROSOL-1,22,CHARGERS
GRAND BANANA,2,GRAND BANANA-2,6,JAGUARS
PUNTING AROUND,1,PUNTING AROUND-1,22,CHARGERS
AIRE MASTER JACK,1,AIRE MASTER JACK-1,6,JAGUARS
GRAND BANANA,3,GRAND BANANA-3,22,CHARGERS
PUNTING AROUND,10,PUNTING AROUND-10,26,EAGLES
AIRE MASTER JACK,10,AIRE MASTER JACK-10,12,STEELERS
GRAND BANANA,4,GRAND BANANA-4,17,JETS
PUNTING AROUND,2,PUNTING AROUND-2,22,CHARGERS
AIRE MASTER JACK,2,AIRE MASTER JACK-2,6,JAGUARS
GRAND LUX BRUNCH,1,GRAND LUX BRUNCH-1,22,CHARGERS
PUNTING AROUND,3,PUNTING AROUND-3,22,CHARGERS
AIRE MASTER JACK,3,AIRE MASTER JACK-3,6,JAGUARS
Grand Theft Auto 6,1,Grand Theft Auto 6-1,12,STEELERS
PUNTING AROUND,4,PUNTING AROUND-4,22,CHARGERS
AIRE MASTER JACK,4,AIRE MASTER JACK-4,6,JAGUARS
Grand Theft Auto 6,2,Grand Theft Auto 6-2,12,STEELERS
PUNTING AROUND,5,PUNTING AROUND-5,6,JAGUARS
AIRE MASTER JACK,5,AIRE MASTER JACK-5,6,JAGUARS
Grand Theft Auto 6,3,Grand Theft Auto 6-3,12,STEELERS
PUNTING AROUND,6,PUNTING AROUND-6,6,JAGUARS
AIRE MASTER JACK,6,AIRE MASTER JACK-6,22,CHARGERS
GRANDPA 5X,1,GRANDPA 5X-1,6,JAGUARS
PUNTING AROUND,7,PUNTING AROUND-7,6,JAGUARS
AIRE MASTER JACK,7,AIRE MASTER JACK-7,22,CHARGERS
GRANDPA 5X,2,GRANDPA 5X-2,12,STEELERS
PUNTING AROUND,8,PUNTING AROUND-8,20,LIONS
AIRE MASTER JACK,8,AIRE MASTER JACK-8,22,CHARGERS
GRANDPA 5X,3,GRANDPA 5X-3,2,SEAHAWKS
PUNTING AROUND,9,PUNTING AROUND-9,12,STEELERS
AIRE MASTER JACK,9,AIRE MASTER JACK-9,12,STEELERS
grandpa7,1,grandpa7-1,22,CHARGERS
PUP LIST,1,PUP LIST-1,6,JAGUARS
AJ VISION SURVIVOR,1,AJ VISION SURVIVOR-1,22,CHARGERS
grandpa7,2,grandpa7-2,22,CHARGERS
PUP LIST,2,PUP LIST-2,12,STEELERS
AJ VISION SURVIVOR,2,AJ VISION SURVIVOR-2,22,CHARGERS
grandpa7,3,grandpa7-3,22,CHARGERS
Pupsta,1,Pupsta-1,6,JAGUARS
AJ VISION SURVIVOR,3,AJ VISION SURVIVOR-3,6,JAGUARS
grandpa7,4,grandpa7-4,22,CHARGERS
PURDY TIME,1,PURDY TIME-1,22,CHARGERS
AJ VISION SURVIVOR,4,AJ VISION SURVIVOR-4,12,STEELERS
GRANDROUGE,1,GRANDROUGE-1,6,JAGUARS
PURDY TIME,2,PURDY TIME-2,20,LIONS
AJ VISION SURVIVOR,5,AJ VISION SURVIVOR-5,24,RAIDERS
GRANDROUGE,10,GRANDROUGE-10,6,JAGUARS
PURDY TIME,3,PURDY TIME-3,22,CHARGERS
AJBUDSTER,1,AJBUDSTER-1,22,CHARGERS
GRANDROUGE,2,GRANDROUGE-2,12,STEELERS
PURDY TIME,4,PURDY TIME-4,6,JAGUARS
AJBUDSTER,2,AJBUDSTER-2,12,STEELERS
GRANDROUGE,3,GRANDROUGE-3,6,JAGUARS
PURDY TIME,5,PURDY TIME-5,22,CHARGERS
AJINOK,1,AJINOK-1,12,STEELERS
GRANDROUGE,4,GRANDROUGE-4,22,CHARGERS
PURDY TIME,6,PURDY TIME-6,12,STEELERS
AJINOK,10,AJINOK-10,12,STEELERS
GRANDROUGE,5,GRANDROUGE-5,6,JAGUARS
PURDY TIME,7,PURDY TIME-7,6,JAGUARS
AJINOK,2,AJINOK-2,12,STEELERS
GRANDROUGE,6,GRANDROUGE-6,22,CHARGERS
PURDY TIME,8,PURDY TIME-8,22,CHARGERS
AJINOK,3,AJINOK-3,12,STEELERS
GRANDROUGE,7,GRANDROUGE-7,12,STEELERS
PURDY WOMAN,1,PURDY WOMAN-1,22,CHARGERS
AJINOK,4,AJINOK-4,12,STEELERS
GRANDROUGE,8,GRANDROUGE-8,6,JAGUARS
PURDY WOMAN,10,PURDY WOMAN-10,28,VIKINGS
AJINOK,5,AJINOK-5,12,STEELERS
GRANDROUGE,9,GRANDROUGE-9,22,CHARGERS
PURDY WOMAN,2,PURDY WOMAN-2,22,CHARGERS
AJINOK,6,AJINOK-6,12,STEELERS
GRANDTHEFTSCOOTERING,1,GRANDTHEFTSCOOTERING-1,6,JAGUARS
PURDY WOMAN,3,PURDY WOMAN-3,6,JAGUARS
AJINOK,7,AJINOK-7,12,STEELERS
GRANDTHEFTSCOOTERING,2,GRANDTHEFTSCOOTERING-2,6,JAGUARS
PURDY WOMAN,4,PURDY WOMAN-4,6,JAGUARS
AJINOK,8,AJINOK-8,12,STEELERS
GRANDTHEFTSCOOTERING,3,GRANDTHEFTSCOOTERING-3,6,JAGUARS
PURDY WOMAN,5,PURDY WOMAN-5,6,JAGUARS
AJINOK,9,AJINOK-9,12,STEELERS
GRANDTHEFTSCOOTERING,4,GRANDTHEFTSCOOTERING-4,6,JAGUARS
PURDY WOMAN,6,PURDY WOMAN-6,20,LIONS
AJK12,1,AJK12-1,6,JAGUARS
GRANDTHEFTSCOOTERING,5,GRANDTHEFTSCOOTERING-5,22,CHARGERS
PURDY WOMAN,7,PURDY WOMAN-7,20,LIONS
AK 808,1,AK 808-1,20,LIONS
GRANDTHEFTSCOOTERING,6,GRANDTHEFTSCOOTERING-6,22,CHARGERS
PURDY WOMAN,8,PURDY WOMAN-8,26,EAGLES
AK 808,2,AK 808-2,6,JAGUARS
GRANDTHEFTSCOOTERING,7,GRANDTHEFTSCOOTERING-7,22,CHARGERS
PURDY WOMAN,9,PURDY WOMAN-9,12,STEELERS
AK 808,3,AK 808-3,12,STEELERS
GRANDTHEFTSCOOTERING,8,GRANDTHEFTSCOOTERING-8,22,CHARGERS
PURDYBOY13,1,PURDYBOY13-1,22,CHARGERS
AK17,1,AK17-1,12,STEELERS
GRATEFUL VIKE,1,GRATEFUL VIKE-1,12,STEELERS
PURDYBOY13,10,PURDYBOY13-10,8,BENGALS
AKANE KURASHIKI,1,AKANE KURASHIKI-1,6,JAGUARS
GRAVEROBBER,1,GRAVEROBBER-1,24,RAIDERS
PURDYBOY13,2,PURDYBOY13-2,22,CHARGERS
AKANE KURASHIKI,10,AKANE KURASHIKI-10,22,CHARGERS
GRAVEROBBER,2,GRAVEROBBER-2,6,JAGUARS
PURDYBOY13,3,PURDYBOY13-3,22,CHARGERS
AKANE KURASHIKI,2,AKANE KURASHIKI-2,6,JAGUARS
Gray Stone,1,Gray Stone-1,22,CHARGERS
PURDYBOY13,4,PURDYBOY13-4,20,LIONS
AKANE KURASHIKI,3,AKANE KURASHIKI-3,6,JAGUARS
GRAYED AND CONFUSED,1,GRAYED AND CONFUSED-1,22,CHARGERS
PURDYBOY13,5,PURDYBOY13-5,12,STEELERS
AKANE KURASHIKI,4,AKANE KURASHIKI-4,6,JAGUARS
GRAYED AND CONFUSED,2,GRAYED AND CONFUSED-2,6,JAGUARS
PURDYBOY13,6,PURDYBOY13-6,20,LIONS
AKANE KURASHIKI,5,AKANE KURASHIKI-5,6,JAGUARS
GREATEST DANCER 22,1,GREATEST DANCER 22-1,6,JAGUARS
PURDYBOY13,7,PURDYBOY13-7,20,LIONS
AKANE KURASHIKI,6,AKANE KURASHIKI-6,6,JAGUARS
GREATEST DANCER 22,2,GREATEST DANCER 22-2,6,JAGUARS
PURDYBOY13,8,PURDYBOY13-8,8,BENGALS
AKANE KURASHIKI,7,AKANE KURASHIKI-7,22,CHARGERS
GREATEST DANCER 22,3,GREATEST DANCER 22-3,24,RAIDERS
PURDYBOY13,9,PURDYBOY13-9,8,BENGALS
AKANE KURASHIKI,8,AKANE KURASHIKI-8,22,CHARGERS
GREATEST DANCER 22,4,GREATEST DANCER 22-4,23,DOLPHINS
PURDYGOOD,1,PURDYGOOD-1,6,JAGUARS
AKANE KURASHIKI,9,AKANE KURASHIKI-9,22,CHARGERS
GREATESTDANCER20,1,GREATESTDANCER20-1,6,JAGUARS
PURDYGOOD,10,PURDYGOOD-10,6,JAGUARS
AKIBA LIONS,1,AKIBA LIONS-1,22,CHARGERS
GREATESTDANCER20,10,GREATESTDANCER20-10,18,TITANS
PURDYGOOD,2,PURDYGOOD-2,6,JAGUARS
AKIBA LIONS,2,AKIBA LIONS-2,6,JAGUARS
GREATESTDANCER20,2,GREATESTDANCER20-2,6,JAGUARS
PURDYGOOD,3,PURDYGOOD-3,6,JAGUARS
AKLEST,1,AKLEST-1,22,CHARGERS
GREATESTDANCER20,3,GREATESTDANCER20-3,6,JAGUARS
PURDYGOOD,4,PURDYGOOD-4,6,JAGUARS
AKLEST,10,AKLEST-10,6,JAGUARS
GREATESTDANCER20,4,GREATESTDANCER20-4,20,LIONS
PURDYGOOD,5,PURDYGOOD-5,6,JAGUARS
AKLEST,2,AKLEST-2,6,JAGUARS
GREATESTDANCER20,5,GREATESTDANCER20-5,20,LIONS
PURDYGOOD,6,PURDYGOOD-6,6,JAGUARS
AKLEST,3,AKLEST-3,20,LIONS
GREATESTDANCER20,6,GREATESTDANCER20-6,20,LIONS
PURDYGOOD,7,PURDYGOOD-7,6,JAGUARS
AKLEST,4,AKLEST-4,12,STEELERS
GREATESTDANCER20,7,GREATESTDANCER20-7,29,COWBOYS
PURDYGOOD,8,PURDYGOOD-8,6,JAGUARS
AKLEST,5,AKLEST-5,22,CHARGERS
GREATESTDANCER20,8,GREATESTDANCER20-8,9,RAVENS
PURDYGOOD,9,PURDYGOOD-9,6,JAGUARS
AKLEST,6,AKLEST-6,22,CHARGERS
GREATESTDANCER20,9,GREATESTDANCER20-9,17,JETS
PURE GOLD,1,PURE GOLD-1,24,RAIDERS
AKLEST,7,AKLEST-7,22,CHARGERS
GREATKINGS,1,GREATKINGS-1,6,JAGUARS
PURE GOLD,2,PURE GOLD-2,22,CHARGERS
AKLEST,8,AKLEST-8,17,JETS
GREATKINGS,10,GREATKINGS-10,22,CHARGERS
PURE GOLD,3,PURE GOLD-3,22,CHARGERS
AKLEST,9,AKLEST-9,20,LIONS
GREATKINGS,2,GREATKINGS-2,22,CHARGERS
PURE LUCK,1,PURE LUCK-1,22,CHARGERS
AKON AND YOUNG JEEZY,1,AKON AND YOUNG JEEZY-1,22,CHARGERS
GREATKINGS,3,GREATKINGS-3,6,JAGUARS
PURE LUCK,10,PURE LUCK-10,6,JAGUARS
AKPIPELAYER,1,AKPIPELAYER-1,20,LIONS
GREATKINGS,4,GREATKINGS-4,12,STEELERS
PURE LUCK,2,PURE LUCK-2,22,CHARGERS
AKPIPELAYER,2,AKPIPELAYER-2,22,CHARGERS
GREATKINGS,5,GREATKINGS-5,6,JAGUARS
PURE LUCK,3,PURE LUCK-3,22,CHARGERS
AKXR,1,AKXR-1,20,LIONS
GREATKINGS,6,GREATKINGS-6,22,CHARGERS
PURE LUCK,4,PURE LUCK-4,22,CHARGERS
AKXR,2,AKXR-2,22,CHARGERS
GREATKINGS,7,GREATKINGS-7,22,CHARGERS
PURE LUCK,5,PURE LUCK-5,22,CHARGERS
ALBATROSS,1,ALBATROSS-1,22,CHARGERS
GREATKINGS,8,GREATKINGS-8,22,CHARGERS
PURE LUCK,6,PURE LUCK-6,22,CHARGERS
ALBATROSS,2,ALBATROSS-2,6,JAGUARS
GREATKINGS,9,GREATKINGS-9,22,CHARGERS
PURE LUCK,7,PURE LUCK-7,22,CHARGERS
ALBQ505,1,ALBQ505-1,12,STEELERS
GREATTHINGS,1,GREATTHINGS-1,22,CHARGERS
PURE LUCK,8,PURE LUCK-8,6,JAGUARS
ALBQ505,10,ALBQ505-10,22,CHARGERS
GREATTHINGS,2,GREATTHINGS-2,22,CHARGERS
PURE LUCK,9,PURE LUCK-9,6,JAGUARS
ALBQ505,2,ALBQ505-2,12,STEELERS
GREATTHINGS,3,GREATTHINGS-3,6,JAGUARS
PURPLE HAZE SOUTH,1,PURPLE HAZE SOUTH-1,26,EAGLES
ALBQ505,3,ALBQ505-3,12,STEELERS
GREATTHINGS,4,GREATTHINGS-4,20,LIONS
PURPLE HAZE SOUTH,2,PURPLE HAZE SOUTH-2,26,EAGLES
ALBQ505,4,ALBQ505-4,22,CHARGERS
GREATTHINGS,5,GREATTHINGS-5,20,LIONS
PURPLE HAZE SOUTH,3,PURPLE HAZE SOUTH-3,6,JAGUARS
ALBQ505,5,ALBQ505-5,24,RAIDERS
GREEK AND THE FATMAN,1,GREEK AND THE FATMAN-1,6,JAGUARS
PURPLE HAZE SOUTH,4,PURPLE HAZE SOUTH-4,22,CHARGERS
ALBQ505,6,ALBQ505-6,12,STEELERS
GREEK AND THE FATMAN,2,GREEK AND THE FATMAN-2,22,CHARGERS
PURPLE HAZE SOUTH,5,PURPLE HAZE SOUTH-5,22,CHARGERS
ALBQ505,7,ALBQ505-7,22,CHARGERS
GREEK AND THE FATMAN,3,GREEK AND THE FATMAN-3,24,RAIDERS
PURPLE JELLIES,1,PURPLE JELLIES-1,22,CHARGERS
ALBQ505,8,ALBQ505-8,12,STEELERS
Greek God,1,Greek God-1,22,CHARGERS
PURPLE JELLIES,2,PURPLE JELLIES-2,20,LIONS
ALBQ505,9,ALBQ505-9,24,RAIDERS
Greek God,10,Greek God-10,6,JAGUARS
PURPLE JELLIES,3,PURPLE JELLIES-3,24,RAIDERS
ALBRIGOFAM,1,ALBRIGOFAM-1,22,CHARGERS
Greek God,2,Greek God-2,22,CHARGERS
purple rain,1,purple rain-1,6,JAGUARS
ALCO328,1,ALCO328-1,6,JAGUARS
Greek God,3,Greek God-3,24,RAIDERS
purple rain,2,purple rain-2,22,CHARGERS
ALEC006,1,ALEC006-1,22,CHARGERS
Greek God,4,Greek God-4,8,BENGALS
PUSHING THE ODDS,1,PUSHING THE ODDS-1,6,JAGUARS
ALEXPICKS,1,ALEXPICKS-1,6,JAGUARS
Greek God,5,Greek God-5,12,STEELERS
PutTheMoneyInTheBag,1,PutTheMoneyInTheBag-1,6,JAGUARS
ALIMONY ASSASIN,1,ALIMONY ASSASIN-1,20,LIONS
Greek God,6,Greek God-6,22,CHARGERS
PutTheMoneyInTheBag,2,PutTheMoneyInTheBag-2,12,STEELERS
ALIMONY ASSASIN,2,ALIMONY ASSASIN-2,22,CHARGERS
Greek God,7,Greek God-7,22,CHARGERS
PutTheMoneyInTheBag,3,PutTheMoneyInTheBag-3,20,LIONS
ALIN KESHEK 12,1,ALIN KESHEK 12-1,20,LIONS
Greek God,8,Greek God-8,22,CHARGERS
PutTheMoneyInTheBag,4,PutTheMoneyInTheBag-4,22,CHARGERS
ALIN KESHEK 12,10,ALIN KESHEK 12-10,20,LIONS
Greek God,9,Greek God-9,22,CHARGERS
PutTheMoneyInTheBag,5,PutTheMoneyInTheBag-5,22,CHARGERS
ALIN KESHEK 12,2,ALIN KESHEK 12-2,20,LIONS
GREEK GORILLA,1,GREEK GORILLA-1,22,CHARGERS
PWILLY49,1,PWILLY49-1,22,CHARGERS
ALIN KESHEK 12,3,ALIN KESHEK 12-3,20,LIONS
GREEK GORILLA,10,GREEK GORILLA-10,20,LIONS
PWILLY49,2,PWILLY49-2,22,CHARGERS
ALIN KESHEK 12,4,ALIN KESHEK 12-4,20,LIONS
GREEK GORILLA,2,GREEK GORILLA-2,22,CHARGERS
PYTHON #44,1,PYTHON #44-1,24,RAIDERS
ALIN KESHEK 12,5,ALIN KESHEK 12-5,20,LIONS
GREEK GORILLA,3,GREEK GORILLA-3,22,CHARGERS
PYTHON #44,2,PYTHON #44-2,24,RAIDERS
ALIN KESHEK 12,6,ALIN KESHEK 12-6,20,LIONS
GREEK GORILLA,4,GREEK GORILLA-4,22,CHARGERS
PYTHON #44,3,PYTHON #44-3,22,CHARGERS
ALIN KESHEK 12,7,ALIN KESHEK 12-7,20,LIONS
GREEK GORILLA,5,GREEK GORILLA-5,6,JAGUARS
PYTHON #44,4,PYTHON #44-4,12,STEELERS
ALIN KESHEK 12,8,ALIN KESHEK 12-8,20,LIONS
GREEK GORILLA,6,GREEK GORILLA-6,6,JAGUARS
PYTHON #44,5,PYTHON #44-5,6,JAGUARS
ALIN KESHEK 12,9,ALIN KESHEK 12-9,20,LIONS
GREEK GORILLA,7,GREEK GORILLA-7,6,JAGUARS
QED,1,QED-1,6,JAGUARS
ALJOULANIO78,1,ALJOULANIO78-1,6,JAGUARS
GREEK GORILLA,8,GREEK GORILLA-8,20,LIONS
QED,2,QED-2,22,CHARGERS
ALJOULANIO78,2,ALJOULANIO78-2,6,JAGUARS
GREEK GORILLA,9,GREEK GORILLA-9,20,LIONS
QED,3,QED-3,20,LIONS
ALJOULANIO78,3,ALJOULANIO78-3,6,JAGUARS
GREEKTHUNDER65,1,GREEKTHUNDER65-1,22,CHARGERS
QEER,1,QEER-1,22,CHARGERS
ALJOULANIO78,4,ALJOULANIO78-4,22,CHARGERS
GREEN CAB 19,1,GREEN CAB 19-1,9,RAVENS
QMAX,1,QMAX-1,6,JAGUARS
ALJOULANIO78,5,ALJOULANIO78-5,22,CHARGERS
green eyes,1,green eyes-1,26,EAGLES
QMAX,2,QMAX-2,6,JAGUARS
ALJOULANIO78,6,ALJOULANIO78-6,8,BENGALS
green eyes,2,green eyes-2,12,STEELERS
QMAX,3,QMAX-3,12,STEELERS
ALJOULANIO78,7,ALJOULANIO78-7,20,LIONS
GREEN GUY 25,1,GREEN GUY 25-1,22,CHARGERS
QSIGIL_SLIPS,1,QSIGIL_SLIPS-1,6,JAGUARS
ALK ALLIANSEN,1,ALK ALLIANSEN-1,6,JAGUARS
GREEN GUY 25,10,GREEN GUY 25-10,26,EAGLES
QSIGIL_SLIPS,2,QSIGIL_SLIPS-2,22,CHARGERS
ALK ALLIANSEN,2,ALK ALLIANSEN-2,22,CHARGERS
GREEN GUY 25,2,GREEN GUY 25-2,22,CHARGERS
QUADFOURSKIN,1,QUADFOURSKIN-1,6,JAGUARS
ALL HAIR TEAM,1,ALL HAIR TEAM-1,12,STEELERS
GREEN GUY 25,3,GREEN GUY 25-3,22,CHARGERS
QUADFOURSKIN,10,QUADFOURSKIN-10,22,CHARGERS
ALL HAIR TEAM,2,ALL HAIR TEAM-2,22,CHARGERS
GREEN GUY 25,4,GREEN GUY 25-4,22,CHARGERS
QUADFOURSKIN,2,QUADFOURSKIN-2,6,JAGUARS
ALL HAIR TEAM,3,ALL HAIR TEAM-3,22,CHARGERS
GREEN GUY 25,5,GREEN GUY 25-5,6,JAGUARS
QUADFOURSKIN,3,QUADFOURSKIN-3,6,JAGUARS
ALL HAIR TEAM,4,ALL HAIR TEAM-4,22,CHARGERS
GREEN GUY 25,6,GREEN GUY 25-6,6,JAGUARS
QUADFOURSKIN,4,QUADFOURSKIN-4,6,JAGUARS
ALL HAIR TEAM,5,ALL HAIR TEAM-5,6,JAGUARS
GREEN GUY 25,7,GREEN GUY 25-7,6,JAGUARS
QUADFOURSKIN,5,QUADFOURSKIN-5,12,STEELERS
ALL HAIR TEAM,6,ALL HAIR TEAM-6,22,CHARGERS
GREEN GUY 25,8,GREEN GUY 25-8,22,CHARGERS
QUADFOURSKIN,6,QUADFOURSKIN-6,22,CHARGERS
ALL HAIR TEAM,7,ALL HAIR TEAM-7,22,CHARGERS
GREEN GUY 25,9,GREEN GUY 25-9,20,LIONS
QUADFOURSKIN,7,QUADFOURSKIN-7,22,CHARGERS
ALL IN AGAIN,1,ALL IN AGAIN-1,22,CHARGERS
GREEN MONSTERS,1,GREEN MONSTERS-1,6,JAGUARS
QUADFOURSKIN,8,QUADFOURSKIN-8,22,CHARGERS
ALL IN AGAIN,2,ALL IN AGAIN-2,22,CHARGERS
GREEN SOLDIERS,1,GREEN SOLDIERS-1,22,CHARGERS
QUADFOURSKIN,9,QUADFOURSKIN-9,22,CHARGERS
ALL IN AGAIN,3,ALL IN AGAIN-3,6,JAGUARS
GREEN SOLDIERS,10,GREEN SOLDIERS-10,8,BENGALS
Quality Learning Ctr,1,Quality Learning Ctr-1,6,JAGUARS
ALL IN AGAIN,4,ALL IN AGAIN-4,6,JAGUARS
GREEN SOLDIERS,2,GREEN SOLDIERS-2,12,STEELERS
Quality Learning Ctr,10,Quality Learning Ctr-10,6,JAGUARS
ALL IN AGAIN,5,ALL IN AGAIN-5,12,STEELERS
GREEN SOLDIERS,3,GREEN SOLDIERS-3,12,STEELERS
Quality Learning Ctr,2,Quality Learning Ctr-2,6,JAGUARS
ALL IN ON 4,1,ALL IN ON 4-1,6,JAGUARS
GREEN SOLDIERS,4,GREEN SOLDIERS-4,12,STEELERS
Quality Learning Ctr,3,Quality Learning Ctr-3,6,JAGUARS
ALL IN ON 4,10,ALL IN ON 4-10,6,JAGUARS
GREEN SOLDIERS,5,GREEN SOLDIERS-5,6,JAGUARS
Quality Learning Ctr,4,Quality Learning Ctr-4,6,JAGUARS
ALL IN ON 4,2,ALL IN ON 4-2,6,JAGUARS
GREEN SOLDIERS,6,GREEN SOLDIERS-6,6,JAGUARS
Quality Learning Ctr,5,Quality Learning Ctr-5,6,JAGUARS
ALL IN ON 4,3,ALL IN ON 4-3,6,JAGUARS
GREEN SOLDIERS,7,GREEN SOLDIERS-7,6,JAGUARS
Quality Learning Ctr,6,Quality Learning Ctr-6,6,JAGUARS
ALL IN ON 4,4,ALL IN ON 4-4,6,JAGUARS
GREEN SOLDIERS,8,GREEN SOLDIERS-8,6,JAGUARS
Quality Learning Ctr,7,Quality Learning Ctr-7,6,JAGUARS
ALL IN ON 4,5,ALL IN ON 4-5,6,JAGUARS
GREEN SOLDIERS,9,GREEN SOLDIERS-9,8,BENGALS
Quality Learning Ctr,8,Quality Learning Ctr-8,6,JAGUARS
ALL IN ON 4,6,ALL IN ON 4-6,6,JAGUARS
GREENWAVE VENTURES,1,GREENWAVE VENTURES-1,22,CHARGERS
Quality Learning Ctr,9,Quality Learning Ctr-9,6,JAGUARS
ALL IN ON 4,7,ALL IN ON 4-7,6,JAGUARS
GREENWAVE VENTURES,10,GREENWAVE VENTURES-10,12,STEELERS
QUARO,1,QUARO-1,24,RAIDERS
ALL IN ON 4,8,ALL IN ON 4-8,6,JAGUARS
GREENWAVE VENTURES,2,GREENWAVE VENTURES-2,22,CHARGERS
QUARO,2,QUARO-2,22,CHARGERS
ALL IN ON 4,9,ALL IN ON 4-9,6,JAGUARS
GREENWAVE VENTURES,3,GREENWAVE VENTURES-3,22,CHARGERS
QUEENRIDGE WISE GUY,1,QUEENRIDGE WISE GUY-1,24,RAIDERS
ALL IN THE FAMILY,1,ALL IN THE FAMILY-1,12,STEELERS
GREENWAVE VENTURES,4,GREENWAVE VENTURES-4,22,CHARGERS
QUICKCASH,1,QUICKCASH-1,6,JAGUARS
ALL IN THE FAMILY,2,ALL IN THE FAMILY-2,24,RAIDERS
GREENWAVE VENTURES,5,GREENWAVE VENTURES-5,22,CHARGERS
QUICKCASH,2,QUICKCASH-2,12,STEELERS
ALL IN THE FAMILY,3,ALL IN THE FAMILY-3,6,JAGUARS
GREENWAVE VENTURES,6,GREENWAVE VENTURES-6,22,CHARGERS
QUICKCASH,3,QUICKCASH-3,6,JAGUARS
ALL IN THE FAMILY,4,ALL IN THE FAMILY-4,18,TITANS
GREENWAVE VENTURES,7,GREENWAVE VENTURES-7,22,CHARGERS
QUINCY4,1,QUINCY4-1,6,JAGUARS
ALL IN THE FAMILY,5,ALL IN THE FAMILY-5,28,VIKINGS
GREENWAVE VENTURES,8,GREENWAVE VENTURES-8,22,CHARGERS
QUINCY4,2,QUINCY4-2,22,CHARGERS
ALL IN THE FAMILY,6,ALL IN THE FAMILY-6,9,RAVENS
GREENWAVE VENTURES,9,GREENWAVE VENTURES-9,12,STEELERS
QUIRKNESS,1,QUIRKNESS-1,22,CHARGERS
ALL OR NOTHING,1,ALL OR NOTHING-1,6,JAGUARS
GREENWAVE,1,GREENWAVE-1,6,JAGUARS
QUIS,1,QUIS-1,6,JAGUARS
ALL RISE,1,ALL RISE-1,22,CHARGERS
GREENWAVE,10,GREENWAVE-10,12,STEELERS
QUIS,10,QUIS-10,2,SEAHAWKS
ALL THE WAY HOME,1,ALL THE WAY HOME-1,6,JAGUARS
GREENWAVE,2,GREENWAVE-2,6,JAGUARS
QUIS,2,QUIS-2,6,JAGUARS
ALL THE WAY HOME,10,ALL THE WAY HOME-10,6,JAGUARS
GREENWAVE,3,GREENWAVE-3,6,JAGUARS
QUIS,3,QUIS-3,12,STEELERS
ALL THE WAY HOME,2,ALL THE WAY HOME-2,6,JAGUARS
GREENWAVE,4,GREENWAVE-4,6,JAGUARS
QUIS,4,QUIS-4,12,STEELERS
ALL THE WAY HOME,3,ALL THE WAY HOME-3,6,JAGUARS
GREENWAVE,5,GREENWAVE-5,6,JAGUARS
QUIS,5,QUIS-5,22,CHARGERS
ALL THE WAY HOME,4,ALL THE WAY HOME-4,6,JAGUARS
GREENWAVE,6,GREENWAVE-6,6,JAGUARS
QUIS,6,QUIS-6,22,CHARGERS
ALL THE WAY HOME,5,ALL THE WAY HOME-5,6,JAGUARS
GREENWAVE,7,GREENWAVE-7,6,JAGUARS
QUIS,7,QUIS-7,22,CHARGERS
ALL THE WAY HOME,6,ALL THE WAY HOME-6,6,JAGUARS
GREENWAVE,8,GREENWAVE-8,6,JAGUARS
QUIS,8,QUIS-8,20,LIONS
ALL THE WAY HOME,7,ALL THE WAY HOME-7,6,JAGUARS
GREENWAVE,9,GREENWAVE-9,12,STEELERS
QUIS,9,QUIS-9,20,LIONS
ALL THE WAY HOME,8,ALL THE WAY HOME-8,6,JAGUARS
GREG,1,GREG-1,6,JAGUARS
R FORD,1,R FORD-1,6,JAGUARS
ALL THE WAY HOME,9,ALL THE WAY HOME-9,6,JAGUARS
GREG7UP,1,GREG7UP-1,6,JAGUARS
R+R,1,R+R-1,6,JAGUARS
ALL THE WAY,1,ALL THE WAY-1,20,LIONS
GREG7UP,2,GREG7UP-2,6,JAGUARS
R+R,2,R+R-2,22,CHARGERS
ALL THE WAY,10,ALL THE WAY-10,12,STEELERS
GREG7UP,3,GREG7UP-3,22,CHARGERS
RabbleRouser,1,RabbleRouser-1,12,STEELERS
ALL THE WAY,2,ALL THE WAY-2,20,LIONS
GREYBABY,1,GREYBABY-1,6,JAGUARS
RabbleRouser,10,RabbleRouser-10,6,JAGUARS
ALL THE WAY,3,ALL THE WAY-3,20,LIONS
GREYHOUNDS,1,GREYHOUNDS-1,22,CHARGERS
RabbleRouser,2,RabbleRouser-2,12,STEELERS
ALL THE WAY,4,ALL THE WAY-4,20,LIONS
GREYHOUNDS,2,GREYHOUNDS-2,6,JAGUARS
RabbleRouser,3,RabbleRouser-3,12,STEELERS
ALL THE WAY,5,ALL THE WAY-5,20,LIONS
GREYHOUNDS,3,GREYHOUNDS-3,20,LIONS
RabbleRouser,4,RabbleRouser-4,22,CHARGERS
ALL THE WAY,6,ALL THE WAY-6,20,LIONS
GRID IRON FURY,1,GRID IRON FURY-1,12,STEELERS
RabbleRouser,5,RabbleRouser-5,22,CHARGERS
ALL THE WAY,7,ALL THE WAY-7,6,JAGUARS
GRID IRON FURY,2,GRID IRON FURY-2,22,CHARGERS
RabbleRouser,6,RabbleRouser-6,6,JAGUARS
ALL THE WAY,8,ALL THE WAY-8,6,JAGUARS
GRIDIRON MASTER,1,GRIDIRON MASTER-1,6,JAGUARS
RabbleRouser,7,RabbleRouser-7,6,JAGUARS
ALL THE WAY,9,ALL THE WAY-9,12,STEELERS
GRIDIRON MASTER,2,GRIDIRON MASTER-2,22,CHARGERS
RabbleRouser,8,RabbleRouser-8,6,JAGUARS
ALL WE DO IS NGUYEN,1,ALL WE DO IS NGUYEN-1,22,CHARGERS
GRIDIRON PIZZA,1,GRIDIRON PIZZA-1,12,STEELERS
RabbleRouser,9,RabbleRouser-9,6,JAGUARS
ALL WE DO IS NGUYEN,2,ALL WE DO IS NGUYEN-2,22,CHARGERS
GRIFF BLAKE,1,GRIFF BLAKE-1,6,JAGUARS
RABIDMONKEYPIRATES,1,RABIDMONKEYPIRATES-1,22,CHARGERS
ALL WE DO IS NGUYEN,3,ALL WE DO IS NGUYEN-3,6,JAGUARS
GRIFF BLAKE,2,GRIFF BLAKE-2,20,LIONS
RABIDMONKEYPIRATES,2,RABIDMONKEYPIRATES-2,24,RAIDERS
ALL WE DO IS NGUYEN,4,ALL WE DO IS NGUYEN-4,22,CHARGERS
GRIFF BLAKE,3,GRIFF BLAKE-3,22,CHARGERS
RABIDMONKEYPIRATES,3,RABIDMONKEYPIRATES-3,20,LIONS
alldogsgotoheaven,1,alldogsgotoheaven-1,6,JAGUARS
GRIFFS PICK,1,GRIFFS PICK-1,6,JAGUARS
RABIDMONKEYPIRATES,4,RABIDMONKEYPIRATES-4,6,JAGUARS
ALLEN HILF,1,ALLEN HILF-1,12,STEELERS
GRIGGS REAL ESTATE,1,GRIGGS REAL ESTATE-1,12,STEELERS
RABIDMONKEYPIRATES,5,RABIDMONKEYPIRATES-5,6,JAGUARS
ALLEN HILF,10,ALLEN HILF-10,6,JAGUARS
GRIGGS REAL ESTATE,2,GRIGGS REAL ESTATE-2,22,CHARGERS
RABIDMONKEYPIRATES,6,RABIDMONKEYPIRATES-6,24,RAIDERS
ALLEN HILF,2,ALLEN HILF-2,12,STEELERS
GRILLEDCHICKENBREAST,1,GRILLEDCHICKENBREAST-1,6,JAGUARS
RACING BOLD,1,RACING BOLD-1,6,JAGUARS
ALLEN HILF,3,ALLEN HILF-3,12,STEELERS
GRILLEDCHICKENBREAST,2,GRILLEDCHICKENBREAST-2,6,JAGUARS
RACING BOLD,2,RACING BOLD-2,6,JAGUARS
ALLEN HILF,4,ALLEN HILF-4,12,STEELERS
GRILLEDCHICKENBREAST,3,GRILLEDCHICKENBREAST-3,12,STEELERS
RACING BOLD,3,RACING BOLD-3,12,STEELERS
ALLEN HILF,5,ALLEN HILF-5,12,STEELERS
GRILLEDCHICKENBREAST,4,GRILLEDCHICKENBREAST-4,12,STEELERS
RACING BOLD,4,RACING BOLD-4,12,STEELERS
ALLEN HILF,6,ALLEN HILF-6,26,EAGLES
GRILLEDCHICKENBREAST,5,GRILLEDCHICKENBREAST-5,12,STEELERS
RACING BOLD,5,RACING BOLD-5,22,CHARGERS
ALLEN HILF,7,ALLEN HILF-7,26,EAGLES
GRILLEDCHICKENBREAST,6,GRILLEDCHICKENBREAST-6,6,JAGUARS
RACING BOLD,6,RACING BOLD-6,22,CHARGERS
ALLEN HILF,8,ALLEN HILF-8,26,EAGLES
GRIN AND BEAR IT,1,GRIN AND BEAR IT-1,6,JAGUARS
RACING BOLD,7,RACING BOLD-7,26,EAGLES
ALLEN HILF,9,ALLEN HILF-9,26,EAGLES
GRIN AND BEAR IT,10,GRIN AND BEAR IT-10,6,JAGUARS
RADISH,1,RADISH-1,22,CHARGERS
ALLENGAMBLE,1,ALLENGAMBLE-1,22,CHARGERS
GRIN AND BEAR IT,2,GRIN AND BEAR IT-2,6,JAGUARS
RADISH,2,RADISH-2,22,CHARGERS
ALLENGAMBLE,10,ALLENGAMBLE-10,22,CHARGERS
GRIN AND BEAR IT,3,GRIN AND BEAR IT-3,22,CHARGERS
RADISH,3,RADISH-3,22,CHARGERS
ALLENGAMBLE,2,ALLENGAMBLE-2,22,CHARGERS
GRIN AND BEAR IT,4,GRIN AND BEAR IT-4,26,EAGLES
RADISH,4,RADISH-4,6,JAGUARS
ALLENGAMBLE,3,ALLENGAMBLE-3,22,CHARGERS
GRIN AND BEAR IT,5,GRIN AND BEAR IT-5,22,CHARGERS
RADISH,5,RADISH-5,6,JAGUARS
ALLENGAMBLE,4,ALLENGAMBLE-4,22,CHARGERS
GRIN AND BEAR IT,6,GRIN AND BEAR IT-6,22,CHARGERS
Rae Rae,1,Rae Rae-1,23,DOLPHINS
ALLENGAMBLE,5,ALLENGAMBLE-5,22,CHARGERS
GRIN AND BEAR IT,7,GRIN AND BEAR IT-7,22,CHARGERS
Rae Rae,10,Rae Rae-10,8,BENGALS
ALLENGAMBLE,6,ALLENGAMBLE-6,22,CHARGERS
GRIN AND BEAR IT,8,GRIN AND BEAR IT-8,20,LIONS
Rae Rae,2,Rae Rae-2,22,CHARGERS
ALLENGAMBLE,7,ALLENGAMBLE-7,22,CHARGERS
GRIN AND BEAR IT,9,GRIN AND BEAR IT-9,6,JAGUARS
Rae Rae,3,Rae Rae-3,6,JAGUARS
ALLENGAMBLE,8,ALLENGAMBLE-8,22,CHARGERS
GRIZ,1,GRIZ-1,6,JAGUARS
Rae Rae,4,Rae Rae-4,8,BENGALS
ALLENGAMBLE,9,ALLENGAMBLE-9,22,CHARGERS
GRIZ,2,GRIZ-2,22,CHARGERS
Rae Rae,5,Rae Rae-5,22,CHARGERS
ALLIGATOR18,1,ALLIGATOR18-1,22,CHARGERS
GRIZ,3,GRIZ-3,12,STEELERS
Rae Rae,6,Rae Rae-6,6,JAGUARS
ALLIGATOR18,10,ALLIGATOR18-10,6,JAGUARS
GRIZ,4,GRIZ-4,6,JAGUARS
Rae Rae,7,Rae Rae-7,8,BENGALS
ALLIGATOR18,2,ALLIGATOR18-2,22,CHARGERS
GRIZCAT,1,GRIZCAT-1,24,RAIDERS
Rae Rae,8,Rae Rae-8,6,JAGUARS
ALLIGATOR18,3,ALLIGATOR18-3,22,CHARGERS
GRIZCAT,2,GRIZCAT-2,22,CHARGERS
Rae Rae,9,Rae Rae-9,22,CHARGERS
ALLIGATOR18,4,ALLIGATOR18-4,22,CHARGERS
GRIZCAT,3,GRIZCAT-3,22,CHARGERS
RAGAMUFFIN81,1,RAGAMUFFIN81-1,6,JAGUARS
ALLIGATOR18,5,ALLIGATOR18-5,22,CHARGERS
GRIZCAT,4,GRIZCAT-4,6,JAGUARS
RAGAMUFFIN81,2,RAGAMUFFIN81-2,6,JAGUARS
ALLIGATOR18,6,ALLIGATOR18-6,6,JAGUARS
GRIZCAT,5,GRIZCAT-5,20,LIONS
RAGAMUFFIN81,3,RAGAMUFFIN81-3,18,TITANS
ALLIGATOR18,7,ALLIGATOR18-7,6,JAGUARS
GRIZCAT,6,GRIZCAT-6,22,CHARGERS
RAGAMUFFIN81,4,RAGAMUFFIN81-4,26,EAGLES
ALLIGATOR18,8,ALLIGATOR18-8,6,JAGUARS
GRIZCAT,7,GRIZCAT-7,22,CHARGERS
RAGING NAMES SLUGS,1,RAGING NAMES SLUGS-1,22,CHARGERS
ALLIGATOR18,9,ALLIGATOR18-9,6,JAGUARS
GROOMSMEN7,1,GROOMSMEN7-1,22,CHARGERS
RAGTAGS,1,RAGTAGS-1,12,STEELERS
ALLITTAKESISONE,1,ALLITTAKESISONE-1,6,JAGUARS
GROOMSMEN7,2,GROOMSMEN7-2,22,CHARGERS
RAIDER HAT,1,RAIDER HAT-1,12,STEELERS
ALLITTAKESISONE,2,ALLITTAKESISONE-2,12,STEELERS
GROOMSMEN7,3,GROOMSMEN7-3,6,JAGUARS
RAIDER NATION,1,RAIDER NATION-1,22,CHARGERS
ALLLORGE,1,ALLLORGE-1,12,STEELERS
GROOMSMEN7,4,GROOMSMEN7-4,6,JAGUARS
RAIDER NATION,2,RAIDER NATION-2,26,EAGLES
ALLRED206,1,ALLRED206-1,20,LIONS
GROOMSMEN7,5,GROOMSMEN7-5,22,CHARGERS
RAIDERJIMMY,1,RAIDERJIMMY-1,24,RAIDERS
ALLRED206,2,ALLRED206-2,22,CHARGERS
GROUNDHOGDAY,1,GROUNDHOGDAY-1,12,STEELERS
RaiderQueen97,1,RaiderQueen97-1,6,JAGUARS
ALLRED206,3,ALLRED206-3,20,LIONS
Grown Ass Man,1,Grown Ass Man-1,22,CHARGERS
Raiders 66,1,Raiders 66-1,29,COWBOYS
ALLRED206,4,ALLRED206-4,22,CHARGERS
GRPchariot,1,GRPchariot-1,6,JAGUARS
Raiders 66,2,Raiders 66-2,6,JAGUARS
ALLRED206,5,ALLRED206-5,6,JAGUARS
GRPchariot,2,GRPchariot-2,12,STEELERS
Raiders 66,3,Raiders 66-3,8,BENGALS
ALLYBOURNE,1,ALLYBOURNE-1,6,JAGUARS
GRPchariot,3,GRPchariot-3,6,JAGUARS
RAIDERS HATER,1,RAIDERS HATER-1,22,CHARGERS
ALLYBOURNE,2,ALLYBOURNE-2,12,STEELERS
GRPchariot,4,GRPchariot-4,6,JAGUARS
RAIDERS HAWK,1,RAIDERS HAWK-1,12,STEELERS
ALLYBOURNE,3,ALLYBOURNE-3,6,JAGUARS
GRPchariot,5,GRPchariot-5,22,CHARGERS
RAIDERS HAWK,2,RAIDERS HAWK-2,22,CHARGERS
ALMOST COVERED,1,ALMOST COVERED-1,22,CHARGERS
GRPWINS,1,GRPWINS-1,12,STEELERS
RAIDERS HAWK,3,RAIDERS HAWK-3,6,JAGUARS
ALMOST COVERED,2,ALMOST COVERED-2,6,JAGUARS
GRPWINS,2,GRPWINS-2,24,RAIDERS
RAIDERT_213,1,RAIDERT_213-1,6,JAGUARS
ALMOST COVERED,3,ALMOST COVERED-3,24,RAIDERS
GRPWINS,3,GRPWINS-3,26,EAGLES
RAIDERT_213,2,RAIDERT_213-2,20,LIONS
ALMOST PURFICT,1,ALMOST PURFICT-1,6,JAGUARS
GRPWINS,4,GRPWINS-4,6,JAGUARS
RAILERS2026,1,RAILERS2026-1,12,STEELERS
ALOHA INDY,1,ALOHA INDY-1,12,STEELERS
GRPWINS,5,GRPWINS-5,22,CHARGERS
RAILERS2026,2,RAILERS2026-2,22,CHARGERS
ALOHA INDY,2,ALOHA INDY-2,12,STEELERS
GRYZNX,1,GRYZNX-1,22,CHARGERS
Raindrop Red,1,Raindrop Red-1,22,CHARGERS
ALOHA INDY,3,ALOHA INDY-3,6,JAGUARS
GRYZNX,10,GRYZNX-10,6,JAGUARS
RAINMAKERS,1,RAINMAKERS-1,22,CHARGERS
ALOHA INDY,4,ALOHA INDY-4,6,JAGUARS
GRYZNX,2,GRYZNX-2,22,CHARGERS
RAINMAKERS,2,RAINMAKERS-2,22,CHARGERS
ALOHA INDY,5,ALOHA INDY-5,22,CHARGERS
GRYZNX,3,GRYZNX-3,22,CHARGERS
RAINMAKERS,3,RAINMAKERS-3,6,JAGUARS
ALOHA INDY,6,ALOHA INDY-6,12,STEELERS
GRYZNX,4,GRYZNX-4,22,CHARGERS
RAINMAKERS,4,RAINMAKERS-4,6,JAGUARS
ALWAYS7DOWN7SEVEN7,1,ALWAYS7DOWN7SEVEN7-1,6,JAGUARS
GRYZNX,5,GRYZNX-5,24,RAIDERS
RAINMAKERS,5,RAINMAKERS-5,20,LIONS
Alysheba,1,Alysheba-1,12,STEELERS
GRYZNX,6,GRYZNX-6,22,CHARGERS
RAJUN CAJUNS,1,RAJUN CAJUNS-1,6,JAGUARS
Alysheba,2,Alysheba-2,9,RAVENS
GRYZNX,7,GRYZNX-7,6,JAGUARS
Ralphie Ole,1,Ralphie Ole-1,6,JAGUARS
Amal Shah,1,Amal Shah-1,24,RAIDERS
GRYZNX,8,GRYZNX-8,6,JAGUARS
RALPHIE,1,RALPHIE-1,22,CHARGERS
AMARILLO BY MORNING,1,AMARILLO BY MORNING-1,6,JAGUARS
GRYZNX,9,GRYZNX-9,6,JAGUARS
RALPHIE,2,RALPHIE-2,24,RAIDERS
AMARILLO BY MORNING,2,AMARILLO BY MORNING-2,12,STEELERS
gs don't dance,1,gs don't dance-1,6,JAGUARS
RALPHIE,3,RALPHIE-3,6,JAGUARS
AMATO123,1,AMATO123-1,6,JAGUARS
gtg team,1,gtg team-1,26,EAGLES
RAMBASSADOR,1,RAMBASSADOR-1,6,JAGUARS
AMATO123,2,AMATO123-2,6,JAGUARS
gtg team,10,gtg team-10,26,EAGLES
RAMBLEN SHOOT,1,RAMBLEN SHOOT-1,6,JAGUARS
AMATO123,3,AMATO123-3,6,JAGUARS
gtg team,2,gtg team-2,26,EAGLES
RAMBLEN SHOOT,2,RAMBLEN SHOOT-2,20,LIONS
AMATO123,4,AMATO123-4,6,JAGUARS
gtg team,3,gtg team-3,26,EAGLES
RAMBLEN SHOOT,3,RAMBLEN SHOOT-3,22,CHARGERS
AMAX11,1,AMAX11-1,24,RAIDERS
gtg team,4,gtg team-4,26,EAGLES
RAMBLIN AND GAMBLIN,1,RAMBLIN AND GAMBLIN-1,6,JAGUARS
AMAX11,2,AMAX11-2,22,CHARGERS
gtg team,5,gtg team-5,26,EAGLES
RAMBLIN AND GAMBLIN,10,RAMBLIN AND GAMBLIN-10,26,EAGLES
AMAX11,3,AMAX11-3,22,CHARGERS
gtg team,6,gtg team-6,26,EAGLES
RAMBLIN AND GAMBLIN,2,RAMBLIN AND GAMBLIN-2,6,JAGUARS
AMAZING ARMY,1,AMAZING ARMY-1,6,JAGUARS
gtg team,7,gtg team-7,26,EAGLES
RAMBLIN AND GAMBLIN,3,RAMBLIN AND GAMBLIN-3,6,JAGUARS
AMAZING ARMY,2,AMAZING ARMY-2,12,STEELERS
gtg team,8,gtg team-8,26,EAGLES
RAMBLIN AND GAMBLIN,4,RAMBLIN AND GAMBLIN-4,6,JAGUARS
AMD,1,AMD-1,6,JAGUARS
gtg team,9,gtg team-9,26,EAGLES
RAMBLIN AND GAMBLIN,5,RAMBLIN AND GAMBLIN-5,6,JAGUARS
AMD,2,AMD-2,22,CHARGERS
GTM 99,1,GTM 99-1,6,JAGUARS
RAMBLIN AND GAMBLIN,6,RAMBLIN AND GAMBLIN-6,26,EAGLES
AMERICA'S GUEST,1,AMERICA'S GUEST-1,22,CHARGERS
GTM 99,2,GTM 99-2,22,CHARGERS
RAMBLIN AND GAMBLIN,7,RAMBLIN AND GAMBLIN-7,26,EAGLES
AMERICAN CITIZEN,1,AMERICAN CITIZEN-1,22,CHARGERS
GTM 99,3,GTM 99-3,22,CHARGERS
RAMBLIN AND GAMBLIN,8,RAMBLIN AND GAMBLIN-8,26,EAGLES
AMERICAN HOG IX,1,AMERICAN HOG IX-1,6,JAGUARS
GTOWN FOOTBALL,1,GTOWN FOOTBALL-1,6,JAGUARS
RAMBLIN AND GAMBLIN,9,RAMBLIN AND GAMBLIN-9,26,EAGLES
AMERICAN HOG IX,2,AMERICAN HOG IX-2,20,LIONS
GUAPO2017!,1,GUAPO2017!-1,22,CHARGERS
RAMBLIN'GAMBLIN'MAN,1,RAMBLIN'GAMBLIN'MAN-1,24,RAIDERS
AMERICAN HOG IX,3,AMERICAN HOG IX-3,24,RAIDERS
GUAPO2017!,2,GUAPO2017!-2,6,JAGUARS
RAMBLIN'GAMBLIN'MAN,2,RAMBLIN'GAMBLIN'MAN-2,24,RAIDERS
AMERICAN HOG IX,4,AMERICAN HOG IX-4,22,CHARGERS
GUAR,1,GUAR-1,22,CHARGERS
RAMBLIN'GAMBLIN'MAN,3,RAMBLIN'GAMBLIN'MAN-3,12,STEELERS
AMERICANFLYER,1,AMERICANFLYER-1,26,EAGLES
GUAYOGAMING20,1,GUAYOGAMING20-1,12,STEELERS
RAMBLIN'GAMBLIN'MAN,4,RAMBLIN'GAMBLIN'MAN-4,12,STEELERS
AMERICANFLYER,2,AMERICANFLYER-2,6,JAGUARS
GUINESVILLE BOY,1,GUINESVILLE BOY-1,22,CHARGERS
RAMBLIN'GAMBLIN'MAN,5,RAMBLIN'GAMBLIN'MAN-5,22,CHARGERS
AMERICANFLYER,3,AMERICANFLYER-3,12,STEELERS
GUINESVILLE BOY,2,GUINESVILLE BOY-2,18,TITANS
RAMBLIN'GAMBLIN'MAN,6,RAMBLIN'GAMBLIN'MAN-6,22,CHARGERS
AMERICANFLYER,4,AMERICANFLYER-4,6,JAGUARS
GUL DUKAT,1,GUL DUKAT-1,22,CHARGERS
RAMBLIN'GAMBLIN'MAN,7,RAMBLIN'GAMBLIN'MAN-7,22,CHARGERS
AMIRLAILA,1,AMIRLAILA-1,2,SEAHAWKS
GUL DUKAT,10,GUL DUKAT-10,18,TITANS
RAMBLIN'GAMBLIN'MAN,8,RAMBLIN'GAMBLIN'MAN-8,12,STEELERS
AMIRLAILA,10,AMIRLAILA-10,24,RAIDERS
GUL DUKAT,2,GUL DUKAT-2,22,CHARGERS
RAMDRY,1,RAMDRY-1,22,CHARGERS
AMIRLAILA,2,AMIRLAILA-2,4,RAMS
GUL DUKAT,3,GUL DUKAT-3,6,JAGUARS
RAMDRY,2,RAMDRY-2,6,JAGUARS
AMIRLAILA,3,AMIRLAILA-3,22,CHARGERS
GUL DUKAT,4,GUL DUKAT-4,6,JAGUARS
RAMDRY,3,RAMDRY-3,22,CHARGERS
AMIRLAILA,4,AMIRLAILA-4,22,CHARGERS
GUL DUKAT,5,GUL DUKAT-5,12,STEELERS
RAMROD44,1,RAMROD44-1,12,STEELERS
AMIRLAILA,5,AMIRLAILA-5,12,STEELERS
GUL DUKAT,6,GUL DUKAT-6,12,STEELERS
RAMROD44,2,RAMROD44-2,26,EAGLES
AMIRLAILA,6,AMIRLAILA-6,26,EAGLES
GUL DUKAT,7,GUL DUKAT-7,12,STEELERS
RAMS4LYFE,1,RAMS4LYFE-1,22,CHARGERS
AMIRLAILA,7,AMIRLAILA-7,5,BROWNS
GUL DUKAT,8,GUL DUKAT-8,24,RAIDERS
RAMSFAN#1,1,RAMSFAN#1-1,22,CHARGERS
AMIRLAILA,8,AMIRLAILA-8,20,LIONS
GUL DUKAT,9,GUL DUKAT-9,24,RAIDERS
RAMSFAN#1,2,RAMSFAN#1-2,6,JAGUARS
AMIRLAILA,9,AMIRLAILA-9,32,CHIEFS
GUMBY 23,1,GUMBY 23-1,6,JAGUARS
Ran's Moneyline,1,Ran's Moneyline-1,22,CHARGERS
AMO 2,1,AMO 2-1,15,BEARS
GUnit_81,1,GUnit_81-1,12,STEELERS
Ran's Moneyline,10,Ran's Moneyline-10,12,STEELERS
AMP Squad,1,AMP Squad-1,24,RAIDERS
GUNNER6SFFD,1,GUNNER6SFFD-1,26,EAGLES
Ran's Moneyline,2,Ran's Moneyline-2,6,JAGUARS
AMP Squad,10,AMP Squad-10,26,EAGLES
guns up ttu,1,guns up ttu-1,24,RAIDERS
Ran's Moneyline,3,Ran's Moneyline-3,6,JAGUARS
AMP Squad,2,AMP Squad-2,24,RAIDERS
GURGS 222,1,GURGS 222-1,1,PATRIOTS
Ran's Moneyline,4,Ran's Moneyline-4,12,STEELERS
AMP Squad,3,AMP Squad-3,12,STEELERS
GURGS 222,2,GURGS 222-2,20,LIONS
Ran's Moneyline,5,Ran's Moneyline-5,22,CHARGERS
AMP Squad,4,AMP Squad-4,6,JAGUARS
GURGS 222,3,GURGS 222-3,9,RAVENS
Ran's Moneyline,6,Ran's Moneyline-6,6,JAGUARS
AMP Squad,5,AMP Squad-5,22,CHARGERS
GURGS 222,4,GURGS 222-4,28,VIKINGS
Ran's Moneyline,7,Ran's Moneyline-7,22,CHARGERS
AMP Squad,6,AMP Squad-6,20,LIONS
GURGS 222,5,GURGS 222-5,28,VIKINGS
Ran's Moneyline,8,Ran's Moneyline-8,12,STEELERS
AMP Squad,7,AMP Squad-7,17,JETS
GURGS 222,6,GURGS 222-6,6,JAGUARS
Ran's Moneyline,9,Ran's Moneyline-9,12,STEELERS
AMP Squad,8,AMP Squad-8,6,JAGUARS
Gurgs1125,1,Gurgs1125-1,6,JAGUARS
RANDOMLUCK,1,RANDOMLUCK-1,6,JAGUARS
AMP Squad,9,AMP Squad-9,22,CHARGERS
GURKA,1,GURKA-1,22,CHARGERS
RANDOMPIX,1,RANDOMPIX-1,12,STEELERS
AMS57,1,AMS57-1,22,CHARGERS
GURKA,2,GURKA-2,22,CHARGERS
RANDOMPIX,2,RANDOMPIX-2,6,JAGUARS
AMS57,2,AMS57-2,6,JAGUARS
GURKA,3,GURKA-3,22,CHARGERS
RANDOMPIX,3,RANDOMPIX-3,22,CHARGERS
amvchies,1,amvchies-1,24,RAIDERS
GURKA,4,GURKA-4,22,CHARGERS
RANDY,1,RANDY-1,22,CHARGERS
amvchies,2,amvchies-2,7,BUCS
GURKA,5,GURKA-5,6,JAGUARS
RANDY,2,RANDY-2,12,STEELERS
amvchies,3,amvchies-3,22,CHARGERS
GURLZ100,1,GURLZ100-1,22,CHARGERS
RANDY5465,1,RANDY5465-1,22,CHARGERS
AMY'S ANGELS,1,AMY'S ANGELS-1,26,EAGLES
GUS,1,GUS-1,22,CHARGERS
RANGERS1499,1,RANGERS1499-1,22,CHARGERS
AMY'S ANGELS,2,AMY'S ANGELS-2,6,JAGUARS
GUS,2,GUS-2,6,JAGUARS
raoul's dukes,1,raoul's dukes-1,12,STEELERS
AMY'S ANGELS,3,AMY'S ANGELS-3,12,STEELERS
GUSSY BALLOONS,1,GUSSY BALLOONS-1,6,JAGUARS
RAPINI,1,RAPINI-1,6,JAGUARS
AMYBEAU,1,AMYBEAU-1,12,STEELERS
GUT INSTINCT,1,GUT INSTINCT-1,24,RAIDERS
RAPINI,2,RAPINI-2,6,JAGUARS
AMYBEAU,2,AMYBEAU-2,22,CHARGERS
GUT INSTINCT,2,GUT INSTINCT-2,6,JAGUARS
RAPINI,3,RAPINI-3,6,JAGUARS
AMYBEAU,3,AMYBEAU-3,6,JAGUARS
GUT INSTINCT,3,GUT INSTINCT-3,12,STEELERS
RAPINI,4,RAPINI-4,22,CHARGERS
AMYBEAU,4,AMYBEAU-4,6,JAGUARS
GUT INSTINCT,4,GUT INSTINCT-4,6,JAGUARS
Rapto,1,Rapto-1,12,STEELERS
AMYBEAU,5,AMYBEAU-5,6,JAGUARS
GUT INSTINCT,5,GUT INSTINCT-5,22,CHARGERS
Rapto,10,Rapto-10,22,CHARGERS
AMYSTICKETS,1,AMYSTICKETS-1,6,JAGUARS
GUT INSTINCT,6,GUT INSTINCT-6,6,JAGUARS
Rapto,2,Rapto-2,12,STEELERS
AMYSTICKETS,2,AMYSTICKETS-2,6,JAGUARS
GUTCHECK,1,GUTCHECK-1,12,STEELERS
Rapto,3,Rapto-3,24,RAIDERS
AMYSTICKETS,3,AMYSTICKETS-3,6,JAGUARS
GUTCHECK,2,GUTCHECK-2,6,JAGUARS
Rapto,4,Rapto-4,8,BENGALS
AMYSTICKETS,4,AMYSTICKETS-4,6,JAGUARS
GUTCHECK,3,GUTCHECK-3,12,STEELERS
Rapto,5,Rapto-5,6,JAGUARS
AMYSTICKETS,5,AMYSTICKETS-5,6,JAGUARS
GUTCHECK,4,GUTCHECK-4,22,CHARGERS
Rapto,6,Rapto-6,6,JAGUARS
ANALYTICS DEBT,1,ANALYTICS DEBT-1,12,STEELERS
GUTSHOT13,1,GUTSHOT13-1,22,CHARGERS
Rapto,7,Rapto-7,24,RAIDERS
ANAPASCAL,1,ANAPASCAL-1,9,RAVENS
GUTSHOT13,10,GUTSHOT13-10,22,CHARGERS
Rapto,8,Rapto-8,12,STEELERS
ANAPASCAL,10,ANAPASCAL-10,26,EAGLES
GUTSHOT13,2,GUTSHOT13-2,22,CHARGERS
Rapto,9,Rapto-9,8,BENGALS
ANAPASCAL,2,ANAPASCAL-2,26,EAGLES
GUTSHOT13,3,GUTSHOT13-3,22,CHARGERS
RARA7,1,RARA7-1,22,CHARGERS
ANAPASCAL,3,ANAPASCAL-3,26,EAGLES
GUTSHOT13,4,GUTSHOT13-4,22,CHARGERS
RASOR'S EDGE,1,RASOR'S EDGE-1,26,EAGLES
ANAPASCAL,4,ANAPASCAL-4,9,RAVENS
GUTSHOT13,5,GUTSHOT13-5,22,CHARGERS
RASOR'S EDGE,10,RASOR'S EDGE-10,6,JAGUARS
ANAPASCAL,5,ANAPASCAL-5,26,EAGLES
GUTSHOT13,6,GUTSHOT13-6,22,CHARGERS
RASOR'S EDGE,2,RASOR'S EDGE-2,29,COWBOYS
ANAPASCAL,6,ANAPASCAL-6,9,RAVENS
GUTSHOT13,7,GUTSHOT13-7,22,CHARGERS
RASOR'S EDGE,3,RASOR'S EDGE-3,20,LIONS
ANAPASCAL,7,ANAPASCAL-7,9,RAVENS
GUTSHOT13,8,GUTSHOT13-8,22,CHARGERS
RASOR'S EDGE,4,RASOR'S EDGE-4,22,CHARGERS
ANAPASCAL,8,ANAPASCAL-8,9,RAVENS
GUTSHOT13,9,GUTSHOT13-9,22,CHARGERS
RASOR'S EDGE,5,RASOR'S EDGE-5,9,RAVENS
ANAPASCAL,9,ANAPASCAL-9,9,RAVENS
guys being dudes,1,guys being dudes-1,6,JAGUARS
RASOR'S EDGE,6,RASOR'S EDGE-6,24,RAIDERS
ANDDONTCALLMEPALI,1,ANDDONTCALLMEPALI-1,24,RAIDERS
GUYS GUYS,1,GUYS GUYS-1,15,BEARS
RASOR'S EDGE,7,RASOR'S EDGE-7,22,CHARGERS
ANDDONTCALLMEPALI,2,ANDDONTCALLMEPALI-2,24,RAIDERS
GUYS GUYS,10,GUYS GUYS-10,6,JAGUARS
RASOR'S EDGE,8,RASOR'S EDGE-8,22,CHARGERS
ANDTHEN,1,ANDTHEN-1,22,CHARGERS
GUYS GUYS,2,GUYS GUYS-2,29,COWBOYS
RASOR'S EDGE,9,RASOR'S EDGE-9,6,JAGUARS
ANDTHEN,2,ANDTHEN-2,22,CHARGERS
GUYS GUYS,3,GUYS GUYS-3,26,EAGLES
RASS6869,1,RASS6869-1,22,CHARGERS
ANDTHEN,3,ANDTHEN-3,22,CHARGERS
GUYS GUYS,4,GUYS GUYS-4,20,LIONS
RASS6869,2,RASS6869-2,22,CHARGERS
ANDTHEN,4,ANDTHEN-4,6,JAGUARS
GUYS GUYS,5,GUYS GUYS-5,12,STEELERS
RASS6869,3,RASS6869-3,6,JAGUARS
ANDTHEN,5,ANDTHEN-5,6,JAGUARS
GUYS GUYS,6,GUYS GUYS-6,12,STEELERS
RASS6869,4,RASS6869-4,6,JAGUARS
ANDTHEN,6,ANDTHEN-6,24,RAIDERS
GUYS GUYS,7,GUYS GUYS-7,22,CHARGERS
RASS6869,5,RASS6869-5,6,JAGUARS
Andy Dokota,1,Andy Dokota-1,22,CHARGERS
GUYS GUYS,8,GUYS GUYS-8,22,CHARGERS
RASS6869,6,RASS6869-6,6,JAGUARS
Andy Dokota,10,Andy Dokota-10,12,STEELERS
GUYS GUYS,9,GUYS GUYS-9,6,JAGUARS
RASS6869,7,RASS6869-7,12,STEELERS
Andy Dokota,2,Andy Dokota-2,22,CHARGERS
GVANNA,1,GVANNA-1,6,JAGUARS
RASS6869,8,RASS6869-8,12,STEELERS
Andy Dokota,3,Andy Dokota-3,22,CHARGERS
GVANNA,2,GVANNA-2,22,CHARGERS
RASS6869,9,RASS6869-9,24,RAIDERS
Andy Dokota,4,Andy Dokota-4,22,CHARGERS
GW-WOLF,1,GW-WOLF-1,6,JAGUARS
RAT MAN,1,RAT MAN-1,22,CHARGERS
Andy Dokota,5,Andy Dokota-5,22,CHARGERS
GW-WOLF,2,GW-WOLF-2,22,CHARGERS
RAT MAN,2,RAT MAN-2,6,JAGUARS
Andy Dokota,6,Andy Dokota-6,12,STEELERS
GWH,1,GWH-1,6,JAGUARS
RAT MAN,3,RAT MAN-3,24,RAIDERS
Andy Dokota,7,Andy Dokota-7,12,STEELERS
GWH,10,GWH-10,6,JAGUARS
RAT PACK JV,1,RAT PACK JV-1,6,JAGUARS
Andy Dokota,8,Andy Dokota-8,12,STEELERS
GWH,2,GWH-2,6,JAGUARS
Rat Pack,1,Rat Pack-1,6,JAGUARS
Andy Dokota,9,Andy Dokota-9,12,STEELERS
GWH,3,GWH-3,6,JAGUARS
Ravens 89,1,Ravens 89-1,22,CHARGERS
Andy's Fire Pizza,1,Andy's Fire Pizza-1,26,EAGLES
GWH,4,GWH-4,6,JAGUARS
Ravens 89,2,Ravens 89-2,22,CHARGERS
ANDYB62157,1,ANDYB62157-1,6,JAGUARS
GWH,5,GWH-5,6,JAGUARS
Ravens 89,3,Ravens 89-3,20,LIONS
ANDYB62157,2,ANDYB62157-2,22,CHARGERS
GWH,6,GWH-6,6,JAGUARS
Ravens 89,4,Ravens 89-4,20,LIONS
ANGEL WINGS,1,ANGEL WINGS-1,26,EAGLES
GWH,7,GWH-7,6,JAGUARS
Ravens 89,5,Ravens 89-5,6,JAGUARS
ANGEL WINGS,2,ANGEL WINGS-2,6,JAGUARS
GWH,8,GWH-8,6,JAGUARS
RAY CASH,1,RAY CASH-1,12,STEELERS
ANGELEYES 1073,1,ANGELEYES 1073-1,6,JAGUARS
GWH,9,GWH-9,6,JAGUARS
Ray Jonovan,1,Ray Jonovan-1,20,LIONS
ANGELEYES 1073,2,ANGELEYES 1073-2,6,JAGUARS
gyrogie,1,gyrogie-1,22,CHARGERS
Ray Jonovan,2,Ray Jonovan-2,6,JAGUARS
ANGELEYES 1073,3,ANGELEYES 1073-3,12,STEELERS
gyrogie,2,gyrogie-2,12,STEELERS
RAY RAY 777,1,RAY RAY 777-1,6,JAGUARS
ANGIE ANGIE,1,ANGIE ANGIE-1,12,STEELERS
gyrogie,3,gyrogie-3,12,STEELERS
rayboogie,1,rayboogie-1,17,JETS
ANGIE ANGIE,10,ANGIE ANGIE-10,12,STEELERS
H TOWN,1,H TOWN-1,22,CHARGERS
RAZOR RAMON,1,RAZOR RAMON-1,6,JAGUARS
ANGIE ANGIE,2,ANGIE ANGIE-2,12,STEELERS
H-Bomb,1,H-Bomb-1,22,CHARGERS
RAZOR RAMON,2,RAZOR RAMON-2,22,CHARGERS
ANGIE ANGIE,3,ANGIE ANGIE-3,12,STEELERS
H-Bomb,2,H-Bomb-2,22,CHARGERS
RAZORBACKS NATIONAL,1,RAZORBACKS NATIONAL-1,6,JAGUARS
ANGIE ANGIE,4,ANGIE ANGIE-4,12,STEELERS
H-Bomb,3,H-Bomb-3,6,JAGUARS
RAZORSEDGE,1,RAZORSEDGE-1,20,LIONS
ANGIE ANGIE,5,ANGIE ANGIE-5,12,STEELERS
H-TOWN HUSTLERS,1,H-TOWN HUSTLERS-1,22,CHARGERS
RAZORSEDGE,10,RAZORSEDGE-10,20,LIONS
ANGIE ANGIE,6,ANGIE ANGIE-6,12,STEELERS
H-TOWN-TEXANS,1,H-TOWN-TEXANS-1,6,JAGUARS
RAZORSEDGE,2,RAZORSEDGE-2,20,LIONS
ANGIE ANGIE,7,ANGIE ANGIE-7,12,STEELERS
H-TOWN-TEXANS,2,H-TOWN-TEXANS-2,20,LIONS
RAZORSEDGE,3,RAZORSEDGE-3,20,LIONS
ANGIE ANGIE,8,ANGIE ANGIE-8,12,STEELERS
H-TOWN-TEXANS,3,H-TOWN-TEXANS-3,12,STEELERS
RAZORSEDGE,4,RAZORSEDGE-4,20,LIONS
ANGIE ANGIE,9,ANGIE ANGIE-9,12,STEELERS
H4MMERS,1,H4MMERS-1,6,JAGUARS
RAZORSEDGE,5,RAZORSEDGE-5,20,LIONS
ANGIE,1,ANGIE-1,22,CHARGERS
H4MMERS,10,H4MMERS-10,6,JAGUARS
RAZORSEDGE,6,RAZORSEDGE-6,20,LIONS
ANGIE,2,ANGIE-2,22,CHARGERS
H4MMERS,2,H4MMERS-2,6,JAGUARS
RAZORSEDGE,7,RAZORSEDGE-7,20,LIONS
ANGIE,3,ANGIE-3,6,JAGUARS
H4MMERS,3,H4MMERS-3,6,JAGUARS
RAZORSEDGE,8,RAZORSEDGE-8,20,LIONS
ANGIE,4,ANGIE-4,6,JAGUARS
H4MMERS,4,H4MMERS-4,26,EAGLES
RAZORSEDGE,9,RAZORSEDGE-9,20,LIONS
ANGIE,5,ANGIE-5,6,JAGUARS
H4MMERS,5,H4MMERS-5,6,JAGUARS
RAZORTENN,1,RAZORTENN-1,8,BENGALS
ANGIE,6,ANGIE-6,22,CHARGERS
H4MMERS,6,H4MMERS-6,22,CHARGERS
RAZORTENN,2,RAZORTENN-2,6,JAGUARS
Angiotripps,1,Angiotripps-1,22,CHARGERS
H4MMERS,7,H4MMERS-7,22,CHARGERS
RB2026B0,1,RB2026B0-1,26,EAGLES
Angiotripps,2,Angiotripps-2,6,JAGUARS
H4MMERS,8,H4MMERS-8,20,LIONS
RBF,1,RBF-1,22,CHARGERS
Angiotripps,3,Angiotripps-3,6,JAGUARS
H4MMERS,9,H4MMERS-9,6,JAGUARS
rbsn inc,1,rbsn inc-1,22,CHARGERS
Angiotripps,4,Angiotripps-4,12,STEELERS
H82LOSE,1,H82LOSE-1,22,CHARGERS
rbsn inc,2,rbsn inc-2,6,JAGUARS
ANGRY BIRD 88,1,ANGRY BIRD 88-1,6,JAGUARS
HAC,1,HAC-1,6,JAGUARS
RCJH,1,RCJH-1,6,JAGUARS
ANGRY BIRD 88,10,ANGRY BIRD 88-10,22,CHARGERS
HAC,2,HAC-2,6,JAGUARS
RCMAC#1,1,RCMAC#1-1,22,CHARGERS
ANGRY BIRD 88,2,ANGRY BIRD 88-2,6,JAGUARS
HAC,3,HAC-3,20,LIONS
RCMAC#1,2,RCMAC#1-2,6,JAGUARS
ANGRY BIRD 88,3,ANGRY BIRD 88-3,6,JAGUARS
HAC,4,HAC-4,20,LIONS
RCMAC#1,3,RCMAC#1-3,12,STEELERS
ANGRY BIRD 88,4,ANGRY BIRD 88-4,6,JAGUARS
HADDONUGH,1,HADDONUGH-1,22,CHARGERS
RCMAC#1,4,RCMAC#1-4,22,CHARGERS
ANGRY BIRD 88,5,ANGRY BIRD 88-5,6,JAGUARS
HAIK'S TEAM,1,HAIK'S TEAM-1,6,JAGUARS
RCMAC#1,5,RCMAC#1-5,22,CHARGERS
ANGRY BIRD 88,6,ANGRY BIRD 88-6,22,CHARGERS
HAIK'S TEAM,2,HAIK'S TEAM-2,6,JAGUARS
RCMAC#1,6,RCMAC#1-6,20,LIONS
ANGRY BIRD 88,7,ANGRY BIRD 88-7,22,CHARGERS
HAIK'S TEAM,3,HAIK'S TEAM-3,6,JAGUARS
RCMAC#1,7,RCMAC#1-7,22,CHARGERS
ANGRY BIRD 88,8,ANGRY BIRD 88-8,22,CHARGERS
HAIK'S TEAM,4,HAIK'S TEAM-4,22,CHARGERS
rcsport,1,rcsport-1,6,JAGUARS
ANGRY BIRD 88,9,ANGRY BIRD 88-9,22,CHARGERS
HAIL MARY,1,HAIL MARY-1,6,JAGUARS
rcsport,2,rcsport-2,6,JAGUARS
ANGRYIRISHJ3w,1,ANGRYIRISHJ3w-1,22,CHARGERS
HAIL MARY,2,HAIL MARY-2,6,JAGUARS
RDEE,1,RDEE-1,26,EAGLES
ANGRYIRISHJ3w,10,ANGRYIRISHJ3w-10,24,RAIDERS
HAIL TO PITT,1,HAIL TO PITT-1,6,JAGUARS
RDEE,2,RDEE-2,22,CHARGERS
ANGRYIRISHJ3w,2,ANGRYIRISHJ3w-2,22,CHARGERS
HAIL TO PITT,2,HAIL TO PITT-2,12,STEELERS
RDEE,3,RDEE-3,12,STEELERS
ANGRYIRISHJ3w,3,ANGRYIRISHJ3w-3,22,CHARGERS
Half Heebs,1,Half Heebs-1,22,CHARGERS
RDEE,4,RDEE-4,6,JAGUARS
ANGRYIRISHJ3w,4,ANGRYIRISHJ3w-4,22,CHARGERS
Half Heebs,2,Half Heebs-2,12,STEELERS
RDEE,5,RDEE-5,22,CHARGERS
ANGRYIRISHJ3w,5,ANGRYIRISHJ3w-5,6,JAGUARS
Half Heebs,3,Half Heebs-3,22,CHARGERS
RDIC,1,RDIC-1,6,JAGUARS
ANGRYIRISHJ3w,6,ANGRYIRISHJ3w-6,6,JAGUARS
HALP,1,HALP-1,24,RAIDERS
RDIC,2,RDIC-2,6,JAGUARS
ANGRYIRISHJ3w,7,ANGRYIRISHJ3w-7,6,JAGUARS
HALP,10,HALP-10,20,LIONS
RDIC,3,RDIC-3,22,CHARGERS
ANGRYIRISHJ3w,8,ANGRYIRISHJ3w-8,24,RAIDERS
HALP,2,HALP-2,20,LIONS
RDIC,4,RDIC-4,12,STEELERS
ANGRYIRISHJ3w,9,ANGRYIRISHJ3w-9,24,RAIDERS
HALP,3,HALP-3,20,LIONS
RDLOWN,1,RDLOWN-1,6,JAGUARS
ANICHPHX,1,ANICHPHX-1,12,STEELERS
HALP,4,HALP-4,20,LIONS
RDLOWN,2,RDLOWN-2,6,JAGUARS
ANICHPHX,2,ANICHPHX-2,6,JAGUARS
HALP,5,HALP-5,20,LIONS
RDLOWN,3,RDLOWN-3,12,STEELERS
ANICHPHX,3,ANICHPHX-3,6,JAGUARS
HALP,6,HALP-6,20,LIONS
RDLOWN,4,RDLOWN-4,12,STEELERS
ANICHPHX,4,ANICHPHX-4,22,CHARGERS
HALP,7,HALP-7,20,LIONS
RDLOWN,5,RDLOWN-5,24,RAIDERS
ANICHPHX,5,ANICHPHX-5,22,CHARGERS
HALP,8,HALP-8,20,LIONS
RDLOWN,6,RDLOWN-6,12,STEELERS
ANICHPHX,6,ANICHPHX-6,26,EAGLES
HALP,9,HALP-9,20,LIONS
RDLOWN,7,RDLOWN-7,6,JAGUARS
ANICHPHX,7,ANICHPHX-7,12,STEELERS
HAM AND EGGER,1,HAM AND EGGER-1,6,JAGUARS
RDR81,1,RDR81-1,6,JAGUARS
Ankmachine525,1,Ankmachine525-1,6,JAGUARS
HAM AND EGGER,2,HAM AND EGGER-2,22,CHARGERS
RDR81,2,RDR81-2,12,STEELERS
Ankmachine525,2,Ankmachine525-2,22,CHARGERS
HAM AND EGGER,3,HAM AND EGGER-3,12,STEELERS
RDR81,3,RDR81-3,6,JAGUARS
ANNA-RYAN,1,ANNA-RYAN-1,22,CHARGERS
HAM SAMMICH,1,HAM SAMMICH-1,24,RAIDERS
RDR81,4,RDR81-4,20,LIONS
ANNOUNCER DREAM TEAM,1,ANNOUNCER DREAM TEAM-1,6,JAGUARS
HAMMA HEADZ,1,HAMMA HEADZ-1,12,STEELERS
RDR81,5,RDR81-5,12,STEELERS
ANNOUNCER DREAM TEAM,2,ANNOUNCER DREAM TEAM-2,22,CHARGERS
HAMMA HEADZ,2,HAMMA HEADZ-2,6,JAGUARS
READING MEATBALLS,1,READING MEATBALLS-1,22,CHARGERS
ANNOYED PIT BOSS,1,ANNOYED PIT BOSS-1,12,STEELERS
HAMMA HEADZ,3,HAMMA HEADZ-3,12,STEELERS
REAL AMERICAN,1,REAL AMERICAN-1,6,JAGUARS
ANNOYED PIT BOSS,2,ANNOYED PIT BOSS-2,6,JAGUARS
HAMMA HEADZ,4,HAMMA HEADZ-4,6,JAGUARS
REAL AMERICAN,10,REAL AMERICAN-10,12,STEELERS
ANONVO,1,ANONVO-1,9,RAVENS
HAMMA HEADZ,5,HAMMA HEADZ-5,22,CHARGERS
REAL AMERICAN,2,REAL AMERICAN-2,6,JAGUARS
Anonymous,1,Anonymous-1,6,JAGUARS
HAMMA HEADZ,6,HAMMA HEADZ-6,6,JAGUARS
REAL AMERICAN,3,REAL AMERICAN-3,6,JAGUARS
Anonymous,10,Anonymous-10,2,SEAHAWKS
HAMMER157,1,HAMMER157-1,22,CHARGERS
REAL AMERICAN,4,REAL AMERICAN-4,6,JAGUARS
Anonymous,2,Anonymous-2,6,JAGUARS
HANCHO,1,HANCHO-1,22,CHARGERS
REAL AMERICAN,5,REAL AMERICAN-5,6,JAGUARS
Anonymous,3,Anonymous-3,6,JAGUARS
HAND C 4 EVER,1,HAND C 4 EVER-1,6,JAGUARS
REAL AMERICAN,6,REAL AMERICAN-6,22,CHARGERS
Anonymous,4,Anonymous-4,6,JAGUARS
HANGOVER HUDDLE,1,HANGOVER HUDDLE-1,6,JAGUARS
REAL AMERICAN,7,REAL AMERICAN-7,22,CHARGERS
Anonymous,5,Anonymous-5,26,EAGLES
HANKAMUS,1,HANKAMUS-1,6,JAGUARS
REAL AMERICAN,8,REAL AMERICAN-8,20,LIONS
Anonymous,6,Anonymous-6,12,STEELERS
HANKSPAWRENTS,1,HANKSPAWRENTS-1,12,STEELERS
REAL AMERICAN,9,REAL AMERICAN-9,17,JETS
Anonymous,7,Anonymous-7,12,STEELERS
HanwhaFan,1,HanwhaFan-1,12,STEELERS
REAL BRO,1,REAL BRO-1,22,CHARGERS
Anonymous,8,Anonymous-8,22,CHARGERS
HanwhaFan,2,HanwhaFan-2,12,STEELERS
REAL BRO,10,REAL BRO-10,22,CHARGERS
Anonymous,9,Anonymous-9,2,SEAHAWKS
HanwhaFan,3,HanwhaFan-3,22,CHARGERS
REAL BRO,2,REAL BRO-2,22,CHARGERS
ANONYMOUS619,1,ANONYMOUS619-1,22,CHARGERS
HanwhaFan,4,HanwhaFan-4,22,CHARGERS
REAL BRO,3,REAL BRO-3,22,CHARGERS
ANONYMOUS619,2,ANONYMOUS619-2,22,CHARGERS
Haole Girl,1,Haole Girl-1,22,CHARGERS
REAL BRO,4,REAL BRO-4,22,CHARGERS
ANONYMOUS619,3,ANONYMOUS619-3,6,JAGUARS
Haole Girl,10,Haole Girl-10,6,JAGUARS
REAL BRO,5,REAL BRO-5,22,CHARGERS
ANONYMOUS619,4,ANONYMOUS619-4,6,JAGUARS
Haole Girl,2,Haole Girl-2,22,CHARGERS
REAL BRO,6,REAL BRO-6,22,CHARGERS
ANONYMOUS619,5,ANONYMOUS619-5,22,CHARGERS
Haole Girl,3,Haole Girl-3,22,CHARGERS
REAL BRO,7,REAL BRO-7,22,CHARGERS
ANONYMOUS619,6,ANONYMOUS619-6,20,LIONS
Haole Girl,4,Haole Girl-4,22,CHARGERS
REAL BRO,8,REAL BRO-8,22,CHARGERS
ANONYMOUS619,7,ANONYMOUS619-7,6,JAGUARS
Haole Girl,5,Haole Girl-5,22,CHARGERS
REAL BRO,9,REAL BRO-9,22,CHARGERS
ANSGAR2000,1,ANSGAR2000-1,22,CHARGERS
Haole Girl,6,Haole Girl-6,6,JAGUARS
REAL FRIENDZ,1,REAL FRIENDZ-1,20,LIONS
ANSGAR2000,10,ANSGAR2000-10,8,BENGALS
Haole Girl,7,Haole Girl-7,6,JAGUARS
REAL GADGE,1,REAL GADGE-1,22,CHARGERS
ANSGAR2000,2,ANSGAR2000-2,22,CHARGERS
Haole Girl,8,Haole Girl-8,6,JAGUARS
REAL GADGE,2,REAL GADGE-2,22,CHARGERS
ANSGAR2000,3,ANSGAR2000-3,22,CHARGERS
Haole Girl,9,Haole Girl-9,6,JAGUARS
REAL GADGE,3,REAL GADGE-3,22,CHARGERS
ANSGAR2000,4,ANSGAR2000-4,22,CHARGERS
HAPPY ENDING,1,HAPPY ENDING-1,6,JAGUARS
REAL GADGE,4,REAL GADGE-4,22,CHARGERS
ANSGAR2000,5,ANSGAR2000-5,6,JAGUARS
HAPPY ENDING,2,HAPPY ENDING-2,22,CHARGERS
REAL GADGE,5,REAL GADGE-5,12,STEELERS
ANSGAR2000,6,ANSGAR2000-6,6,JAGUARS
HAPPY THE LAB,1,HAPPY THE LAB-1,6,JAGUARS
REAL GADGE,6,REAL GADGE-6,12,STEELERS
ANSGAR2000,7,ANSGAR2000-7,6,JAGUARS
HAPPY THE LAB,2,HAPPY THE LAB-2,22,CHARGERS
REAL QUIET 2,1,REAL QUIET 2-1,22,CHARGERS
ANSGAR2000,8,ANSGAR2000-8,6,JAGUARS
HAPPY THE LAB,3,HAPPY THE LAB-3,12,STEELERS
REAL QUIET 2,2,REAL QUIET 2-2,6,JAGUARS
ANSGAR2000,9,ANSGAR2000-9,12,STEELERS
HAPPY,1,HAPPY-1,22,CHARGERS
REAL QUIET 2,3,REAL QUIET 2-3,12,STEELERS
anthonyconnelly,1,anthonyconnelly-1,6,JAGUARS
HAPPY,10,HAPPY-10,6,JAGUARS
REALMANSPORTS,1,REALMANSPORTS-1,22,CHARGERS
ANTI MASSAGE,1,ANTI MASSAGE-1,12,STEELERS
HAPPY,2,HAPPY-2,22,CHARGERS
REALMANSRETIREMENT,1,REALMANSRETIREMENT-1,26,EAGLES
ANTI MASSAGE,2,ANTI MASSAGE-2,22,CHARGERS
HAPPY,3,HAPPY-3,6,JAGUARS
REALMANSRETIREMENT,2,REALMANSRETIREMENT-2,6,JAGUARS
ANTI MASSAGE,3,ANTI MASSAGE-3,24,RAIDERS
HAPPY,4,HAPPY-4,6,JAGUARS
REALMANSRETIREMENT,3,REALMANSRETIREMENT-3,12,STEELERS
ANTI MASSAGE,4,ANTI MASSAGE-4,26,EAGLES
HAPPY,5,HAPPY-5,6,JAGUARS
REALMIKEZO,1,REALMIKEZO-1,22,CHARGERS
ANTMAN,1,ANTMAN-1,22,CHARGERS
HAPPY,6,HAPPY-6,6,JAGUARS
REALMIKEZO,10,REALMIKEZO-10,24,RAIDERS
ANTMAN,2,ANTMAN-2,6,JAGUARS
HAPPY,7,HAPPY-7,6,JAGUARS
REALMIKEZO,2,REALMIKEZO-2,22,CHARGERS
ANTMAN,3,ANTMAN-3,14,TEXANS
HAPPY,8,HAPPY-8,22,CHARGERS
REALMIKEZO,3,REALMIKEZO-3,22,CHARGERS
ANTMAN,4,ANTMAN-4,12,STEELERS
HAPPY,9,HAPPY-9,24,RAIDERS
REALMIKEZO,4,REALMIKEZO-4,6,JAGUARS
ANTMAN,5,ANTMAN-5,6,JAGUARS
HAPPYS,1,HAPPYS-1,6,JAGUARS
REALMIKEZO,5,REALMIKEZO-5,6,JAGUARS
ANTMAN,6,ANTMAN-6,20,LIONS
HAPPYS,10,HAPPYS-10,20,LIONS
REALMIKEZO,6,REALMIKEZO-6,6,JAGUARS
ANTMAN,7,ANTMAN-7,20,LIONS
HAPPYS,2,HAPPYS-2,6,JAGUARS
REALMIKEZO,7,REALMIKEZO-7,12,STEELERS
ANTMAN,8,ANTMAN-8,26,EAGLES
HAPPYS,3,HAPPYS-3,22,CHARGERS
REALMIKEZO,8,REALMIKEZO-8,12,STEELERS
ANTMAN,9,ANTMAN-9,6,JAGUARS
HAPPYS,4,HAPPYS-4,20,LIONS
REALMIKEZO,9,REALMIKEZO-9,24,RAIDERS
ANTONY-YO,1,ANTONY-YO-1,22,CHARGERS
HAPPYS,5,HAPPYS-5,12,STEELERS
REARDON METAL,1,REARDON METAL-1,22,CHARGERS
ANTONY-YO,10,ANTONY-YO-10,22,CHARGERS
HAPPYS,6,HAPPYS-6,22,CHARGERS
REARDON METAL,2,REARDON METAL-2,12,STEELERS
ANTONY-YO,2,ANTONY-YO-2,22,CHARGERS
HAPPYS,7,HAPPYS-7,22,CHARGERS
REARDON METAL,3,REARDON METAL-3,6,JAGUARS
ANTONY-YO,3,ANTONY-YO-3,22,CHARGERS
HAPPYS,8,HAPPYS-8,6,JAGUARS
REARDON METAL,4,REARDON METAL-4,24,RAIDERS
ANTONY-YO,4,ANTONY-YO-4,22,CHARGERS
HAPPYS,9,HAPPYS-9,12,STEELERS
RED BULLS,1,RED BULLS-1,12,STEELERS
ANTONY-YO,5,ANTONY-YO-5,22,CHARGERS
Harbor Boys,1,Harbor Boys-1,12,STEELERS
RED BULLS,2,RED BULLS-2,6,JAGUARS
ANTONY-YO,6,ANTONY-YO-6,22,CHARGERS
Harbor Boys,2,Harbor Boys-2,22,CHARGERS
RED BULLS,3,RED BULLS-3,6,JAGUARS
ANTONY-YO,7,ANTONY-YO-7,22,CHARGERS
Harbor Boys,3,Harbor Boys-3,12,STEELERS
RED BULLS,4,RED BULLS-4,6,JAGUARS
ANTONY-YO,8,ANTONY-YO-8,22,CHARGERS
HARCS HAWKS,1,HARCS HAWKS-1,26,EAGLES
RED BULLS,5,RED BULLS-5,6,JAGUARS
ANTONY-YO,9,ANTONY-YO-9,22,CHARGERS
HARCS HAWKS,10,HARCS HAWKS-10,12,STEELERS
RED DOG,1,RED DOG-1,6,JAGUARS
ANUAR10M,1,ANUAR10M-1,22,CHARGERS
HARCS HAWKS,2,HARCS HAWKS-2,26,EAGLES
RED DOG,2,RED DOG-2,12,STEELERS
ANUAR10M,2,ANUAR10M-2,22,CHARGERS
HARCS HAWKS,3,HARCS HAWKS-3,22,CHARGERS
RED EYE,1,RED EYE-1,22,CHARGERS
ANUAR10M,3,ANUAR10M-3,6,JAGUARS
HARCS HAWKS,4,HARCS HAWKS-4,12,STEELERS
RED EYE,2,RED EYE-2,22,CHARGERS
ANUAR10M,4,ANUAR10M-4,6,JAGUARS
HARCS HAWKS,5,HARCS HAWKS-5,8,BENGALS
RED EYE,3,RED EYE-3,22,CHARGERS
ANUAR10M,5,ANUAR10M-5,6,JAGUARS
HARCS HAWKS,6,HARCS HAWKS-6,6,JAGUARS
RED EYE,4,RED EYE-4,22,CHARGERS
ANY GIVEN SUNDAY 24,1,ANY GIVEN SUNDAY 24-1,6,JAGUARS
HARCS HAWKS,7,HARCS HAWKS-7,22,CHARGERS
RED EYE,5,RED EYE-5,22,CHARGERS
ANY GIVEN SUNDAY 24,2,ANY GIVEN SUNDAY 24-2,20,LIONS
HARCS HAWKS,8,HARCS HAWKS-8,22,CHARGERS
RED EYE,6,RED EYE-6,12,STEELERS
ANY GIVEN SUNDAY 24,3,ANY GIVEN SUNDAY 24-3,6,JAGUARS
HARCS HAWKS,9,HARCS HAWKS-9,6,JAGUARS
RED EYE,7,RED EYE-7,12,STEELERS
ANYONE BUT OSCAR,1,ANYONE BUT OSCAR-1,24,RAIDERS
HARD 6,1,HARD 6-1,6,JAGUARS
RED LINE RIDERS,1,RED LINE RIDERS-1,22,CHARGERS
ANYONE BUT OSCAR,2,ANYONE BUT OSCAR-2,6,JAGUARS
HARD 6,2,HARD 6-2,12,STEELERS
RED LINE RIDERS,2,RED LINE RIDERS-2,6,JAGUARS
ANYONE BUT OSCAR,3,ANYONE BUT OSCAR-3,6,JAGUARS
HARD 6,3,HARD 6-3,6,JAGUARS
Red Raindrop,1,Red Raindrop-1,6,JAGUARS
ANYONE BUT OSCAR,4,ANYONE BUT OSCAR-4,6,JAGUARS
HARD WAYS,1,HARD WAYS-1,6,JAGUARS
Red Raindrop,2,Red Raindrop-2,6,JAGUARS
ANYONE BUT OSCAR,5,ANYONE BUT OSCAR-5,22,CHARGERS
HARDCORE BALLAS,1,HARDCORE BALLAS-1,6,JAGUARS
Red Raindrop,3,Red Raindrop-3,22,CHARGERS
ANYONE BUT OSCAR,6,ANYONE BUT OSCAR-6,22,CHARGERS
HARDCORE,1,HARDCORE-1,24,RAIDERS
RED REAPER,1,RED REAPER-1,22,CHARGERS
ANYONE BUT OSCAR,7,ANYONE BUT OSCAR-7,22,CHARGERS
HARDCORE,2,HARDCORE-2,12,STEELERS
RED ROSE TAVERNE,1,RED ROSE TAVERNE-1,28,VIKINGS
ANYONE BUT OSCAR,8,ANYONE BUT OSCAR-8,12,STEELERS
HARDCORE,3,HARDCORE-3,6,JAGUARS
RED ROSE TAVERNE,2,RED ROSE TAVERNE-2,6,JAGUARS
ANYTHING'S POSSIBLE,1,ANYTHING'S POSSIBLE-1,6,JAGUARS
HARDCORE,4,HARDCORE-4,22,CHARGERS
RED STAR,1,RED STAR-1,24,RAIDERS
ANYTHING'S POSSIBLE,2,ANYTHING'S POSSIBLE-2,12,STEELERS
HARDCORE,5,HARDCORE-5,22,CHARGERS
RED STAR,2,RED STAR-2,6,JAGUARS
ANYTHING'S POSSIBLE,3,ANYTHING'S POSSIBLE-3,8,BENGALS
HARDIN HIGHROLLERS,1,HARDIN HIGHROLLERS-1,22,CHARGERS
RED STAR,3,RED STAR-3,22,CHARGERS
ANYTHING'S POSSIBLE,4,ANYTHING'S POSSIBLE-4,24,RAIDERS
HARRIS AND ZACH,1,HARRIS AND ZACH-1,6,JAGUARS
red24sox34,1,red24sox34-1,6,JAGUARS
ANYTHING'S POSSIBLE,5,ANYTHING'S POSSIBLE-5,17,JETS
HARVEYHOUND,1,HARVEYHOUND-1,22,CHARGERS
REDBIRDS,1,REDBIRDS-1,22,CHARGERS
ANYTHING'S POSSIBLE,6,ANYTHING'S POSSIBLE-6,6,JAGUARS
Hate Dallas,1,Hate Dallas-1,22,CHARGERS
REDBIRDS,2,REDBIRDS-2,6,JAGUARS
ANYTHING'S POSSIBLE,7,ANYTHING'S POSSIBLE-7,6,JAGUARS
HAVE SUM,1,HAVE SUM-1,6,JAGUARS
REDBIRDS73,1,REDBIRDS73-1,6,JAGUARS
AOK50E5,1,AOK50E5-1,22,CHARGERS
HAVEN FUN,1,HAVEN FUN-1,22,CHARGERS
REDCHIPMAFIA,1,REDCHIPMAFIA-1,22,CHARGERS
AOK50E5,10,AOK50E5-10,6,JAGUARS
HAVEN FUN,10,HAVEN FUN-10,18,TITANS
REDCHIPMAFIA,2,REDCHIPMAFIA-2,18,TITANS
AOK50E5,2,AOK50E5-2,8,BENGALS
HAVEN FUN,2,HAVEN FUN-2,22,CHARGERS
REDDOG,1,REDDOG-1,6,JAGUARS
AOK50E5,3,AOK50E5-3,24,RAIDERS
HAVEN FUN,3,HAVEN FUN-3,22,CHARGERS
REDDOG,2,REDDOG-2,22,CHARGERS
AOK50E5,4,AOK50E5-4,6,JAGUARS
HAVEN FUN,4,HAVEN FUN-4,6,JAGUARS
Reddragon,1,Reddragon-1,6,JAGUARS
AOK50E5,5,AOK50E5-5,22,CHARGERS
HAVEN FUN,5,HAVEN FUN-5,6,JAGUARS
Reddragon,2,Reddragon-2,24,RAIDERS
AOK50E5,6,AOK50E5-6,12,STEELERS
HAVEN FUN,6,HAVEN FUN-6,12,STEELERS
REDEMPTION313RESPECT,1,REDEMPTION313RESPECT-1,6,JAGUARS
AOK50E5,7,AOK50E5-7,22,CHARGERS
HAVEN FUN,7,HAVEN FUN-7,12,STEELERS
REDGUN,1,REDGUN-1,22,CHARGERS
AOK50E5,8,AOK50E5-8,6,JAGUARS
HAVEN FUN,8,HAVEN FUN-8,24,RAIDERS
REDGUN,2,REDGUN-2,22,CHARGERS
AOK50E5,9,AOK50E5-9,24,RAIDERS
HAVEN FUN,9,HAVEN FUN-9,24,RAIDERS
REDGUN,3,REDGUN-3,22,CHARGERS
AP PACKERS,1,AP PACKERS-1,12,STEELERS
HAVEN ROAD,1,HAVEN ROAD-1,12,STEELERS
REDGUN,4,REDGUN-4,22,CHARGERS
AP PACKERS,2,AP PACKERS-2,20,LIONS
HAVEN ROAD,2,HAVEN ROAD-2,6,JAGUARS
REDGUN,5,REDGUN-5,6,JAGUARS
AP PACKERS,3,AP PACKERS-3,22,CHARGERS
Hawaii Boys,1,Hawaii Boys-1,22,CHARGERS
REDGUN,6,REDGUN-6,6,JAGUARS
AP2,1,AP2-1,26,EAGLES
Hawaii Boys,10,Hawaii Boys-10,22,CHARGERS
REDGUN,7,REDGUN-7,12,STEELERS
AP2,10,AP2-10,26,EAGLES
Hawaii Boys,2,Hawaii Boys-2,12,STEELERS
REDGUN,8,REDGUN-8,20,LIONS
AP2,2,AP2-2,26,EAGLES
Hawaii Boys,3,Hawaii Boys-3,24,RAIDERS
redman22,1,redman22-1,6,JAGUARS
AP2,3,AP2-3,26,EAGLES
Hawaii Boys,4,Hawaii Boys-4,22,CHARGERS
redman22,2,redman22-2,24,RAIDERS
AP2,4,AP2-4,26,EAGLES
Hawaii Boys,5,Hawaii Boys-5,6,JAGUARS
redman22,3,redman22-3,22,CHARGERS
AP2,5,AP2-5,26,EAGLES
Hawaii Boys,6,Hawaii Boys-6,22,CHARGERS
redman22,4,redman22-4,18,TITANS
AP2,6,AP2-6,26,EAGLES
Hawaii Boys,7,Hawaii Boys-7,6,JAGUARS
redman22,5,redman22-5,12,STEELERS
AP2,7,AP2-7,26,EAGLES
Hawaii Boys,8,Hawaii Boys-8,22,CHARGERS
REDROCKER,1,REDROCKER-1,6,JAGUARS
AP2,8,AP2-8,26,EAGLES
Hawaii Boys,9,Hawaii Boys-9,6,JAGUARS
REDROCKER,2,REDROCKER-2,12,STEELERS
AP2,9,AP2-9,26,EAGLES
HAWAII50,1,HAWAII50-1,6,JAGUARS
REDROCKER,3,REDROCKER-3,22,CHARGERS
APEP JUSTY,1,APEP JUSTY-1,6,JAGUARS
HAWAII50,10,HAWAII50-10,26,EAGLES
REEZ,1,REEZ-1,20,LIONS
APEP JUSTY,2,APEP JUSTY-2,6,JAGUARS
HAWAII50,2,HAWAII50-2,6,JAGUARS
REGARDS FROM CANADA,1,REGARDS FROM CANADA-1,6,JAGUARS
APEP JUSTY,3,APEP JUSTY-3,12,STEELERS
HAWAII50,3,HAWAII50-3,12,STEELERS
REGARDS FROM CANADA,10,REGARDS FROM CANADA-10,6,JAGUARS
APEP JUSTY,4,APEP JUSTY-4,12,STEELERS
HAWAII50,4,HAWAII50-4,12,STEELERS
REGARDS FROM CANADA,2,REGARDS FROM CANADA-2,6,JAGUARS
APEP JUSTY,5,APEP JUSTY-5,12,STEELERS
HAWAII50,5,HAWAII50-5,12,STEELERS
REGARDS FROM CANADA,3,REGARDS FROM CANADA-3,6,JAGUARS
APMIZZOU,1,APMIZZOU-1,26,EAGLES
HAWAII50,6,HAWAII50-6,12,STEELERS
REGARDS FROM CANADA,4,REGARDS FROM CANADA-4,6,JAGUARS
APMIZZOU,2,APMIZZOU-2,20,LIONS
HAWAII50,7,HAWAII50-7,22,CHARGERS
REGARDS FROM CANADA,5,REGARDS FROM CANADA-5,6,JAGUARS
APPLECATS,1,APPLECATS-1,6,JAGUARS
HAWAII50,8,HAWAII50-8,24,RAIDERS
REGARDS FROM CANADA,6,REGARDS FROM CANADA-6,6,JAGUARS
APPRAISAL REPORT,1,APPRAISAL REPORT-1,6,JAGUARS
HAWAII50,9,HAWAII50-9,24,RAIDERS
REGARDS FROM CANADA,7,REGARDS FROM CANADA-7,6,JAGUARS
ApSilva,1,ApSilva-1,12,STEELERS
HAWAIIAN HAMMAH,1,HAWAIIAN HAMMAH-1,8,BENGALS
REGARDS FROM CANADA,8,REGARDS FROM CANADA-8,6,JAGUARS
ApSilva,2,ApSilva-2,6,JAGUARS
HAWAIIAN JOE,1,HAWAIIAN JOE-1,24,RAIDERS
REGARDS FROM CANADA,9,REGARDS FROM CANADA-9,6,JAGUARS
APXST LOGISTICS,1,APXST LOGISTICS-1,24,RAIDERS
HAWAIIAN JOE,2,HAWAIIAN JOE-2,6,JAGUARS
REGULATORS2027,1,REGULATORS2027-1,6,JAGUARS
APXST LOGISTICS,10,APXST LOGISTICS-10,26,EAGLES
HAWAIIAN JOE,3,HAWAIIAN JOE-3,8,BENGALS
REHAMMER,1,REHAMMER-1,6,JAGUARS
APXST LOGISTICS,2,APXST LOGISTICS-2,12,STEELERS
HAWAIIAN JOE,4,HAWAIIAN JOE-4,12,STEELERS
REHAMMER,2,REHAMMER-2,24,RAIDERS
APXST LOGISTICS,3,APXST LOGISTICS-3,22,CHARGERS
HAWAIIAN PUNCH,1,HAWAIIAN PUNCH-1,22,CHARGERS
REISHIT,1,REISHIT-1,6,JAGUARS
APXST LOGISTICS,4,APXST LOGISTICS-4,20,LIONS
HAWKEYE PICKS,1,HAWKEYE PICKS-1,22,CHARGERS
REISHIT,2,REISHIT-2,26,EAGLES
APXST LOGISTICS,5,APXST LOGISTICS-5,6,JAGUARS
HAWKEYE7374,1,HAWKEYE7374-1,6,JAGUARS
REISHIT,3,REISHIT-3,22,CHARGERS
APXST LOGISTICS,6,APXST LOGISTICS-6,22,CHARGERS
HAWKEYE7374,2,HAWKEYE7374-2,6,JAGUARS
REMAX,1,REMAX-1,22,CHARGERS
APXST LOGISTICS,7,APXST LOGISTICS-7,6,JAGUARS
HB23,1,HB23-1,6,JAGUARS
REMAX,2,REMAX-2,6,JAGUARS
APXST LOGISTICS,8,APXST LOGISTICS-8,22,CHARGERS
HBERNIE,1,HBERNIE-1,22,CHARGERS
REMEMBER1204,1,REMEMBER1204-1,22,CHARGERS
APXST LOGISTICS,9,APXST LOGISTICS-9,12,STEELERS
HBERNIE,10,HBERNIE-10,28,VIKINGS
REMEMBER1204,2,REMEMBER1204-2,6,JAGUARS
aquamanh2o,1,aquamanh2o-1,22,CHARGERS
HBERNIE,2,HBERNIE-2,22,CHARGERS
REMEMBER1204,3,REMEMBER1204-3,12,STEELERS
aquamanh2o,2,aquamanh2o-2,6,JAGUARS
HBERNIE,3,HBERNIE-3,22,CHARGERS
REMEMBER1204,4,REMEMBER1204-4,20,LIONS
AR5 2.0,1,AR5 2.0-1,22,CHARGERS
HBERNIE,4,HBERNIE-4,20,LIONS
REMEMBER1204,5,REMEMBER1204-5,24,RAIDERS
arcane archive.tv,1,arcane archive.tv-1,8,BENGALS
HBERNIE,5,HBERNIE-5,20,LIONS
RENEGADE REAPER,1,RENEGADE REAPER-1,12,STEELERS
arcane archive.tv,10,arcane archive.tv-10,26,EAGLES
HBERNIE,6,HBERNIE-6,6,JAGUARS
RENT MONEY,1,RENT MONEY-1,6,JAGUARS
arcane archive.tv,2,arcane archive.tv-2,8,BENGALS
HBERNIE,7,HBERNIE-7,22,CHARGERS
RENT MONEY,2,RENT MONEY-2,20,LIONS
arcane archive.tv,3,arcane archive.tv-3,8,BENGALS
HBERNIE,8,HBERNIE-8,22,CHARGERS
RENT MONEY,3,RENT MONEY-3,22,CHARGERS
arcane archive.tv,4,arcane archive.tv-4,8,BENGALS
HBERNIE,9,HBERNIE-9,12,STEELERS
REPSTOFAILURE,1,REPSTOFAILURE-1,22,CHARGERS
arcane archive.tv,5,arcane archive.tv-5,8,BENGALS
hbg,1,hbg-1,12,STEELERS
REPSTOFAILURE,2,REPSTOFAILURE-2,22,CHARGERS
arcane archive.tv,6,arcane archive.tv-6,26,EAGLES
hbg,10,hbg-10,6,JAGUARS
REPSTOFAILURE,3,REPSTOFAILURE-3,22,CHARGERS
arcane archive.tv,7,arcane archive.tv-7,26,EAGLES
hbg,2,hbg-2,24,RAIDERS
REPSTOFAILURE,4,REPSTOFAILURE-4,22,CHARGERS
arcane archive.tv,8,arcane archive.tv-8,26,EAGLES
hbg,3,hbg-3,22,CHARGERS
REPSTOFAILURE,5,REPSTOFAILURE-5,22,CHARGERS
arcane archive.tv,9,arcane archive.tv-9,26,EAGLES
hbg,4,hbg-4,6,JAGUARS
RESCUEBET,1,RESCUEBET-1,6,JAGUARS
Are200,1,Are200-1,12,STEELERS
hbg,5,hbg-5,6,JAGUARS
RESCUEBET,2,RESCUEBET-2,6,JAGUARS
ARFA,1,ARFA-1,6,JAGUARS
hbg,6,hbg-6,24,RAIDERS
RESCUEBET,3,RESCUEBET-3,6,JAGUARS
ARFA,2,ARFA-2,8,BENGALS
hbg,7,hbg-7,12,STEELERS
RESCUEBET,4,RESCUEBET-4,22,CHARGERS
ARFA,3,ARFA-3,12,STEELERS
hbg,8,hbg-8,22,CHARGERS
RESCUEBET,5,RESCUEBET-5,22,CHARGERS
ARFA,4,ARFA-4,22,CHARGERS
hbg,9,hbg-9,22,CHARGERS
RESCUEBET,6,RESCUEBET-6,12,STEELERS
ARGENT FARMS,1,ARGENT FARMS-1,4,RAMS
HBKIDS,1,HBKIDS-1,22,CHARGERS
Results May Vary,1,Results May Vary-1,22,CHARGERS
ARGENT FARMS,10,ARGENT FARMS-10,22,CHARGERS
HBKIDS,2,HBKIDS-2,6,JAGUARS
RESULTS TAKE TIME,1,RESULTS TAKE TIME-1,15,BEARS
ARGENT FARMS,2,ARGENT FARMS-2,12,STEELERS
HBKIDS,3,HBKIDS-3,12,STEELERS
RETIRED 2026,1,RETIRED 2026-1,12,STEELERS
ARGENT FARMS,3,ARGENT FARMS-3,6,JAGUARS
HBKIDS,4,HBKIDS-4,28,VIKINGS
RETIRED BRONCOS,1,RETIRED BRONCOS-1,6,JAGUARS
ARGENT FARMS,4,ARGENT FARMS-4,6,JAGUARS
HBKIDS,5,HBKIDS-5,22,CHARGERS
RETIRED BRONCOS,2,RETIRED BRONCOS-2,6,JAGUARS
ARGENT FARMS,5,ARGENT FARMS-5,6,JAGUARS
HBKIDS,6,HBKIDS-6,6,JAGUARS
RETIRED CHIEFS (SS),1,RETIRED CHIEFS (SS)-1,22,CHARGERS
ARGENT FARMS,6,ARGENT FARMS-6,6,JAGUARS
HBKIDS,7,HBKIDS-7,12,STEELERS
RETIRED CHIEFS (SS),2,RETIRED CHIEFS (SS)-2,6,JAGUARS
ARGENT FARMS,7,ARGENT FARMS-7,6,JAGUARS
HBKIDS,8,HBKIDS-8,26,EAGLES
RETIRED CHIEFS (SS),3,RETIRED CHIEFS (SS)-3,22,CHARGERS
ARGENT FARMS,8,ARGENT FARMS-8,6,JAGUARS
HBTFD,1,HBTFD-1,22,CHARGERS
RETIRED DUDES,1,RETIRED DUDES-1,20,LIONS
ARGENT FARMS,9,ARGENT FARMS-9,22,CHARGERS
HBTFD,2,HBTFD-2,22,CHARGERS
RETIRED DUDES,10,RETIRED DUDES-10,6,JAGUARS
ARGENTFARM13,1,ARGENTFARM13-1,24,RAIDERS
HEADLADYTABLE,1,HEADLADYTABLE-1,22,CHARGERS
RETIRED DUDES,2,RETIRED DUDES-2,22,CHARGERS
ARIH21,1,ARIH21-1,22,CHARGERS
HEADLADYTABLE,10,HEADLADYTABLE-10,24,RAIDERS
RETIRED DUDES,3,RETIRED DUDES-3,22,CHARGERS
ARIJOSHOW,1,ARIJOSHOW-1,6,JAGUARS
HEADLADYTABLE,2,HEADLADYTABLE-2,22,CHARGERS
RETIRED DUDES,4,RETIRED DUDES-4,22,CHARGERS
ARIJOSHOW,10,ARIJOSHOW-10,15,BEARS
HEADLADYTABLE,3,HEADLADYTABLE-3,22,CHARGERS
RETIRED DUDES,5,RETIRED DUDES-5,22,CHARGERS
ARIJOSHOW,2,ARIJOSHOW-2,6,JAGUARS
HEADLADYTABLE,4,HEADLADYTABLE-4,22,CHARGERS
RETIRED DUDES,6,RETIRED DUDES-6,22,CHARGERS
ARIJOSHOW,3,ARIJOSHOW-3,6,JAGUARS
HEADLADYTABLE,5,HEADLADYTABLE-5,12,STEELERS
RETIRED DUDES,7,RETIRED DUDES-7,22,CHARGERS
ARIJOSHOW,4,ARIJOSHOW-4,6,JAGUARS
HEADLADYTABLE,6,HEADLADYTABLE-6,12,STEELERS
RETIRED DUDES,8,RETIRED DUDES-8,20,LIONS
ARIJOSHOW,5,ARIJOSHOW-5,12,STEELERS
HEADLADYTABLE,7,HEADLADYTABLE-7,12,STEELERS
RETIRED DUDES,9,RETIRED DUDES-9,20,LIONS
ARIJOSHOW,6,ARIJOSHOW-6,12,STEELERS
HEADLADYTABLE,8,HEADLADYTABLE-8,8,BENGALS
RETIREMENT PLAN,1,RETIREMENT PLAN-1,22,CHARGERS
ARIJOSHOW,7,ARIJOSHOW-7,22,CHARGERS
HEADLADYTABLE,9,HEADLADYTABLE-9,8,BENGALS
REVERENCE,1,REVERENCE-1,22,CHARGERS
ARIJOSHOW,8,ARIJOSHOW-8,20,LIONS
HEADTABLE,1,HEADTABLE-1,22,CHARGERS
REVERENCE,10,REVERENCE-10,6,JAGUARS
ARIJOSHOW,9,ARIJOSHOW-9,20,LIONS
HEADTABLE,10,HEADTABLE-10,24,RAIDERS
REVERENCE,2,REVERENCE-2,22,CHARGERS
ARLW777,1,ARLW777-1,18,TITANS
HEADTABLE,2,HEADTABLE-2,22,CHARGERS
REVERENCE,3,REVERENCE-3,22,CHARGERS
ARLW777,2,ARLW777-2,22,CHARGERS
HEADTABLE,3,HEADTABLE-3,22,CHARGERS
REVERENCE,4,REVERENCE-4,6,JAGUARS
ARLW777,3,ARLW777-3,20,LIONS
HEADTABLE,4,HEADTABLE-4,22,CHARGERS
REVERENCE,5,REVERENCE-5,6,JAGUARS
Armani's Gigi,1,Armani's Gigi-1,6,JAGUARS
HEADTABLE,5,HEADTABLE-5,12,STEELERS
REVERENCE,6,REVERENCE-6,6,JAGUARS
"Arnold T. Pants, Esq",1,"Arnold T. Pants, Esq-1",12,STEELERS
HEADTABLE,6,HEADTABLE-6,12,STEELERS
REVERENCE,7,REVERENCE-7,12,STEELERS
"Arnold T. Pants, Esq",10,"Arnold T. Pants, Esq-10",17,JETS
HEADTABLE,7,HEADTABLE-7,12,STEELERS
REVERENCE,8,REVERENCE-8,12,STEELERS
"Arnold T. Pants, Esq",2,"Arnold T. Pants, Esq-2",12,STEELERS
HEADTABLE,8,HEADTABLE-8,8,BENGALS
REVERENCE,9,REVERENCE-9,22,CHARGERS
"Arnold T. Pants, Esq",3,"Arnold T. Pants, Esq-3",12,STEELERS
HEADTABLE,9,HEADTABLE-9,8,BENGALS
REVERSETHECURSE,1,REVERSETHECURSE-1,6,JAGUARS
"Arnold T. Pants, Esq",4,"Arnold T. Pants, Esq-4",12,STEELERS
HEATER CITY,1,HEATER CITY-1,6,JAGUARS
revrun dawgz,1,revrun dawgz-1,6,JAGUARS
"Arnold T. Pants, Esq",5,"Arnold T. Pants, Esq-5",12,STEELERS
HEATER CITY,10,HEATER CITY-10,12,STEELERS
REX 42 BLUE,1,REX 42 BLUE-1,22,CHARGERS
"Arnold T. Pants, Esq",6,"Arnold T. Pants, Esq-6",26,EAGLES
HEATER CITY,2,HEATER CITY-2,6,JAGUARS
REX HAVOC,1,REX HAVOC-1,6,JAGUARS
"Arnold T. Pants, Esq",7,"Arnold T. Pants, Esq-7",26,EAGLES
HEATER CITY,3,HEATER CITY-3,6,JAGUARS
rex's army,1,rex's army-1,22,CHARGERS
"Arnold T. Pants, Esq",8,"Arnold T. Pants, Esq-8",26,EAGLES
HEATER CITY,4,HEATER CITY-4,6,JAGUARS
rex's army,10,rex's army-10,22,CHARGERS
"Arnold T. Pants, Esq",9,"Arnold T. Pants, Esq-9",17,JETS
HEATER CITY,5,HEATER CITY-5,6,JAGUARS
rex's army,2,rex's army-2,22,CHARGERS
ARPENT,1,ARPENT-1,22,CHARGERS
HEATER CITY,6,HEATER CITY-6,6,JAGUARS
rex's army,3,rex's army-3,6,JAGUARS
ARPENT,10,ARPENT-10,6,JAGUARS
HEATER CITY,7,HEATER CITY-7,22,CHARGERS
rex's army,4,rex's army-4,22,CHARGERS
ARPENT,2,ARPENT-2,6,JAGUARS
HEATER CITY,8,HEATER CITY-8,22,CHARGERS
rex's army,5,rex's army-5,22,CHARGERS
ARPENT,3,ARPENT-3,22,CHARGERS
HEATER CITY,9,HEATER CITY-9,22,CHARGERS
rex's army,6,rex's army-6,6,JAGUARS
ARPENT,4,ARPENT-4,6,JAGUARS
HEATWAVE,1,HEATWAVE-1,6,JAGUARS
rex's army,7,rex's army-7,6,JAGUARS
ARPENT,5,ARPENT-5,12,STEELERS
HEATWAVE,2,HEATWAVE-2,12,STEELERS
rex's army,8,rex's army-8,24,RAIDERS
ARPENT,6,ARPENT-6,6,JAGUARS
HEATWAVE,3,HEATWAVE-3,22,CHARGERS
rex's army,9,rex's army-9,24,RAIDERS
ARPENT,7,ARPENT-7,22,CHARGERS
HEAVY ARMS 28,1,HEAVY ARMS 28-1,22,CHARGERS
RHF BELUGAS,1,RHF BELUGAS-1,22,CHARGERS
ARPENT,8,ARPENT-8,12,STEELERS
HEAVY ARMS 28,2,HEAVY ARMS 28-2,22,CHARGERS
RHF BELUGAS,2,RHF BELUGAS-2,22,CHARGERS
ARPENT,9,ARPENT-9,12,STEELERS
HEAVY ARMS 28,3,HEAVY ARMS 28-3,22,CHARGERS
RHF BELUGAS,3,RHF BELUGAS-3,20,LIONS
Arrowhead Assassins,1,Arrowhead Assassins-1,6,JAGUARS
HEAVY ARMS 28,4,HEAVY ARMS 28-4,22,CHARGERS
RHF BELUGAS,4,RHF BELUGAS-4,20,LIONS
ART VANDELAY,1,ART VANDELAY-1,22,CHARGERS
HEAVY ARMS 28,5,HEAVY ARMS 28-5,6,JAGUARS
RHF BELUGAS,5,RHF BELUGAS-5,6,JAGUARS
ARTEMIS 12,1,ARTEMIS 12-1,20,LIONS
HEAVY ARMS 28,6,HEAVY ARMS 28-6,20,LIONS
RHF WHALES,1,RHF WHALES-1,22,CHARGERS
ARTEMIS 12,2,ARTEMIS 12-2,6,JAGUARS
HEAVY ARMS 28,7,HEAVY ARMS 28-7,12,STEELERS
RHF WHALES,10,RHF WHALES-10,12,STEELERS
ARTEMIS 12,3,ARTEMIS 12-3,12,STEELERS
HEAVY D,1,HEAVY D-1,12,STEELERS
RHF WHALES,2,RHF WHALES-2,22,CHARGERS
ARTEMIS,1,ARTEMIS-1,22,CHARGERS
HEAVY D,10,HEAVY D-10,12,STEELERS
RHF WHALES,3,RHF WHALES-3,22,CHARGERS
ARTEMIS,2,ARTEMIS-2,6,JAGUARS
HEAVY D,2,HEAVY D-2,12,STEELERS
RHF WHALES,4,RHF WHALES-4,22,CHARGERS
ARTIEBLANCO,1,ARTIEBLANCO-1,6,JAGUARS
HEAVY D,3,HEAVY D-3,12,STEELERS
RHF WHALES,5,RHF WHALES-5,22,CHARGERS
ARTIEBLANCO,2,ARTIEBLANCO-2,22,CHARGERS
HEAVY D,4,HEAVY D-4,12,STEELERS
RHF WHALES,6,RHF WHALES-6,20,LIONS
ARTIEBLANCO,3,ARTIEBLANCO-3,6,JAGUARS
HEAVY D,5,HEAVY D-5,12,STEELERS
RHF WHALES,7,RHF WHALES-7,20,LIONS
ARTIEBLANCO,4,ARTIEBLANCO-4,12,STEELERS
HEAVY D,6,HEAVY D-6,12,STEELERS
RHF WHALES,8,RHF WHALES-8,6,JAGUARS
ASCHELL,1,ASCHELL-1,6,JAGUARS
HEAVY D,7,HEAVY D-7,12,STEELERS
RHF WHALES,9,RHF WHALES-9,6,JAGUARS
ASCHELL,2,ASCHELL-2,6,JAGUARS
HEAVY D,8,HEAVY D-8,12,STEELERS
RHFL OWNERS,1,RHFL OWNERS-1,22,CHARGERS
ASCHELL,3,ASCHELL-3,18,TITANS
HEAVY D,9,HEAVY D-9,12,STEELERS
RHODE JERSEY,1,RHODE JERSEY-1,6,JAGUARS
ASCHELL,4,ASCHELL-4,18,TITANS
HeavyC76,1,HeavyC76-1,22,CHARGERS
RIBEYE RUBBERS,1,RIBEYE RUBBERS-1,6,JAGUARS
ASHCASH,1,ASHCASH-1,6,JAGUARS
HEBREW HAMMERS,1,HEBREW HAMMERS-1,22,CHARGERS
RIBEYE RUBBERS,2,RIBEYE RUBBERS-2,12,STEELERS
ASHCASH,10,ASHCASH-10,6,JAGUARS
HEBREW HAMMERS,2,HEBREW HAMMERS-2,6,JAGUARS
RIBEYE RUBBERS,3,RIBEYE RUBBERS-3,22,CHARGERS
ASHCASH,2,ASHCASH-2,6,JAGUARS
HEBREW HUSTLERS,1,HEBREW HUSTLERS-1,6,JAGUARS
RIBEYE RUBBERS,4,RIBEYE RUBBERS-4,22,CHARGERS
ASHCASH,3,ASHCASH-3,6,JAGUARS
HEBREW HUSTLERS,10,HEBREW HUSTLERS-10,12,STEELERS
RIBEYE RUBBERS,5,RIBEYE RUBBERS-5,12,STEELERS
ASHCASH,4,ASHCASH-4,6,JAGUARS
HEBREW HUSTLERS,2,HEBREW HUSTLERS-2,6,JAGUARS
RIBEYE RUBBERS,6,RIBEYE RUBBERS-6,22,CHARGERS
ASHCASH,5,ASHCASH-5,6,JAGUARS
HEBREW HUSTLERS,3,HEBREW HUSTLERS-3,6,JAGUARS
RIBEYE RUBBERS,7,RIBEYE RUBBERS-7,6,JAGUARS
ASHCASH,6,ASHCASH-6,6,JAGUARS
HEBREW HUSTLERS,4,HEBREW HUSTLERS-4,6,JAGUARS
RICARDO CABEZA,1,RICARDO CABEZA-1,6,JAGUARS
ASHCASH,7,ASHCASH-7,6,JAGUARS
HEBREW HUSTLERS,5,HEBREW HUSTLERS-5,6,JAGUARS
RICARDO CABEZA,2,RICARDO CABEZA-2,12,STEELERS
ASHCASH,8,ASHCASH-8,6,JAGUARS
HEBREW HUSTLERS,6,HEBREW HUSTLERS-6,22,CHARGERS
RICARDO CABEZA,3,RICARDO CABEZA-3,12,STEELERS
ASHCASH,9,ASHCASH-9,6,JAGUARS
HEBREW HUSTLERS,7,HEBREW HUSTLERS-7,22,CHARGERS
RICARDO CABEZA,4,RICARDO CABEZA-4,12,STEELERS
ashman,1,ashman-1,6,JAGUARS
HEBREW HUSTLERS,8,HEBREW HUSTLERS-8,22,CHARGERS
RICEYS GANG,1,RICEYS GANG-1,22,CHARGERS
ashman,10,ashman-10,12,STEELERS
HEBREW HUSTLERS,9,HEBREW HUSTLERS-9,20,LIONS
Richard C,1,Richard C-1,22,CHARGERS
ashman,2,ashman-2,6,JAGUARS
HEBREWHAMMER,1,HEBREWHAMMER-1,6,JAGUARS
Richard C,2,Richard C-2,12,STEELERS
ashman,3,ashman-3,6,JAGUARS
HEBREWHAMMER,2,HEBREWHAMMER-2,22,CHARGERS
RICHBANK$,1,RICHBANK$-1,22,CHARGERS
ashman,4,ashman-4,6,JAGUARS
HEBREWHAMMER,3,HEBREWHAMMER-3,22,CHARGERS
RICHBANK$,2,RICHBANK$-2,22,CHARGERS
ashman,5,ashman-5,22,CHARGERS
HEBREWHAMMER,4,HEBREWHAMMER-4,6,JAGUARS
RICHBANK$,3,RICHBANK$-3,6,JAGUARS
ashman,6,ashman-6,22,CHARGERS
HEBREWHAMMER,5,HEBREWHAMMER-5,24,RAIDERS
RICHBANK$,4,RICHBANK$-4,6,JAGUARS
ashman,7,ashman-7,22,CHARGERS
HEFF,1,HEFF-1,6,JAGUARS
RICHBANK$,5,RICHBANK$-5,20,LIONS
ashman,8,ashman-8,22,CHARGERS
HEIDIHUANG52,1,HEIDIHUANG52-1,22,CHARGERS
Richie B,1,Richie B-1,6,JAGUARS
ashman,9,ashman-9,24,RAIDERS
HEIDIHUANG52,10,HEIDIHUANG52-10,22,CHARGERS
Richie B,2,Richie B-2,20,LIONS
asian saban,1,asian saban-1,6,JAGUARS
HEIDIHUANG52,2,HEIDIHUANG52-2,22,CHARGERS
Richie B,3,Richie B-3,22,CHARGERS
asian saban,2,asian saban-2,6,JAGUARS
HEIDIHUANG52,3,HEIDIHUANG52-3,22,CHARGERS
Richie Rich,1,Richie Rich-1,6,JAGUARS
asian saban,3,asian saban-3,22,CHARGERS
HEIDIHUANG52,4,HEIDIHUANG52-4,22,CHARGERS
Richie Rich,2,Richie Rich-2,22,CHARGERS
asian saban,4,asian saban-4,22,CHARGERS
HEIDIHUANG52,5,HEIDIHUANG52-5,22,CHARGERS
RICHMAN88,1,RICHMAN88-1,22,CHARGERS
ASPEN5,1,ASPEN5-1,22,CHARGERS
HEIDIHUANG52,6,HEIDIHUANG52-6,22,CHARGERS
RICHMAN88,2,RICHMAN88-2,22,CHARGERS
ASPEN5,2,ASPEN5-2,6,JAGUARS
HEIDIHUANG52,7,HEIDIHUANG52-7,22,CHARGERS
RICHMAN88,3,RICHMAN88-3,22,CHARGERS
ASPEN5,3,ASPEN5-3,12,STEELERS
HEIDIHUANG52,8,HEIDIHUANG52-8,22,CHARGERS
RICHMAN88,4,RICHMAN88-4,22,CHARGERS
ASPHALT GUYS,1,ASPHALT GUYS-1,6,JAGUARS
HEIDIHUANG52,9,HEIDIHUANG52-9,22,CHARGERS
RICHMAN88,5,RICHMAN88-5,22,CHARGERS
ASPHALT GUYS,10,ASPHALT GUYS-10,15,BEARS
HEINEKEN21,1,HEINEKEN21-1,6,JAGUARS
RICHMAN88,6,RICHMAN88-6,22,CHARGERS
ASPHALT GUYS,2,ASPHALT GUYS-2,12,STEELERS
HELEN OF TROY,1,HELEN OF TROY-1,6,JAGUARS
RICHMAN88,7,RICHMAN88-7,22,CHARGERS
ASPHALT GUYS,3,ASPHALT GUYS-3,12,STEELERS
HELEN OF TROY,2,HELEN OF TROY-2,22,CHARGERS
RICHMAN88,8,RICHMAN88-8,22,CHARGERS
ASPHALT GUYS,4,ASPHALT GUYS-4,12,STEELERS
HELEN OF TROY,3,HELEN OF TROY-3,26,EAGLES
RICHPREBIS,1,RICHPREBIS-1,24,RAIDERS
ASPHALT GUYS,5,ASPHALT GUYS-5,20,LIONS
HELENKELLERSEES1ST,1,HELENKELLERSEES1ST-1,6,JAGUARS
Rick D,1,Rick D-1,6,JAGUARS
ASPHALT GUYS,6,ASPHALT GUYS-6,20,LIONS
HELENKELLERSEES1ST,2,HELENKELLERSEES1ST-2,6,JAGUARS
Rick D,2,Rick D-2,22,CHARGERS
ASPHALT GUYS,7,ASPHALT GUYS-7,26,EAGLES
HELENKELLERSEES1ST,3,HELENKELLERSEES1ST-3,6,JAGUARS
RICK PAV,1,RICK PAV-1,6,JAGUARS
ASPHALT GUYS,8,ASPHALT GUYS-8,26,EAGLES
HELLAPOO,1,HELLAPOO-1,6,JAGUARS
RICK PAV,2,RICK PAV-2,20,LIONS
ASPHALT GUYS,9,ASPHALT GUYS-9,15,BEARS
HELLAPOO,2,HELLAPOO-2,12,STEELERS
RICK PAV,3,RICK PAV-3,22,CHARGERS
ASSAD,1,ASSAD-1,22,CHARGERS
Henri Matisse,1,Henri Matisse-1,18,TITANS
RICKSKINS,1,RICKSKINS-1,24,RAIDERS
ASSJ2026,1,ASSJ2026-1,22,CHARGERS
Henri Matisse,2,Henri Matisse-2,12,STEELERS
RICKSKINS,10,RICKSKINS-10,8,BENGALS
ASSJ2026,2,ASSJ2026-2,6,JAGUARS
HENRY'S BOYS,1,HENRY'S BOYS-1,22,CHARGERS
RICKSKINS,2,RICKSKINS-2,6,JAGUARS
ASSJ2026,3,ASSJ2026-3,26,EAGLES
HENRY'S BOYS,2,HENRY'S BOYS-2,22,CHARGERS
RICKSKINS,3,RICKSKINS-3,24,RAIDERS
Asteroid Strategy,1,Asteroid Strategy-1,12,STEELERS
HENRY'S BOYS,3,HENRY'S BOYS-3,22,CHARGERS
RICKSKINS,4,RICKSKINS-4,22,CHARGERS
ASTEW98,1,ASTEW98-1,24,RAIDERS
HENRY'S BOYS,4,HENRY'S BOYS-4,22,CHARGERS
RICKSKINS,5,RICKSKINS-5,24,RAIDERS
ASTEW98,2,ASTEW98-2,24,RAIDERS
HENRY'S BOYS,5,HENRY'S BOYS-5,22,CHARGERS
RICKSKINS,6,RICKSKINS-6,22,CHARGERS
ASTOREY 1230,1,ASTOREY 1230-1,22,CHARGERS
HENRY'S NEW HOUSE,1,HENRY'S NEW HOUSE-1,22,CHARGERS
RICKSKINS,7,RICKSKINS-7,22,CHARGERS
ASTRA ACE,1,ASTRA ACE-1,6,JAGUARS
HERBES TREEHOUSE,1,HERBES TREEHOUSE-1,22,CHARGERS
RICKSKINS,8,RICKSKINS-8,12,STEELERS
ASTRA ACE,2,ASTRA ACE-2,6,JAGUARS
HERBES TREEHOUSE,2,HERBES TREEHOUSE-2,22,CHARGERS
RICKSKINS,9,RICKSKINS-9,22,CHARGERS
Astrology Experiment,1,Astrology Experiment-1,2,SEAHAWKS
HERBES TREEHOUSE,3,HERBES TREEHOUSE-3,6,JAGUARS
RICKY BOBBY 1,1,RICKY BOBBY 1-1,12,STEELERS
Astrology Experiment,10,Astrology Experiment-10,24,RAIDERS
HERBES TREEHOUSE,4,HERBES TREEHOUSE-4,20,LIONS
RICKY BOBBY 1,2,RICKY BOBBY 1-2,17,JETS
Astrology Experiment,2,Astrology Experiment-2,9,RAVENS
HERBES TREEHOUSE,5,HERBES TREEHOUSE-5,6,JAGUARS
RICKY BOBBY 1,3,RICKY BOBBY 1-3,6,JAGUARS
Astrology Experiment,3,Astrology Experiment-3,9,RAVENS
HERBES TREEHOUSE,6,HERBES TREEHOUSE-6,6,JAGUARS
RICKY BOBBY,1,RICKY BOBBY-1,22,CHARGERS
Astrology Experiment,4,Astrology Experiment-4,32,CHIEFS
HERBES TREEHOUSE,7,HERBES TREEHOUSE-7,12,STEELERS
RICKY BOBBY,10,RICKY BOBBY-10,12,STEELERS
Astrology Experiment,5,Astrology Experiment-5,32,CHIEFS
HERBES TREEHOUSE,8,HERBES TREEHOUSE-8,6,JAGUARS
RICKY BOBBY,2,RICKY BOBBY-2,22,CHARGERS
Astrology Experiment,6,Astrology Experiment-6,26,EAGLES
Here Comes Giacomo,1,Here Comes Giacomo-1,6,JAGUARS
RICKY BOBBY,3,RICKY BOBBY-3,22,CHARGERS
Astrology Experiment,7,Astrology Experiment-7,20,LIONS
here comes the judge,1,here comes the judge-1,6,JAGUARS
RICKY BOBBY,4,RICKY BOBBY-4,22,CHARGERS
Astrology Experiment,8,Astrology Experiment-8,29,COWBOYS
here comes the judge,2,here comes the judge-2,22,CHARGERS
RICKY BOBBY,5,RICKY BOBBY-5,6,JAGUARS
Astrology Experiment,9,Astrology Experiment-9,24,RAIDERS
HERES MY CHANCE,1,HERES MY CHANCE-1,22,CHARGERS
RICKY BOBBY,6,RICKY BOBBY-6,6,JAGUARS
ATCLINCG,1,ATCLINCG-1,22,CHARGERS
HERES MY CHANCE,2,HERES MY CHANCE-2,6,JAGUARS
RICKY BOBBY,7,RICKY BOBBY-7,20,LIONS
ATDABUZZER,1,ATDABUZZER-1,12,STEELERS
HERES MY CHANCE,3,HERES MY CHANCE-3,6,JAGUARS
RICKY BOBBY,8,RICKY BOBBY-8,20,LIONS
ATIMUF222,1,ATIMUF222-1,22,CHARGERS
HERITAGE PICKS,1,HERITAGE PICKS-1,22,CHARGERS
RICKY BOBBY,9,RICKY BOBBY-9,12,STEELERS
ATIMUF222,10,ATIMUF222-10,6,JAGUARS
HERITAGE PICKS,2,HERITAGE PICKS-2,18,TITANS
RICKY MILLIONS,1,RICKY MILLIONS-1,24,RAIDERS
ATIMUF222,2,ATIMUF222-2,22,CHARGERS
HERKYTRAIN,1,HERKYTRAIN-1,20,LIONS
RICKY MILLIONS,2,RICKY MILLIONS-2,22,CHARGERS
ATIMUF222,3,ATIMUF222-3,22,CHARGERS
HERKYTRAIN,2,HERKYTRAIN-2,6,JAGUARS
ricky/bobby,1,ricky/bobby-1,22,CHARGERS
ATIMUF222,4,ATIMUF222-4,22,CHARGERS
HERMANSNUTS,1,HERMANSNUTS-1,6,JAGUARS
RICKYBOBBY,1,RICKYBOBBY-1,22,CHARGERS
ATIMUF222,5,ATIMUF222-5,6,JAGUARS
HERMANSNUTS,2,HERMANSNUTS-2,22,CHARGERS
RICKYBOBBY,10,RICKYBOBBY-10,22,CHARGERS
ATIMUF222,6,ATIMUF222-6,6,JAGUARS
HERMANSNUTS,3,HERMANSNUTS-3,6,JAGUARS
RICKYBOBBY,2,RICKYBOBBY-2,22,CHARGERS
ATIMUF222,7,ATIMUF222-7,6,JAGUARS
HERMANSNUTS,4,HERMANSNUTS-4,22,CHARGERS
RICKYBOBBY,3,RICKYBOBBY-3,22,CHARGERS
ATIMUF222,8,ATIMUF222-8,6,JAGUARS
HERMANSNUTS,5,HERMANSNUTS-5,22,CHARGERS
RICKYBOBBY,4,RICKYBOBBY-4,22,CHARGERS
ATIMUF222,9,ATIMUF222-9,6,JAGUARS
HERMANSNUTS,6,HERMANSNUTS-6,6,JAGUARS
RICKYBOBBY,5,RICKYBOBBY-5,22,CHARGERS
ATL404,1,ATL404-1,6,JAGUARS
HERNANDMELWINNERS,1,HERNANDMELWINNERS-1,6,JAGUARS
RICKYBOBBY,6,RICKYBOBBY-6,22,CHARGERS
ATL404,2,ATL404-2,24,RAIDERS
HERNANDMELWINNERS,2,HERNANDMELWINNERS-2,12,STEELERS
RICKYBOBBY,7,RICKYBOBBY-7,22,CHARGERS
ATL404,3,ATL404-3,20,LIONS
HERNANDMELWINNERS,3,HERNANDMELWINNERS-3,22,CHARGERS
RICKYBOBBY,8,RICKYBOBBY-8,22,CHARGERS
ATL404,4,ATL404-4,22,CHARGERS
HEWERK,1,HEWERK-1,6,JAGUARS
RICKYBOBBY,9,RICKYBOBBY-9,22,CHARGERS
ATL404,5,ATL404-5,1,PATRIOTS
HEXXX,1,HEXXX-1,6,JAGUARS
RICKYTAN47,1,RICKYTAN47-1,22,CHARGERS
ATLANTIC ORTHO,1,ATLANTIC ORTHO-1,12,STEELERS
HEY GORDO,1,HEY GORDO-1,6,JAGUARS
RIDING7CROOKEDZEBRAS,1,RIDING7CROOKEDZEBRAS-1,22,CHARGERS
ATLANTIC ORTHO,2,ATLANTIC ORTHO-2,6,JAGUARS
HEY GORDO,2,HEY GORDO-2,6,JAGUARS
RIDING7CROOKEDZEBRAS,2,RIDING7CROOKEDZEBRAS-2,9,RAVENS
ATLANTIC RUGBY GROUP,1,ATLANTIC RUGBY GROUP-1,22,CHARGERS
HEY TEAL,1,HEY TEAL-1,6,JAGUARS
RIDING7CROOKEDZEBRAS,3,RIDING7CROOKEDZEBRAS-3,12,STEELERS
ATLANTIC RUGBY GROUP,10,ATLANTIC RUGBY GROUP-10,22,CHARGERS
HEY TEAL,2,HEY TEAL-2,6,JAGUARS
RIF,1,RIF-1,22,CHARGERS
ATLANTIC RUGBY GROUP,2,ATLANTIC RUGBY GROUP-2,22,CHARGERS
HEY TEAL,3,HEY TEAL-3,22,CHARGERS
riley,1,riley-1,12,STEELERS
ATLANTIC RUGBY GROUP,3,ATLANTIC RUGBY GROUP-3,22,CHARGERS
HEYBEERMAN,1,HEYBEERMAN-1,22,CHARGERS
riley,2,riley-2,6,JAGUARS
ATLANTIC RUGBY GROUP,4,ATLANTIC RUGBY GROUP-4,22,CHARGERS
HEYBEERMAN,2,HEYBEERMAN-2,12,STEELERS
riley,3,riley-3,22,CHARGERS
ATLANTIC RUGBY GROUP,5,ATLANTIC RUGBY GROUP-5,22,CHARGERS
HEYWENDYS,1,HEYWENDYS-1,22,CHARGERS
riley,4,riley-4,6,JAGUARS
ATLANTIC RUGBY GROUP,6,ATLANTIC RUGBY GROUP-6,22,CHARGERS
HEYWENDYS,2,HEYWENDYS-2,6,JAGUARS
RINCJR,1,RINCJR-1,24,RAIDERS
ATLANTIC RUGBY GROUP,7,ATLANTIC RUGBY GROUP-7,22,CHARGERS
HFGB,1,HFGB-1,6,JAGUARS
RINCJR,2,RINCJR-2,6,JAGUARS
ATLANTIC RUGBY GROUP,8,ATLANTIC RUGBY GROUP-8,22,CHARGERS
HFGB,2,HFGB-2,20,LIONS
RINCJR,3,RINCJR-3,22,CHARGERS
ATLANTIC RUGBY GROUP,9,ATLANTIC RUGBY GROUP-9,22,CHARGERS
HFGB,3,HFGB-3,22,CHARGERS
RIO,1,RIO-1,22,CHARGERS
ATOBRITS,1,ATOBRITS-1,6,JAGUARS
HFS MI,1,HFS MI-1,22,CHARGERS
RIO,2,RIO-2,6,JAGUARS
ATOBRITS,2,ATOBRITS-2,22,CHARGERS
HIDEAWAY,1,HIDEAWAY-1,6,JAGUARS
RIPS DON'T LIE,1,RIPS DON'T LIE-1,12,STEELERS
ATOBRITS,3,ATOBRITS-3,6,JAGUARS
HIDEAWAY,10,HIDEAWAY-10,22,CHARGERS
RIPS DON'T LIE,10,RIPS DON'T LIE-10,12,STEELERS
ATOBRITS,4,ATOBRITS-4,22,CHARGERS
HIDEAWAY,2,HIDEAWAY-2,6,JAGUARS
RIPS DON'T LIE,2,RIPS DON'T LIE-2,12,STEELERS
AtoZsports,1,AtoZsports-1,6,JAGUARS
HIDEAWAY,3,HIDEAWAY-3,6,JAGUARS
RIPS DON'T LIE,3,RIPS DON'T LIE-3,12,STEELERS
AtoZsports,2,AtoZsports-2,12,STEELERS
HIDEAWAY,4,HIDEAWAY-4,6,JAGUARS
RIPS DON'T LIE,4,RIPS DON'T LIE-4,12,STEELERS
ATRAIN,1,ATRAIN-1,22,CHARGERS
HIDEAWAY,5,HIDEAWAY-5,20,LIONS
RIPS DON'T LIE,5,RIPS DON'T LIE-5,12,STEELERS
ATRAIN,2,ATRAIN-2,22,CHARGERS
HIDEAWAY,6,HIDEAWAY-6,12,STEELERS
RIPS DON'T LIE,6,RIPS DON'T LIE-6,12,STEELERS
ATRAIN,3,ATRAIN-3,22,CHARGERS
HIDEAWAY,7,HIDEAWAY-7,8,BENGALS
RIPS DON'T LIE,7,RIPS DON'T LIE-7,12,STEELERS
ATRAIN,4,ATRAIN-4,6,JAGUARS
HIDEAWAY,8,HIDEAWAY-8,6,JAGUARS
RIPS DON'T LIE,8,RIPS DON'T LIE-8,12,STEELERS
ATRAIN,5,ATRAIN-5,20,LIONS
HIDEAWAY,9,HIDEAWAY-9,22,CHARGERS
RIPS DON'T LIE,9,RIPS DON'T LIE-9,12,STEELERS
ATRAIN,6,ATRAIN-6,12,STEELERS
HIDEOUT 1,1,HIDEOUT 1-1,12,STEELERS
RIPSAW,1,RIPSAW-1,22,CHARGERS
Atropos,1,Atropos-1,26,EAGLES
HIEXPRESS,1,HIEXPRESS-1,6,JAGUARS
RISKY 11,1,RISKY 11-1,6,JAGUARS
Atropos,10,Atropos-10,26,EAGLES
HIEXPRESS,2,HIEXPRESS-2,6,JAGUARS
RISKYBOILER,1,RISKYBOILER-1,22,CHARGERS
Atropos,2,Atropos-2,26,EAGLES
HIGH ON FANTASY,1,HIGH ON FANTASY-1,22,CHARGERS
RISKYBOILER,2,RISKYBOILER-2,22,CHARGERS
Atropos,3,Atropos-3,26,EAGLES
HIGH ON FANTASY,10,HIGH ON FANTASY-10,12,STEELERS
RISKYBOILER,3,RISKYBOILER-3,6,JAGUARS
Atropos,4,Atropos-4,26,EAGLES
HIGH ON FANTASY,2,HIGH ON FANTASY-2,22,CHARGERS
RIVADERCI,1,RIVADERCI-1,6,JAGUARS
Atropos,5,Atropos-5,26,EAGLES
HIGH ON FANTASY,3,HIGH ON FANTASY-3,22,CHARGERS
RIVADERCI,10,RIVADERCI-10,20,LIONS
Atropos,6,Atropos-6,26,EAGLES
HIGH ON FANTASY,4,HIGH ON FANTASY-4,22,CHARGERS
RIVADERCI,2,RIVADERCI-2,6,JAGUARS
Atropos,7,Atropos-7,26,EAGLES
HIGH ON FANTASY,5,HIGH ON FANTASY-5,6,JAGUARS
RIVADERCI,3,RIVADERCI-3,6,JAGUARS
Atropos,8,Atropos-8,26,EAGLES
HIGH ON FANTASY,6,HIGH ON FANTASY-6,6,JAGUARS
RIVADERCI,4,RIVADERCI-4,6,JAGUARS
Atropos,9,Atropos-9,26,EAGLES
HIGH ON FANTASY,7,HIGH ON FANTASY-7,6,JAGUARS
RIVADERCI,5,RIVADERCI-5,6,JAGUARS
Atropos2,1,Atropos2-1,20,LIONS
HIGH ON FANTASY,8,HIGH ON FANTASY-8,6,JAGUARS
RIVADERCI,6,RIVADERCI-6,6,JAGUARS
Atropos2,10,Atropos2-10,20,LIONS
HIGH ON FANTASY,9,HIGH ON FANTASY-9,12,STEELERS
RIVADERCI,7,RIVADERCI-7,12,STEELERS
Atropos2,2,Atropos2-2,20,LIONS
HIGHLANDS BUNKER BAR,1,HIGHLANDS BUNKER BAR-1,22,CHARGERS
RIVADERCI,8,RIVADERCI-8,22,CHARGERS
Atropos2,3,Atropos2-3,20,LIONS
HIGHLANDS BUNKER BAR,2,HIGHLANDS BUNKER BAR-2,12,STEELERS
RIVADERCI,9,RIVADERCI-9,22,CHARGERS
Atropos2,4,Atropos2-4,20,LIONS
HIGHLANDS BUNKER BAR,3,HIGHLANDS BUNKER BAR-3,26,EAGLES
RIVER DOG,1,RIVER DOG-1,22,CHARGERS
Atropos2,5,Atropos2-5,20,LIONS
HIGHTOPS72,1,HIGHTOPS72-1,22,CHARGERS
RIVER DOG,2,RIVER DOG-2,6,JAGUARS
Atropos2,6,Atropos2-6,20,LIONS
HIGHTOPS72,2,HIGHTOPS72-2,6,JAGUARS
RIVER DOG,3,RIVER DOG-3,6,JAGUARS
Atropos2,7,Atropos2-7,20,LIONS
HILDY,1,HILDY-1,6,JAGUARS
RIVER DOG,4,RIVER DOG-4,6,JAGUARS
Atropos2,8,Atropos2-8,20,LIONS
HILLBILLY,1,HILLBILLY-1,2,SEAHAWKS
RIVER RANCH,1,RIVER RANCH-1,6,JAGUARS
Atropos2,9,Atropos2-9,20,LIONS
HILLBILLY,2,HILLBILLY-2,2,SEAHAWKS
RIVER RANCH,2,RIVER RANCH-2,6,JAGUARS
ATTACHMENT THEORY,1,ATTACHMENT THEORY-1,6,JAGUARS
HILLBILLY,3,HILLBILLY-3,12,STEELERS
RIVER RANCH,3,RIVER RANCH-3,12,STEELERS
ATTACHMENT THEORY,2,ATTACHMENT THEORY-2,12,STEELERS
HILLERS,1,HILLERS-1,12,STEELERS
RIVER RATS,1,RIVER RATS-1,6,JAGUARS
attrnyclintprivilege,1,attrnyclintprivilege-1,6,JAGUARS
HILLERS,2,HILLERS-2,6,JAGUARS
RIVER RATS,2,RIVER RATS-2,22,CHARGERS
attrnyclintprivilege,10,attrnyclintprivilege-10,22,CHARGERS
HILLERS,3,HILLERS-3,22,CHARGERS
RIVER RATS,3,RIVER RATS-3,6,JAGUARS
attrnyclintprivilege,2,attrnyclintprivilege-2,6,JAGUARS
HILLERS,4,HILLERS-4,22,CHARGERS
RIVER RATS,4,RIVER RATS-4,24,RAIDERS
attrnyclintprivilege,3,attrnyclintprivilege-3,22,CHARGERS
HILLERS,5,HILLERS-5,22,CHARGERS
RIVERCREST,1,RIVERCREST-1,22,CHARGERS
attrnyclintprivilege,4,attrnyclintprivilege-4,22,CHARGERS
HILLTOPPERS,1,HILLTOPPERS-1,6,JAGUARS
RIVINGTON17,1,RIVINGTON17-1,24,RAIDERS
attrnyclintprivilege,5,attrnyclintprivilege-5,22,CHARGERS
HINDO,1,HINDO-1,22,CHARGERS
RIVINGTON17,10,RIVINGTON17-10,22,CHARGERS
attrnyclintprivilege,6,attrnyclintprivilege-6,22,CHARGERS
HINDO,10,HINDO-10,12,STEELERS
RIVINGTON17,2,RIVINGTON17-2,24,RAIDERS
attrnyclintprivilege,7,attrnyclintprivilege-7,22,CHARGERS
HINDO,2,HINDO-2,22,CHARGERS
RIVINGTON17,3,RIVINGTON17-3,22,CHARGERS
attrnyclintprivilege,8,attrnyclintprivilege-8,22,CHARGERS
HINDO,3,HINDO-3,22,CHARGERS
RIVINGTON17,4,RIVINGTON17-4,6,JAGUARS
attrnyclintprivilege,9,attrnyclintprivilege-9,22,CHARGERS
HINDO,4,HINDO-4,22,CHARGERS
RIVINGTON17,5,RIVINGTON17-5,12,STEELERS
atxpack27,1,atxpack27-1,6,JAGUARS
HINDO,5,HINDO-5,22,CHARGERS
RIVINGTON17,6,RIVINGTON17-6,12,STEELERS
atxpack27,2,atxpack27-2,9,RAVENS
HINDO,6,HINDO-6,22,CHARGERS
RIVINGTON17,7,RIVINGTON17-7,12,STEELERS
atxpack27,3,atxpack27-3,22,CHARGERS
HINDO,7,HINDO-7,22,CHARGERS
RIVINGTON17,8,RIVINGTON17-8,12,STEELERS
Au Contraire,1,Au Contraire-1,12,STEELERS
HINDO,8,HINDO-8,22,CHARGERS
RIVINGTON17,9,RIVINGTON17-9,22,CHARGERS
Au Contraire,2,Au Contraire-2,12,STEELERS
HINDO,9,HINDO-9,12,STEELERS
RIZU,1,RIZU-1,24,RAIDERS
Au Contraire,3,Au Contraire-3,12,STEELERS
HIPTOBESQUARE,1,HIPTOBESQUARE-1,6,JAGUARS
RIZZ CITY 26,1,RIZZ CITY 26-1,20,LIONS
Au Contraire,4,Au Contraire-4,12,STEELERS
"HIS PICKS, HER FAULT",1,"HIS PICKS, HER FAULT-1",22,CHARGERS
RIZZ CITY 26,10,RIZZ CITY 26-10,20,LIONS
Au Contraire,5,Au Contraire-5,31,BRONCOS
"HIS PICKS, HER FAULT",2,"HIS PICKS, HER FAULT-2",22,CHARGERS
RIZZ CITY 26,2,RIZZ CITY 26-2,20,LIONS
Au Contraire,6,Au Contraire-6,31,BRONCOS
"HIS PICKS, HER FAULT",3,"HIS PICKS, HER FAULT-3",12,STEELERS
RIZZ CITY 26,3,RIZZ CITY 26-3,20,LIONS
Au Contraire,7,Au Contraire-7,32,CHIEFS
HIT EM UP,1,HIT EM UP-1,22,CHARGERS
RIZZ CITY 26,4,RIZZ CITY 26-4,20,LIONS
Au Contraire,8,Au Contraire-8,31,BRONCOS
HIT THE BID,1,HIT THE BID-1,22,CHARGERS
RIZZ CITY 26,5,RIZZ CITY 26-5,20,LIONS
Au Contraire,9,Au Contraire-9,31,BRONCOS
HITSITAMILE,1,HITSITAMILE-1,6,JAGUARS
RIZZ CITY 26,6,RIZZ CITY 26-6,20,LIONS
AUBOO,1,AUBOO-1,6,JAGUARS
HITSITAMILE,2,HITSITAMILE-2,12,STEELERS
RIZZ CITY 26,7,RIZZ CITY 26-7,20,LIONS
AUBOO,2,AUBOO-2,22,CHARGERS
HJML,1,HJML-1,22,CHARGERS
RIZZ CITY 26,8,RIZZ CITY 26-8,20,LIONS
Aubskenz,1,Aubskenz-1,12,STEELERS
HOCKEYGRL36,1,HOCKEYGRL36-1,6,JAGUARS
RIZZ CITY 26,9,RIZZ CITY 26-9,20,LIONS
AUCTION OF CHAMPIONS,1,AUCTION OF CHAMPIONS-1,24,RAIDERS
HOCKEYGRL36,10,HOCKEYGRL36-10,6,JAGUARS
RLAVOIE04,1,RLAVOIE04-1,6,JAGUARS
AUCTION OF CHAMPIONS,2,AUCTION OF CHAMPIONS-2,12,STEELERS
HOCKEYGRL36,2,HOCKEYGRL36-2,6,JAGUARS
RLAVOIE04,2,RLAVOIE04-2,22,CHARGERS
AUCTION OF CHAMPIONS,3,AUCTION OF CHAMPIONS-3,12,STEELERS
HOCKEYGRL36,3,HOCKEYGRL36-3,6,JAGUARS
RMCS,1,RMCS-1,6,JAGUARS
AUCTION OF CHAMPIONS,4,AUCTION OF CHAMPIONS-4,22,CHARGERS
HOCKEYGRL36,4,HOCKEYGRL36-4,6,JAGUARS
RMD888,1,RMD888-1,22,CHARGERS
AUCTION OF CHAMPIONS,5,AUCTION OF CHAMPIONS-5,22,CHARGERS
HOCKEYGRL36,5,HOCKEYGRL36-5,6,JAGUARS
RMF16522,1,RMF16522-1,22,CHARGERS
AUCTION OF CHAMPIONS,6,AUCTION OF CHAMPIONS-6,22,CHARGERS
HOCKEYGRL36,6,HOCKEYGRL36-6,6,JAGUARS
rmid12,1,rmid12-1,6,JAGUARS
AUCTION OF CHAMPIONS,7,AUCTION OF CHAMPIONS-7,22,CHARGERS
HOCKEYGRL36,7,HOCKEYGRL36-7,6,JAGUARS
rmid12,10,rmid12-10,26,EAGLES
AUCTION OF CHAMPIONS,8,AUCTION OF CHAMPIONS-8,6,JAGUARS
HOCKEYGRL36,8,HOCKEYGRL36-8,6,JAGUARS
rmid12,2,rmid12-2,6,JAGUARS
AUGELLO,1,AUGELLO-1,6,JAGUARS
HOCKEYGRL36,9,HOCKEYGRL36-9,6,JAGUARS
rmid12,3,rmid12-3,6,JAGUARS
AUGELLO,2,AUGELLO-2,22,CHARGERS
hockittome,1,hockittome-1,12,STEELERS
rmid12,4,rmid12-4,12,STEELERS
AUGGIE'S TEAM,1,AUGGIE'S TEAM-1,22,CHARGERS
HOF2,1,HOF2-1,6,JAGUARS
rmid12,5,rmid12-5,12,STEELERS
AUGGIE'S TEAM,2,AUGGIE'S TEAM-2,22,CHARGERS
HOFF,1,HOFF-1,6,JAGUARS
rmid12,6,rmid12-6,12,STEELERS
AUGGIE'S TEAM,3,AUGGIE'S TEAM-3,6,JAGUARS
HOFF,2,HOFF-2,22,CHARGERS
rmid12,7,rmid12-7,12,STEELERS
AUGUST WEST,1,AUGUST WEST-1,12,STEELERS
HOFF_66,1,HOFF_66-1,22,CHARGERS
rmid12,8,rmid12-8,22,CHARGERS
AUGUST WEST,2,AUGUST WEST-2,22,CHARGERS
HOFNELLIEFOX,1,HOFNELLIEFOX-1,22,CHARGERS
rmid12,9,rmid12-9,22,CHARGERS
AUNTIE DEBBIE,1,AUNTIE DEBBIE-1,22,CHARGERS
HOFNELLIEFOX,10,HOFNELLIEFOX-10,6,JAGUARS
RMVD,1,RMVD-1,26,EAGLES
AUNTIE DEBBIE,10,AUNTIE DEBBIE-10,20,LIONS
HOFNELLIEFOX,2,HOFNELLIEFOX-2,6,JAGUARS
RMVD,2,RMVD-2,12,STEELERS
AUNTIE DEBBIE,2,AUNTIE DEBBIE-2,22,CHARGERS
HOFNELLIEFOX,3,HOFNELLIEFOX-3,24,RAIDERS
RMVD,3,RMVD-3,24,RAIDERS
AUNTIE DEBBIE,3,AUNTIE DEBBIE-3,22,CHARGERS
HOFNELLIEFOX,4,HOFNELLIEFOX-4,6,JAGUARS
RND_GLLC,1,RND_GLLC-1,12,STEELERS
AUNTIE DEBBIE,4,AUNTIE DEBBIE-4,22,CHARGERS
HOFNELLIEFOX,5,HOFNELLIEFOX-5,26,EAGLES
RND_GLLC,2,RND_GLLC-2,6,JAGUARS
AUNTIE DEBBIE,5,AUNTIE DEBBIE-5,22,CHARGERS
HOFNELLIEFOX,6,HOFNELLIEFOX-6,26,EAGLES
RNJESUS,1,RNJESUS-1,26,EAGLES
AUNTIE DEBBIE,6,AUNTIE DEBBIE-6,22,CHARGERS
HOFNELLIEFOX,7,HOFNELLIEFOX-7,22,CHARGERS
RNJESUS,10,RNJESUS-10,26,EAGLES
AUNTIE DEBBIE,7,AUNTIE DEBBIE-7,22,CHARGERS
HOFNELLIEFOX,8,HOFNELLIEFOX-8,22,CHARGERS
RNJESUS,2,RNJESUS-2,26,EAGLES
AUNTIE DEBBIE,8,AUNTIE DEBBIE-8,20,LIONS
HOFNELLIEFOX,9,HOFNELLIEFOX-9,22,CHARGERS
RNJESUS,3,RNJESUS-3,26,EAGLES
AUNTIE DEBBIE,9,AUNTIE DEBBIE-9,20,LIONS
HOG & PONY SHOW,1,HOG & PONY SHOW-1,22,CHARGERS
RNJESUS,4,RNJESUS-4,26,EAGLES
Auras,1,Auras-1,22,CHARGERS
HOG & PONY SHOW,2,HOG & PONY SHOW-2,6,JAGUARS
RNJESUS,5,RNJESUS-5,26,EAGLES
Auras,2,Auras-2,6,JAGUARS
HOG WILD,1,HOG WILD-1,6,JAGUARS
RNJESUS,6,RNJESUS-6,26,EAGLES
AUSTINATOR,1,AUSTINATOR-1,22,CHARGERS
HOG WILD,2,HOG WILD-2,22,CHARGERS
RNJESUS,7,RNJESUS-7,26,EAGLES
AUSTYN,1,AUSTYN-1,6,JAGUARS
HOG WILD,3,HOG WILD-3,22,CHARGERS
RNJESUS,8,RNJESUS-8,26,EAGLES
AUTARCH,1,AUTARCH-1,6,JAGUARS
HOH,1,HOH-1,6,JAGUARS
RNJESUS,9,RNJESUS-9,26,EAGLES
AUTARCH,2,AUTARCH-2,22,CHARGERS
Hokie Pack,1,Hokie Pack-1,6,JAGUARS
Roach 1971,1,Roach 1971-1,12,STEELERS
AUTOFADE,1,AUTOFADE-1,26,EAGLES
HOLD MY BEER,1,HOLD MY BEER-1,12,STEELERS
Roach 1971,10,Roach 1971-10,12,STEELERS
AUTOFADE,2,AUTOFADE-2,17,JETS
HOLKENBRINK1,1,HOLKENBRINK1-1,6,JAGUARS
Roach 1971,2,Roach 1971-2,12,STEELERS
AUTOFADE,3,AUTOFADE-3,6,JAGUARS
HOLLI'S SURVIVOR,1,HOLLI'S SURVIVOR-1,6,JAGUARS
Roach 1971,3,Roach 1971-3,12,STEELERS
AUTOFADE,4,AUTOFADE-4,12,STEELERS
HOLLI'S SURVIVOR,2,HOLLI'S SURVIVOR-2,22,CHARGERS
Roach 1971,4,Roach 1971-4,12,STEELERS
AUTOFADE,5,AUTOFADE-5,12,STEELERS
HOLLYWIZZLE,1,HOLLYWIZZLE-1,6,JAGUARS
Roach 1971,5,Roach 1971-5,12,STEELERS
avatar,1,avatar-1,22,CHARGERS
HOLLYWIZZLE,2,HOLLYWIZZLE-2,12,STEELERS
Roach 1971,6,Roach 1971-6,12,STEELERS
avatar,10,avatar-10,6,JAGUARS
HOLLYWIZZLE,3,HOLLYWIZZLE-3,22,CHARGERS
Roach 1971,7,Roach 1971-7,12,STEELERS
avatar,2,avatar-2,6,JAGUARS
hollywood,1,hollywood-1,20,LIONS
Roach 1971,8,Roach 1971-8,12,STEELERS
avatar,3,avatar-3,22,CHARGERS
hollywood,10,hollywood-10,22,CHARGERS
Roach 1971,9,Roach 1971-9,12,STEELERS
avatar,4,avatar-4,22,CHARGERS
hollywood,2,hollywood-2,20,LIONS
ROAD FAVORITES,1,ROAD FAVORITES-1,22,CHARGERS
avatar,5,avatar-5,6,JAGUARS
hollywood,3,hollywood-3,20,LIONS
ROAD SCHOOL,1,ROAD SCHOOL-1,22,CHARGERS
avatar,6,avatar-6,8,BENGALS
hollywood,4,hollywood-4,22,CHARGERS
ROAD SCHOOL,10,ROAD SCHOOL-10,12,STEELERS
avatar,7,avatar-7,6,JAGUARS
hollywood,5,hollywood-5,22,CHARGERS
ROAD SCHOOL,2,ROAD SCHOOL-2,22,CHARGERS
avatar,8,avatar-8,20,LIONS
hollywood,6,hollywood-6,22,CHARGERS
ROAD SCHOOL,3,ROAD SCHOOL-3,22,CHARGERS
avatar,9,avatar-9,6,JAGUARS
hollywood,7,hollywood-7,22,CHARGERS
ROAD SCHOOL,4,ROAD SCHOOL-4,22,CHARGERS
AVENGERS ASSEMBLE,1,AVENGERS ASSEMBLE-1,12,STEELERS
hollywood,8,hollywood-8,22,CHARGERS
ROAD SCHOOL,5,ROAD SCHOOL-5,6,JAGUARS
AVENGERS ASSEMBLE,10,AVENGERS ASSEMBLE-10,22,CHARGERS
hollywood,9,hollywood-9,22,CHARGERS
ROAD SCHOOL,6,ROAD SCHOOL-6,6,JAGUARS
AVENGERS ASSEMBLE,2,AVENGERS ASSEMBLE-2,12,STEELERS
HOLY CITY SWEAT,1,HOLY CITY SWEAT-1,6,JAGUARS
ROAD SCHOOL,7,ROAD SCHOOL-7,6,JAGUARS
AVENGERS ASSEMBLE,3,AVENGERS ASSEMBLE-3,26,EAGLES
HOLY CITY SWEAT,2,HOLY CITY SWEAT-2,6,JAGUARS
ROAD SCHOOL,8,ROAD SCHOOL-8,6,JAGUARS
AVENGERS ASSEMBLE,4,AVENGERS ASSEMBLE-4,26,EAGLES
HOLY CITY SWEAT,3,HOLY CITY SWEAT-3,6,JAGUARS
ROAD SCHOOL,9,ROAD SCHOOL-9,12,STEELERS
AVENGERS ASSEMBLE,5,AVENGERS ASSEMBLE-5,6,JAGUARS
HOLY CITY SWEAT,4,HOLY CITY SWEAT-4,22,CHARGERS
ROB RICH,1,ROB RICH-1,22,CHARGERS
AVENGERS ASSEMBLE,6,AVENGERS ASSEMBLE-6,6,JAGUARS
HOLY CITY SWEAT,5,HOLY CITY SWEAT-5,22,CHARGERS
ROBBERIZER,1,ROBBERIZER-1,6,JAGUARS
AVENGERS ASSEMBLE,7,AVENGERS ASSEMBLE-7,6,JAGUARS
HOLYTRINITY,1,HOLYTRINITY-1,22,CHARGERS
ROBBERIZER,10,ROBBERIZER-10,12,STEELERS
AVENGERS ASSEMBLE,8,AVENGERS ASSEMBLE-8,22,CHARGERS
HOLYTRINITY,2,HOLYTRINITY-2,22,CHARGERS
ROBBERIZER,2,ROBBERIZER-2,6,JAGUARS
AVENGERS ASSEMBLE,9,AVENGERS ASSEMBLE-9,22,CHARGERS
HOLYTRINITY,3,HOLYTRINITY-3,24,RAIDERS
ROBBERIZER,3,ROBBERIZER-3,6,JAGUARS
AW77,1,AW77-1,12,STEELERS
HOLYTRINITY,4,HOLYTRINITY-4,22,CHARGERS
ROBBERIZER,4,ROBBERIZER-4,6,JAGUARS
AXL#1,1,AXL#1-1,22,CHARGERS
HOLYTRINITY,5,HOLYTRINITY-5,6,JAGUARS
ROBBERIZER,5,ROBBERIZER-5,22,CHARGERS
AXL#1,2,AXL#1-2,6,JAGUARS
HOLYTRINITY,6,HOLYTRINITY-6,22,CHARGERS
ROBBERIZER,6,ROBBERIZER-6,22,CHARGERS
AY BOO BOO!,1,AY BOO BOO!-1,12,STEELERS
HOME BOYZ,1,HOME BOYZ-1,22,CHARGERS
ROBBERIZER,7,ROBBERIZER-7,22,CHARGERS
AY BOO BOO!,2,AY BOO BOO!-2,6,JAGUARS
HOME BOYZ,2,HOME BOYZ-2,6,JAGUARS
ROBBERIZER,8,ROBBERIZER-8,12,STEELERS
AY BOO BOO!,3,AY BOO BOO!-3,6,JAGUARS
HOME DAWGS HOWLIN,1,HOME DAWGS HOWLIN-1,6,JAGUARS
ROBBERIZER,9,ROBBERIZER-9,12,STEELERS
AYAHUASCA,1,AYAHUASCA-1,22,CHARGERS
HOME DOGS POD,1,HOME DOGS POD-1,22,CHARGERS
ROBC1120,1,ROBC1120-1,24,RAIDERS
AYAHUASCA,10,AYAHUASCA-10,20,LIONS
Honey Bunny,1,Honey Bunny-1,8,BENGALS
ROBC1120,10,ROBC1120-10,22,CHARGERS
AYAHUASCA,2,AYAHUASCA-2,22,CHARGERS
Honey Bunny,10,Honey Bunny-10,24,RAIDERS
ROBC1120,2,ROBC1120-2,22,CHARGERS
AYAHUASCA,3,AYAHUASCA-3,22,CHARGERS
Honey Bunny,2,Honey Bunny-2,8,BENGALS
ROBC1120,3,ROBC1120-3,24,RAIDERS
AYAHUASCA,4,AYAHUASCA-4,22,CHARGERS
Honey Bunny,3,Honey Bunny-3,24,RAIDERS
ROBC1120,4,ROBC1120-4,22,CHARGERS
AYAHUASCA,5,AYAHUASCA-5,22,CHARGERS
Honey Bunny,4,Honey Bunny-4,6,JAGUARS
ROBC1120,5,ROBC1120-5,24,RAIDERS
AYAHUASCA,6,AYAHUASCA-6,22,CHARGERS
Honey Bunny,5,Honey Bunny-5,6,JAGUARS
ROBC1120,6,ROBC1120-6,22,CHARGERS
AYAHUASCA,7,AYAHUASCA-7,20,LIONS
Honey Bunny,6,Honey Bunny-6,6,JAGUARS
ROBC1120,7,ROBC1120-7,24,RAIDERS
AYAHUASCA,8,AYAHUASCA-8,20,LIONS
Honey Bunny,7,Honey Bunny-7,9,RAVENS
ROBC1120,8,ROBC1120-8,22,CHARGERS
AYAHUASCA,9,AYAHUASCA-9,20,LIONS
Honey Bunny,8,Honey Bunny-8,9,RAVENS
ROBC1120,9,ROBC1120-9,24,RAIDERS
AYCIN,1,AYCIN-1,22,CHARGERS
Honey Bunny,9,Honey Bunny-9,24,RAIDERS
Robert Jewell,1,Robert Jewell-1,6,JAGUARS
AYCIN,2,AYCIN-2,6,JAGUARS
HONEY,1,HONEY-1,22,CHARGERS
robert0707,1,robert0707-1,6,JAGUARS
AYCIN,3,AYCIN-3,12,STEELERS
HONEYBEAR,1,HONEYBEAR-1,6,JAGUARS
robert0707,2,robert0707-2,12,STEELERS
AZ CATS,1,AZ CATS-1,6,JAGUARS
HONEYBEAR,2,HONEYBEAR-2,22,CHARGERS
robert0707,3,robert0707-3,6,JAGUARS
AZ CATS,2,AZ CATS-2,12,STEELERS
HONEYBEAR,3,HONEYBEAR-3,12,STEELERS
robert0707,4,robert0707-4,22,CHARGERS
AZCATS847,1,AZCATS847-1,22,CHARGERS
HONEYBEAR,4,HONEYBEAR-4,26,EAGLES
ROBERTLAWSON22,1,ROBERTLAWSON22-1,6,JAGUARS
AZCATS847,2,AZCATS847-2,12,STEELERS
HONEYBEAR,5,HONEYBEAR-5,12,STEELERS
ROBERTLAWSON22,2,ROBERTLAWSON22-2,6,JAGUARS
AZCRAPSDEALER,1,AZCRAPSDEALER-1,12,STEELERS
HONKEYCAT EXPRESS,1,HONKEYCAT EXPRESS-1,6,JAGUARS
ROBFLYERS,1,ROBFLYERS-1,12,STEELERS
AZCRAPSDEALER,2,AZCRAPSDEALER-2,6,JAGUARS
HONKEYCAT EXPRESS,2,HONKEYCAT EXPRESS-2,6,JAGUARS
ROBFLYERS,2,ROBFLYERS-2,26,EAGLES
AZIMUTH,1,AZIMUTH-1,22,CHARGERS
HONKEYCAT EXPRESS,3,HONKEYCAT EXPRESS-3,22,CHARGERS
ROBFLYERS,3,ROBFLYERS-3,6,JAGUARS
AZNJRK,1,AZNJRK-1,22,CHARGERS
HONKEYCAT EXPRESS,4,HONKEYCAT EXPRESS-4,22,CHARGERS
ROBINSON X TWO,1,ROBINSON X TWO-1,12,STEELERS
AZNJRK,2,AZNJRK-2,12,STEELERS
HONKEYCAT EXPRESS,5,HONKEYCAT EXPRESS-5,6,JAGUARS
ROBSEY,1,ROBSEY-1,6,JAGUARS
Aztec Alums,1,Aztec Alums-1,12,STEELERS
HonoLuLu 888,1,HonoLuLu 888-1,6,JAGUARS
ROBSEY,2,ROBSEY-2,6,JAGUARS
Aztec Alums,2,Aztec Alums-2,22,CHARGERS
HonoLuLu 888,10,HonoLuLu 888-10,22,CHARGERS
Rocco's Candy,1,Rocco's Candy-1,6,JAGUARS
AZZ MAN,1,AZZ MAN-1,22,CHARGERS
HonoLuLu 888,2,HonoLuLu 888-2,6,JAGUARS
Rocco's Candy,10,Rocco's Candy-10,26,EAGLES
AZZ MAN,10,AZZ MAN-10,6,JAGUARS
HonoLuLu 888,3,HonoLuLu 888-3,6,JAGUARS
Rocco's Candy,2,Rocco's Candy-2,6,JAGUARS
AZZ MAN,2,AZZ MAN-2,22,CHARGERS
HonoLuLu 888,4,HonoLuLu 888-4,6,JAGUARS
Rocco's Candy,3,Rocco's Candy-3,6,JAGUARS
AZZ MAN,3,AZZ MAN-3,6,JAGUARS
HonoLuLu 888,5,HonoLuLu 888-5,6,JAGUARS
Rocco's Candy,4,Rocco's Candy-4,22,CHARGERS
AZZ MAN,4,AZZ MAN-4,12,STEELERS
HonoLuLu 888,6,HonoLuLu 888-6,12,STEELERS
Rocco's Candy,5,Rocco's Candy-5,22,CHARGERS
AZZ MAN,5,AZZ MAN-5,12,STEELERS
HonoLuLu 888,7,HonoLuLu 888-7,12,STEELERS
Rocco's Candy,6,Rocco's Candy-6,22,CHARGERS
AZZ MAN,6,AZZ MAN-6,26,EAGLES
HonoLuLu 888,8,HonoLuLu 888-8,22,CHARGERS
Rocco's Candy,7,Rocco's Candy-7,20,LIONS
AZZ MAN,7,AZZ MAN-7,24,RAIDERS
HonoLuLu 888,9,HonoLuLu 888-9,22,CHARGERS
Rocco's Candy,8,Rocco's Candy-8,20,LIONS
AZZ MAN,8,AZZ MAN-8,12,STEELERS
hoo's your daddy xii,1,hoo's your daddy xii-1,6,JAGUARS
Rocco's Candy,9,Rocco's Candy-9,26,EAGLES
AZZ MAN,9,AZZ MAN-9,12,STEELERS
HOOCH + SAM I AM,1,HOOCH + SAM I AM-1,20,LIONS
ROCINANTE,1,ROCINANTE-1,22,CHARGERS
B AND J,1,B AND J-1,6,JAGUARS
hoochie knot,1,hoochie knot-1,6,JAGUARS
ROCINANTE,2,ROCINANTE-2,22,CHARGERS
B BOYS 66,1,B BOYS 66-1,22,CHARGERS
hoochie knot,2,hoochie knot-2,12,STEELERS
ROCINANTE,3,ROCINANTE-3,12,STEELERS
B MACK ATTACK 26,1,B MACK ATTACK 26-1,22,CHARGERS
hoochie knot,3,hoochie knot-3,24,RAIDERS
ROCK 2075,1,ROCK 2075-1,6,JAGUARS
B&C CATTLE CO,1,B&C CATTLE CO-1,6,JAGUARS
HOOF HEARTED,1,HOOF HEARTED-1,24,RAIDERS
ROCK 2075,2,ROCK 2075-2,12,STEELERS
B&C CATTLE CO,2,B&C CATTLE CO-2,22,CHARGERS
HOOF HEARTED,2,HOOF HEARTED-2,6,JAGUARS
ROCK 2075,3,ROCK 2075-3,22,CHARGERS
B&C CATTLE CO,3,B&C CATTLE CO-3,12,STEELERS
HOOF HEARTED,3,HOOF HEARTED-3,12,STEELERS
ROCK THE BOAT,1,ROCK THE BOAT-1,6,JAGUARS
B&s Handicapping,1,B&s Handicapping-1,4,RAMS
HOOF HEARTED,4,HOOF HEARTED-4,20,LIONS
rockchaclk88,1,rockchaclk88-1,17,JETS
B&s Handicapping,2,B&s Handicapping-2,22,CHARGERS
HOOF HEARTED,5,HOOF HEARTED-5,22,CHARGERS
rockchaclk88,2,rockchaclk88-2,22,CHARGERS
b-all in,1,b-all in-1,22,CHARGERS
HOOF HEARTED,6,HOOF HEARTED-6,24,RAIDERS
rockchaclk88,3,rockchaclk88-3,12,STEELERS
B-IRISH,1,B-IRISH-1,6,JAGUARS
HOOF HEARTED,7,HOOF HEARTED-7,22,CHARGERS
rockchaclk88,4,rockchaclk88-4,26,EAGLES
B-IRISH,10,B-IRISH-10,4,RAMS
HOOISERALUM,1,HOOISERALUM-1,12,STEELERS
ROCKDADDY,1,ROCKDADDY-1,6,JAGUARS
B-IRISH,2,B-IRISH-2,6,JAGUARS
HOOISERALUM,10,HOOISERALUM-10,24,RAIDERS
ROCKDADDY,2,ROCKDADDY-2,22,CHARGERS
B-IRISH,3,B-IRISH-3,24,RAIDERS
HOOISERALUM,2,HOOISERALUM-2,12,STEELERS
ROCKET BOY,1,ROCKET BOY-1,12,STEELERS
B-IRISH,4,B-IRISH-4,8,BENGALS
HOOISERALUM,3,HOOISERALUM-3,12,STEELERS
ROCKET SURGEON,1,ROCKET SURGEON-1,12,STEELERS
B-IRISH,5,B-IRISH-5,18,TITANS
HOOISERALUM,4,HOOISERALUM-4,12,STEELERS
ROCKETMANTIS,1,ROCKETMANTIS-1,6,JAGUARS
B-IRISH,6,B-IRISH-6,22,CHARGERS
HOOISERALUM,5,HOOISERALUM-5,12,STEELERS
Rockhard Picks,1,Rockhard Picks-1,6,JAGUARS
B-IRISH,7,B-IRISH-7,8,BENGALS
HOOISERALUM,6,HOOISERALUM-6,12,STEELERS
ROCKHOPPER,1,ROCKHOPPER-1,15,BEARS
B-IRISH,8,B-IRISH-8,12,STEELERS
HOOISERALUM,7,HOOISERALUM-7,12,STEELERS
ROCKHOPPER,10,ROCKHOPPER-10,20,LIONS
B-IRISH,9,B-IRISH-9,12,STEELERS
HOOISERALUM,8,HOOISERALUM-8,24,RAIDERS
ROCKHOPPER,2,ROCKHOPPER-2,26,EAGLES
B333 BOYS 2,1,B333 BOYS 2-1,9,RAVENS
HOOISERALUM,9,HOOISERALUM-9,24,RAIDERS
ROCKHOPPER,3,ROCKHOPPER-3,26,EAGLES
B333 BOYS 2,10,B333 BOYS 2-10,6,JAGUARS
Hookem,1,Hookem-1,6,JAGUARS
ROCKHOPPER,4,ROCKHOPPER-4,26,EAGLES
B333 BOYS 2,2,B333 BOYS 2-2,24,RAIDERS
Hookem,10,Hookem-10,6,JAGUARS
ROCKHOPPER,5,ROCKHOPPER-5,20,LIONS
B333 BOYS 2,3,B333 BOYS 2-3,22,CHARGERS
Hookem,2,Hookem-2,6,JAGUARS
ROCKHOPPER,6,ROCKHOPPER-6,20,LIONS
B333 BOYS 2,4,B333 BOYS 2-4,6,JAGUARS
Hookem,3,Hookem-3,12,STEELERS
ROCKHOPPER,7,ROCKHOPPER-7,20,LIONS
B333 BOYS 2,5,B333 BOYS 2-5,6,JAGUARS
Hookem,4,Hookem-4,12,STEELERS
ROCKHOPPER,8,ROCKHOPPER-8,20,LIONS
B333 BOYS 2,6,B333 BOYS 2-6,6,JAGUARS
Hookem,5,Hookem-5,12,STEELERS
ROCKHOPPER,9,ROCKHOPPER-9,20,LIONS
B333 BOYS 2,7,B333 BOYS 2-7,22,CHARGERS
Hookem,6,Hookem-6,12,STEELERS
ROCKINGCHAIR,1,ROCKINGCHAIR-1,6,JAGUARS
B333 BOYS 2,8,B333 BOYS 2-8,6,JAGUARS
Hookem,7,Hookem-7,6,JAGUARS
ROCKINGCHAIR,2,ROCKINGCHAIR-2,24,RAIDERS
B333 BOYS 2,9,B333 BOYS 2-9,22,CHARGERS
Hookem,8,Hookem-8,6,JAGUARS
rocky bottom,1,rocky bottom-1,6,JAGUARS
BAANGO2026,1,BAANGO2026-1,20,LIONS
Hookem,9,Hookem-9,6,JAGUARS
ROCKY,1,ROCKY-1,6,JAGUARS
BAANGO2026,2,BAANGO2026-2,6,JAGUARS
HOOPSUSA,1,HOOPSUSA-1,20,LIONS
ROCKY,2,ROCKY-2,18,TITANS
BAANGO2026,3,BAANGO2026-3,22,CHARGERS
HOOPSUSA,2,HOOPSUSA-2,22,CHARGERS
ROCKY,3,ROCKY-3,18,TITANS
BABY BRUCE,1,BABY BRUCE-1,6,JAGUARS
HOOSIER DADDY,1,HOOSIER DADDY-1,6,JAGUARS
ROCKY,4,ROCKY-4,6,JAGUARS
BABY BRUCE,2,BABY BRUCE-2,22,CHARGERS
HOOSIERCLAYS,1,HOOSIERCLAYS-1,12,STEELERS
ROCKY,5,ROCKY-5,6,JAGUARS
BABY GIRAFFE 15,1,BABY GIRAFFE 15-1,29,COWBOYS
HOOSIERDADDIES,1,HOOSIERDADDIES-1,12,STEELERS
ROCKY,6,ROCKY-6,6,JAGUARS
Baby Red Curls,1,Baby Red Curls-1,22,CHARGERS
HOOSIERDADDIES,2,HOOSIERDADDIES-2,22,CHARGERS
ROCKY,7,ROCKY-7,6,JAGUARS
BACK 2 THE END ZONE,1,BACK 2 THE END ZONE-1,6,JAGUARS
HOOSIERDADDIES,3,HOOSIERDADDIES-3,6,JAGUARS
ROCKY,8,ROCKY-8,12,STEELERS
BACK 2 THE END ZONE,2,BACK 2 THE END ZONE-2,24,RAIDERS
HOOSIERDADDIES,4,HOOSIERDADDIES-4,6,JAGUARS
RockyLuna,1,RockyLuna-1,22,CHARGERS
BACK 2 THE END ZONE,3,BACK 2 THE END ZONE-3,22,CHARGERS
Hoosiers & Derelicts,1,Hoosiers & Derelicts-1,6,JAGUARS
RockyLuna,2,RockyLuna-2,12,STEELERS
BACK TO DECEMBER,1,BACK TO DECEMBER-1,12,STEELERS
Hoosiers & Derelicts,2,Hoosiers & Derelicts-2,22,CHARGERS
RodBeckApples,1,RodBeckApples-1,24,RAIDERS
BACK TO DECEMBER,2,BACK TO DECEMBER-2,6,JAGUARS
Hoosiers & Derelicts,3,Hoosiers & Derelicts-3,20,LIONS
RodBeckApples,10,RodBeckApples-10,12,STEELERS
BACK TO DECEMBER,3,BACK TO DECEMBER-3,20,LIONS
Hoosiers & Derelicts,4,Hoosiers & Derelicts-4,12,STEELERS
RodBeckApples,2,RodBeckApples-2,20,LIONS
BACKDOORBENSON,1,BACKDOORBENSON-1,6,JAGUARS
Hoosiers & Derelicts,5,Hoosiers & Derelicts-5,6,JAGUARS
RodBeckApples,3,RodBeckApples-3,20,LIONS
BACKDOORBENSON,10,BACKDOORBENSON-10,6,JAGUARS
Hoosiers & Derelicts,6,Hoosiers & Derelicts-6,24,RAIDERS
RodBeckApples,4,RodBeckApples-4,22,CHARGERS
BACKDOORBENSON,2,BACKDOORBENSON-2,6,JAGUARS
HOOT JR,1,HOOT JR-1,6,JAGUARS
RodBeckApples,5,RodBeckApples-5,22,CHARGERS
BACKDOORBENSON,3,BACKDOORBENSON-3,6,JAGUARS
HOOT JR,2,HOOT JR-2,22,CHARGERS
RodBeckApples,6,RodBeckApples-6,6,JAGUARS
BACKDOORBENSON,4,BACKDOORBENSON-4,6,JAGUARS
HOOT JR,3,HOOT JR-3,6,JAGUARS
RodBeckApples,7,RodBeckApples-7,6,JAGUARS
BACKDOORBENSON,5,BACKDOORBENSON-5,6,JAGUARS
HOOT JR,4,HOOT JR-4,6,JAGUARS
RodBeckApples,8,RodBeckApples-8,12,STEELERS
BACKDOORBENSON,6,BACKDOORBENSON-6,6,JAGUARS
HOOT JR,5,HOOT JR-5,6,JAGUARS
RodBeckApples,9,RodBeckApples-9,12,STEELERS
BACKDOORBENSON,7,BACKDOORBENSON-7,6,JAGUARS
HOOT JR,6,HOOT JR-6,22,CHARGERS
ROGER CORNELIO,1,ROGER CORNELIO-1,22,CHARGERS
BACKDOORBENSON,8,BACKDOORBENSON-8,6,JAGUARS
HOOT JR,7,HOOT JR-7,12,STEELERS
ROGERWRESTLERS,1,ROGERWRESTLERS-1,24,RAIDERS
BACKDOORBENSON,9,BACKDOORBENSON-9,6,JAGUARS
hoots recruits,1,hoots recruits-1,22,CHARGERS
ROGERWRESTLERS,10,ROGERWRESTLERS-10,24,RAIDERS
BACKDOORDU,1,BACKDOORDU-1,6,JAGUARS
hoots recruits,2,hoots recruits-2,12,STEELERS
ROGERWRESTLERS,2,ROGERWRESTLERS-2,24,RAIDERS
BACKWORDS BOYS,1,BACKWORDS BOYS-1,6,JAGUARS
HOPENOTCOPE,1,HOPENOTCOPE-1,12,STEELERS
ROGERWRESTLERS,3,ROGERWRESTLERS-3,24,RAIDERS
BACKWORDS BOYS,2,BACKWORDS BOYS-2,22,CHARGERS
HOPENOTCOPE,10,HOPENOTCOPE-10,17,JETS
ROGERWRESTLERS,4,ROGERWRESTLERS-4,24,RAIDERS
BACKWORDS BOYS,3,BACKWORDS BOYS-3,24,RAIDERS
HOPENOTCOPE,2,HOPENOTCOPE-2,12,STEELERS
ROGERWRESTLERS,5,ROGERWRESTLERS-5,24,RAIDERS
BACKWORDS BOYS,4,BACKWORDS BOYS-4,20,LIONS
HOPENOTCOPE,3,HOPENOTCOPE-3,12,STEELERS
ROGERWRESTLERS,6,ROGERWRESTLERS-6,24,RAIDERS
BAcurt,1,BAcurt-1,6,JAGUARS
HOPENOTCOPE,4,HOPENOTCOPE-4,12,STEELERS
ROGERWRESTLERS,7,ROGERWRESTLERS-7,24,RAIDERS
BAD BALL!,1,BAD BALL!-1,6,JAGUARS
HOPENOTCOPE,5,HOPENOTCOPE-5,6,JAGUARS
ROGERWRESTLERS,8,ROGERWRESTLERS-8,24,RAIDERS
BAD BALL!,2,BAD BALL!-2,12,STEELERS
HOPENOTCOPE,6,HOPENOTCOPE-6,6,JAGUARS
ROGERWRESTLERS,9,ROGERWRESTLERS-9,24,RAIDERS
BAD BALL!,3,BAD BALL!-3,22,CHARGERS
HOPENOTCOPE,7,HOPENOTCOPE-7,6,JAGUARS
ROGUE HABANERA,1,ROGUE HABANERA-1,6,JAGUARS
BAD BRAINS,1,BAD BRAINS-1,22,CHARGERS
HOPENOTCOPE,8,HOPENOTCOPE-8,15,BEARS
ROGUE HABANERA,10,ROGUE HABANERA-10,8,BENGALS
BAD BRAINS,2,BAD BRAINS-2,6,JAGUARS
HOPENOTCOPE,9,HOPENOTCOPE-9,22,CHARGERS
ROGUE HABANERA,2,ROGUE HABANERA-2,12,STEELERS
BAD BRAINS,3,BAD BRAINS-3,6,JAGUARS
HOPKINS COUNTY,1,HOPKINS COUNTY-1,22,CHARGERS
ROGUE HABANERA,3,ROGUE HABANERA-3,12,STEELERS
BAD BRAINS,4,BAD BRAINS-4,20,LIONS
HOPKINS COUNTY,2,HOPKINS COUNTY-2,6,JAGUARS
ROGUE HABANERA,4,ROGUE HABANERA-4,12,STEELERS
BAD BRAINS,5,BAD BRAINS-5,22,CHARGERS
HOPKINS COUNTY,3,HOPKINS COUNTY-3,12,STEELERS
ROGUE HABANERA,5,ROGUE HABANERA-5,20,LIONS
BAD BRAINS,6,BAD BRAINS-6,20,LIONS
HOPKINS COUNTY,4,HOPKINS COUNTY-4,6,JAGUARS
ROGUE HABANERA,6,ROGUE HABANERA-6,12,STEELERS
BAD BRAINS,7,BAD BRAINS-7,22,CHARGERS
HOPKINS COUNTY,5,HOPKINS COUNTY-5,22,CHARGERS
ROGUE HABANERA,7,ROGUE HABANERA-7,20,LIONS
BAD DECISIONS,1,BAD DECISIONS-1,22,CHARGERS
HORN HIGH ACES,1,HORN HIGH ACES-1,6,JAGUARS
ROGUE HABANERA,8,ROGUE HABANERA-8,8,BENGALS
BAD PINEAPPLE,1,BAD PINEAPPLE-1,6,JAGUARS
HORN HIGH ACES,2,HORN HIGH ACES-2,6,JAGUARS
ROGUE HABANERA,9,ROGUE HABANERA-9,20,LIONS
BAD PINEAPPLE,2,BAD PINEAPPLE-2,22,CHARGERS
HORN HIGH ACES,3,HORN HIGH ACES-3,22,CHARGERS
Rogue Habanero,1,Rogue Habanero-1,22,CHARGERS
Bad Sam 2,1,Bad Sam 2-1,20,LIONS
HORN HIGH ACES,4,HORN HIGH ACES-4,22,CHARGERS
Rogue Habanero,10,Rogue Habanero-10,6,JAGUARS
Bad Sam 2,2,Bad Sam 2-2,22,CHARGERS
HORN HIGH ACES,5,HORN HIGH ACES-5,20,LIONS
Rogue Habanero,2,Rogue Habanero-2,22,CHARGERS
BAD SAM,1,BAD SAM-1,6,JAGUARS
HORN HIGH ACES,6,HORN HIGH ACES-6,22,CHARGERS
Rogue Habanero,3,Rogue Habanero-3,22,CHARGERS
BAD SAM,10,BAD SAM-10,6,JAGUARS
HORN'S HOMIES,1,HORN'S HOMIES-1,6,JAGUARS
Rogue Habanero,4,Rogue Habanero-4,12,STEELERS
BAD SAM,2,BAD SAM-2,24,RAIDERS
HORN'S HOMIES,2,HORN'S HOMIES-2,22,CHARGERS
Rogue Habanero,5,Rogue Habanero-5,22,CHARGERS
BAD SAM,3,BAD SAM-3,22,CHARGERS
HORN'S HOMIES,3,HORN'S HOMIES-3,12,STEELERS
Rogue Habanero,6,Rogue Habanero-6,6,JAGUARS
BAD SAM,4,BAD SAM-4,6,JAGUARS
HORN'S HOMIES,4,HORN'S HOMIES-4,12,STEELERS
Rogue Habanero,7,Rogue Habanero-7,22,CHARGERS
BAD SAM,5,BAD SAM-5,6,JAGUARS
HornDiggity,1,HornDiggity-1,6,JAGUARS
Rogue Habanero,8,Rogue Habanero-8,6,JAGUARS
BAD SAM,6,BAD SAM-6,6,JAGUARS
HORNS94,1,HORNS94-1,6,JAGUARS
Rogue Habanero,9,Rogue Habanero-9,6,JAGUARS
BAD SAM,7,BAD SAM-7,22,CHARGERS
HORNS94,2,HORNS94-2,22,CHARGERS
ROGUE KIELBASA,1,ROGUE KIELBASA-1,12,STEELERS
BAD SAM,8,BAD SAM-8,12,STEELERS
HORNSDOWNA$$UP,1,HORNSDOWNA$$UP-1,22,CHARGERS
ROLL DRIVE,1,ROLL DRIVE-1,6,JAGUARS
BAD SAM,9,BAD SAM-9,24,RAIDERS
Horsemen,1,Horsemen-1,22,CHARGERS
ROLL DRIVE,2,ROLL DRIVE-2,12,STEELERS
BAD,1,BAD-1,6,JAGUARS
Horsemen,2,Horsemen-2,22,CHARGERS
ROLL DRIVE,3,ROLL DRIVE-3,20,LIONS
BAD,2,BAD-2,6,JAGUARS
Horsemen,3,Horsemen-3,6,JAGUARS
ROLL DRIVE,4,ROLL DRIVE-4,22,CHARGERS
BAD,3,BAD-3,24,RAIDERS
HORSESHO3,1,HORSESHO3-1,6,JAGUARS
ROLL DRIVE,5,ROLL DRIVE-5,6,JAGUARS
BAD,4,BAD-4,12,STEELERS
HORSESHO3,2,HORSESHO3-2,6,JAGUARS
ROLL DRIVE,6,ROLL DRIVE-6,26,EAGLES
BAD,5,BAD-5,22,CHARGERS
HORSESHO3,3,HORSESHO3-3,22,CHARGERS
ROLLIN,1,ROLLIN-1,6,JAGUARS
BAD,6,BAD-6,22,CHARGERS
HORSESHO3,4,HORSESHO3-4,12,STEELERS
ROLLIN,10,ROLLIN-10,6,JAGUARS
BADA BING,1,BADA BING-1,22,CHARGERS
HORSESHO3,5,HORSESHO3-5,12,STEELERS
ROLLIN,2,ROLLIN-2,6,JAGUARS
BADA BING,2,BADA BING-2,6,JAGUARS
HORSESHOE CREW,1,HORSESHOE CREW-1,22,CHARGERS
ROLLIN,3,ROLLIN-3,6,JAGUARS
BADAL'S ARMY,1,BADAL'S ARMY-1,22,CHARGERS
HORSESHOE CREW,2,HORSESHOE CREW-2,12,STEELERS
ROLLIN,4,ROLLIN-4,6,JAGUARS
BADASSCAPITAL,1,BADASSCAPITAL-1,8,BENGALS
HORSESHOE HUSTLERS,1,HORSESHOE HUSTLERS-1,22,CHARGERS
ROLLIN,5,ROLLIN-5,6,JAGUARS
BADASSCAPITAL,10,BADASSCAPITAL-10,20,LIONS
HOSAY,1,HOSAY-1,22,CHARGERS
ROLLIN,6,ROLLIN-6,6,JAGUARS
BADASSCAPITAL,2,BADASSCAPITAL-2,29,COWBOYS
HOSS HOMIES,1,HOSS HOMIES-1,6,JAGUARS
ROLLIN,7,ROLLIN-7,6,JAGUARS
BADASSCAPITAL,3,BADASSCAPITAL-3,29,COWBOYS
HOT DADDY,1,HOT DADDY-1,22,CHARGERS
ROLLIN,8,ROLLIN-8,6,JAGUARS
BADASSCAPITAL,4,BADASSCAPITAL-4,12,STEELERS
HOT DADDY,2,HOT DADDY-2,26,EAGLES
ROLLIN,9,ROLLIN-9,6,JAGUARS
BADASSCAPITAL,5,BADASSCAPITAL-5,12,STEELERS
Hot Dog,1,Hot Dog-1,6,JAGUARS
ROLLING JONES,1,ROLLING JONES-1,22,CHARGERS
BADASSCAPITAL,6,BADASSCAPITAL-6,20,LIONS
Hot Dog,2,Hot Dog-2,6,JAGUARS
ROLLING JONES,2,ROLLING JONES-2,6,JAGUARS
BADASSCAPITAL,7,BADASSCAPITAL-7,20,LIONS
Hot Dog,3,Hot Dog-3,12,STEELERS
ROLOBED,1,ROLOBED-1,24,RAIDERS
BADASSCAPITAL,8,BADASSCAPITAL-8,20,LIONS
Hot Dog,4,Hot Dog-4,12,STEELERS
ROLOBED,2,ROLOBED-2,12,STEELERS
BADASSCAPITAL,9,BADASSCAPITAL-9,20,LIONS
Hot Dog,5,Hot Dog-5,12,STEELERS
ROLOBED,3,ROLOBED-3,6,JAGUARS
BADBEATSFOR1000 ALEX,1,BADBEATSFOR1000 ALEX-1,6,JAGUARS
HOT N HOMELESS,1,HOT N HOMELESS-1,6,JAGUARS
ROLOBED,4,ROLOBED-4,22,CHARGERS
BADCARDS + BADBROADS,1,BADCARDS + BADBROADS-1,12,STEELERS
HOT N HOMELESS,10,HOT N HOMELESS-10,6,JAGUARS
ROLOBED,5,ROLOBED-5,22,CHARGERS
Badger Ballers,1,Badger Ballers-1,22,CHARGERS
HOT N HOMELESS,2,HOT N HOMELESS-2,6,JAGUARS
ROLOBED,6,ROLOBED-6,6,JAGUARS
BADGER66,1,BADGER66-1,6,JAGUARS
HOT N HOMELESS,3,HOT N HOMELESS-3,6,JAGUARS
ROLOBED,7,ROLOBED-7,6,JAGUARS
BADGER66,2,BADGER66-2,22,CHARGERS
HOT N HOMELESS,4,HOT N HOMELESS-4,6,JAGUARS
ROMAN CRAIG,1,ROMAN CRAIG-1,26,EAGLES
BadMatteo,1,BadMatteo-1,22,CHARGERS
HOT N HOMELESS,5,HOT N HOMELESS-5,6,JAGUARS
ROMAN CRAIG,2,ROMAN CRAIG-2,20,LIONS
BADRUNNERS,1,BADRUNNERS-1,22,CHARGERS
HOT N HOMELESS,6,HOT N HOMELESS-6,6,JAGUARS
ROMAN CRAIG,3,ROMAN CRAIG-3,22,CHARGERS
BADRUNNERS,2,BADRUNNERS-2,12,STEELERS
HOT N HOMELESS,7,HOT N HOMELESS-7,6,JAGUARS
ROMAN CRAIG,4,ROMAN CRAIG-4,12,STEELERS
BAG BOYS,1,BAG BOYS-1,6,JAGUARS
HOT N HOMELESS,8,HOT N HOMELESS-8,6,JAGUARS
ROMAN CRAIG,5,ROMAN CRAIG-5,12,STEELERS
Bag of Picks,1,Bag of Picks-1,6,JAGUARS
HOT N HOMELESS,9,HOT N HOMELESS-9,6,JAGUARS
ROMAN CRAIG,6,ROMAN CRAIG-6,6,JAGUARS
Bag of Picks,2,Bag of Picks-2,26,EAGLES
HOT QUARTERBACKS,1,HOT QUARTERBACKS-1,26,EAGLES
ROMAN CRAIG,7,ROMAN CRAIG-7,22,CHARGERS
Bag of Picks,3,Bag of Picks-3,12,STEELERS
HOT QUARTERBACKS,10,HOT QUARTERBACKS-10,8,BENGALS
ROMAN CRAIG,8,ROMAN CRAIG-8,6,JAGUARS
BAGELICIOUS,1,BAGELICIOUS-1,22,CHARGERS
HOT QUARTERBACKS,2,HOT QUARTERBACKS-2,26,EAGLES
ROMEO AND JOLIET,1,ROMEO AND JOLIET-1,6,JAGUARS
BAGELICIOUS,2,BAGELICIOUS-2,22,CHARGERS
HOT QUARTERBACKS,3,HOT QUARTERBACKS-3,26,EAGLES
ROMEO AND JOLIET,10,ROMEO AND JOLIET-10,26,EAGLES
BAGELICIOUS,3,BAGELICIOUS-3,22,CHARGERS
HOT QUARTERBACKS,4,HOT QUARTERBACKS-4,26,EAGLES
ROMEO AND JOLIET,2,ROMEO AND JOLIET-2,6,JAGUARS
BAGELICIOUS,4,BAGELICIOUS-4,12,STEELERS
HOT QUARTERBACKS,5,HOT QUARTERBACKS-5,26,EAGLES
ROMEO AND JOLIET,3,ROMEO AND JOLIET-3,6,JAGUARS
BAGELICIOUS,5,BAGELICIOUS-5,12,STEELERS
HOT QUARTERBACKS,6,HOT QUARTERBACKS-6,24,RAIDERS
ROMEO AND JOLIET,4,ROMEO AND JOLIET-4,6,JAGUARS
BAGELICIOUS,6,BAGELICIOUS-6,12,STEELERS
HOT QUARTERBACKS,7,HOT QUARTERBACKS-7,24,RAIDERS
ROMEO AND JOLIET,5,ROMEO AND JOLIET-5,6,JAGUARS
BAI-LO SELL HAI,1,BAI-LO SELL HAI-1,6,JAGUARS
HOT QUARTERBACKS,8,HOT QUARTERBACKS-8,24,RAIDERS
ROMEO AND JOLIET,6,ROMEO AND JOLIET-6,12,STEELERS
BAI-LO SELL HAI,10,BAI-LO SELL HAI-10,22,CHARGERS
HOT QUARTERBACKS,9,HOT QUARTERBACKS-9,8,BENGALS
ROMEO AND JOLIET,7,ROMEO AND JOLIET-7,12,STEELERS
BAI-LO SELL HAI,2,BAI-LO SELL HAI-2,6,JAGUARS
HOT SOUP!,1,HOT SOUP!-1,6,JAGUARS
ROMEO AND JOLIET,8,ROMEO AND JOLIET-8,26,EAGLES
BAI-LO SELL HAI,3,BAI-LO SELL HAI-3,6,JAGUARS
HotCoffee,1,HotCoffee-1,6,JAGUARS
ROMEO AND JOLIET,9,ROMEO AND JOLIET-9,26,EAGLES
BAI-LO SELL HAI,4,BAI-LO SELL HAI-4,6,JAGUARS
HotCoffee,2,HotCoffee-2,22,CHARGERS
ROMO$1023,1,ROMO$1023-1,6,JAGUARS
BAI-LO SELL HAI,5,BAI-LO SELL HAI-5,6,JAGUARS
HotCoffee,3,HotCoffee-3,6,JAGUARS
ROMO$1023,2,ROMO$1023-2,6,JAGUARS
BAI-LO SELL HAI,6,BAI-LO SELL HAI-6,6,JAGUARS
HotCoffee,4,HotCoffee-4,20,LIONS
ROMO$1023,3,ROMO$1023-3,12,STEELERS
BAI-LO SELL HAI,7,BAI-LO SELL HAI-7,22,CHARGERS
HotCoffee,5,HotCoffee-5,6,JAGUARS
ROMO$1023,4,ROMO$1023-4,22,CHARGERS
BAI-LO SELL HAI,8,BAI-LO SELL HAI-8,22,CHARGERS
HotCoffee,6,HotCoffee-6,12,STEELERS
ROMO$1023,5,ROMO$1023-5,6,JAGUARS
BAI-LO SELL HAI,9,BAI-LO SELL HAI-9,22,CHARGERS
HotCoffee,7,HotCoffee-7,26,EAGLES
Ron and Mike's Pool,1,Ron and Mike's Pool-1,12,STEELERS
BAILS SP,1,BAILS SP-1,22,CHARGERS
HotCoffee,8,HotCoffee-8,22,CHARGERS
RON BURGUNDY,1,RON BURGUNDY-1,20,LIONS
BAKEDCLAMS,1,BAKEDCLAMS-1,20,LIONS
HOTCOLES,1,HOTCOLES-1,6,JAGUARS
RON BURGUNDY,10,RON BURGUNDY-10,6,JAGUARS
BAKEDCLAMS,10,BAKEDCLAMS-10,12,STEELERS
HOTCOLES,2,HOTCOLES-2,22,CHARGERS
RON BURGUNDY,2,RON BURGUNDY-2,20,LIONS
BAKEDCLAMS,2,BAKEDCLAMS-2,20,LIONS
HOTCOLES,3,HOTCOLES-3,20,LIONS
RON BURGUNDY,3,RON BURGUNDY-3,20,LIONS
BAKEDCLAMS,3,BAKEDCLAMS-3,20,LIONS
HOUSE CADDY,1,HOUSE CADDY-1,22,CHARGERS
RON BURGUNDY,4,RON BURGUNDY-4,20,LIONS
BAKEDCLAMS,4,BAKEDCLAMS-4,20,LIONS
HOUSE CADDY,2,HOUSE CADDY-2,6,JAGUARS
RON BURGUNDY,5,RON BURGUNDY-5,20,LIONS
BAKEDCLAMS,5,BAKEDCLAMS-5,6,JAGUARS
HOUSE CADDY,3,HOUSE CADDY-3,22,CHARGERS
RON BURGUNDY,6,RON BURGUNDY-6,20,LIONS
BAKEDCLAMS,6,BAKEDCLAMS-6,6,JAGUARS
HOUSE CADDY,4,HOUSE CADDY-4,12,STEELERS
RON BURGUNDY,7,RON BURGUNDY-7,20,LIONS
BAKEDCLAMS,7,BAKEDCLAMS-7,6,JAGUARS
HOUSE CADDY,5,HOUSE CADDY-5,20,LIONS
RON BURGUNDY,8,RON BURGUNDY-8,6,JAGUARS
BAKEDCLAMS,8,BAKEDCLAMS-8,6,JAGUARS
HOUSE CADDY,6,HOUSE CADDY-6,22,CHARGERS
RON BURGUNDY,9,RON BURGUNDY-9,6,JAGUARS
BAKEDCLAMS,9,BAKEDCLAMS-9,12,STEELERS
HOUSE CADDY,7,HOUSE CADDY-7,22,CHARGERS
RON945,1,RON945-1,22,CHARGERS
Baker Biz Blitz,1,Baker Biz Blitz-1,6,JAGUARS
HOUSE COLLINS,1,HOUSE COLLINS-1,29,COWBOYS
RON945,2,RON945-2,6,JAGUARS
BAKKEN TRIO,1,BAKKEN TRIO-1,12,STEELERS
HOUSE COLLINS,2,HOUSE COLLINS-2,6,JAGUARS
RONDONNY21,1,RONDONNY21-1,12,STEELERS
Bald Certified,1,Bald Certified-1,12,STEELERS
HOUSEMONEY.COM,1,HOUSEMONEY.COM-1,26,EAGLES
RONDONNY21,2,RONDONNY21-2,12,STEELERS
BALD FINANCE,1,BALD FINANCE-1,6,JAGUARS
HOUSEMONEY.COM,10,HOUSEMONEY.COM-10,6,JAGUARS
RONI RONI MACARONI,1,RONI RONI MACARONI-1,12,STEELERS
BALD FINANCE,2,BALD FINANCE-2,22,CHARGERS
HOUSEMONEY.COM,2,HOUSEMONEY.COM-2,20,LIONS
RONI RONI MACARONI,2,RONI RONI MACARONI-2,20,LIONS
BALD FINANCE,3,BALD FINANCE-3,20,LIONS
HOUSEMONEY.COM,3,HOUSEMONEY.COM-3,20,LIONS
RONI RONI MACARONI,3,RONI RONI MACARONI-3,22,CHARGERS
Bald Razors,1,Bald Razors-1,6,JAGUARS
HOUSEMONEY.COM,4,HOUSEMONEY.COM-4,12,STEELERS
RONI RONI MACARONI,4,RONI RONI MACARONI-4,6,JAGUARS
Bald Razors,10,Bald Razors-10,12,STEELERS
HOUSEMONEY.COM,5,HOUSEMONEY.COM-5,12,STEELERS
RONI RONI MACARONI,5,RONI RONI MACARONI-5,20,LIONS
Bald Razors,2,Bald Razors-2,6,JAGUARS
HOUSEMONEY.COM,6,HOUSEMONEY.COM-6,22,CHARGERS
ROOM 40,1,ROOM 40-1,2,SEAHAWKS
Bald Razors,3,Bald Razors-3,6,JAGUARS
HOUSEMONEY.COM,7,HOUSEMONEY.COM-7,22,CHARGERS
ROOM 40,2,ROOM 40-2,2,SEAHAWKS
Bald Razors,4,Bald Razors-4,6,JAGUARS
HOUSEMONEY.COM,8,HOUSEMONEY.COM-8,22,CHARGERS
ROOM 40,3,ROOM 40-3,2,SEAHAWKS
Bald Razors,5,Bald Razors-5,22,CHARGERS
HOUSEMONEY.COM,9,HOUSEMONEY.COM-9,22,CHARGERS
ROOM 40,4,ROOM 40-4,12,STEELERS
Bald Razors,6,Bald Razors-6,22,CHARGERS
HOUSTON BUFFS,1,HOUSTON BUFFS-1,12,STEELERS
ROOM 40,5,ROOM 40-5,6,JAGUARS
Bald Razors,7,Bald Razors-7,22,CHARGERS
HOUSTON BUFFS,2,HOUSTON BUFFS-2,24,RAIDERS
ROOPS GIRLS,1,ROOPS GIRLS-1,22,CHARGERS
Bald Razors,8,Bald Razors-8,22,CHARGERS
HOUSTON BUFFS,3,HOUSTON BUFFS-3,6,JAGUARS
ROOSTER 1,1,ROOSTER 1-1,26,EAGLES
Bald Razors,9,Bald Razors-9,24,RAIDERS
HOW AH YA,1,HOW AH YA-1,6,JAGUARS
RORTFINDER69,1,RORTFINDER69-1,12,STEELERS
BALDMUFFIN,1,BALDMUFFIN-1,12,STEELERS
HOWIE THE KID,1,HOWIE THE KID-1,6,JAGUARS
RORTFINDER69,2,RORTFINDER69-2,22,CHARGERS
BALL HOGS,1,BALL HOGS-1,6,JAGUARS
HOWIE THE KID,2,HOWIE THE KID-2,6,JAGUARS
RosalesJM,1,RosalesJM-1,6,JAGUARS
BALL UP TOP,1,BALL UP TOP-1,22,CHARGERS
HOWIE THE KID,3,HOWIE THE KID-3,6,JAGUARS
RosalesJM,10,RosalesJM-10,6,JAGUARS
BALLA BUTCH,1,BALLA BUTCH-1,12,STEELERS
Howieb,1,Howieb-1,6,JAGUARS
RosalesJM,2,RosalesJM-2,6,JAGUARS
BallBustin,1,BallBustin-1,6,JAGUARS
Howieb,2,Howieb-2,20,LIONS
RosalesJM,3,RosalesJM-3,6,JAGUARS
BallBustin,2,BallBustin-2,12,STEELERS
Howieb,3,Howieb-3,22,CHARGERS
RosalesJM,4,RosalesJM-4,6,JAGUARS
BALLER DREAM,1,BALLER DREAM-1,12,STEELERS
HOYA PARANOIA,1,HOYA PARANOIA-1,12,STEELERS
RosalesJM,5,RosalesJM-5,6,JAGUARS
BALLER DREAM,10,BALLER DREAM-10,12,STEELERS
HOYA PARANOIA,2,HOYA PARANOIA-2,22,CHARGERS
RosalesJM,6,RosalesJM-6,6,JAGUARS
BALLER DREAM,2,BALLER DREAM-2,12,STEELERS
HOYA PARANOIA,3,HOYA PARANOIA-3,24,RAIDERS
RosalesJM,7,RosalesJM-7,6,JAGUARS
BALLER DREAM,3,BALLER DREAM-3,26,EAGLES
HOYA PARANOIA,4,HOYA PARANOIA-4,22,CHARGERS
RosalesJM,8,RosalesJM-8,6,JAGUARS
BALLER DREAM,4,BALLER DREAM-4,26,EAGLES
HOYA PARANOIA,5,HOYA PARANOIA-5,22,CHARGERS
RosalesJM,9,RosalesJM-9,6,JAGUARS
BALLER DREAM,5,BALLER DREAM-5,26,EAGLES
HRIC,1,HRIC-1,22,CHARGERS
ROSCOPCOLTRANE,1,ROSCOPCOLTRANE-1,6,JAGUARS
BALLER DREAM,6,BALLER DREAM-6,22,CHARGERS
HRIC,2,HRIC-2,22,CHARGERS
ROSCOPCOLTRANE,10,ROSCOPCOLTRANE-10,22,CHARGERS
BALLER DREAM,7,BALLER DREAM-7,6,JAGUARS
HRIC,3,HRIC-3,6,JAGUARS
ROSCOPCOLTRANE,2,ROSCOPCOLTRANE-2,6,JAGUARS
BALLER DREAM,8,BALLER DREAM-8,26,EAGLES
HRIC,4,HRIC-4,12,STEELERS
ROSCOPCOLTRANE,3,ROSCOPCOLTRANE-3,6,JAGUARS
BALLER DREAM,9,BALLER DREAM-9,26,EAGLES
hsedividedreamsunite,1,hsedividedreamsunite-1,6,JAGUARS
ROSCOPCOLTRANE,4,ROSCOPCOLTRANE-4,6,JAGUARS
BALLO,1,BALLO-1,22,CHARGERS
HTASTICKNESS,1,HTASTICKNESS-1,22,CHARGERS
ROSCOPCOLTRANE,5,ROSCOPCOLTRANE-5,6,JAGUARS
BALLOUBALLS,1,BALLOUBALLS-1,6,JAGUARS
HTASTICKNESS,10,HTASTICKNESS-10,22,CHARGERS
ROSCOPCOLTRANE,6,ROSCOPCOLTRANE-6,6,JAGUARS
Ballys Black Hawk,1,Ballys Black Hawk-1,22,CHARGERS
HTASTICKNESS,2,HTASTICKNESS-2,22,CHARGERS
ROSCOPCOLTRANE,7,ROSCOPCOLTRANE-7,6,JAGUARS
BALUGAJR,1,BALUGAJR-1,26,EAGLES
HTASTICKNESS,3,HTASTICKNESS-3,22,CHARGERS
ROSCOPCOLTRANE,8,ROSCOPCOLTRANE-8,22,CHARGERS
BALUGAJR,2,BALUGAJR-2,26,EAGLES
HTASTICKNESS,4,HTASTICKNESS-4,22,CHARGERS
ROSCOPCOLTRANE,9,ROSCOPCOLTRANE-9,22,CHARGERS
BALZCREW,1,BALZCREW-1,24,RAIDERS
HTASTICKNESS,5,HTASTICKNESS-5,22,CHARGERS
ROSS & FRIENDS,1,ROSS & FRIENDS-1,22,CHARGERS
BALZCREW,2,BALZCREW-2,6,JAGUARS
HTASTICKNESS,6,HTASTICKNESS-6,22,CHARGERS
ROSS & FRIENDS,10,ROSS & FRIENDS-10,22,CHARGERS
BAMA 2020,1,BAMA 2020-1,6,JAGUARS
HTASTICKNESS,7,HTASTICKNESS-7,22,CHARGERS
ROSS & FRIENDS,2,ROSS & FRIENDS-2,24,RAIDERS
BAMA 2020,10,BAMA 2020-10,18,TITANS
HTASTICKNESS,8,HTASTICKNESS-8,22,CHARGERS
ROSS & FRIENDS,3,ROSS & FRIENDS-3,6,JAGUARS
BAMA 2020,2,BAMA 2020-2,22,CHARGERS
HTASTICKNESS,9,HTASTICKNESS-9,22,CHARGERS
ROSS & FRIENDS,4,ROSS & FRIENDS-4,22,CHARGERS
BAMA 2020,3,BAMA 2020-3,23,DOLPHINS
HTDB,1,HTDB-1,6,JAGUARS
ROSS & FRIENDS,5,ROSS & FRIENDS-5,24,RAIDERS
BAMA 2020,4,BAMA 2020-4,23,DOLPHINS
HTOWN,1,HTOWN-1,6,JAGUARS
ROSS & FRIENDS,6,ROSS & FRIENDS-6,6,JAGUARS
BAMA 2020,5,BAMA 2020-5,24,RAIDERS
HTOWN,2,HTOWN-2,22,CHARGERS
ROSS & FRIENDS,7,ROSS & FRIENDS-7,20,LIONS
BAMA 2020,6,BAMA 2020-6,24,RAIDERS
HTOWN49ERS,1,HTOWN49ERS-1,6,JAGUARS
ROSS & FRIENDS,8,ROSS & FRIENDS-8,12,STEELERS
BAMA 2020,7,BAMA 2020-7,17,JETS
HTOWN49ERS,2,HTOWN49ERS-2,22,CHARGERS
ROSS & FRIENDS,9,ROSS & FRIENDS-9,12,STEELERS
BAMA 2020,8,BAMA 2020-8,17,JETS
HTOWNPKR,1,HTOWNPKR-1,6,JAGUARS
ROTIEATERS,1,ROTIEATERS-1,22,CHARGERS
BAMA 2020,9,BAMA 2020-9,18,TITANS
HTOWNPKR,10,HTOWNPKR-10,20,LIONS
ROUGHBUCK88,1,ROUGHBUCK88-1,6,JAGUARS
BAMA BOYS,1,BAMA BOYS-1,6,JAGUARS
HTOWNPKR,2,HTOWNPKR-2,22,CHARGERS
ROUGHBUCK88,2,ROUGHBUCK88-2,22,CHARGERS
BAMA BOYS,2,BAMA BOYS-2,6,JAGUARS
HTOWNPKR,3,HTOWNPKR-3,6,JAGUARS
ROUGHBUCK88,3,ROUGHBUCK88-3,26,EAGLES
BAMA BOYS,3,BAMA BOYS-3,6,JAGUARS
HTOWNPKR,4,HTOWNPKR-4,22,CHARGERS
ROUGHING THE GUESSER,1,ROUGHING THE GUESSER-1,6,JAGUARS
BAMA BOYS,4,BAMA BOYS-4,22,CHARGERS
HTOWNPKR,5,HTOWNPKR-5,20,LIONS
ROUGHING THE GUESSER,2,ROUGHING THE GUESSER-2,24,RAIDERS
BAMA BOYS,5,BAMA BOYS-5,22,CHARGERS
HTOWNPKR,6,HTOWNPKR-6,6,JAGUARS
ROUGHRIDER,1,ROUGHRIDER-1,12,STEELERS
BAMA BOYS,6,BAMA BOYS-6,12,STEELERS
HTOWNPKR,7,HTOWNPKR-7,8,BENGALS
ROUGHRIDER,10,ROUGHRIDER-10,6,JAGUARS
BAMA KEITH,1,BAMA KEITH-1,6,JAGUARS
HTOWNPKR,8,HTOWNPKR-8,26,EAGLES
ROUGHRIDER,2,ROUGHRIDER-2,12,STEELERS
BAMBOO HOUSE,1,BAMBOO HOUSE-1,6,JAGUARS
HTOWNPKR,9,HTOWNPKR-9,22,CHARGERS
ROUGHRIDER,3,ROUGHRIDER-3,6,JAGUARS
BAMFAM821,1,BAMFAM821-1,6,JAGUARS
HTX-PM!,1,HTX-PM!-1,12,STEELERS
ROUGHRIDER,4,ROUGHRIDER-4,6,JAGUARS
BAMFAM821,2,BAMFAM821-2,8,BENGALS
HTX-PM!,10,HTX-PM!-10,12,STEELERS
ROUGHRIDER,5,ROUGHRIDER-5,6,JAGUARS
BAMFAM821,3,BAMFAM821-3,30,GIANTS
HTX-PM!,2,HTX-PM!-2,22,CHARGERS
ROUGHRIDER,6,ROUGHRIDER-6,6,JAGUARS
BAMFS,1,BAMFS-1,22,CHARGERS
HTX-PM!,3,HTX-PM!-3,22,CHARGERS
ROUGHRIDER,7,ROUGHRIDER-7,6,JAGUARS
BAMFS,2,BAMFS-2,6,JAGUARS
HTX-PM!,4,HTX-PM!-4,22,CHARGERS
ROUGHRIDER,8,ROUGHRIDER-8,6,JAGUARS
BAMFY,1,BAMFY-1,12,STEELERS
HTX-PM!,5,HTX-PM!-5,22,CHARGERS
ROUGHRIDER,9,ROUGHRIDER-9,6,JAGUARS
Banana Boat,1,Banana Boat-1,22,CHARGERS
HTX-PM!,6,HTX-PM!-6,22,CHARGERS
ROUNDERS,1,ROUNDERS-1,22,CHARGERS
Banana Boat,2,Banana Boat-2,12,STEELERS
HTX-PM!,7,HTX-PM!-7,12,STEELERS
ROUNDERS,2,ROUNDERS-2,22,CHARGERS
Banana Boat,3,Banana Boat-3,24,RAIDERS
HTX-PM!,8,HTX-PM!-8,12,STEELERS
ROUNDERS,3,ROUNDERS-3,6,JAGUARS
BANANA,1,BANANA-1,12,STEELERS
HTX-PM!,9,HTX-PM!-9,12,STEELERS
ROUNDERS,4,ROUNDERS-4,6,JAGUARS
Bananaz n Hunny,1,Bananaz n Hunny-1,6,JAGUARS
HTX-PM,1,HTX-PM-1,24,RAIDERS
ROUNDERS,5,ROUNDERS-5,22,CHARGERS
Bananaz n Hunny,2,Bananaz n Hunny-2,12,STEELERS
HTX-PM,10,HTX-PM-10,18,TITANS
ROUNDERS,6,ROUNDERS-6,22,CHARGERS
Bananaz n Hunny,3,Bananaz n Hunny-3,20,LIONS
HTX-PM,2,HTX-PM-2,22,CHARGERS
ROWDIES BET GROUP,1,ROWDIES BET GROUP-1,6,JAGUARS
Bananaz n Hunny,4,Bananaz n Hunny-4,22,CHARGERS
HTX-PM,3,HTX-PM-3,22,CHARGERS
ROWDIES BET GROUP,2,ROWDIES BET GROUP-2,22,CHARGERS
Bananaz n Hunny,5,Bananaz n Hunny-5,22,CHARGERS
HTX-PM,4,HTX-PM-4,6,JAGUARS
ROWDY REDBONE,1,ROWDY REDBONE-1,22,CHARGERS
BANDON BEACH BUM,1,BANDON BEACH BUM-1,22,CHARGERS
HTX-PM,5,HTX-PM-5,6,JAGUARS
ROWDY REDBONE,2,ROWDY REDBONE-2,6,JAGUARS
BANDON BEACH BUM,2,BANDON BEACH BUM-2,22,CHARGERS
HTX-PM,6,HTX-PM-6,20,LIONS
ROWDY,1,ROWDY-1,12,STEELERS
BANDON BEACH BUM,3,BANDON BEACH BUM-3,6,JAGUARS
HTX-PM,7,HTX-PM-7,12,STEELERS
ROWDY,2,ROWDY-2,22,CHARGERS
BANDON BEACH BUM,4,BANDON BEACH BUM-4,20,LIONS
HTX-PM,8,HTX-PM-8,18,TITANS
ROY FINKLE,1,ROY FINKLE-1,22,CHARGERS
BANKROBBER,1,BANKROBBER-1,6,JAGUARS
HTX-PM,9,HTX-PM-9,6,JAGUARS
ROY FINKLE,10,ROY FINKLE-10,20,LIONS
BANKROBBER,2,BANKROBBER-2,12,STEELERS
HUA,1,HUA-1,26,EAGLES
ROY FINKLE,2,ROY FINKLE-2,22,CHARGERS
BANKS/HIGHTOWER,1,BANKS/HIGHTOWER-1,6,JAGUARS
HUBCITYDRE,1,HUBCITYDRE-1,22,CHARGERS
ROY FINKLE,3,ROY FINKLE-3,22,CHARGERS
Baobiemama,1,Baobiemama-1,15,BEARS
HUCK THE FUSKIES,1,HUCK THE FUSKIES-1,6,JAGUARS
ROY FINKLE,4,ROY FINKLE-4,22,CHARGERS
BAP11,1,BAP11-1,22,CHARGERS
HUCK THE FUSKIES,2,HUCK THE FUSKIES-2,24,RAIDERS
ROY FINKLE,5,ROY FINKLE-5,22,CHARGERS
BAP11,2,BAP11-2,20,LIONS
HUDDLE UP,1,HUDDLE UP-1,22,CHARGERS
ROY FINKLE,6,ROY FINKLE-6,22,CHARGERS
BAPA,1,BAPA-1,22,CHARGERS
HUDDLE UP,10,HUDDLE UP-10,6,JAGUARS
ROY FINKLE,7,ROY FINKLE-7,22,CHARGERS
BAPA,2,BAPA-2,22,CHARGERS
HUDDLE UP,2,HUDDLE UP-2,22,CHARGERS
ROY FINKLE,8,ROY FINKLE-8,20,LIONS
BAPA,3,BAPA-3,6,JAGUARS
HUDDLE UP,3,HUDDLE UP-3,6,JAGUARS
ROY FINKLE,9,ROY FINKLE-9,20,LIONS
BAPA,4,BAPA-4,12,STEELERS
HUDDLE UP,4,HUDDLE UP-4,6,JAGUARS
ROYROY,1,ROYROY-1,6,JAGUARS
BARCL,1,BARCL-1,12,STEELERS
HUDDLE UP,5,HUDDLE UP-5,20,LIONS
RP3140,1,RP3140-1,8,BENGALS
BARCL,2,BARCL-2,22,CHARGERS
HUDDLE UP,6,HUDDLE UP-6,20,LIONS
RP3140,10,RP3140-10,24,RAIDERS
BARE MIN BETZ,1,BARE MIN BETZ-1,22,CHARGERS
HUDDLE UP,7,HUDDLE UP-7,24,RAIDERS
RP3140,2,RP3140-2,8,BENGALS
BAREDOWN,1,BAREDOWN-1,22,CHARGERS
HUDDLE UP,8,HUDDLE UP-8,6,JAGUARS
RP3140,3,RP3140-3,24,RAIDERS
BAREDOWN,10,BAREDOWN-10,24,RAIDERS
HUDDLE UP,9,HUDDLE UP-9,6,JAGUARS
RP3140,4,RP3140-4,22,CHARGERS
BAREDOWN,2,BAREDOWN-2,22,CHARGERS
hudge pudge,1,hudge pudge-1,22,CHARGERS
RP3140,5,RP3140-5,8,BENGALS
BAREDOWN,3,BAREDOWN-3,20,LIONS
hudge pudge,10,hudge pudge-10,12,STEELERS
RP3140,6,RP3140-6,20,LIONS
BAREDOWN,4,BAREDOWN-4,20,LIONS
hudge pudge,2,hudge pudge-2,22,CHARGERS
RP3140,7,RP3140-7,8,BENGALS
BAREDOWN,5,BAREDOWN-5,6,JAGUARS
hudge pudge,3,hudge pudge-3,22,CHARGERS
RP3140,8,RP3140-8,6,JAGUARS
BAREDOWN,6,BAREDOWN-6,6,JAGUARS
hudge pudge,4,hudge pudge-4,22,CHARGERS
RP3140,9,RP3140-9,20,LIONS
BAREDOWN,7,BAREDOWN-7,17,JETS
hudge pudge,5,hudge pudge-5,22,CHARGERS
RPB4FUN,1,RPB4FUN-1,24,RAIDERS
BAREDOWN,8,BAREDOWN-8,18,TITANS
hudge pudge,6,hudge pudge-6,12,STEELERS
RPB4FUN,2,RPB4FUN-2,6,JAGUARS
BAREDOWN,9,BAREDOWN-9,23,DOLPHINS
hudge pudge,7,hudge pudge-7,12,STEELERS
RPCOLTRANE,1,RPCOLTRANE-1,12,STEELERS
BARG,1,BARG-1,6,JAGUARS
hudge pudge,8,hudge pudge-8,12,STEELERS
RPCOLTRANE,10,RPCOLTRANE-10,22,CHARGERS
BARHOLIOUS,1,BARHOLIOUS-1,6,JAGUARS
hudge pudge,9,hudge pudge-9,12,STEELERS
RPCOLTRANE,2,RPCOLTRANE-2,12,STEELERS
BARHOLIOUS,2,BARHOLIOUS-2,6,JAGUARS
Hudson Robbey Xander,1,Hudson Robbey Xander-1,22,CHARGERS
RPCOLTRANE,3,RPCOLTRANE-3,12,STEELERS
BARHOLIOUS,3,BARHOLIOUS-3,22,CHARGERS
Hudson Robbey Xander,2,Hudson Robbey Xander-2,6,JAGUARS
RPCOLTRANE,4,RPCOLTRANE-4,14,TEXANS
BARHOLIOUS,4,BARHOLIOUS-4,12,STEELERS
Hudson Stella Rule,1,Hudson Stella Rule-1,22,CHARGERS
RPCOLTRANE,5,RPCOLTRANE-5,17,JETS
BARHOLIOUS,5,BARHOLIOUS-5,26,EAGLES
Hudson Stella Rule,10,Hudson Stella Rule-10,22,CHARGERS
RPCOLTRANE,6,RPCOLTRANE-6,28,VIKINGS
BARKADA BOYZ,1,BARKADA BOYZ-1,6,JAGUARS
Hudson Stella Rule,2,Hudson Stella Rule-2,22,CHARGERS
RPCOLTRANE,7,RPCOLTRANE-7,28,VIKINGS
BARLOS,1,BARLOS-1,22,CHARGERS
Hudson Stella Rule,3,Hudson Stella Rule-3,22,CHARGERS
RPCOLTRANE,8,RPCOLTRANE-8,6,JAGUARS
BARLOS,2,BARLOS-2,22,CHARGERS
Hudson Stella Rule,4,Hudson Stella Rule-4,22,CHARGERS
RPCOLTRANE,9,RPCOLTRANE-9,6,JAGUARS
BARLOS,3,BARLOS-3,22,CHARGERS
Hudson Stella Rule,5,Hudson Stella Rule-5,22,CHARGERS
RQ MONTANA,1,RQ MONTANA-1,12,STEELERS
Barney2011,1,Barney2011-1,22,CHARGERS
Hudson Stella Rule,6,Hudson Stella Rule-6,22,CHARGERS
RR24,1,RR24-1,6,JAGUARS
Barney2011,2,Barney2011-2,6,JAGUARS
Hudson Stella Rule,7,Hudson Stella Rule-7,22,CHARGERS
RRL VENTURES,1,RRL VENTURES-1,6,JAGUARS
BARRETT&KNICKI,1,BARRETT&KNICKI-1,6,JAGUARS
Hudson Stella Rule,8,Hudson Stella Rule-8,22,CHARGERS
RS19,1,RS19-1,22,CHARGERS
BARRETT&KNICKI,2,BARRETT&KNICKI-2,12,STEELERS
Hudson Stella Rule,9,Hudson Stella Rule-9,22,CHARGERS
RSKENSHIN,1,RSKENSHIN-1,6,JAGUARS
BARRY,1,BARRY-1,6,JAGUARS
Hue's Ur Daddy,1,Hue's Ur Daddy-1,12,STEELERS
RSKENSHIN,10,RSKENSHIN-10,22,CHARGERS
BARRY,2,BARRY-2,6,JAGUARS
Hue's Ur Daddy,10,Hue's Ur Daddy-10,12,STEELERS
RSKENSHIN,2,RSKENSHIN-2,6,JAGUARS
BARRY,3,BARRY-3,22,CHARGERS
Hue's Ur Daddy,2,Hue's Ur Daddy-2,12,STEELERS
RSKENSHIN,3,RSKENSHIN-3,6,JAGUARS
BARRY,4,BARRY-4,12,STEELERS
Hue's Ur Daddy,3,Hue's Ur Daddy-3,12,STEELERS
RSKENSHIN,4,RSKENSHIN-4,6,JAGUARS
BARRY,5,BARRY-5,26,EAGLES
Hue's Ur Daddy,4,Hue's Ur Daddy-4,12,STEELERS
RSKENSHIN,5,RSKENSHIN-5,6,JAGUARS
BARSTONIANS,1,BARSTONIANS-1,6,JAGUARS
Hue's Ur Daddy,5,Hue's Ur Daddy-5,12,STEELERS
RSKENSHIN,6,RSKENSHIN-6,6,JAGUARS
BARSTONIANS,2,BARSTONIANS-2,12,STEELERS
Hue's Ur Daddy,6,Hue's Ur Daddy-6,12,STEELERS
RSKENSHIN,7,RSKENSHIN-7,6,JAGUARS
BARZY,1,BARZY-1,6,JAGUARS
Hue's Ur Daddy,7,Hue's Ur Daddy-7,12,STEELERS
RSKENSHIN,8,RSKENSHIN-8,6,JAGUARS
BARZY,2,BARZY-2,6,JAGUARS
Hue's Ur Daddy,8,Hue's Ur Daddy-8,12,STEELERS
RSKENSHIN,9,RSKENSHIN-9,6,JAGUARS
BARZY,3,BARZY-3,6,JAGUARS
Hue's Ur Daddy,9,Hue's Ur Daddy-9,12,STEELERS
RSRAJAN93,1,RSRAJAN93-1,12,STEELERS
BARZY,4,BARZY-4,12,STEELERS
Huesos,1,Huesos-1,12,STEELERS
RSRAJAN93,10,RSRAJAN93-10,12,STEELERS
BARZY,5,BARZY-5,24,RAIDERS
Huesos,10,Huesos-10,20,LIONS
RSRAJAN93,2,RSRAJAN93-2,12,STEELERS
BARZY,6,BARZY-6,22,CHARGERS
Huesos,2,Huesos-2,12,STEELERS
RSRAJAN93,3,RSRAJAN93-3,12,STEELERS
BARZY,7,BARZY-7,20,LIONS
Huesos,3,Huesos-3,12,STEELERS
RSRAJAN93,4,RSRAJAN93-4,12,STEELERS
BASEBALLISBEST,1,BASEBALLISBEST-1,18,TITANS
Huesos,4,Huesos-4,12,STEELERS
RSRAJAN93,5,RSRAJAN93-5,12,STEELERS
BASEBALLISBEST,2,BASEBALLISBEST-2,17,JETS
Huesos,5,Huesos-5,12,STEELERS
RSRAJAN93,6,RSRAJAN93-6,12,STEELERS
BASEBALLISBEST,3,BASEBALLISBEST-3,22,CHARGERS
Huesos,6,Huesos-6,20,LIONS
RSRAJAN93,7,RSRAJAN93-7,12,STEELERS
BASEBALLISBEST,4,BASEBALLISBEST-4,12,STEELERS
Huesos,7,Huesos-7,20,LIONS
RSRAJAN93,8,RSRAJAN93-8,12,STEELERS
BASEBALLISBEST,5,BASEBALLISBEST-5,28,VIKINGS
Huesos,8,Huesos-8,20,LIONS
RSRAJAN93,9,RSRAJAN93-9,12,STEELERS
BASH'S 2ND RODEO,1,BASH'S 2ND RODEO-1,12,STEELERS
Huesos,9,Huesos-9,20,LIONS
RSTRACING79,1,RSTRACING79-1,22,CHARGERS
BASH'S 2ND RODEO,2,BASH'S 2ND RODEO-2,6,JAGUARS
HUGO SPRITZ 912,1,HUGO SPRITZ 912-1,22,CHARGERS
RSTRACING79,10,RSTRACING79-10,22,CHARGERS
BASH'S 2ND RODEO,3,BASH'S 2ND RODEO-3,12,STEELERS
HUGO SPRITZ 912,10,HUGO SPRITZ 912-10,22,CHARGERS
RSTRACING79,2,RSTRACING79-2,22,CHARGERS
BASH'S 2ND RODEO,4,BASH'S 2ND RODEO-4,26,EAGLES
HUGO SPRITZ 912,2,HUGO SPRITZ 912-2,22,CHARGERS
RSTRACING79,3,RSTRACING79-3,22,CHARGERS
Bashaw's Tickles,1,Bashaw's Tickles-1,22,CHARGERS
HUGO SPRITZ 912,3,HUGO SPRITZ 912-3,22,CHARGERS
RSTRACING79,4,RSTRACING79-4,22,CHARGERS
BASHBROS,1,BASHBROS-1,22,CHARGERS
HUGO SPRITZ 912,4,HUGO SPRITZ 912-4,22,CHARGERS
RSTRACING79,5,RSTRACING79-5,22,CHARGERS
BASHBROS,2,BASHBROS-2,12,STEELERS
HUGO SPRITZ 912,5,HUGO SPRITZ 912-5,22,CHARGERS
RSTRACING79,6,RSTRACING79-6,22,CHARGERS
BASHCON,1,BASHCON-1,6,JAGUARS
HUGO SPRITZ 912,6,HUGO SPRITZ 912-6,22,CHARGERS
RSTRACING79,7,RSTRACING79-7,22,CHARGERS
basils,1,basils-1,6,JAGUARS
HUGO SPRITZ 912,7,HUGO SPRITZ 912-7,22,CHARGERS
RSTRACING79,8,RSTRACING79-8,22,CHARGERS
basils,2,basils-2,18,TITANS
HUGO SPRITZ 912,8,HUGO SPRITZ 912-8,22,CHARGERS
RSTRACING79,9,RSTRACING79-9,22,CHARGERS
BASS PERSUADES,1,BASS PERSUADES-1,12,STEELERS
HUGO SPRITZ 912,9,HUGO SPRITZ 912-9,22,CHARGERS
RT3 235,1,RT3 235-1,6,JAGUARS
BASS PERSUADES,10,BASS PERSUADES-10,12,STEELERS
HULKCMB,1,HULKCMB-1,22,CHARGERS
RT911,1,RT911-1,22,CHARGERS
BASS PERSUADES,2,BASS PERSUADES-2,12,STEELERS
HUMBLERS,1,HUMBLERS-1,6,JAGUARS
RTOWNSPORTSSYNDICATE,1,RTOWNSPORTSSYNDICATE-1,6,JAGUARS
BASS PERSUADES,3,BASS PERSUADES-3,12,STEELERS
HUMBLERS,2,HUMBLERS-2,20,LIONS
RTOWNSPORTSSYNDICATE,10,RTOWNSPORTSSYNDICATE-10,24,RAIDERS
BASS PERSUADES,4,BASS PERSUADES-4,12,STEELERS
HUMBLERS,3,HUMBLERS-3,12,STEELERS
RTOWNSPORTSSYNDICATE,2,RTOWNSPORTSSYNDICATE-2,6,JAGUARS
BASS PERSUADES,5,BASS PERSUADES-5,12,STEELERS
HUMBLERS,4,HUMBLERS-4,6,JAGUARS
RTOWNSPORTSSYNDICATE,3,RTOWNSPORTSSYNDICATE-3,6,JAGUARS
BASS PERSUADES,6,BASS PERSUADES-6,12,STEELERS
HUMBLERS,5,HUMBLERS-5,20,LIONS
RTOWNSPORTSSYNDICATE,4,RTOWNSPORTSSYNDICATE-4,6,JAGUARS
BASS PERSUADES,7,BASS PERSUADES-7,12,STEELERS
HUMBRUH-NOLA,1,HUMBRUH-NOLA-1,6,JAGUARS
RTOWNSPORTSSYNDICATE,5,RTOWNSPORTSSYNDICATE-5,6,JAGUARS
BASS PERSUADES,8,BASS PERSUADES-8,12,STEELERS
HUMBRUH-NOLA,10,HUMBRUH-NOLA-10,18,TITANS
RTOWNSPORTSSYNDICATE,6,RTOWNSPORTSSYNDICATE-6,6,JAGUARS
BASS PERSUADES,9,BASS PERSUADES-9,12,STEELERS
HUMBRUH-NOLA,2,HUMBRUH-NOLA-2,6,JAGUARS
RTOWNSPORTSSYNDICATE,7,RTOWNSPORTSSYNDICATE-7,6,JAGUARS
BASSETT13,1,BASSETT13-1,6,JAGUARS
HUMBRUH-NOLA,3,HUMBRUH-NOLA-3,6,JAGUARS
RTOWNSPORTSSYNDICATE,8,RTOWNSPORTSSYNDICATE-8,6,JAGUARS
BASSETT13,2,BASSETT13-2,6,JAGUARS
HUMBRUH-NOLA,4,HUMBRUH-NOLA-4,22,CHARGERS
RTOWNSPORTSSYNDICATE,9,RTOWNSPORTSSYNDICATE-9,24,RAIDERS
BASSETT13,3,BASSETT13-3,22,CHARGERS
HUMBRUH-NOLA,5,HUMBRUH-NOLA-5,20,LIONS
RTP SKP 1,1,RTP SKP 1-1,12,STEELERS
BASSETT13,4,BASSETT13-4,24,RAIDERS
HUMBRUH-NOLA,6,HUMBRUH-NOLA-6,22,CHARGERS
RU4MSU2,1,RU4MSU2-1,22,CHARGERS
BASSETT13,5,BASSETT13-5,22,CHARGERS
HUMBRUH-NOLA,7,HUMBRUH-NOLA-7,6,JAGUARS
RU4MSU2,2,RU4MSU2-2,6,JAGUARS
BATAKID,1,BATAKID-1,22,CHARGERS
HUMBRUH-NOLA,8,HUMBRUH-NOLA-8,6,JAGUARS
RU4MSU2,3,RU4MSU2-3,6,JAGUARS
BATAKID,2,BATAKID-2,22,CHARGERS
HUMBRUH-NOLA,9,HUMBRUH-NOLA-9,22,CHARGERS
RUBBERCITY LONGSHOTS,1,RUBBERCITY LONGSHOTS-1,22,CHARGERS
BATI BROS,1,BATI BROS-1,6,JAGUARS
HUNGRY HILL,1,HUNGRY HILL-1,22,CHARGERS
RUBBERINWALL,1,RUBBERINWALL-1,22,CHARGERS
BATMAN AND ROD,1,BATMAN AND ROD-1,6,JAGUARS
HUNGRY HILL,2,HUNGRY HILL-2,6,JAGUARS
RUBBERINWALL,10,RUBBERINWALL-10,4,RAMS
BATMAN AND ROD,10,BATMAN AND ROD-10,22,CHARGERS
HUNTER BIDEN,1,HUNTER BIDEN-1,6,JAGUARS
RUBBERINWALL,2,RUBBERINWALL-2,20,LIONS
BATMAN AND ROD,2,BATMAN AND ROD-2,22,CHARGERS
HUNTER BIDEN,10,HUNTER BIDEN-10,6,JAGUARS
RUBBERINWALL,3,RUBBERINWALL-3,6,JAGUARS
BATMAN AND ROD,3,BATMAN AND ROD-3,12,STEELERS
HUNTER BIDEN,2,HUNTER BIDEN-2,6,JAGUARS
RUBBERINWALL,4,RUBBERINWALL-4,22,CHARGERS
BATMAN AND ROD,4,BATMAN AND ROD-4,20,LIONS
HUNTER BIDEN,3,HUNTER BIDEN-3,6,JAGUARS
RUBBERINWALL,5,RUBBERINWALL-5,6,JAGUARS
BATMAN AND ROD,5,BATMAN AND ROD-5,20,LIONS
HUNTER BIDEN,4,HUNTER BIDEN-4,6,JAGUARS
RUBBERINWALL,6,RUBBERINWALL-6,24,RAIDERS
BATMAN AND ROD,6,BATMAN AND ROD-6,22,CHARGERS
HUNTER BIDEN,5,HUNTER BIDEN-5,6,JAGUARS
RUBBERINWALL,7,RUBBERINWALL-7,22,CHARGERS
BATMAN AND ROD,7,BATMAN AND ROD-7,22,CHARGERS
HUNTER BIDEN,6,HUNTER BIDEN-6,6,JAGUARS
RUBBERINWALL,8,RUBBERINWALL-8,6,JAGUARS
BATMAN AND ROD,8,BATMAN AND ROD-8,22,CHARGERS
HUNTER BIDEN,7,HUNTER BIDEN-7,6,JAGUARS
RUBBERINWALL,9,RUBBERINWALL-9,6,JAGUARS
BATMAN AND ROD,9,BATMAN AND ROD-9,22,CHARGERS
HUNTER BIDEN,8,HUNTER BIDEN-8,6,JAGUARS
RUBLYROCK,1,RUBLYROCK-1,6,JAGUARS
baxtool13,1,baxtool13-1,12,STEELERS
HUNTER BIDEN,9,HUNTER BIDEN-9,6,JAGUARS
RUBLYROCK,2,RUBLYROCK-2,12,STEELERS
BAY AREA CRASH OUT,1,BAY AREA CRASH OUT-1,6,JAGUARS
HUNTSVILLE INC,1,HUNTSVILLE INC-1,6,JAGUARS
RUDIGABLE,1,RUDIGABLE-1,6,JAGUARS
BAY AREA CRASH OUT,2,BAY AREA CRASH OUT-2,6,JAGUARS
HUNTSVILLE INC,10,HUNTSVILLE INC-10,20,LIONS
RUIZER 17,1,RUIZER 17-1,6,JAGUARS
BAYDREAMS23,1,BAYDREAMS23-1,24,RAIDERS
HUNTSVILLE INC,2,HUNTSVILLE INC-2,6,JAGUARS
RUIZER 17,2,RUIZER 17-2,22,CHARGERS
BAYDREAMS23,2,BAYDREAMS23-2,6,JAGUARS
HUNTSVILLE INC,3,HUNTSVILLE INC-3,6,JAGUARS
RUIZER 17,3,RUIZER 17-3,6,JAGUARS
BAYDREAMS23,3,BAYDREAMS23-3,6,JAGUARS
HUNTSVILLE INC,4,HUNTSVILLE INC-4,6,JAGUARS
RUIZER 17,4,RUIZER 17-4,22,CHARGERS
Bayside Boys,1,Bayside Boys-1,6,JAGUARS
HUNTSVILLE INC,5,HUNTSVILLE INC-5,22,CHARGERS
RUM RUNNERS II,1,RUM RUNNERS II-1,6,JAGUARS
Bayside Boys,2,Bayside Boys-2,6,JAGUARS
HUNTSVILLE INC,6,HUNTSVILLE INC-6,22,CHARGERS
RUM RUNNERS II,10,RUM RUNNERS II-10,26,EAGLES
Bayside Boys,3,Bayside Boys-3,6,JAGUARS
HUNTSVILLE INC,7,HUNTSVILLE INC-7,22,CHARGERS
RUM RUNNERS II,2,RUM RUNNERS II-2,6,JAGUARS
Bayside Boys,4,Bayside Boys-4,6,JAGUARS
HUNTSVILLE INC,8,HUNTSVILLE INC-8,22,CHARGERS
RUM RUNNERS II,3,RUM RUNNERS II-3,6,JAGUARS
Bayside Boys,5,Bayside Boys-5,22,CHARGERS
HUNTSVILLE INC,9,HUNTSVILLE INC-9,20,LIONS
RUM RUNNERS II,4,RUM RUNNERS II-4,22,CHARGERS
Bayside Boys,6,Bayside Boys-6,22,CHARGERS
HURRICANE BILL,1,HURRICANE BILL-1,12,STEELERS
RUM RUNNERS II,5,RUM RUNNERS II-5,22,CHARGERS
Bayside Boys,7,Bayside Boys-7,12,STEELERS
HURRICANE BILL,10,HURRICANE BILL-10,20,LIONS
RUM RUNNERS II,6,RUM RUNNERS II-6,22,CHARGERS
BB SKI,1,BB SKI-1,6,JAGUARS
HURRICANE BILL,2,HURRICANE BILL-2,12,STEELERS
RUM RUNNERS II,7,RUM RUNNERS II-7,12,STEELERS
BB SKI,2,BB SKI-2,12,STEELERS
HURRICANE BILL,3,HURRICANE BILL-3,12,STEELERS
RUM RUNNERS II,8,RUM RUNNERS II-8,12,STEELERS
BBC BOYZ,1,BBC BOYZ-1,12,STEELERS
HURRICANE BILL,4,HURRICANE BILL-4,24,RAIDERS
RUM RUNNERS II,9,RUM RUNNERS II-9,26,EAGLES
bbq pork,1,bbq pork-1,6,JAGUARS
HURRICANE BILL,5,HURRICANE BILL-5,24,RAIDERS
RUM RUNNERS,1,RUM RUNNERS-1,20,LIONS
bbq pork,2,bbq pork-2,22,CHARGERS
HURRICANE BILL,6,HURRICANE BILL-6,24,RAIDERS
RUM RUNNERS,10,RUM RUNNERS-10,6,JAGUARS
bbq pork,3,bbq pork-3,12,STEELERS
HURRICANE BILL,7,HURRICANE BILL-7,22,CHARGERS
RUM RUNNERS,2,RUM RUNNERS-2,20,LIONS
bbq pork,4,bbq pork-4,6,JAGUARS
HURRICANE BILL,8,HURRICANE BILL-8,22,CHARGERS
RUM RUNNERS,3,RUM RUNNERS-3,20,LIONS
BBSAL,1,BBSAL-1,12,STEELERS
HURRICANE BILL,9,HURRICANE BILL-9,20,LIONS
RUM RUNNERS,4,RUM RUNNERS-4,20,LIONS
BBW,1,BBW-1,12,STEELERS
HUSKERAMMA,1,HUSKERAMMA-1,12,STEELERS
RUM RUNNERS,5,RUM RUNNERS-5,20,LIONS
BBW,2,BBW-2,18,TITANS
HUSTLER,1,HUSTLER-1,6,JAGUARS
RUM RUNNERS,6,RUM RUNNERS-6,20,LIONS
BBW,3,BBW-3,24,RAIDERS
hymanator,1,hymanator-1,6,JAGUARS
RUM RUNNERS,7,RUM RUNNERS-7,20,LIONS
BC Brock,1,BC Brock-1,22,CHARGERS
hymanator,10,hymanator-10,22,CHARGERS
RUM RUNNERS,8,RUM RUNNERS-8,6,JAGUARS
BC Brock,2,BC Brock-2,6,JAGUARS
hymanator,2,hymanator-2,6,JAGUARS
RUM RUNNERS,9,RUM RUNNERS-9,6,JAGUARS
BC1141,1,BC1141-1,6,JAGUARS
hymanator,3,hymanator-3,6,JAGUARS
rumplepigskin,1,rumplepigskin-1,6,JAGUARS
BC1141,2,BC1141-2,22,CHARGERS
hymanator,4,hymanator-4,22,CHARGERS
rumplepigskin,2,rumplepigskin-2,6,JAGUARS
BC1141,3,BC1141-3,6,JAGUARS
hymanator,5,hymanator-5,12,STEELERS
rumplepigskin,3,rumplepigskin-3,6,JAGUARS
BC513,1,BC513-1,12,STEELERS
hymanator,6,hymanator-6,22,CHARGERS
rumplepigskin,4,rumplepigskin-4,22,CHARGERS
BC513,10,BC513-10,18,TITANS
hymanator,7,hymanator-7,6,JAGUARS
rumplepigskin,5,rumplepigskin-5,22,CHARGERS
BC513,2,BC513-2,12,STEELERS
hymanator,8,hymanator-8,22,CHARGERS
rumplepigskin,6,rumplepigskin-6,22,CHARGERS
BC513,3,BC513-3,12,STEELERS
hymanator,9,hymanator-9,24,RAIDERS
rumplepigskin,7,rumplepigskin-7,12,STEELERS
BC513,4,BC513-4,6,JAGUARS
I AINT WORRIED,1,I AINT WORRIED-1,12,STEELERS
rumplepigskin,8,rumplepigskin-8,6,JAGUARS
BC513,5,BC513-5,6,JAGUARS
I AM,1,I AM-1,6,JAGUARS
RUN IT TWICE,1,RUN IT TWICE-1,12,STEELERS
BC513,6,BC513-6,6,JAGUARS
I HIM,1,I HIM-1,22,CHARGERS
RUN IT UP,1,RUN IT UP-1,12,STEELERS
BC513,7,BC513-7,22,CHARGERS
I LOVE BBQ RIBS,1,I LOVE BBQ RIBS-1,6,JAGUARS
RUN IT UP,10,RUN IT UP-10,24,RAIDERS
BC513,8,BC513-8,22,CHARGERS
I LOVE BBQ RIBS,2,I LOVE BBQ RIBS-2,22,CHARGERS
RUN IT UP,2,RUN IT UP-2,12,STEELERS
BC513,9,BC513-9,24,RAIDERS
I LOVE BBQ RIBS,3,I LOVE BBQ RIBS-3,26,EAGLES
RUN IT UP,3,RUN IT UP-3,12,STEELERS
BCARPAF,1,BCARPAF-1,6,JAGUARS
I SUCK AT THIS,1,I SUCK AT THIS-1,6,JAGUARS
RUN IT UP,4,RUN IT UP-4,12,STEELERS
BCARPAF,2,BCARPAF-2,6,JAGUARS
i survived,1,i survived-1,6,JAGUARS
RUN IT UP,5,RUN IT UP-5,12,STEELERS
BCARPAF,3,BCARPAF-3,6,JAGUARS
I Want WORLD PEACE!,1,I Want WORLD PEACE!-1,6,JAGUARS
RUN IT UP,6,RUN IT UP-6,24,RAIDERS
BCARPAF,4,BCARPAF-4,6,JAGUARS
I'M JUST GUESSING,1,I'M JUST GUESSING-1,6,JAGUARS
RUN IT UP,7,RUN IT UP-7,24,RAIDERS
BCGOLFERS,1,BCGOLFERS-1,22,CHARGERS
I'M RICK JAMES B,1,I'M RICK JAMES B-1,12,STEELERS
RUN IT UP,8,RUN IT UP-8,24,RAIDERS
BCGOLFERS,2,BCGOLFERS-2,6,JAGUARS
I'M RICK JAMES B,2,I'M RICK JAMES B-2,22,CHARGERS
RUN IT UP,9,RUN IT UP-9,24,RAIDERS
BCGOLFERS,3,BCGOLFERS-3,6,JAGUARS
IAIO,1,IAIO-1,22,CHARGERS
run tbmd,1,run tbmd-1,12,STEELERS
BCGOLFERS,4,BCGOLFERS-4,6,JAGUARS
IAIO,2,IAIO-2,22,CHARGERS
run tbmd,2,run tbmd-2,6,JAGUARS
BCGOLFERS,5,BCGOLFERS-5,22,CHARGERS
IAIO,3,IAIO-3,12,STEELERS
RUNGOOD,1,RUNGOOD-1,6,JAGUARS
BCS SURVIVE,1,BCS SURVIVE-1,12,STEELERS
IAIO,4,IAIO-4,12,STEELERS
RUNGOOD,2,RUNGOOD-2,24,RAIDERS
BCS SURVIVE,2,BCS SURVIVE-2,22,CHARGERS
IBalls,1,IBalls-1,6,JAGUARS
Runnit Back,1,Runnit Back-1,6,JAGUARS
BCS,1,BCS-1,24,RAIDERS
IBalls,2,IBalls-2,22,CHARGERS
Runnit Back,2,Runnit Back-2,6,JAGUARS
BD ENERGY,1,BD ENERGY-1,6,JAGUARS
ICE COLD,1,ICE COLD-1,22,CHARGERS
RUNSMACKINTOATREE,1,RUNSMACKINTOATREE-1,22,CHARGERS
BDDFC,1,BDDFC-1,6,JAGUARS
ICE COLD,10,ICE COLD-10,12,STEELERS
RUSH 2112 YYZ,1,RUSH 2112 YYZ-1,22,CHARGERS
BDDFC,2,BDDFC-2,6,JAGUARS
ICE COLD,2,ICE COLD-2,22,CHARGERS
RUSH 2112 YYZ,10,RUSH 2112 YYZ-10,22,CHARGERS
BDDFC,3,BDDFC-3,12,STEELERS
ICE COLD,3,ICE COLD-3,22,CHARGERS
RUSH 2112 YYZ,2,RUSH 2112 YYZ-2,22,CHARGERS
BDDFC,4,BDDFC-4,22,CHARGERS
ICE COLD,4,ICE COLD-4,6,JAGUARS
RUSH 2112 YYZ,3,RUSH 2112 YYZ-3,6,JAGUARS
BDDFC,5,BDDFC-5,22,CHARGERS
ICE COLD,5,ICE COLD-5,6,JAGUARS
RUSH 2112 YYZ,4,RUSH 2112 YYZ-4,12,STEELERS
BDDFC,6,BDDFC-6,6,JAGUARS
ICE COLD,6,ICE COLD-6,22,CHARGERS
RUSH 2112 YYZ,5,RUSH 2112 YYZ-5,6,JAGUARS
BDDFC,7,BDDFC-7,12,STEELERS
ICE COLD,7,ICE COLD-7,6,JAGUARS
RUSH 2112 YYZ,6,RUSH 2112 YYZ-6,22,CHARGERS
BE LIKE MIKES,1,BE LIKE MIKES-1,6,JAGUARS
ICE COLD,8,ICE COLD-8,6,JAGUARS
RUSH 2112 YYZ,7,RUSH 2112 YYZ-7,20,LIONS
BE LIKE MIKES,2,BE LIKE MIKES-2,12,STEELERS
ICE COLD,9,ICE COLD-9,24,RAIDERS
RUSH 2112 YYZ,8,RUSH 2112 YYZ-8,6,JAGUARS
BE3,1,BE3-1,12,STEELERS
ICEBOX,1,ICEBOX-1,18,TITANS
RUSH 2112 YYZ,9,RUSH 2112 YYZ-9,12,STEELERS
BEACH AT 109,1,BEACH AT 109-1,12,STEELERS
ICEBOX,10,ICEBOX-10,26,EAGLES
RUSSEL RAM,1,RUSSEL RAM-1,22,CHARGERS
BEACH AT 109,2,BEACH AT 109-2,12,STEELERS
ICEBOX,2,ICEBOX-2,6,JAGUARS
Rusty-bill,1,Rusty-bill-1,6,JAGUARS
BEACH BOY BINGO,1,BEACH BOY BINGO-1,22,CHARGERS
ICEBOX,3,ICEBOX-3,10,COLTS
RV Winner,1,RV Winner-1,22,CHARGERS
BEACH BOY BINGO,2,BEACH BOY BINGO-2,12,STEELERS
ICEBOX,4,ICEBOX-4,6,JAGUARS
RV Winner,2,RV Winner-2,20,LIONS
BEACH BOY BINGO,3,BEACH BOY BINGO-3,12,STEELERS
ICEBOX,5,ICEBOX-5,6,JAGUARS
RV Winner,3,RV Winner-3,6,JAGUARS
BEACH BUMS,1,BEACH BUMS-1,20,LIONS
ICEBOX,6,ICEBOX-6,6,JAGUARS
RVZOO,1,RVZOO-1,2,SEAHAWKS
BEACH BUMS,2,BEACH BUMS-2,22,CHARGERS
ICEBOX,7,ICEBOX-7,6,JAGUARS
RVZOO,2,RVZOO-2,22,CHARGERS
BEACH BUMS,3,BEACH BUMS-3,6,JAGUARS
ICEBOX,8,ICEBOX-8,6,JAGUARS
RVZOO,3,RVZOO-3,6,JAGUARS
BEAN COUNTER,1,BEAN COUNTER-1,12,STEELERS
ICEBOX,9,ICEBOX-9,26,EAGLES
RWH,1,RWH-1,6,JAGUARS
BEAN COUNTER,10,BEAN COUNTER-10,22,CHARGERS
ICEMAN650,1,ICEMAN650-1,12,STEELERS
RWH,2,RWH-2,6,JAGUARS
BEAN COUNTER,2,BEAN COUNTER-2,6,JAGUARS
ICEMAN650,2,ICEMAN650-2,12,STEELERS
RWH,3,RWH-3,12,STEELERS
BEAN COUNTER,3,BEAN COUNTER-3,22,CHARGERS
ICEMAN650,3,ICEMAN650-3,22,CHARGERS
RWH,4,RWH-4,20,LIONS
BEAN COUNTER,4,BEAN COUNTER-4,24,RAIDERS
ICETILT,1,ICETILT-1,6,JAGUARS
RWH,5,RWH-5,22,CHARGERS
BEAN COUNTER,5,BEAN COUNTER-5,22,CHARGERS
ICsd&co.,1,ICsd&co.-1,22,CHARGERS
RWH,6,RWH-6,6,JAGUARS
BEAN COUNTER,6,BEAN COUNTER-6,22,CHARGERS
ICsd&co.,2,ICsd&co.-2,6,JAGUARS
RYAN HOJO,1,RYAN HOJO-1,12,STEELERS
BEAN COUNTER,7,BEAN COUNTER-7,12,STEELERS
IDA-MO-SOTA,1,IDA-MO-SOTA-1,20,LIONS
RYAN HOJO,10,RYAN HOJO-10,24,RAIDERS
BEAN COUNTER,8,BEAN COUNTER-8,22,CHARGERS
IDA-MO-SOTA,2,IDA-MO-SOTA-2,6,JAGUARS
RYAN HOJO,2,RYAN HOJO-2,12,STEELERS
BEAN COUNTER,9,BEAN COUNTER-9,29,COWBOYS
IDA-MO-SOTA,3,IDA-MO-SOTA-3,12,STEELERS
RYAN HOJO,3,RYAN HOJO-3,12,STEELERS
BEAN,1,BEAN-1,22,CHARGERS
Idaho,1,Idaho-1,12,STEELERS
RYAN HOJO,4,RYAN HOJO-4,12,STEELERS
BEAN,2,BEAN-2,22,CHARGERS
Idaho,2,Idaho-2,22,CHARGERS
RYAN HOJO,5,RYAN HOJO-5,22,CHARGERS
BEAN,3,BEAN-3,22,CHARGERS
IDAHOSPARKY,1,IDAHOSPARKY-1,6,JAGUARS
RYAN HOJO,6,RYAN HOJO-6,22,CHARGERS
BEAN,4,BEAN-4,6,JAGUARS
IFWS-69,1,IFWS-69-1,24,RAIDERS
RYAN HOJO,7,RYAN HOJO-7,6,JAGUARS
BEAN,5,BEAN-5,6,JAGUARS
IFWS-69,2,IFWS-69-2,20,LIONS
RYAN HOJO,8,RYAN HOJO-8,6,JAGUARS
BEAN1018,1,BEAN1018-1,6,JAGUARS
IFWS-69,3,IFWS-69-3,12,STEELERS
RYAN HOJO,9,RYAN HOJO-9,6,JAGUARS
BEAN1018,2,BEAN1018-2,24,RAIDERS
IFWS-69,4,IFWS-69-4,18,TITANS
RYAN,1,RYAN-1,22,CHARGERS
Bean26,1,Bean26-1,6,JAGUARS
IFWS-69,5,IFWS-69-5,22,CHARGERS
RYANBEE,1,RYANBEE-1,6,JAGUARS
Bean26,2,Bean26-2,22,CHARGERS
IFYOU'REHOTSTAYHOT,1,IFYOU'REHOTSTAYHOT-1,6,JAGUARS
RYANBEE,2,RYANBEE-2,6,JAGUARS
Bean26,3,Bean26-3,6,JAGUARS
IFYOU'REHOTSTAYHOT,10,IFYOU'REHOTSTAYHOT-10,12,STEELERS
RYANBEE,3,RYANBEE-3,6,JAGUARS
BEANDIP915,1,BEANDIP915-1,20,LIONS
IFYOU'REHOTSTAYHOT,2,IFYOU'REHOTSTAYHOT-2,6,JAGUARS
RYANBEE,4,RYANBEE-4,22,CHARGERS
BEANFLY,1,BEANFLY-1,26,EAGLES
IFYOU'REHOTSTAYHOT,3,IFYOU'REHOTSTAYHOT-3,6,JAGUARS
RYANBEE,5,RYANBEE-5,12,STEELERS
BEANFLY,2,BEANFLY-2,6,JAGUARS
IFYOU'REHOTSTAYHOT,4,IFYOU'REHOTSTAYHOT-4,6,JAGUARS
RYANMAX,1,RYANMAX-1,22,CHARGERS
BEANFLY,3,BEANFLY-3,6,JAGUARS
IFYOU'REHOTSTAYHOT,5,IFYOU'REHOTSTAYHOT-5,6,JAGUARS
RYANMAX,10,RYANMAX-10,12,STEELERS
BEANFLY,4,BEANFLY-4,6,JAGUARS
IFYOU'REHOTSTAYHOT,6,IFYOU'REHOTSTAYHOT-6,6,JAGUARS
RYANMAX,2,RYANMAX-2,22,CHARGERS
BEANFLY,5,BEANFLY-5,22,CHARGERS
IFYOU'REHOTSTAYHOT,7,IFYOU'REHOTSTAYHOT-7,20,LIONS
RYANMAX,3,RYANMAX-3,12,STEELERS
BEANFLY,6,BEANFLY-6,22,CHARGERS
IFYOU'REHOTSTAYHOT,8,IFYOU'REHOTSTAYHOT-8,20,LIONS
RYANMAX,4,RYANMAX-4,12,STEELERS
BEANFLY,7,BEANFLY-7,22,CHARGERS
IFYOU'REHOTSTAYHOT,9,IFYOU'REHOTSTAYHOT-9,12,STEELERS
RYANMAX,5,RYANMAX-5,12,STEELERS
BEANFLY,8,BEANFLY-8,20,LIONS
IGGS,1,IGGS-1,6,JAGUARS
RYANMAX,6,RYANMAX-6,6,JAGUARS
BEANS & WHITES,1,BEANS & WHITES-1,22,CHARGERS
IGGS,2,IGGS-2,22,CHARGERS
RYANMAX,7,RYANMAX-7,6,JAGUARS
BEANS & WHITES,2,BEANS & WHITES-2,6,JAGUARS
IGGS,3,IGGS-3,6,JAGUARS
RYANMAX,8,RYANMAX-8,6,JAGUARS
BEANS & WHITES,3,BEANS & WHITES-3,12,STEELERS
IGGS,4,IGGS-4,6,JAGUARS
RYANMAX,9,RYANMAX-9,26,EAGLES
BEAR BETS,1,BEAR BETS-1,22,CHARGERS
IGGS,5,IGGS-5,20,LIONS
RYNEARSON,1,RYNEARSON-1,6,JAGUARS
BEAR BETS,2,BEAR BETS-2,22,CHARGERS
IGGS,6,IGGS-6,22,CHARGERS
RYPS,1,RYPS-1,6,JAGUARS
BEAR COUNTRY,1,BEAR COUNTRY-1,22,CHARGERS
IGGS,7,IGGS-7,6,JAGUARS
RYPS,10,RYPS-10,6,JAGUARS
BEAR DOWN,1,BEAR DOWN-1,6,JAGUARS
IGGS,8,IGGS-8,6,JAGUARS
RYPS,2,RYPS-2,6,JAGUARS
BEAR DOWN,10,BEAR DOWN-10,12,STEELERS
IGGS,9,IGGS-9,6,JAGUARS
RYPS,3,RYPS-3,6,JAGUARS
BEAR DOWN,2,BEAR DOWN-2,22,CHARGERS
IGORTHIAGO67,1,IGORTHIAGO67-1,20,LIONS
RYPS,4,RYPS-4,6,JAGUARS
BEAR DOWN,3,BEAR DOWN-3,22,CHARGERS
IGORTHIAGO67,10,IGORTHIAGO67-10,8,BENGALS
RYPS,5,RYPS-5,12,STEELERS
BEAR DOWN,4,BEAR DOWN-4,6,JAGUARS
IGORTHIAGO67,2,IGORTHIAGO67-2,20,LIONS
RYPS,6,RYPS-6,18,TITANS
BEAR DOWN,5,BEAR DOWN-5,12,STEELERS
IGORTHIAGO67,3,IGORTHIAGO67-3,20,LIONS
RYPS,7,RYPS-7,24,RAIDERS
BEAR DOWN,6,BEAR DOWN-6,22,CHARGERS
IGORTHIAGO67,4,IGORTHIAGO67-4,20,LIONS
RYPS,8,RYPS-8,24,RAIDERS
BEAR DOWN,7,BEAR DOWN-7,22,CHARGERS
IGORTHIAGO67,5,IGORTHIAGO67-5,20,LIONS
RYPS,9,RYPS-9,22,CHARGERS
BEAR DOWN,8,BEAR DOWN-8,20,LIONS
IGORTHIAGO67,6,IGORTHIAGO67-6,22,CHARGERS
RZWACKTRAIN,1,RZWACKTRAIN-1,12,STEELERS
BEAR DOWN,9,BEAR DOWN-9,20,LIONS
IGORTHIAGO67,7,IGORTHIAGO67-7,22,CHARGERS
S CHARLES,1,S CHARLES-1,12,STEELERS
BEAR SQUARED,1,BEAR SQUARED-1,6,JAGUARS
IGORTHIAGO67,8,IGORTHIAGO67-8,6,JAGUARS
Sabertooth Squirrel,1,Sabertooth Squirrel-1,12,STEELERS
BEAR SQUARED,10,BEAR SQUARED-10,6,JAGUARS
IGORTHIAGO67,9,IGORTHIAGO67-9,12,STEELERS
Sabertooth Squirrel,2,Sabertooth Squirrel-2,6,JAGUARS
BEAR SQUARED,2,BEAR SQUARED-2,6,JAGUARS
IHMC,1,IHMC-1,12,STEELERS
Sabertooth Squirrel,3,Sabertooth Squirrel-3,24,RAIDERS
BEAR SQUARED,3,BEAR SQUARED-3,6,JAGUARS
IHMC,2,IHMC-2,20,LIONS
Sabertooth Squirrel,4,Sabertooth Squirrel-4,12,STEELERS
BEAR SQUARED,4,BEAR SQUARED-4,6,JAGUARS
IHMC,3,IHMC-3,6,JAGUARS
Sabertooth Squirrel,5,Sabertooth Squirrel-5,12,STEELERS
BEAR SQUARED,5,BEAR SQUARED-5,6,JAGUARS
IHTFP!,1,IHTFP!-1,20,LIONS
SACKS ON THE BEACH,1,SACKS ON THE BEACH-1,12,STEELERS
BEAR SQUARED,6,BEAR SQUARED-6,6,JAGUARS
IHTFP!,10,IHTFP!-10,20,LIONS
SACKS ON THE BEACH,10,SACKS ON THE BEACH-10,12,STEELERS
BEAR SQUARED,7,BEAR SQUARED-7,6,JAGUARS
IHTFP!,2,IHTFP!-2,20,LIONS
SACKS ON THE BEACH,2,SACKS ON THE BEACH-2,12,STEELERS
BEAR SQUARED,8,BEAR SQUARED-8,6,JAGUARS
IHTFP!,3,IHTFP!-3,20,LIONS
SACKS ON THE BEACH,3,SACKS ON THE BEACH-3,12,STEELERS
BEAR SQUARED,9,BEAR SQUARED-9,6,JAGUARS
IHTFP!,4,IHTFP!-4,20,LIONS
SACKS ON THE BEACH,4,SACKS ON THE BEACH-4,12,STEELERS
BEARDOWN3,1,BEARDOWN3-1,12,STEELERS
IHTFP!,5,IHTFP!-5,20,LIONS
SACKS ON THE BEACH,5,SACKS ON THE BEACH-5,12,STEELERS
BEARDOWN3,2,BEARDOWN3-2,22,CHARGERS
IHTFP!,6,IHTFP!-6,20,LIONS
SACKS ON THE BEACH,6,SACKS ON THE BEACH-6,12,STEELERS
BEARDOWN3,3,BEARDOWN3-3,6,JAGUARS
IHTFP!,7,IHTFP!-7,20,LIONS
SACKS ON THE BEACH,7,SACKS ON THE BEACH-7,12,STEELERS
BEARLY CHEESEHEADS,1,BEARLY CHEESEHEADS-1,22,CHARGERS
IHTFP!,8,IHTFP!-8,20,LIONS
SACKS ON THE BEACH,8,SACKS ON THE BEACH-8,12,STEELERS
BEARLY SURVIVING,1,BEARLY SURVIVING-1,12,STEELERS
IHTFP!,9,IHTFP!-9,20,LIONS
SACKS ON THE BEACH,9,SACKS ON THE BEACH-9,12,STEELERS
BEARLY SURVIVING,2,BEARLY SURVIVING-2,6,JAGUARS
IIDTTD,1,IIDTTD-1,22,CHARGERS
SAD BAGUETTE,1,SAD BAGUETTE-1,20,LIONS
BEARLY SURVIVING,3,BEARLY SURVIVING-3,22,CHARGERS
ILIKEMONEY,1,ILIKEMONEY-1,12,STEELERS
SAD BAGUETTE,10,SAD BAGUETTE-10,20,LIONS
BEARLY SURVIVING,4,BEARLY SURVIVING-4,20,LIONS
ILL BOOTEN GOTTY,1,ILL BOOTEN GOTTY-1,22,CHARGERS
SAD BAGUETTE,2,SAD BAGUETTE-2,20,LIONS
BEARLY SURVIVING,5,BEARLY SURVIVING-5,22,CHARGERS
ILL BOOTEN GOTTY,2,ILL BOOTEN GOTTY-2,6,JAGUARS
SAD BAGUETTE,3,SAD BAGUETTE-3,20,LIONS
BEAST MODE,1,BEAST MODE-1,26,EAGLES
ILLEGALLANECHANGE,1,ILLEGALLANECHANGE-1,6,JAGUARS
SAD BAGUETTE,4,SAD BAGUETTE-4,20,LIONS
BEAST MODE,2,BEAST MODE-2,12,STEELERS
ILLEGALLANECHANGE,2,ILLEGALLANECHANGE-2,6,JAGUARS
SAD BAGUETTE,5,SAD BAGUETTE-5,20,LIONS
BEAU KNOWS,1,BEAU KNOWS-1,6,JAGUARS
ILLEGALLANECHANGE,3,ILLEGALLANECHANGE-3,22,CHARGERS
SAD BAGUETTE,6,SAD BAGUETTE-6,20,LIONS
beauknows,1,beauknows-1,22,CHARGERS
ILLEGALLANECHANGE,4,ILLEGALLANECHANGE-4,22,CHARGERS
SAD BAGUETTE,7,SAD BAGUETTE-7,20,LIONS
beauknows,2,beauknows-2,6,JAGUARS
ILLEGALLANECHANGE,5,ILLEGALLANECHANGE-5,12,STEELERS
SAD BAGUETTE,8,SAD BAGUETTE-8,20,LIONS
BEAUU,1,BEAUU-1,6,JAGUARS
ILLEGALLANECHANGE,6,ILLEGALLANECHANGE-6,24,RAIDERS
SAD BAGUETTE,9,SAD BAGUETTE-9,20,LIONS
BEAUU,10,BEAUU-10,6,JAGUARS
ILLEGALLANECHANGE,7,ILLEGALLANECHANGE-7,12,STEELERS
SAD JETS FAN,1,SAD JETS FAN-1,22,CHARGERS
BEAUU,2,BEAUU-2,6,JAGUARS
ILLEGALLANECHANGE,8,ILLEGALLANECHANGE-8,24,RAIDERS
SAD JETS FAN,2,SAD JETS FAN-2,12,STEELERS
BEAUU,3,BEAUU-3,6,JAGUARS
ILLOWA KID,1,ILLOWA KID-1,26,EAGLES
Sad Taco,1,Sad Taco-1,26,EAGLES
BEAUU,4,BEAUU-4,6,JAGUARS
ilovecats69,1,ilovecats69-1,6,JAGUARS
Sad Taco,10,Sad Taco-10,9,RAVENS
BEAUU,5,BEAUU-5,6,JAGUARS
ilovecats69,10,ilovecats69-10,6,JAGUARS
Sad Taco,2,Sad Taco-2,12,STEELERS
BEAUU,6,BEAUU-6,6,JAGUARS
ilovecats69,2,ilovecats69-2,6,JAGUARS
Sad Taco,3,Sad Taco-3,22,CHARGERS
BEAUU,7,BEAUU-7,6,JAGUARS
ilovecats69,3,ilovecats69-3,6,JAGUARS
Sad Taco,4,Sad Taco-4,22,CHARGERS
BEAUU,8,BEAUU-8,6,JAGUARS
ilovecats69,4,ilovecats69-4,6,JAGUARS
Sad Taco,5,Sad Taco-5,22,CHARGERS
BEAUU,9,BEAUU-9,6,JAGUARS
ilovecats69,5,ilovecats69-5,6,JAGUARS
Sad Taco,6,Sad Taco-6,22,CHARGERS
BEAVERBETS,1,BEAVERBETS-1,6,JAGUARS
ilovecats69,6,ilovecats69-6,6,JAGUARS
Sad Taco,7,Sad Taco-7,22,CHARGERS
BEBETTER21,1,BEBETTER21-1,29,COWBOYS
ilovecats69,7,ilovecats69-7,6,JAGUARS
Sad Taco,8,Sad Taco-8,6,JAGUARS
BEBETTER21,2,BEBETTER21-2,29,COWBOYS
ilovecats69,8,ilovecats69-8,6,JAGUARS
Sad Taco,9,Sad Taco-9,12,STEELERS
BEBETTER21,3,BEBETTER21-3,22,CHARGERS
ilovecats69,9,ilovecats69-9,6,JAGUARS
SADIEJIMMY915,1,SADIEJIMMY915-1,22,CHARGERS
BEBETTER21,4,BEBETTER21-4,22,CHARGERS
ILOVEJOEBURROW,1,ILOVEJOEBURROW-1,8,BENGALS
SADIEJIMMY915,2,SADIEJIMMY915-2,6,JAGUARS
BEBETTER21,5,BEBETTER21-5,12,STEELERS
ILOVEJOEBURROW,10,ILOVEJOEBURROW-10,8,BENGALS
SADIEJIMMY915,3,SADIEJIMMY915-3,12,STEELERS
BEBETTER21,6,BEBETTER21-6,12,STEELERS
ILOVEJOEBURROW,2,ILOVEJOEBURROW-2,8,BENGALS
SADMAN1,1,SADMAN1-1,22,CHARGERS
BEBETTER21,7,BEBETTER21-7,24,RAIDERS
ILOVEJOEBURROW,3,ILOVEJOEBURROW-3,8,BENGALS
SAENZ AND CO,1,SAENZ AND CO-1,6,JAGUARS
BEBETTER21,8,BEBETTER21-8,24,RAIDERS
ILOVEJOEBURROW,4,ILOVEJOEBURROW-4,8,BENGALS
SAENZ AND CO,2,SAENZ AND CO-2,20,LIONS
BEDLAM,1,BEDLAM-1,22,CHARGERS
ILOVEJOEBURROW,5,ILOVEJOEBURROW-5,8,BENGALS
SAENZ AND CO,3,SAENZ AND CO-3,6,JAGUARS
BEECH BLOODLINE,1,BEECH BLOODLINE-1,6,JAGUARS
ILOVEJOEBURROW,6,ILOVEJOEBURROW-6,8,BENGALS
SAGE,1,SAGE-1,22,CHARGERS
BEECH BLOODLINE,2,BEECH BLOODLINE-2,12,STEELERS
ILOVEJOEBURROW,7,ILOVEJOEBURROW-7,8,BENGALS
SAGE,10,SAGE-10,24,RAIDERS
BEECH BLOODLINE,3,BEECH BLOODLINE-3,22,CHARGERS
ILOVEJOEBURROW,8,ILOVEJOEBURROW-8,8,BENGALS
SAGE,2,SAGE-2,6,JAGUARS
BEEF,1,BEEF-1,6,JAGUARS
ILOVEJOEBURROW,9,ILOVEJOEBURROW-9,8,BENGALS
SAGE,3,SAGE-3,20,LIONS
BEEF,2,BEEF-2,20,LIONS
ILoveTomBrady,1,ILoveTomBrady-1,6,JAGUARS
SAGE,4,SAGE-4,26,EAGLES
BEEF,3,BEEF-3,22,CHARGERS
ILoveTomBrady,10,ILoveTomBrady-10,6,JAGUARS
SAGE,5,SAGE-5,12,STEELERS
BEEF,4,BEEF-4,22,CHARGERS
ILoveTomBrady,2,ILoveTomBrady-2,22,CHARGERS
SAGE,6,SAGE-6,6,JAGUARS
BEEFARONI,1,BEEFARONI-1,22,CHARGERS
ILoveTomBrady,3,ILoveTomBrady-3,6,JAGUARS
SAGE,7,SAGE-7,22,CHARGERS
BEEFARONI,10,BEEFARONI-10,6,JAGUARS
ILoveTomBrady,4,ILoveTomBrady-4,12,STEELERS
SAGE,8,SAGE-8,6,JAGUARS
BEEFARONI,2,BEEFARONI-2,22,CHARGERS
ILoveTomBrady,5,ILoveTomBrady-5,22,CHARGERS
SAGE,9,SAGE-9,6,JAGUARS
BEEFARONI,3,BEEFARONI-3,22,CHARGERS
ILoveTomBrady,6,ILoveTomBrady-6,12,STEELERS
SAGINAW 4,1,SAGINAW 4-1,6,JAGUARS
BEEFARONI,4,BEEFARONI-4,22,CHARGERS
ILoveTomBrady,7,ILoveTomBrady-7,6,JAGUARS
SAGINAW 4,2,SAGINAW 4-2,6,JAGUARS
BEEFARONI,5,BEEFARONI-5,22,CHARGERS
ILoveTomBrady,8,ILoveTomBrady-8,15,BEARS
SAGINAW 4,3,SAGINAW 4-3,22,CHARGERS
BEEFARONI,6,BEEFARONI-6,22,CHARGERS
ILoveTomBrady,9,ILoveTomBrady-9,22,CHARGERS
SAGINAW 4,4,SAGINAW 4-4,22,CHARGERS
BEEFARONI,7,BEEFARONI-7,22,CHARGERS
ILuvTomBrady,1,ILuvTomBrady-1,6,JAGUARS
SAIGONSIZZLE,1,SAIGONSIZZLE-1,12,STEELERS
BEEFARONI,8,BEEFARONI-8,12,STEELERS
ILuvTomBrady,2,ILuvTomBrady-2,20,LIONS
SAIGONSIZZLE,10,SAIGONSIZZLE-10,12,STEELERS
BEEFARONI,9,BEEFARONI-9,6,JAGUARS
im surviving,1,im surviving-1,12,STEELERS
SAIGONSIZZLE,2,SAIGONSIZZLE-2,12,STEELERS
BEER ME 2,1,BEER ME 2-1,22,CHARGERS
IMAGIN'DAGGIN',1,IMAGIN'DAGGIN'-1,6,JAGUARS
SAIGONSIZZLE,3,SAIGONSIZZLE-3,12,STEELERS
BEERBALLERS,1,BEERBALLERS-1,12,STEELERS
IMAREC,1,IMAREC-1,26,EAGLES
SAIGONSIZZLE,4,SAIGONSIZZLE-4,12,STEELERS
BEERLY ALIVE,1,BEERLY ALIVE-1,22,CHARGERS
IMAROUNDER1,1,IMAROUNDER1-1,22,CHARGERS
SAIGONSIZZLE,5,SAIGONSIZZLE-5,12,STEELERS
BEGINNERS LUCK,1,BEGINNERS LUCK-1,6,JAGUARS
IMAROUNDER1,10,IMAROUNDER1-10,22,CHARGERS
SAIGONSIZZLE,6,SAIGONSIZZLE-6,12,STEELERS
BEGINNERS LUCK,2,BEGINNERS LUCK-2,6,JAGUARS
IMAROUNDER1,2,IMAROUNDER1-2,22,CHARGERS
SAIGONSIZZLE,7,SAIGONSIZZLE-7,12,STEELERS
BEGINNERS LUCK,3,BEGINNERS LUCK-3,22,CHARGERS
IMAROUNDER1,3,IMAROUNDER1-3,22,CHARGERS
SAIGONSIZZLE,8,SAIGONSIZZLE-8,12,STEELERS
BELARUS,1,BELARUS-1,6,JAGUARS
IMAROUNDER1,4,IMAROUNDER1-4,22,CHARGERS
SAIGONSIZZLE,9,SAIGONSIZZLE-9,12,STEELERS
BELARUS,2,BELARUS-2,24,RAIDERS
IMAROUNDER1,5,IMAROUNDER1-5,22,CHARGERS
SAINT 31,1,SAINT 31-1,12,STEELERS
BELHENROE,1,BELHENROE-1,22,CHARGERS
IMAROUNDER1,6,IMAROUNDER1-6,22,CHARGERS
SAINT FRANCIS,1,SAINT FRANCIS-1,12,STEELERS
BELHENROE,10,BELHENROE-10,6,JAGUARS
IMAROUNDER1,7,IMAROUNDER1-7,22,CHARGERS
SAINT FRANCIS,10,SAINT FRANCIS-10,22,CHARGERS
BELHENROE,2,BELHENROE-2,22,CHARGERS
IMAROUNDER1,8,IMAROUNDER1-8,22,CHARGERS
SAINT FRANCIS,2,SAINT FRANCIS-2,12,STEELERS
BELHENROE,3,BELHENROE-3,22,CHARGERS
IMAROUNDER1,9,IMAROUNDER1-9,22,CHARGERS
SAINT FRANCIS,3,SAINT FRANCIS-3,12,STEELERS
BELHENROE,4,BELHENROE-4,22,CHARGERS
IMDAPAPERMAN026,1,IMDAPAPERMAN026-1,6,JAGUARS
SAINT FRANCIS,4,SAINT FRANCIS-4,12,STEELERS
BELHENROE,5,BELHENROE-5,22,CHARGERS
IMDAPAPERMAN026,2,IMDAPAPERMAN026-2,12,STEELERS
SAINT FRANCIS,5,SAINT FRANCIS-5,12,STEELERS
BELHENROE,6,BELHENROE-6,22,CHARGERS
IMMEKUS1,1,IMMEKUS1-1,22,CHARGERS
SAINT FRANCIS,6,SAINT FRANCIS-6,8,BENGALS
BELHENROE,7,BELHENROE-7,22,CHARGERS
Imnotgoingquietly,1,Imnotgoingquietly-1,6,JAGUARS
SAINT FRANCIS,7,SAINT FRANCIS-7,8,BENGALS
BELHENROE,8,BELHENROE-8,22,CHARGERS
IMPMAN 467,1,IMPMAN 467-1,22,CHARGERS
SAINT FRANCIS,8,SAINT FRANCIS-8,8,BENGALS
BELHENROE,9,BELHENROE-9,22,CHARGERS
IMPMAN 467,2,IMPMAN 467-2,20,LIONS
SAINT FRANCIS,9,SAINT FRANCIS-9,24,RAIDERS
BELIEVE,1,BELIEVE-1,6,JAGUARS
IMPMAN 467,3,IMPMAN 467-3,6,JAGUARS
SAINTANNESFOURSOME,1,SAINTANNESFOURSOME-1,22,CHARGERS
Bell RJS,1,Bell RJS-1,12,STEELERS
IMPMAN 467,4,IMPMAN 467-4,6,JAGUARS
SAINTANNESFOURSOME,2,SAINTANNESFOURSOME-2,12,STEELERS
Bell RJS,2,Bell RJS-2,12,STEELERS
IMPORTEREXPORTER,1,IMPORTEREXPORTER-1,26,EAGLES
SAINTANNESFOURSOME,3,SAINTANNESFOURSOME-3,6,JAGUARS
Bell RJS,3,Bell RJS-3,17,JETS
IMPORTEREXPORTER,2,IMPORTEREXPORTER-2,12,STEELERS
SAINTANNESFOURSOME,4,SAINTANNESFOURSOME-4,22,CHARGERS
Bell RJS,4,Bell RJS-4,29,COWBOYS
IMPORTEREXPORTER,3,IMPORTEREXPORTER-3,6,JAGUARS
SAKO,1,SAKO-1,8,BENGALS
BELLA HAYES,1,BELLA HAYES-1,24,RAIDERS
IMPORTEREXPORTER,4,IMPORTEREXPORTER-4,12,STEELERS
SAKO,2,SAKO-2,6,JAGUARS
BELLA HAYES,2,BELLA HAYES-2,22,CHARGERS
Impressive Sacks,1,Impressive Sacks-1,22,CHARGERS
SAKO,3,SAKO-3,22,CHARGERS
BELLA HAYES,3,BELLA HAYES-3,22,CHARGERS
Impressive Sacks,2,Impressive Sacks-2,6,JAGUARS
SAKO,4,SAKO-4,6,JAGUARS
BELLA HAYES,4,BELLA HAYES-4,22,CHARGERS
IMSTILLSTANDING,1,IMSTILLSTANDING-1,24,RAIDERS
SAKO,5,SAKO-5,20,LIONS
BELLA HAYES,5,BELLA HAYES-5,22,CHARGERS
IMSTILLSTANDING,2,IMSTILLSTANDING-2,24,RAIDERS
SALLY O'MALLY,1,SALLY O'MALLY-1,22,CHARGERS
BELLABOO,1,BELLABOO-1,6,JAGUARS
IMSTILLSTANDING,3,IMSTILLSTANDING-3,12,STEELERS
SALOMON55,1,SALOMON55-1,22,CHARGERS
BELLABOO,10,BELLABOO-10,22,CHARGERS
IMSTILLSTANDING,4,IMSTILLSTANDING-4,8,BENGALS
SALOMON55,10,SALOMON55-10,6,JAGUARS
BELLABOO,2,BELLABOO-2,6,JAGUARS
IMSTILLSTANDING,5,IMSTILLSTANDING-5,6,JAGUARS
SALOMON55,2,SALOMON55-2,22,CHARGERS
BELLABOO,3,BELLABOO-3,6,JAGUARS
IN GAME RADAR,1,IN GAME RADAR-1,6,JAGUARS
SALOMON55,3,SALOMON55-3,22,CHARGERS
BELLABOO,4,BELLABOO-4,6,JAGUARS
IN GAME RADAR,2,IN GAME RADAR-2,12,STEELERS
SALOMON55,4,SALOMON55-4,22,CHARGERS
BELLABOO,5,BELLABOO-5,6,JAGUARS
In the Leather,1,In the Leather-1,12,STEELERS
SALOMON55,5,SALOMON55-5,6,JAGUARS
BELLABOO,6,BELLABOO-6,6,JAGUARS
In the Leather,10,In the Leather-10,6,JAGUARS
SALOMON55,6,SALOMON55-6,6,JAGUARS
BELLABOO,7,BELLABOO-7,22,CHARGERS
In the Leather,2,In the Leather-2,12,STEELERS
SALOMON55,7,SALOMON55-7,6,JAGUARS
BELLABOO,8,BELLABOO-8,22,CHARGERS
In the Leather,3,In the Leather-3,26,EAGLES
SALOMON55,8,SALOMON55-8,6,JAGUARS
BELLABOO,9,BELLABOO-9,22,CHARGERS
In the Leather,4,In the Leather-4,22,CHARGERS
SALOMON55,9,SALOMON55-9,6,JAGUARS
BELLAGIOBOB,1,BELLAGIOBOB-1,6,JAGUARS
In the Leather,5,In the Leather-5,22,CHARGERS
SALOONBARSC,1,SALOONBARSC-1,12,STEELERS
BELLAGIOBOB,2,BELLAGIOBOB-2,6,JAGUARS
In the Leather,6,In the Leather-6,6,JAGUARS
SALOONBARSC,2,SALOONBARSC-2,12,STEELERS
BELLAGIOBOB,3,BELLAGIOBOB-3,6,JAGUARS
In the Leather,7,In the Leather-7,6,JAGUARS
SALOONBARSC,3,SALOONBARSC-3,6,JAGUARS
BELLAGIOBOB,4,BELLAGIOBOB-4,6,JAGUARS
In the Leather,8,In the Leather-8,6,JAGUARS
SALOONBARSC,4,SALOONBARSC-4,12,STEELERS
BELLERIVECC,1,BELLERIVECC-1,6,JAGUARS
In the Leather,9,In the Leather-9,6,JAGUARS
SALOONBARSC,5,SALOONBARSC-5,24,RAIDERS
BELLERIVECC,2,BELLERIVECC-2,22,CHARGERS
INANE DRONE,1,INANE DRONE-1,6,JAGUARS
SALOONBARSC,6,SALOONBARSC-6,12,STEELERS
BELLSI,1,BELLSI-1,22,CHARGERS
INANE DRONE,10,INANE DRONE-10,22,CHARGERS
SALTY K,1,SALTY K-1,6,JAGUARS
BELLSI,10,BELLSI-10,6,JAGUARS
INANE DRONE,2,INANE DRONE-2,6,JAGUARS
SALTY K,10,SALTY K-10,6,JAGUARS
BELLSI,2,BELLSI-2,22,CHARGERS
INANE DRONE,3,INANE DRONE-3,6,JAGUARS
SALTY K,2,SALTY K-2,6,JAGUARS
BELLSI,3,BELLSI-3,22,CHARGERS
INANE DRONE,4,INANE DRONE-4,6,JAGUARS
SALTY K,3,SALTY K-3,6,JAGUARS
BELLSI,4,BELLSI-4,6,JAGUARS
INANE DRONE,5,INANE DRONE-5,6,JAGUARS
SALTY K,4,SALTY K-4,6,JAGUARS
BELLSI,5,BELLSI-5,6,JAGUARS
INANE DRONE,6,INANE DRONE-6,6,JAGUARS
SALTY K,5,SALTY K-5,6,JAGUARS
BELLSI,6,BELLSI-6,6,JAGUARS
INANE DRONE,7,INANE DRONE-7,6,JAGUARS
SALTY K,6,SALTY K-6,6,JAGUARS
BELLSI,7,BELLSI-7,22,CHARGERS
INANE DRONE,8,INANE DRONE-8,6,JAGUARS
SALTY K,7,SALTY K-7,6,JAGUARS
BELLSI,8,BELLSI-8,22,CHARGERS
INANE DRONE,9,INANE DRONE-9,6,JAGUARS
SALTY K,8,SALTY K-8,6,JAGUARS
BELLSI,9,BELLSI-9,8,BENGALS
Incog modo II,1,Incog modo II-1,22,CHARGERS
SALTY K,9,SALTY K-9,6,JAGUARS
BELVEDERE YACHT,1,BELVEDERE YACHT-1,22,CHARGERS
Incog modo II,2,Incog modo II-2,6,JAGUARS
sam i am,1,sam i am-1,6,JAGUARS
BELVEDERE YACHT,2,BELVEDERE YACHT-2,22,CHARGERS
INDIAN STYLE,1,INDIAN STYLE-1,6,JAGUARS
sam i am,2,sam i am-2,22,CHARGERS
BELVEDERE YACHT,3,BELVEDERE YACHT-3,22,CHARGERS
INDIAN STYLE,10,INDIAN STYLE-10,6,JAGUARS
SAM+SON 2,1,SAM+SON 2-1,24,RAIDERS
BELVEDERE YACHT,4,BELVEDERE YACHT-4,20,LIONS
INDIAN STYLE,2,INDIAN STYLE-2,6,JAGUARS
SAM+SON 2,10,SAM+SON 2-10,6,JAGUARS
BELVEDERE YACHT,5,BELVEDERE YACHT-5,20,LIONS
INDIAN STYLE,3,INDIAN STYLE-3,6,JAGUARS
SAM+SON 2,2,SAM+SON 2-2,24,RAIDERS
BELVEDERE YACHT,6,BELVEDERE YACHT-6,20,LIONS
INDIAN STYLE,4,INDIAN STYLE-4,6,JAGUARS
SAM+SON 2,3,SAM+SON 2-3,24,RAIDERS
BELVEDERE YACHT,7,BELVEDERE YACHT-7,6,JAGUARS
INDIAN STYLE,5,INDIAN STYLE-5,6,JAGUARS
SAM+SON 2,4,SAM+SON 2-4,12,STEELERS
BELVEDERE YACHT,8,BELVEDERE YACHT-8,6,JAGUARS
INDIAN STYLE,6,INDIAN STYLE-6,6,JAGUARS
SAM+SON 2,5,SAM+SON 2-5,12,STEELERS
BELVEDERE YACHT,9,BELVEDERE YACHT-9,6,JAGUARS
INDIAN STYLE,7,INDIAN STYLE-7,6,JAGUARS
SAM+SON 2,6,SAM+SON 2-6,12,STEELERS
BEN'S BOYS,1,BEN'S BOYS-1,12,STEELERS
INDIAN STYLE,8,INDIAN STYLE-8,6,JAGUARS
SAM+SON 2,7,SAM+SON 2-7,22,CHARGERS
BENDER CONTINUES,1,BENDER CONTINUES-1,22,CHARGERS
INDIAN STYLE,9,INDIAN STYLE-9,6,JAGUARS
SAM+SON 2,8,SAM+SON 2-8,17,JETS
BENDER CONTINUES,2,BENDER CONTINUES-2,22,CHARGERS
INDIANAJET,1,INDIANAJET-1,26,EAGLES
SAM+SON 2,9,SAM+SON 2-9,6,JAGUARS
BENDER CONTINUES,3,BENDER CONTINUES-3,6,JAGUARS
INDIANAJET,2,INDIANAJET-2,26,EAGLES
Samadi 33,1,Samadi 33-1,22,CHARGERS
BENDER CONTINUES,4,BENDER CONTINUES-4,20,LIONS
INDIANAJET,3,INDIANAJET-3,26,EAGLES
Samadi 33,2,Samadi 33-2,18,TITANS
BendThe$poon,1,BendThe$poon-1,26,EAGLES
INDIANAJET,4,INDIANAJET-4,12,STEELERS
SAMANAMIKE,1,SAMANAMIKE-1,12,STEELERS
BENGAL STATE OF MIND,1,BENGAL STATE OF MIND-1,12,STEELERS
INDIANAJET,5,INDIANAJET-5,12,STEELERS
SAMANAMIKE,10,SAMANAMIKE-10,17,JETS
BENGAL STATE OF MIND,2,BENGAL STATE OF MIND-2,12,STEELERS
INDIANAJET,6,INDIANAJET-6,12,STEELERS
SAMANAMIKE,2,SAMANAMIKE-2,12,STEELERS
BENGAL STATE OF MIND,3,BENGAL STATE OF MIND-3,22,CHARGERS
INDIANAJET,7,INDIANAJET-7,6,JAGUARS
SAMANAMIKE,3,SAMANAMIKE-3,12,STEELERS
Benjiontilt65,1,Benjiontilt65-1,6,JAGUARS
INDY317,1,INDY317-1,6,JAGUARS
SAMANAMIKE,4,SAMANAMIKE-4,12,STEELERS
Benjiontilt65,10,Benjiontilt65-10,12,STEELERS
INDY317,2,INDY317-2,22,CHARGERS
SAMANAMIKE,5,SAMANAMIKE-5,22,CHARGERS
Benjiontilt65,2,Benjiontilt65-2,6,JAGUARS
INDY317,3,INDY317-3,22,CHARGERS
SAMANAMIKE,6,SAMANAMIKE-6,22,CHARGERS
Benjiontilt65,3,Benjiontilt65-3,6,JAGUARS
INDY317,4,INDY317-4,22,CHARGERS
SAMANAMIKE,7,SAMANAMIKE-7,22,CHARGERS
Benjiontilt65,4,Benjiontilt65-4,6,JAGUARS
INDY317,5,INDY317-5,22,CHARGERS
SAMANAMIKE,8,SAMANAMIKE-8,20,LIONS
Benjiontilt65,5,Benjiontilt65-5,6,JAGUARS
INDY317,6,INDY317-6,22,CHARGERS
SAMANAMIKE,9,SAMANAMIKE-9,20,LIONS
Benjiontilt65,6,Benjiontilt65-6,6,JAGUARS
INGE'S BOYS,1,INGE'S BOYS-1,22,CHARGERS
SAMER MUSTAKLIM 12,1,SAMER MUSTAKLIM 12-1,20,LIONS
Benjiontilt65,7,Benjiontilt65-7,6,JAGUARS
INGE'S BOYS,2,INGE'S BOYS-2,22,CHARGERS
SAMER MUSTAKLIM 12,10,SAMER MUSTAKLIM 12-10,20,LIONS
Benjiontilt65,8,Benjiontilt65-8,12,STEELERS
INGE'S BOYS,3,INGE'S BOYS-3,22,CHARGERS
SAMER MUSTAKLIM 12,2,SAMER MUSTAKLIM 12-2,20,LIONS
Benjiontilt65,9,Benjiontilt65-9,12,STEELERS
INGE'S BOYS,4,INGE'S BOYS-4,22,CHARGERS
SAMER MUSTAKLIM 12,3,SAMER MUSTAKLIM 12-3,20,LIONS
BENNIEZZZ,1,BENNIEZZZ-1,22,CHARGERS
INGE'S BOYS,5,INGE'S BOYS-5,6,JAGUARS
SAMER MUSTAKLIM 12,4,SAMER MUSTAKLIM 12-4,20,LIONS
BENNYHUDSON,1,BENNYHUDSON-1,20,LIONS
INGE'S BOYS,6,INGE'S BOYS-6,6,JAGUARS
SAMER MUSTAKLIM 12,5,SAMER MUSTAKLIM 12-5,20,LIONS
BENNYHUDSON,2,BENNYHUDSON-2,22,CHARGERS
INGE'S BOYS,7,INGE'S BOYS-7,24,RAIDERS
SAMER MUSTAKLIM 12,6,SAMER MUSTAKLIM 12-6,20,LIONS
BENNYHUDSON,3,BENNYHUDSON-3,6,JAGUARS
INGE'S BOYS,8,INGE'S BOYS-8,12,STEELERS
SAMER MUSTAKLIM 12,7,SAMER MUSTAKLIM 12-7,20,LIONS
BENNYHUDSON,4,BENNYHUDSON-4,18,TITANS
INHARMSWAY,1,INHARMSWAY-1,22,CHARGERS
SAMER MUSTAKLIM 12,8,SAMER MUSTAKLIM 12-8,20,LIONS
BENNYHUDSON,5,BENNYHUDSON-5,18,TITANS
INHARMSWAY,10,INHARMSWAY-10,12,STEELERS
SAMER MUSTAKLIM 12,9,SAMER MUSTAKLIM 12-9,20,LIONS
BENNYHUDSON,6,BENNYHUDSON-6,6,JAGUARS
INHARMSWAY,2,INHARMSWAY-2,22,CHARGERS
SAMMY'S BAR,1,SAMMY'S BAR-1,26,EAGLES
BENNYHUDSON,7,BENNYHUDSON-7,22,CHARGERS
INHARMSWAY,3,INHARMSWAY-3,22,CHARGERS
SAMMY'S BAR,10,SAMMY'S BAR-10,22,CHARGERS
BENNYHUDSON,8,BENNYHUDSON-8,20,LIONS
INHARMSWAY,4,INHARMSWAY-4,22,CHARGERS
SAMMY'S BAR,2,SAMMY'S BAR-2,26,EAGLES
BENNYHUDSON,9,BENNYHUDSON-9,20,LIONS
INHARMSWAY,5,INHARMSWAY-5,6,JAGUARS
SAMMY'S BAR,3,SAMMY'S BAR-3,20,LIONS
BENO1,1,BENO1-1,6,JAGUARS
INHARMSWAY,6,INHARMSWAY-6,6,JAGUARS
SAMMY'S BAR,4,SAMMY'S BAR-4,20,LIONS
BENO1,2,BENO1-2,22,CHARGERS
INHARMSWAY,7,INHARMSWAY-7,6,JAGUARS
SAMMY'S BAR,5,SAMMY'S BAR-5,6,JAGUARS
BENSRAWDOGGERS,1,BENSRAWDOGGERS-1,6,JAGUARS
INHARMSWAY,8,INHARMSWAY-8,6,JAGUARS
SAMMY'S BAR,6,SAMMY'S BAR-6,6,JAGUARS
BENT TREE SUP,1,BENT TREE SUP-1,12,STEELERS
INHARMSWAY,9,INHARMSWAY-9,20,LIONS
SAMMY'S BAR,7,SAMMY'S BAR-7,6,JAGUARS
BENT TREE SUP,2,BENT TREE SUP-2,12,STEELERS
INSURANCE GUY,1,INSURANCE GUY-1,6,JAGUARS
SAMMY'S BAR,8,SAMMY'S BAR-8,22,CHARGERS
BENWADIN,1,BENWADIN-1,22,CHARGERS
INSURANCE GUY,2,INSURANCE GUY-2,20,LIONS
SAMMY'S BAR,9,SAMMY'S BAR-9,22,CHARGERS
BENWADIN,2,BENWADIN-2,22,CHARGERS
INTO THE A.M.,1,INTO THE A.M.-1,6,JAGUARS
SAMMYP,1,SAMMYP-1,24,RAIDERS
benzilla,1,benzilla-1,6,JAGUARS
INTO THE A.M.,2,INTO THE A.M.-2,22,CHARGERS
SAMMYS SHACK,1,SAMMYS SHACK-1,22,CHARGERS
benzilla,10,benzilla-10,6,JAGUARS
INTO THE A.M.,3,INTO THE A.M.-3,6,JAGUARS
SAMMYS SHACK,2,SAMMYS SHACK-2,6,JAGUARS
benzilla,2,benzilla-2,6,JAGUARS
INTO THE A.M.,4,INTO THE A.M.-4,22,CHARGERS
SAMMYS SHACK,3,SAMMYS SHACK-3,12,STEELERS
benzilla,3,benzilla-3,6,JAGUARS
INTRAFFIC,1,INTRAFFIC-1,12,STEELERS
SAMMYS SHACK,4,SAMMYS SHACK-4,12,STEELERS
benzilla,4,benzilla-4,6,JAGUARS
INTRAFFIC,2,INTRAFFIC-2,12,STEELERS
SAMMYS SHACK,5,SAMMYS SHACK-5,22,CHARGERS
benzilla,5,benzilla-5,6,JAGUARS
INTRAFFIC,3,INTRAFFIC-3,6,JAGUARS
SAMMYS SHACK,6,SAMMYS SHACK-6,20,LIONS
benzilla,6,benzilla-6,6,JAGUARS
INTRAFFIC,4,INTRAFFIC-4,26,EAGLES
SAMMYS SHACK,7,SAMMYS SHACK-7,22,CHARGERS
benzilla,7,benzilla-7,6,JAGUARS
INTRAFFIC,5,INTRAFFIC-5,22,CHARGERS
SAMMYS SHACK,8,SAMMYS SHACK-8,20,LIONS
benzilla,8,benzilla-8,6,JAGUARS
INTRAFFIC,6,INTRAFFIC-6,22,CHARGERS
SAMMYS SHACK,9,SAMMYS SHACK-9,22,CHARGERS
benzilla,9,benzilla-9,6,JAGUARS
IRISH HINDU,1,IRISH HINDU-1,12,STEELERS
SAMSONITE,1,SAMSONITE-1,20,LIONS
Berbes,1,Berbes-1,22,CHARGERS
IRISH HINDU,2,IRISH HINDU-2,6,JAGUARS
samurai k15,1,samurai k15-1,6,JAGUARS
Berbes,2,Berbes-2,6,JAGUARS
IRISH MIKE'S WIFE,1,IRISH MIKE'S WIFE-1,6,JAGUARS
samurai k15,2,samurai k15-2,22,CHARGERS
Berbes,3,Berbes-3,8,BENGALS
IRISH MIKE,1,IRISH MIKE-1,18,TITANS
Samurai Soldiers,1,Samurai Soldiers-1,22,CHARGERS
BERINGSEABOYS,1,BERINGSEABOYS-1,6,JAGUARS
IRISH MIKE,10,IRISH MIKE-10,15,BEARS
Samurai Soldiers,10,Samurai Soldiers-10,12,STEELERS
BERKEY11,1,BERKEY11-1,12,STEELERS
IRISH MIKE,2,IRISH MIKE-2,18,TITANS
Samurai Soldiers,2,Samurai Soldiers-2,22,CHARGERS
BERKEY11,10,BERKEY11-10,12,STEELERS
IRISH MIKE,3,IRISH MIKE-3,18,TITANS
Samurai Soldiers,3,Samurai Soldiers-3,22,CHARGERS
BERKEY11,2,BERKEY11-2,12,STEELERS
IRISH MIKE,4,IRISH MIKE-4,18,TITANS
Samurai Soldiers,4,Samurai Soldiers-4,22,CHARGERS
BERKEY11,3,BERKEY11-3,12,STEELERS
IRISH MIKE,5,IRISH MIKE-5,18,TITANS
Samurai Soldiers,5,Samurai Soldiers-5,20,LIONS
BERKEY11,4,BERKEY11-4,12,STEELERS
IRISH MIKE,6,IRISH MIKE-6,12,STEELERS
Samurai Soldiers,6,Samurai Soldiers-6,20,LIONS
BERKEY11,5,BERKEY11-5,12,STEELERS
IRISH MIKE,7,IRISH MIKE-7,12,STEELERS
Samurai Soldiers,7,Samurai Soldiers-7,20,LIONS
BERKEY11,6,BERKEY11-6,12,STEELERS
IRISH MIKE,8,IRISH MIKE-8,12,STEELERS
Samurai Soldiers,8,Samurai Soldiers-8,6,JAGUARS
BERKEY11,7,BERKEY11-7,12,STEELERS
IRISH MIKE,9,IRISH MIKE-9,15,BEARS
Samurai Soldiers,9,Samurai Soldiers-9,6,JAGUARS
BERKEY11,8,BERKEY11-8,12,STEELERS
IRISH,1,IRISH-1,22,CHARGERS
SAMWILLIS,1,SAMWILLIS-1,12,STEELERS
BERKEY11,9,BERKEY11-9,12,STEELERS
IRONCITY BOMBERS,1,IRONCITY BOMBERS-1,6,JAGUARS
SAN DIEGO 619,1,SAN DIEGO 619-1,22,CHARGERS
BERMEA12,1,BERMEA12-1,6,JAGUARS
IRONCITY BOMBERS,2,IRONCITY BOMBERS-2,22,CHARGERS
SAN DIEGO 619,2,SAN DIEGO 619-2,22,CHARGERS
BERT,1,BERT-1,6,JAGUARS
IRONGATE,1,IRONGATE-1,24,RAIDERS
SAN DIEGO AJ#2,1,SAN DIEGO AJ#2-1,6,JAGUARS
BESS,1,BESS-1,22,CHARGERS
IRONGATE,10,IRONGATE-10,6,JAGUARS
SAN DIEGO AJ#2,2,SAN DIEGO AJ#2-2,22,CHARGERS
BEST BETS ANALYTICS,1,BEST BETS ANALYTICS-1,22,CHARGERS
IRONGATE,2,IRONGATE-2,22,CHARGERS
SAN DIEGO SCOREGASMS,1,SAN DIEGO SCOREGASMS-1,22,CHARGERS
BEST BETS ANALYTICS,10,BEST BETS ANALYTICS-10,22,CHARGERS
IRONGATE,3,IRONGATE-3,22,CHARGERS
SAN DIEGO SCOREGASMS,10,SAN DIEGO SCOREGASMS-10,6,JAGUARS
BEST BETS ANALYTICS,2,BEST BETS ANALYTICS-2,22,CHARGERS
IRONGATE,4,IRONGATE-4,22,CHARGERS
SAN DIEGO SCOREGASMS,2,SAN DIEGO SCOREGASMS-2,26,EAGLES
BEST BETS ANALYTICS,3,BEST BETS ANALYTICS-3,22,CHARGERS
IRONGATE,5,IRONGATE-5,22,CHARGERS
SAN DIEGO SCOREGASMS,3,SAN DIEGO SCOREGASMS-3,6,JAGUARS
BEST BETS ANALYTICS,4,BEST BETS ANALYTICS-4,12,STEELERS
IRONGATE,6,IRONGATE-6,6,JAGUARS
SAN DIEGO SCOREGASMS,4,SAN DIEGO SCOREGASMS-4,20,LIONS
BEST BETS ANALYTICS,5,BEST BETS ANALYTICS-5,12,STEELERS
IRONGATE,7,IRONGATE-7,6,JAGUARS
SAN DIEGO SCOREGASMS,5,SAN DIEGO SCOREGASMS-5,22,CHARGERS
BEST BETS ANALYTICS,6,BEST BETS ANALYTICS-6,12,STEELERS
IRONGATE,8,IRONGATE-8,6,JAGUARS
SAN DIEGO SCOREGASMS,6,SAN DIEGO SCOREGASMS-6,6,JAGUARS
BEST BETS ANALYTICS,7,BEST BETS ANALYTICS-7,6,JAGUARS
IRONGATE,9,IRONGATE-9,24,RAIDERS
SAN DIEGO SCOREGASMS,7,SAN DIEGO SCOREGASMS-7,26,EAGLES
BEST BETS ANALYTICS,8,BEST BETS ANALYTICS-8,6,JAGUARS
ISAACLUCAS,1,ISAACLUCAS-1,22,CHARGERS
SAN DIEGO SCOREGASMS,8,SAN DIEGO SCOREGASMS-8,22,CHARGERS
BEST BETS ANALYTICS,9,BEST BETS ANALYTICS-9,6,JAGUARS
ISAACLUCAS,2,ISAACLUCAS-2,22,CHARGERS
SAN DIEGO SCOREGASMS,9,SAN DIEGO SCOREGASMS-9,6,JAGUARS
BEST FAM 99,1,BEST FAM 99-1,6,JAGUARS
ISAACLUCAS,3,ISAACLUCAS-3,22,CHARGERS
SAN DIEGO SHARK,1,SAN DIEGO SHARK-1,22,CHARGERS
BEST FRIEND,1,BEST FRIEND-1,6,JAGUARS
ISAACLUCAS,4,ISAACLUCAS-4,22,CHARGERS
SAN DIEGO SHARK,2,SAN DIEGO SHARK-2,22,CHARGERS
bet detective,1,bet detective-1,6,JAGUARS
ISAACLUCAS,5,ISAACLUCAS-5,20,LIONS
SAN DIEGO SHARK,3,SAN DIEGO SHARK-3,22,CHARGERS
bet detective,2,bet detective-2,6,JAGUARS
ISAACLUCAS,6,ISAACLUCAS-6,20,LIONS
SANCHIZE2027,1,SANCHIZE2027-1,12,STEELERS
bet detective,3,bet detective-3,6,JAGUARS
ISAACLUCAS,7,ISAACLUCAS-7,24,RAIDERS
Sand Gnats,1,Sand Gnats-1,6,JAGUARS
bet detective,4,bet detective-4,12,STEELERS
ISAACLUCAS,8,ISAACLUCAS-8,24,RAIDERS
Sand Gnats,2,Sand Gnats-2,22,CHARGERS
bet detective,5,bet detective-5,22,CHARGERS
ISAACLUCAS,9,ISAACLUCAS-9,6,JAGUARS
Sand Gnats,3,Sand Gnats-3,12,STEELERS
bet detective,6,bet detective-6,6,JAGUARS
isaacprobasquet,1,isaacprobasquet-1,6,JAGUARS
Sand Gnats,4,Sand Gnats-4,6,JAGUARS
bet detective,7,bet detective-7,26,EAGLES
isaacprobasquet,2,isaacprobasquet-2,6,JAGUARS
Sand Gnats,5,Sand Gnats-5,20,LIONS
bet detective,8,bet detective-8,6,JAGUARS
isaacprobasquet,3,isaacprobasquet-3,6,JAGUARS
Sand Gnats,6,Sand Gnats-6,26,EAGLES
BET ON MATT,1,BET ON MATT-1,22,CHARGERS
island feet,1,island feet-1,6,JAGUARS
Sand Gnats,7,Sand Gnats-7,22,CHARGERS
BET THE RENT,1,BET THE RENT-1,22,CHARGERS
island feet,2,island feet-2,24,RAIDERS
SANDBAGGER,1,SANDBAGGER-1,6,JAGUARS
BET THE RENT,10,BET THE RENT-10,12,STEELERS
ISSA,1,ISSA-1,6,JAGUARS
SANDBAGGER,2,SANDBAGGER-2,6,JAGUARS
BET THE RENT,2,BET THE RENT-2,22,CHARGERS
ISSA,10,ISSA-10,6,JAGUARS
SANDBAGGER,3,SANDBAGGER-3,22,CHARGERS
BET THE RENT,3,BET THE RENT-3,22,CHARGERS
ISSA,2,ISSA-2,6,JAGUARS
SANDBAGGER,4,SANDBAGGER-4,22,CHARGERS
BET THE RENT,4,BET THE RENT-4,22,CHARGERS
ISSA,3,ISSA-3,6,JAGUARS
SANDBAGGER,5,SANDBAGGER-5,24,RAIDERS
BET THE RENT,5,BET THE RENT-5,22,CHARGERS
ISSA,4,ISSA-4,6,JAGUARS
sandcastle,1,sandcastle-1,6,JAGUARS
BET THE RENT,6,BET THE RENT-6,22,CHARGERS
ISSA,5,ISSA-5,6,JAGUARS
sandcastle,2,sandcastle-2,26,EAGLES
BET THE RENT,7,BET THE RENT-7,22,CHARGERS
ISSA,6,ISSA-6,6,JAGUARS
sandcastle,3,sandcastle-3,20,LIONS
BET THE RENT,8,BET THE RENT-8,22,CHARGERS
ISSA,7,ISSA-7,6,JAGUARS
SANDFORD AND SON 1,1,SANDFORD AND SON 1-1,6,JAGUARS
BET THE RENT,9,BET THE RENT-9,12,STEELERS
ISSA,8,ISSA-8,6,JAGUARS
SANDHILLS SYNDICATE,1,SANDHILLS SYNDICATE-1,22,CHARGERS
BETHANY BISON,1,BETHANY BISON-1,24,RAIDERS
ISSA,9,ISSA-9,6,JAGUARS
SANDHILLS SYNDICATE,2,SANDHILLS SYNDICATE-2,6,JAGUARS
BETHANY BISON,10,BETHANY BISON-10,8,BENGALS
ISUPOL,1,ISUPOL-1,6,JAGUARS
SANDHILLS SYNDICATE,3,SANDHILLS SYNDICATE-3,12,STEELERS
BETHANY BISON,2,BETHANY BISON-2,24,RAIDERS
ISUPOL,10,ISUPOL-10,22,CHARGERS
SANDHILLS SYNDICATE,4,SANDHILLS SYNDICATE-4,22,CHARGERS
BETHANY BISON,3,BETHANY BISON-3,24,RAIDERS
ISUPOL,2,ISUPOL-2,6,JAGUARS
SANDHILLS SYNDICATE,5,SANDHILLS SYNDICATE-5,12,STEELERS
BETHANY BISON,4,BETHANY BISON-4,24,RAIDERS
ISUPOL,3,ISUPOL-3,8,BENGALS
SANDMAN,1,SANDMAN-1,6,JAGUARS
BETHANY BISON,5,BETHANY BISON-5,22,CHARGERS
ISUPOL,4,ISUPOL-4,12,STEELERS
SANDMAN,2,SANDMAN-2,22,CHARGERS
BETHANY BISON,6,BETHANY BISON-6,22,CHARGERS
ISUPOL,5,ISUPOL-5,26,EAGLES
SANDMAN467,1,SANDMAN467-1,6,JAGUARS
BETHANY BISON,7,BETHANY BISON-7,22,CHARGERS
ISUPOL,6,ISUPOL-6,6,JAGUARS
SANDMAN467,2,SANDMAN467-2,22,CHARGERS
BETHANY BISON,8,BETHANY BISON-8,20,LIONS
ISUPOL,7,ISUPOL-7,6,JAGUARS
SANDMAN467,3,SANDMAN467-3,20,LIONS
BETHANY BISON,9,BETHANY BISON-9,20,LIONS
ISUPOL,8,ISUPOL-8,6,JAGUARS
SANDMAN467,4,SANDMAN467-4,6,JAGUARS
BetonTom,1,BetonTom-1,22,CHARGERS
ISUPOL,9,ISUPOL-9,6,JAGUARS
SANDMAN467,5,SANDMAN467-5,6,JAGUARS
BetonTom,2,BetonTom-2,22,CHARGERS
IT HIPS,1,IT HIPS-1,6,JAGUARS
Sandy Candy,1,Sandy Candy-1,15,BEARS
Bets And Sweats,1,Bets And Sweats-1,6,JAGUARS
IT MIGHT GET LOUD,1,IT MIGHT GET LOUD-1,20,LIONS
Sandy Candy,2,Sandy Candy-2,22,CHARGERS
Bets And Sweats,2,Bets And Sweats-2,6,JAGUARS
IT MIGHT GET LOUD,2,IT MIGHT GET LOUD-2,26,EAGLES
Sandy Candy,3,Sandy Candy-3,12,STEELERS
Bets And Sweats,3,Bets And Sweats-3,6,JAGUARS
ITALIAN CONNECTION,1,ITALIAN CONNECTION-1,22,CHARGERS
Sandy Candy,4,Sandy Candy-4,6,JAGUARS
Bets And Sweats,4,Bets And Sweats-4,6,JAGUARS
ITALIAN CONNECTION,2,ITALIAN CONNECTION-2,22,CHARGERS
Sandy Candy,5,Sandy Candy-5,6,JAGUARS
Bets And Sweats,5,Bets And Sweats-5,6,JAGUARS
ITALIAN CONNECTION,3,ITALIAN CONNECTION-3,6,JAGUARS
SANTA ROSA SAM,1,SANTA ROSA SAM-1,6,JAGUARS
Bets And Sweats,6,Bets And Sweats-6,6,JAGUARS
ITALY2169,1,ITALY2169-1,22,CHARGERS
SANTA ROSA SAM,2,SANTA ROSA SAM-2,22,CHARGERS
Bets And Sweats,7,Bets And Sweats-7,6,JAGUARS
ITALY2169,10,ITALY2169-10,18,TITANS
SANTA ROSA SAM,3,SANTA ROSA SAM-3,22,CHARGERS
Bets And Sweats,8,Bets And Sweats-8,6,JAGUARS
ITALY2169,2,ITALY2169-2,22,CHARGERS
SANTA ROSA SAM,4,SANTA ROSA SAM-4,22,CHARGERS
BETSR ATL,1,BETSR ATL-1,22,CHARGERS
ITALY2169,3,ITALY2169-3,22,CHARGERS
SANTA ROSA SAM,5,SANTA ROSA SAM-5,22,CHARGERS
BETSR ATL,2,BETSR ATL-2,6,JAGUARS
ITALY2169,4,ITALY2169-4,22,CHARGERS
SANTA ROSA SAM,6,SANTA ROSA SAM-6,22,CHARGERS
BETSR ATL,3,BETSR ATL-3,26,EAGLES
ITALY2169,5,ITALY2169-5,6,JAGUARS
SANTA ROSA SAM,7,SANTA ROSA SAM-7,24,RAIDERS
better luck tomorrow,1,better luck tomorrow-1,8,BENGALS
ITALY2169,6,ITALY2169-6,6,JAGUARS
SAPMACACK,1,SAPMACACK-1,12,STEELERS
better luck tomorrow,10,better luck tomorrow-10,12,STEELERS
ITALY2169,7,ITALY2169-7,12,STEELERS
SAPMACACK,2,SAPMACACK-2,6,JAGUARS
better luck tomorrow,2,better luck tomorrow-2,6,JAGUARS
ITALY2169,8,ITALY2169-8,26,EAGLES
SAPMACACK,3,SAPMACACK-3,6,JAGUARS
better luck tomorrow,3,better luck tomorrow-3,12,STEELERS
ITALY2169,9,ITALY2169-9,24,RAIDERS
SAPMACACK,4,SAPMACACK-4,12,STEELERS
better luck tomorrow,4,better luck tomorrow-4,22,CHARGERS
ITS A LOCK 12,1,ITS A LOCK 12-1,22,CHARGERS
SARA'S ARMY,1,SARA'S ARMY-1,12,STEELERS
better luck tomorrow,5,better luck tomorrow-5,6,JAGUARS
ITS A LOCK 12,2,ITS A LOCK 12-2,12,STEELERS
SARA'S ARMY,10,SARA'S ARMY-10,22,CHARGERS
better luck tomorrow,6,better luck tomorrow-6,22,CHARGERS
ITS A LOCK 12,3,ITS A LOCK 12-3,6,JAGUARS
SARA'S ARMY,2,SARA'S ARMY-2,12,STEELERS
better luck tomorrow,7,better luck tomorrow-7,6,JAGUARS
ITSAFLUKE,1,ITSAFLUKE-1,6,JAGUARS
SARA'S ARMY,3,SARA'S ARMY-3,12,STEELERS
better luck tomorrow,8,better luck tomorrow-8,12,STEELERS
ITSALOCK,1,ITSALOCK-1,22,CHARGERS
SARA'S ARMY,4,SARA'S ARMY-4,12,STEELERS
better luck tomorrow,9,better luck tomorrow-9,22,CHARGERS
ITSALOCK,2,ITSALOCK-2,22,CHARGERS
SARA'S ARMY,5,SARA'S ARMY-5,6,JAGUARS
BETTEROBLIVIONCC,1,BETTEROBLIVIONCC-1,6,JAGUARS
ITSALOCK,3,ITSALOCK-3,6,JAGUARS
SARA'S ARMY,6,SARA'S ARMY-6,6,JAGUARS
BETTERRICHTANDFAMOUS,1,BETTERRICHTANDFAMOUS-1,20,LIONS
ITSALOCK,4,ITSALOCK-4,6,JAGUARS
SARA'S ARMY,7,SARA'S ARMY-7,6,JAGUARS
BETTERRICHTANDFAMOUS,10,BETTERRICHTANDFAMOUS-10,4,RAMS
ITSALOCK,5,ITSALOCK-5,20,LIONS
SARA'S ARMY,8,SARA'S ARMY-8,22,CHARGERS
BETTERRICHTANDFAMOUS,2,BETTERRICHTANDFAMOUS-2,32,CHIEFS
ITSALOCK,6,ITSALOCK-6,20,LIONS
SARA'S ARMY,9,SARA'S ARMY-9,22,CHARGERS
BETTERRICHTANDFAMOUS,3,BETTERRICHTANDFAMOUS-3,9,RAVENS
ITSALOCK,7,ITSALOCK-7,12,STEELERS
SARATOGA BAT FLIP,1,SARATOGA BAT FLIP-1,6,JAGUARS
BETTERRICHTANDFAMOUS,4,BETTERRICHTANDFAMOUS-4,8,BENGALS
ITSOURYEAR-ISWEAR,1,ITSOURYEAR-ISWEAR-1,22,CHARGERS
SARATOGA RON,1,SARATOGA RON-1,22,CHARGERS
BETTERRICHTANDFAMOUS,5,BETTERRICHTANDFAMOUS-5,12,STEELERS
IVE GOT 5 ON IT,1,IVE GOT 5 ON IT-1,6,JAGUARS
SARATOGA RON,2,SARATOGA RON-2,22,CHARGERS
BETTERRICHTANDFAMOUS,6,BETTERRICHTANDFAMOUS-6,6,JAGUARS
IVE GOT 5 ON IT,2,IVE GOT 5 ON IT-2,22,CHARGERS
SARAWHITAKER,1,SARAWHITAKER-1,2,SEAHAWKS
BETTERRICHTANDFAMOUS,7,BETTERRICHTANDFAMOUS-7,22,CHARGERS
IVE GOT 5 ON IT,3,IVE GOT 5 ON IT-3,12,STEELERS
SARAWHITAKER,10,SARAWHITAKER-10,29,COWBOYS
BETTERRICHTANDFAMOUS,8,BETTERRICHTANDFAMOUS-8,26,EAGLES
IVE GOT 5 ON IT,4,IVE GOT 5 ON IT-4,20,LIONS
SARAWHITAKER,2,SARAWHITAKER-2,2,SEAHAWKS
BETTERRICHTANDFAMOUS,9,BETTERRICHTANDFAMOUS-9,26,EAGLES
IVE GOT 5 ON IT,5,IVE GOT 5 ON IT-5,6,JAGUARS
SARAWHITAKER,3,SARAWHITAKER-3,2,SEAHAWKS
BETTING THE FARM,1,BETTING THE FARM-1,2,SEAHAWKS
IVY'S DAD,1,IVY'S DAD-1,22,CHARGERS
SARAWHITAKER,4,SARAWHITAKER-4,2,SEAHAWKS
BETTING THE FARM,10,BETTING THE FARM-10,4,RAMS
IWONTHEMONEY,1,IWONTHEMONEY-1,22,CHARGERS
SARAWHITAKER,5,SARAWHITAKER-5,2,SEAHAWKS
BETTING THE FARM,2,BETTING THE FARM-2,2,SEAHAWKS
IWONTHEMONEY,10,IWONTHEMONEY-10,22,CHARGERS
SARAWHITAKER,6,SARAWHITAKER-6,2,SEAHAWKS
BETTING THE FARM,3,BETTING THE FARM-3,2,SEAHAWKS
IWONTHEMONEY,2,IWONTHEMONEY-2,6,JAGUARS
SARAWHITAKER,7,SARAWHITAKER-7,2,SEAHAWKS
BETTING THE FARM,4,BETTING THE FARM-4,2,SEAHAWKS
IWONTHEMONEY,3,IWONTHEMONEY-3,12,STEELERS
SARAWHITAKER,8,SARAWHITAKER-8,32,CHIEFS
BETTING THE FARM,5,BETTING THE FARM-5,2,SEAHAWKS
IWONTHEMONEY,4,IWONTHEMONEY-4,12,STEELERS
SARAWHITAKER,9,SARAWHITAKER-9,29,COWBOYS
BETTING THE FARM,6,BETTING THE FARM-6,4,RAMS
IWONTHEMONEY,5,IWONTHEMONEY-5,12,STEELERS
Sassy On Sunday,1,Sassy On Sunday-1,12,STEELERS
BETTING THE FARM,7,BETTING THE FARM-7,4,RAMS
IWONTHEMONEY,6,IWONTHEMONEY-6,12,STEELERS
Sassy On Sunday,2,Sassy On Sunday-2,6,JAGUARS
BETTING THE FARM,8,BETTING THE FARM-8,4,RAMS
IWONTHEMONEY,7,IWONTHEMONEY-7,20,LIONS
Sassy On Sunday,3,Sassy On Sunday-3,12,STEELERS
BETTING THE FARM,9,BETTING THE FARM-9,4,RAMS
IWONTHEMONEY,8,IWONTHEMONEY-8,20,LIONS
Sassy On Sunday,4,Sassy On Sunday-4,6,JAGUARS
BETTINGTHEFARMAGAIN,1,BETTINGTHEFARMAGAIN-1,24,RAIDERS
IWONTHEMONEY,9,IWONTHEMONEY-9,22,CHARGERS
Sassy On Sunday,5,Sassy On Sunday-5,12,STEELERS
BETTINGTHEFARMAGAIN,2,BETTINGTHEFARMAGAIN-2,22,CHARGERS
IZZY2,1,IZZY2-1,22,CHARGERS
SATRIALE'S,1,SATRIALE'S-1,2,SEAHAWKS
BETTINGTHEFARMAGAIN,3,BETTINGTHEFARMAGAIN-3,8,BENGALS
IZZY2,2,IZZY2-2,20,LIONS
SATRIALE'S,10,SATRIALE'S-10,22,CHARGERS
BETTINGTHEFARMAGAIN,4,BETTINGTHEFARMAGAIN-4,6,JAGUARS
IZZY2,3,IZZY2-3,12,STEELERS
SATRIALE'S,2,SATRIALE'S-2,24,RAIDERS
BETTINGTHEFARMAGAIN,5,BETTINGTHEFARMAGAIN-5,6,JAGUARS
IZZY2,4,IZZY2-4,26,EAGLES
SATRIALE'S,3,SATRIALE'S-3,24,RAIDERS
BETTOR DAYS,1,BETTOR DAYS-1,6,JAGUARS
IZZY2,5,IZZY2-5,9,RAVENS
SATRIALE'S,4,SATRIALE'S-4,24,RAIDERS
BETTOR DAYS,2,BETTOR DAYS-2,22,CHARGERS
J 3 DYNASTY,1,J 3 DYNASTY-1,22,CHARGERS
SATRIALE'S,5,SATRIALE'S-5,12,STEELERS
BETTORGPT.COM,1,BETTORGPT.COM-1,22,CHARGERS
J 3 DYNASTY,2,J 3 DYNASTY-2,6,JAGUARS
SATRIALE'S,6,SATRIALE'S-6,12,STEELERS
BETTORGPT.COM,2,BETTORGPT.COM-2,6,JAGUARS
J 3 DYNASTY,3,J 3 DYNASTY-3,20,LIONS
SATRIALE'S,7,SATRIALE'S-7,6,JAGUARS
BETTORGPT.COM,3,BETTORGPT.COM-3,6,JAGUARS
j and j inc,1,j and j inc-1,22,CHARGERS
SATRIALE'S,8,SATRIALE'S-8,6,JAGUARS
BETTORGPT.COM,4,BETTORGPT.COM-4,17,JETS
j and j inc,10,j and j inc-10,22,CHARGERS
SATRIALE'S,9,SATRIALE'S-9,22,CHARGERS
BETTORGPT.COM,5,BETTORGPT.COM-5,17,JETS
j and j inc,2,j and j inc-2,22,CHARGERS
SAUSAGE FINGERS,1,SAUSAGE FINGERS-1,6,JAGUARS
BETTOROV,1,BETTOROV-1,20,LIONS
j and j inc,3,j and j inc-3,22,CHARGERS
SAUSAGE FINGERS,2,SAUSAGE FINGERS-2,22,CHARGERS
BETTORS CHANCE,1,BETTORS CHANCE-1,22,CHARGERS
j and j inc,4,j and j inc-4,22,CHARGERS
SausageKingofOmaha,1,SausageKingofOmaha-1,6,JAGUARS
BETTORS CHANCE,2,BETTORS CHANCE-2,6,JAGUARS
j and j inc,5,j and j inc-5,6,JAGUARS
SausageKingofOmaha,2,SausageKingofOmaha-2,12,STEELERS
BETTORS CHANCE,3,BETTORS CHANCE-3,22,CHARGERS
j and j inc,6,j and j inc-6,6,JAGUARS
SausageKingofOmaha,3,SausageKingofOmaha-3,22,CHARGERS
BETTS MCFLY,1,BETTS MCFLY-1,6,JAGUARS
j and j inc,7,j and j inc-7,12,STEELERS
SAVAGES,1,SAVAGES-1,6,JAGUARS
BetzeyRoss,1,BetzeyRoss-1,6,JAGUARS
j and j inc,8,j and j inc-8,12,STEELERS
SAVAGES,2,SAVAGES-2,12,STEELERS
BetzeyRoss,2,BetzeyRoss-2,22,CHARGERS
j and j inc,9,j and j inc-9,6,JAGUARS
SAVEPLUTO9,1,SAVEPLUTO9-1,6,JAGUARS
BetzeyRoss,3,BetzeyRoss-3,9,RAVENS
J MONEY,1,J MONEY-1,6,JAGUARS
SAVEPLUTO9,10,SAVEPLUTO9-10,6,JAGUARS
BetzeyRoss,4,BetzeyRoss-4,26,EAGLES
J MONEY,2,J MONEY-2,12,STEELERS
SAVEPLUTO9,2,SAVEPLUTO9-2,6,JAGUARS
BEYOND SMASHING,1,BEYOND SMASHING-1,20,LIONS
J MONEY,3,J MONEY-3,12,STEELERS
SAVEPLUTO9,3,SAVEPLUTO9-3,6,JAGUARS
BEYOND SMASHING,10,BEYOND SMASHING-10,6,JAGUARS
J POP 17,1,J POP 17-1,20,LIONS
SAVEPLUTO9,4,SAVEPLUTO9-4,6,JAGUARS
BEYOND SMASHING,2,BEYOND SMASHING-2,6,JAGUARS
J POP 17,2,J POP 17-2,6,JAGUARS
SAVEPLUTO9,5,SAVEPLUTO9-5,6,JAGUARS
BEYOND SMASHING,3,BEYOND SMASHING-3,22,CHARGERS
J POP 17,3,J POP 17-3,26,EAGLES
SAVEPLUTO9,6,SAVEPLUTO9-6,6,JAGUARS
BEYOND SMASHING,4,BEYOND SMASHING-4,22,CHARGERS
j&a sharpies,1,j&a sharpies-1,22,CHARGERS
SAVEPLUTO9,7,SAVEPLUTO9-7,6,JAGUARS
BEYOND SMASHING,5,BEYOND SMASHING-5,22,CHARGERS
J&M,1,J&M-1,22,CHARGERS
SAVEPLUTO9,8,SAVEPLUTO9-8,6,JAGUARS
BEYOND SMASHING,6,BEYOND SMASHING-6,6,JAGUARS
J-BALL,1,J-BALL-1,22,CHARGERS
SAVEPLUTO9,9,SAVEPLUTO9-9,6,JAGUARS
BEYOND SMASHING,7,BEYOND SMASHING-7,22,CHARGERS
J-BALL,2,J-BALL-2,22,CHARGERS
SAVILLE GABE,1,SAVILLE GABE-1,6,JAGUARS
BEYOND SMASHING,8,BEYOND SMASHING-8,12,STEELERS
J-BALL,3,J-BALL-3,20,LIONS
SAYBROOK GROUP,1,SAYBROOK GROUP-1,22,CHARGERS
BEYOND SMASHING,9,BEYOND SMASHING-9,22,CHARGERS
J.Green,1,J.Green-1,12,STEELERS
SAYBROOK GROUP,2,SAYBROOK GROUP-2,22,CHARGERS
BFK,1,BFK-1,22,CHARGERS
J.Green,10,J.Green-10,6,JAGUARS
SAYBROOK GROUP,3,SAYBROOK GROUP-3,6,JAGUARS
BFLO SHARP MONEY,1,BFLO SHARP MONEY-1,22,CHARGERS
J.Green,2,J.Green-2,12,STEELERS
SAYBROOK GROUP,4,SAYBROOK GROUP-4,6,JAGUARS
BFLO SHARP MONEY,2,BFLO SHARP MONEY-2,6,JAGUARS
J.Green,3,J.Green-3,22,CHARGERS
sayitaintsoo,1,sayitaintsoo-1,22,CHARGERS
BFLO SHARP MONEY,3,BFLO SHARP MONEY-3,24,RAIDERS
J.Green,4,J.Green-4,22,CHARGERS
sayitaintsoo,10,sayitaintsoo-10,22,CHARGERS
BFLO SHARP MONEY,4,BFLO SHARP MONEY-4,22,CHARGERS
J.Green,5,J.Green-5,22,CHARGERS
sayitaintsoo,2,sayitaintsoo-2,22,CHARGERS
BFROM,1,BFROM-1,22,CHARGERS
J.Green,6,J.Green-6,22,CHARGERS
sayitaintsoo,3,sayitaintsoo-3,22,CHARGERS
BFROM,2,BFROM-2,20,LIONS
J.Green,7,J.Green-7,6,JAGUARS
sayitaintsoo,4,sayitaintsoo-4,22,CHARGERS
BFROM,3,BFROM-3,6,JAGUARS
J.Green,8,J.Green-8,6,JAGUARS
sayitaintsoo,5,sayitaintsoo-5,22,CHARGERS
bga,1,bga-1,22,CHARGERS
J.Green,9,J.Green-9,6,JAGUARS
sayitaintsoo,6,sayitaintsoo-6,20,LIONS
BH Returns,1,BH Returns-1,22,CHARGERS
j.money,1,j.money-1,9,RAVENS
sayitaintsoo,7,sayitaintsoo-7,20,LIONS
BH Returns,2,BH Returns-2,22,CHARGERS
j.money,2,j.money-2,22,CHARGERS
sayitaintsoo,8,sayitaintsoo-8,6,JAGUARS
BH Returns,3,BH Returns-3,6,JAGUARS
j.money,3,j.money-3,6,JAGUARS
sayitaintsoo,9,sayitaintsoo-9,6,JAGUARS
bhb plus 1,1,bhb plus 1-1,22,CHARGERS
J5DT,1,J5DT-1,6,JAGUARS
SAYTHISABOUTTHAT,1,SAYTHISABOUTTHAT-1,22,CHARGERS
BHEART1,1,BHEART1-1,6,JAGUARS
J5DT,2,J5DT-2,22,CHARGERS
SAYTHISABOUTTHAT,2,SAYTHISABOUTTHAT-2,12,STEELERS
BHEART2,1,BHEART2-1,22,CHARGERS
J5DT,3,J5DT-3,12,STEELERS
SBBEN,1,SBBEN-1,26,EAGLES
BHINS11,1,BHINS11-1,20,LIONS
J5DT,4,J5DT-4,6,JAGUARS
SBBEN,10,SBBEN-10,8,BENGALS
BHINS11,10,BHINS11-10,26,EAGLES
J5DT,5,J5DT-5,20,LIONS
SBBEN,2,SBBEN-2,26,EAGLES
BHINS11,2,BHINS11-2,20,LIONS
J7C,1,J7C-1,12,STEELERS
SBBEN,3,SBBEN-3,26,EAGLES
BHINS11,3,BHINS11-3,20,LIONS
J7C,2,J7C-2,12,STEELERS
SBBEN,4,SBBEN-4,8,BENGALS
BHINS11,4,BHINS11-4,20,LIONS
JA FUZZY,1,JA FUZZY-1,24,RAIDERS
SBBEN,5,SBBEN-5,8,BENGALS
BHINS11,5,BHINS11-5,20,LIONS
JA FUZZY,2,JA FUZZY-2,12,STEELERS
SBBEN,6,SBBEN-6,8,BENGALS
BHINS11,6,BHINS11-6,20,LIONS
JA-DROOLS,1,JA-DROOLS-1,6,JAGUARS
SBBEN,7,SBBEN-7,8,BENGALS
BHINS11,7,BHINS11-7,20,LIONS
JA-DROOLS,2,JA-DROOLS-2,6,JAGUARS
SBBEN,8,SBBEN-8,8,BENGALS
BHINS11,8,BHINS11-8,20,LIONS
JA-DROOLS,3,JA-DROOLS-3,22,CHARGERS
SBBEN,9,SBBEN-9,8,BENGALS
BHINS11,9,BHINS11-9,20,LIONS
JA-DROOLS,4,JA-DROOLS-4,22,CHARGERS
SBCrew,1,SBCrew-1,22,CHARGERS
BHOENIG67,1,BHOENIG67-1,22,CHARGERS
JA-DROOLS,5,JA-DROOLS-5,26,EAGLES
SBCrew,2,SBCrew-2,6,JAGUARS
BHOENIG67,2,BHOENIG67-2,12,STEELERS
JABS,1,JABS-1,22,CHARGERS
SC RATTLERS,1,SC RATTLERS-1,22,CHARGERS
BHOENIG67,3,BHOENIG67-3,20,LIONS
JABS,2,JABS-2,22,CHARGERS
SC RATTLERS,2,SC RATTLERS-2,20,LIONS
BIA333,1,BIA333-1,6,JAGUARS
JABS,3,JABS-3,6,JAGUARS
SC RATTLERS,3,SC RATTLERS-3,12,STEELERS
BIA333,2,BIA333-2,6,JAGUARS
JABS,4,JABS-4,6,JAGUARS
SC94,1,SC94-1,6,JAGUARS
BIANCO'S BOYS,1,BIANCO'S BOYS-1,22,CHARGERS
JABS,5,JABS-5,20,LIONS
SC94,2,SC94-2,22,CHARGERS
BIANCO'S BOYS,2,BIANCO'S BOYS-2,22,CHARGERS
JABS,6,JABS-6,12,STEELERS
SCARLETT DROSTE,1,SCARLETT DROSTE-1,22,CHARGERS
BIANCO'S BOYS,3,BIANCO'S BOYS-3,6,JAGUARS
JABS,7,JABS-7,24,RAIDERS
SCHAFFITZEL,1,SCHAFFITZEL-1,6,JAGUARS
BIANCO'S BOYS,4,BIANCO'S BOYS-4,22,CHARGERS
JABS,8,JABS-8,18,TITANS
schlipe,1,schlipe-1,6,JAGUARS
BICKS,1,BICKS-1,22,CHARGERS
JAC'S are better,1,JAC'S are better-1,12,STEELERS
SCHNAUWOWOWSER,1,SCHNAUWOWOWSER-1,6,JAGUARS
BICKS,10,BICKS-10,24,RAIDERS
JAC'S are better,2,JAC'S are better-2,6,JAGUARS
SCHNAUWOWOWSER,2,SCHNAUWOWOWSER-2,22,CHARGERS
BICKS,2,BICKS-2,12,STEELERS
JAC'S are better,3,JAC'S are better-3,24,RAIDERS
Schneider1,1,Schneider1-1,12,STEELERS
BICKS,3,BICKS-3,12,STEELERS
JACES TEAM,1,JACES TEAM-1,12,STEELERS
SCHU CREW,1,SCHU CREW-1,22,CHARGERS
BICKS,4,BICKS-4,12,STEELERS
JACES TEAM,2,JACES TEAM-2,22,CHARGERS
SCHWABNAMOS,1,SCHWABNAMOS-1,12,STEELERS
BICKS,5,BICKS-5,12,STEELERS
JACES TEAM,3,JACES TEAM-3,22,CHARGERS
SCHWABNAMOS,2,SCHWABNAMOS-2,20,LIONS
BICKS,6,BICKS-6,12,STEELERS
JACES TEAM,4,JACES TEAM-4,22,CHARGERS
SCHWEATYAZBALLERS,1,SCHWEATYAZBALLERS-1,6,JAGUARS
BICKS,7,BICKS-7,12,STEELERS
JACES TEAM,5,JACES TEAM-5,22,CHARGERS
SCHWEATYAZBALLERS,2,SCHWEATYAZBALLERS-2,6,JAGUARS
BICKS,8,BICKS-8,24,RAIDERS
JACK A.,1,JACK A.-1,6,JAGUARS
SCHWEATYAZBALLERS,3,SCHWEATYAZBALLERS-3,6,JAGUARS
BICKS,9,BICKS-9,24,RAIDERS
JACK A.,2,JACK A.-2,20,LIONS
SCHWEATYAZBALLERS,4,SCHWEATYAZBALLERS-4,22,CHARGERS
BIFF TANNEN INC.,1,BIFF TANNEN INC.-1,6,JAGUARS
JACK A.,3,JACK A.-3,22,CHARGERS
SCHWEATYAZBALLERS,5,SCHWEATYAZBALLERS-5,24,RAIDERS
BIFF TANNEN INC.,2,BIFF TANNEN INC.-2,22,CHARGERS
JACK A.,4,JACK A.-4,6,JAGUARS
SCHWEATYAZBALLERS,6,SCHWEATYAZBALLERS-6,24,RAIDERS
BIG AGGIE,1,BIG AGGIE-1,22,CHARGERS
JACK BURTON PCE,1,JACK BURTON PCE-1,6,JAGUARS
SCHWEATYAZBALLERS,7,SCHWEATYAZBALLERS-7,26,EAGLES
BIG AGGIE,2,BIG AGGIE-2,6,JAGUARS
JACK BURTON,1,JACK BURTON-1,22,CHARGERS
SCHWEATYAZBALLERS,8,SCHWEATYAZBALLERS-8,12,STEELERS
BIG AGGIE,3,BIG AGGIE-3,22,CHARGERS
JACK DA RIPPA,1,JACK DA RIPPA-1,6,JAGUARS
SCHWIZZLER,1,SCHWIZZLER-1,22,CHARGERS
Big Apple Hitmen,1,Big Apple Hitmen-1,24,RAIDERS
JACK DA RIPPA,10,JACK DA RIPPA-10,22,CHARGERS
SCOOBYSNAX,1,SCOOBYSNAX-1,6,JAGUARS
Big Apple Hitmen,2,Big Apple Hitmen-2,2,SEAHAWKS
JACK DA RIPPA,2,JACK DA RIPPA-2,22,CHARGERS
SCOOBYSNAX,2,SCOOBYSNAX-2,6,JAGUARS
Big Apple Hitmen,3,Big Apple Hitmen-3,4,RAMS
JACK DA RIPPA,3,JACK DA RIPPA-3,22,CHARGERS
SCOOBYSNAX,3,SCOOBYSNAX-3,6,JAGUARS
Big Apple Hitmen,4,Big Apple Hitmen-4,22,CHARGERS
JACK DA RIPPA,4,JACK DA RIPPA-4,6,JAGUARS
SCOOBYSNAX,4,SCOOBYSNAX-4,22,CHARGERS
Big Apple Hitmen,5,Big Apple Hitmen-5,24,RAIDERS
JACK DA RIPPA,5,JACK DA RIPPA-5,22,CHARGERS
SCOOBYSNAX,5,SCOOBYSNAX-5,22,CHARGERS
BIG BABY,1,BIG BABY-1,6,JAGUARS
JACK DA RIPPA,6,JACK DA RIPPA-6,20,LIONS
SCOOBYSNAX,6,SCOOBYSNAX-6,22,CHARGERS
BIG BALLS IN COWTOWN,1,BIG BALLS IN COWTOWN-1,12,STEELERS
JACK DA RIPPA,7,JACK DA RIPPA-7,6,JAGUARS
SCOOBYSNAX,7,SCOOBYSNAX-7,24,RAIDERS
BIG BALLS IN COWTOWN,2,BIG BALLS IN COWTOWN-2,26,EAGLES
JACK DA RIPPA,8,JACK DA RIPPA-8,22,CHARGERS
SCOOBYSNAX,8,SCOOBYSNAX-8,12,STEELERS
BIG BOOTY JEUDY'S,1,BIG BOOTY JEUDY'S-1,22,CHARGERS
JACK DA RIPPA,9,JACK DA RIPPA-9,6,JAGUARS
SCOOP JARDINE,1,SCOOP JARDINE-1,22,CHARGERS
BIG BOOTY JEUDY'S,2,BIG BOOTY JEUDY'S-2,6,JAGUARS
JACKET247,1,JACKET247-1,22,CHARGERS
SCOOP JARDINE,2,SCOOP JARDINE-2,22,CHARGERS
BIG BOOTY JUDY,1,BIG BOOTY JUDY-1,24,RAIDERS
JACKIEMOON,1,JACKIEMOON-1,26,EAGLES
SCOOP JARDINE,3,SCOOP JARDINE-3,6,JAGUARS
BIG BOOTY JUDY,2,BIG BOOTY JUDY-2,22,CHARGERS
JACKIEMOON,10,JACKIEMOON-10,8,BENGALS
SCORPION KINGS,1,SCORPION KINGS-1,22,CHARGERS
BIG CHUNGUS,1,BIG CHUNGUS-1,6,JAGUARS
JACKIEMOON,2,JACKIEMOON-2,26,EAGLES
SCORPION KINGS,2,SCORPION KINGS-2,6,JAGUARS
BIG CHUNGUS,2,BIG CHUNGUS-2,6,JAGUARS
JACKIEMOON,3,JACKIEMOON-3,26,EAGLES
ScottandScott,1,ScottandScott-1,22,CHARGERS
BIG CHUNGUS,3,BIG CHUNGUS-3,12,STEELERS
JACKIEMOON,4,JACKIEMOON-4,26,EAGLES
ScottandScott,2,ScottandScott-2,20,LIONS
BIG CHUNGUS,4,BIG CHUNGUS-4,12,STEELERS
JACKIEMOON,5,JACKIEMOON-5,26,EAGLES
SCOTTDOG,1,SCOTTDOG-1,6,JAGUARS
BIG CITY,1,BIG CITY-1,6,JAGUARS
JACKIEMOON,6,JACKIEMOON-6,8,BENGALS
SCOTTYH121,1,SCOTTYH121-1,6,JAGUARS
BIG CURTIS MONEY $$,1,BIG CURTIS MONEY $$-1,6,JAGUARS
JACKIEMOON,7,JACKIEMOON-7,8,BENGALS
SCOTTYH121,2,SCOTTYH121-2,6,JAGUARS
BIG D,1,BIG D-1,6,JAGUARS
JACKIEMOON,8,JACKIEMOON-8,8,BENGALS
SCOTTYH121,3,SCOTTYH121-3,6,JAGUARS
BIG D,10,BIG D-10,12,STEELERS
JACKIEMOON,9,JACKIEMOON-9,8,BENGALS
SCOTTYH121,4,SCOTTYH121-4,20,LIONS
BIG D,2,BIG D-2,6,JAGUARS
JACKONTHEBOX34,1,JACKONTHEBOX34-1,17,JETS
SCOTTYH121,5,SCOTTYH121-5,20,LIONS
BIG D,3,BIG D-3,12,STEELERS
JACKONTHEBOX34,2,JACKONTHEBOX34-2,22,CHARGERS
SCOTTYH121,6,SCOTTYH121-6,20,LIONS
BIG D,4,BIG D-4,12,STEELERS
JACKONTHEBOX34,3,JACKONTHEBOX34-3,12,STEELERS
SCOTTYH121,7,SCOTTYH121-7,22,CHARGERS
BIG D,5,BIG D-5,26,EAGLES
JACKPOT JERRY,1,JACKPOT JERRY-1,6,JAGUARS
SCOTTYH121,8,SCOTTYH121-8,22,CHARGERS
BIG D,6,BIG D-6,6,JAGUARS
JACKPOT JERRY,2,JACKPOT JERRY-2,22,CHARGERS
SCOTTYH121,9,SCOTTYH121-9,22,CHARGERS
BIG D,7,BIG D-7,6,JAGUARS
Jackpot7,1,Jackpot7-1,6,JAGUARS
SCRANTO,1,SCRANTO-1,12,STEELERS
BIG D,8,BIG D-8,6,JAGUARS
JACKSON MAPLE,1,JACKSON MAPLE-1,6,JAGUARS
SCRANTO,2,SCRANTO-2,12,STEELERS
BIG D,9,BIG D-9,6,JAGUARS
JACKSON MAPLE,10,JACKSON MAPLE-10,6,JAGUARS
SCRANTO,3,SCRANTO-3,12,STEELERS
BIG DADDY J-BONE,1,BIG DADDY J-BONE-1,22,CHARGERS
JACKSON MAPLE,2,JACKSON MAPLE-2,24,RAIDERS
SCRANTO,4,SCRANTO-4,22,CHARGERS
BIG DADDY J-BONE,2,BIG DADDY J-BONE-2,6,JAGUARS
JACKSON MAPLE,3,JACKSON MAPLE-3,6,JAGUARS
SCRANTO,5,SCRANTO-5,22,CHARGERS
BIG DADDY J-BONE,3,BIG DADDY J-BONE-3,20,LIONS
JACKSON MAPLE,4,JACKSON MAPLE-4,22,CHARGERS
SCRANTO,6,SCRANTO-6,6,JAGUARS
BIG DADDY,1,BIG DADDY-1,22,CHARGERS
JACKSON MAPLE,5,JACKSON MAPLE-5,6,JAGUARS
SCRANTON SKIP,1,SCRANTON SKIP-1,12,STEELERS
Big Dick Sports Pick,1,Big Dick Sports Pick-1,22,CHARGERS
JACKSON MAPLE,6,JACKSON MAPLE-6,6,JAGUARS
SCRANTON SKIP,2,SCRANTON SKIP-2,12,STEELERS
Big Dick Sports Pick,10,Big Dick Sports Pick-10,24,RAIDERS
JACKSON MAPLE,7,JACKSON MAPLE-7,12,STEELERS
SCRANTON SKIP,3,SCRANTON SKIP-3,22,CHARGERS
Big Dick Sports Pick,2,Big Dick Sports Pick-2,22,CHARGERS
JACKSON MAPLE,8,JACKSON MAPLE-8,6,JAGUARS
SCRAPPYDOO,1,SCRAPPYDOO-1,24,RAIDERS
Big Dick Sports Pick,3,Big Dick Sports Pick-3,22,CHARGERS
JACKSON MAPLE,9,JACKSON MAPLE-9,22,CHARGERS
SCRAPPYDOO,2,SCRAPPYDOO-2,6,JAGUARS
Big Dick Sports Pick,4,Big Dick Sports Pick-4,22,CHARGERS
Jackson,1,Jackson-1,6,JAGUARS
SCRLOU41,1,SCRLOU41-1,12,STEELERS
Big Dick Sports Pick,5,Big Dick Sports Pick-5,22,CHARGERS
Jackson,2,Jackson-2,24,RAIDERS
SCRLOU41,10,SCRLOU41-10,6,JAGUARS
Big Dick Sports Pick,6,Big Dick Sports Pick-6,6,JAGUARS
JAG39,1,JAG39-1,12,STEELERS
SCRLOU41,2,SCRLOU41-2,12,STEELERS
Big Dick Sports Pick,7,Big Dick Sports Pick-7,6,JAGUARS
JAG39,2,JAG39-2,6,JAGUARS
SCRLOU41,3,SCRLOU41-3,12,STEELERS
Big Dick Sports Pick,8,Big Dick Sports Pick-8,6,JAGUARS
JAGERBOMB,1,JAGERBOMB-1,22,CHARGERS
SCRLOU41,4,SCRLOU41-4,12,STEELERS
Big Dick Sports Pick,9,Big Dick Sports Pick-9,6,JAGUARS
JAGERBOMB,2,JAGERBOMB-2,6,JAGUARS
SCRLOU41,5,SCRLOU41-5,12,STEELERS
big dog's boys,1,big dog's boys-1,22,CHARGERS
JAGGER927,1,JAGGER927-1,22,CHARGERS
SCRLOU41,6,SCRLOU41-6,6,JAGUARS
big dog's boys,2,big dog's boys-2,6,JAGUARS
JAGGER927,10,JAGGER927-10,22,CHARGERS
SCRLOU41,7,SCRLOU41-7,6,JAGUARS
big dog's boys,3,big dog's boys-3,12,STEELERS
JAGGER927,2,JAGGER927-2,22,CHARGERS
SCRLOU41,8,SCRLOU41-8,6,JAGUARS
BIG DUMB IDIOTS,1,BIG DUMB IDIOTS-1,6,JAGUARS
JAGGER927,3,JAGGER927-3,22,CHARGERS
SCRLOU41,9,SCRLOU41-9,6,JAGUARS
BIG DUMB IDIOTS,2,BIG DUMB IDIOTS-2,22,CHARGERS
JAGGER927,4,JAGGER927-4,22,CHARGERS
SCU Incredibles,1,SCU Incredibles-1,12,STEELERS
BIG FAT FATTIES,1,BIG FAT FATTIES-1,6,JAGUARS
JAGGER927,5,JAGGER927-5,22,CHARGERS
SCU Incredibles,2,SCU Incredibles-2,6,JAGUARS
BIG FAT FATTIES,2,BIG FAT FATTIES-2,6,JAGUARS
JAGGER927,6,JAGGER927-6,22,CHARGERS
SCU Incredibles,3,SCU Incredibles-3,22,CHARGERS
BIG FAT FATTIES,3,BIG FAT FATTIES-3,6,JAGUARS
JAGGER927,7,JAGGER927-7,22,CHARGERS
SCU Incredibles,4,SCU Incredibles-4,22,CHARGERS
BIG FAT FATTIES,4,BIG FAT FATTIES-4,6,JAGUARS
JAGGER927,8,JAGGER927-8,22,CHARGERS
SCUBAYONI,1,SCUBAYONI-1,6,JAGUARS
BIG FAT FATTIES,5,BIG FAT FATTIES-5,12,STEELERS
JAGGER927,9,JAGGER927-9,22,CHARGERS
SCUBAYONI,10,SCUBAYONI-10,6,JAGUARS
BIG FAT FATTIES,6,BIG FAT FATTIES-6,12,STEELERS
JAGRBOMBS,1,JAGRBOMBS-1,20,LIONS
SCUBAYONI,2,SCUBAYONI-2,6,JAGUARS
BIG FAT FATTIES,7,BIG FAT FATTIES-7,12,STEELERS
JAGS2020,1,JAGS2020-1,6,JAGUARS
SCUBAYONI,3,SCUBAYONI-3,6,JAGUARS
BIG FAT FATTIES,8,BIG FAT FATTIES-8,12,STEELERS
JAGS2020,2,JAGS2020-2,22,CHARGERS
SCUBAYONI,4,SCUBAYONI-4,6,JAGUARS
Big Foe,1,Big Foe-1,6,JAGUARS
JAGS2020,3,JAGS2020-3,24,RAIDERS
SCUBAYONI,5,SCUBAYONI-5,6,JAGUARS
Big Foe,10,Big Foe-10,6,JAGUARS
JAGS2020,4,JAGS2020-4,18,TITANS
SCUBAYONI,6,SCUBAYONI-6,6,JAGUARS
Big Foe,2,Big Foe-2,6,JAGUARS
JAGS2020,5,JAGS2020-5,9,RAVENS
SCUBAYONI,7,SCUBAYONI-7,6,JAGUARS
Big Foe,3,Big Foe-3,6,JAGUARS
JAGS2020,6,JAGS2020-6,8,BENGALS
SCUBAYONI,8,SCUBAYONI-8,6,JAGUARS
Big Foe,4,Big Foe-4,6,JAGUARS
JAGSFAN9,1,JAGSFAN9-1,6,JAGUARS
SCUBAYONI,9,SCUBAYONI-9,6,JAGUARS
Big Foe,5,Big Foe-5,6,JAGUARS
JAGSFAN9,2,JAGSFAN9-2,6,JAGUARS
SCUMBAG SUNDAY,1,SCUMBAG SUNDAY-1,6,JAGUARS
Big Foe,6,Big Foe-6,6,JAGUARS
JAGSFAN9,3,JAGSFAN9-3,22,CHARGERS
SCV,1,SCV-1,8,BENGALS
Big Foe,7,Big Foe-7,6,JAGUARS
JAGSFAN9,4,JAGSFAN9-4,22,CHARGERS
SD BLUE,1,SD BLUE-1,12,STEELERS
Big Foe,8,Big Foe-8,6,JAGUARS
JAGUAR JUAN 15,1,JAGUAR JUAN 15-1,12,STEELERS
sd dogg,1,sd dogg-1,22,CHARGERS
Big Foe,9,Big Foe-9,6,JAGUARS
jaime9777,1,jaime9777-1,22,CHARGERS
sd dogg,2,sd dogg-2,6,JAGUARS
BIG GAME HUNTERS,1,BIG GAME HUNTERS-1,6,JAGUARS
JAISHIYAS,1,JAISHIYAS-1,6,JAGUARS
sd dogg,3,sd dogg-3,6,JAGUARS
BIG GAME HUNTERS,2,BIG GAME HUNTERS-2,12,STEELERS
JAISHIYAS,2,JAISHIYAS-2,12,STEELERS
SD91100,1,SD91100-1,20,LIONS
BIG GAME HUNTERS,3,BIG GAME HUNTERS-3,12,STEELERS
JAISHIYAS,3,JAISHIYAS-3,22,CHARGERS
SD91100,10,SD91100-10,20,LIONS
BIG GUY 77,1,BIG GUY 77-1,24,RAIDERS
JAISHIYAS,4,JAISHIYAS-4,24,RAIDERS
SD91100,2,SD91100-2,12,STEELERS
BIG GUY 77,2,BIG GUY 77-2,6,JAGUARS
JAISHIYAS,5,JAISHIYAS-5,22,CHARGERS
SD91100,3,SD91100-3,8,BENGALS
BIG GUY 77,3,BIG GUY 77-3,6,JAGUARS
jake nico,1,jake nico-1,18,TITANS
SD91100,4,SD91100-4,22,CHARGERS
BIG GUY 77,4,BIG GUY 77-4,22,CHARGERS
jake nico,2,jake nico-2,6,JAGUARS
SD91100,5,SD91100-5,29,COWBOYS
BIG HOUSE,1,BIG HOUSE-1,6,JAGUARS
jake nico,3,jake nico-3,12,STEELERS
SD91100,6,SD91100-6,15,BEARS
BIG HOUSE,10,BIG HOUSE-10,6,JAGUARS
jake nico,4,jake nico-4,12,STEELERS
SD91100,7,SD91100-7,6,JAGUARS
BIG HOUSE,2,BIG HOUSE-2,6,JAGUARS
JAKE,1,JAKE-1,6,JAGUARS
SD91100,8,SD91100-8,29,COWBOYS
BIG HOUSE,3,BIG HOUSE-3,6,JAGUARS
JAKE,10,JAKE-10,6,JAGUARS
SD91100,9,SD91100-9,24,RAIDERS
BIG HOUSE,4,BIG HOUSE-4,6,JAGUARS
JAKE,2,JAKE-2,6,JAGUARS
SDMAFIA,1,SDMAFIA-1,6,JAGUARS
BIG HOUSE,5,BIG HOUSE-5,6,JAGUARS
JAKE,3,JAKE-3,6,JAGUARS
SDMAFIA,2,SDMAFIA-2,6,JAGUARS
BIG HOUSE,6,BIG HOUSE-6,6,JAGUARS
JAKE,4,JAKE-4,6,JAGUARS
SDMAFIA,3,SDMAFIA-3,6,JAGUARS
BIG HOUSE,7,BIG HOUSE-7,6,JAGUARS
JAKE,5,JAKE-5,6,JAGUARS
SDMAFIA,4,SDMAFIA-4,22,CHARGERS
BIG HOUSE,8,BIG HOUSE-8,6,JAGUARS
JAKE,6,JAKE-6,6,JAGUARS
SDMAFIA,5,SDMAFIA-5,22,CHARGERS
BIG HOUSE,9,BIG HOUSE-9,6,JAGUARS
JAKE,7,JAKE-7,6,JAGUARS
SDMAFIA,6,SDMAFIA-6,22,CHARGERS
BIG HUNI,1,BIG HUNI-1,6,JAGUARS
JAKE,8,JAKE-8,6,JAGUARS
SDMAFIA,7,SDMAFIA-7,24,RAIDERS
BIG HUNI,10,BIG HUNI-10,22,CHARGERS
JAKE,9,JAKE-9,6,JAGUARS
SDMAFIA,8,SDMAFIA-8,20,LIONS
BIG HUNI,2,BIG HUNI-2,6,JAGUARS
JAKE_LUNA,1,JAKE_LUNA-1,6,JAGUARS
SDMAFIA,9,SDMAFIA-9,12,STEELERS
BIG HUNI,3,BIG HUNI-3,6,JAGUARS
JAKE_LUNA,2,JAKE_LUNA-2,22,CHARGERS
SDSTARS,1,SDSTARS-1,12,STEELERS
BIG HUNI,4,BIG HUNI-4,6,JAGUARS
JAMBOREE,1,JAMBOREE-1,22,CHARGERS
SEA KRN FBOIS,1,SEA KRN FBOIS-1,22,CHARGERS
BIG HUNI,5,BIG HUNI-5,6,JAGUARS
James Dean,1,James Dean-1,22,CHARGERS
SEA KRN FBOIS,2,SEA KRN FBOIS-2,6,JAGUARS
BIG HUNI,6,BIG HUNI-6,12,STEELERS
James Dean,10,James Dean-10,22,CHARGERS
SEABASS,1,SEABASS-1,6,JAGUARS
BIG HUNI,7,BIG HUNI-7,12,STEELERS
James Dean,2,James Dean-2,6,JAGUARS
SEABISCUIT 4,1,SEABISCUIT 4-1,22,CHARGERS
BIG HUNI,8,BIG HUNI-8,12,STEELERS
James Dean,3,James Dean-3,20,LIONS
SEADUBB,1,SEADUBB-1,22,CHARGERS
BIG HUNI,9,BIG HUNI-9,22,CHARGERS
James Dean,4,James Dean-4,22,CHARGERS
SEADUBB,2,SEADUBB-2,6,JAGUARS
Big Iron,1,Big Iron-1,6,JAGUARS
James Dean,5,James Dean-5,22,CHARGERS
SEADUBB,3,SEADUBB-3,6,JAGUARS
Big Iron,2,Big Iron-2,22,CHARGERS
James Dean,6,James Dean-6,22,CHARGERS
SEADUBB,4,SEADUBB-4,12,STEELERS
BIG JIMOTHY ENERGY,1,BIG JIMOTHY ENERGY-1,26,EAGLES
James Dean,7,James Dean-7,22,CHARGERS
SEADUBB,5,SEADUBB-5,22,CHARGERS
BIG JIMOTHY ENERGY,10,BIG JIMOTHY ENERGY-10,12,STEELERS
James Dean,8,James Dean-8,22,CHARGERS
SEAHAWK,1,SEAHAWK-1,22,CHARGERS
BIG JIMOTHY ENERGY,2,BIG JIMOTHY ENERGY-2,6,JAGUARS
James Dean,9,James Dean-9,24,RAIDERS
SEAHAWKS 79,1,SEAHAWKS 79-1,22,CHARGERS
BIG JIMOTHY ENERGY,3,BIG JIMOTHY ENERGY-3,22,CHARGERS
JAMESBOYS,1,JAMESBOYS-1,6,JAGUARS
SEAHAWKS 79,2,SEAHAWKS 79-2,6,JAGUARS
BIG JIMOTHY ENERGY,4,BIG JIMOTHY ENERGY-4,12,STEELERS
JAMESBOYS,2,JAMESBOYS-2,22,CHARGERS
SEAHAWKS 79,3,SEAHAWKS 79-3,20,LIONS
BIG JIMOTHY ENERGY,5,BIG JIMOTHY ENERGY-5,20,LIONS
JAMESKING,1,JAMESKING-1,6,JAGUARS
SEAHAWKS 79,4,SEAHAWKS 79-4,20,LIONS
BIG JIMOTHY ENERGY,6,BIG JIMOTHY ENERGY-6,6,JAGUARS
JAMESKING,10,JAMESKING-10,6,JAGUARS
SEANSDOLPHIN,1,SEANSDOLPHIN-1,6,JAGUARS
BIG JIMOTHY ENERGY,7,BIG JIMOTHY ENERGY-7,22,CHARGERS
JAMESKING,2,JAMESKING-2,6,JAGUARS
SEANSDOLPHIN,10,SEANSDOLPHIN-10,22,CHARGERS
BIG JIMOTHY ENERGY,8,BIG JIMOTHY ENERGY-8,12,STEELERS
JAMESKING,3,JAMESKING-3,6,JAGUARS
SEANSDOLPHIN,2,SEANSDOLPHIN-2,22,CHARGERS
BIG JIMOTHY ENERGY,9,BIG JIMOTHY ENERGY-9,20,LIONS
JAMESKING,4,JAMESKING-4,6,JAGUARS
SEANSDOLPHIN,3,SEANSDOLPHIN-3,22,CHARGERS
Big Johnsons,1,Big Johnsons-1,6,JAGUARS
JAMESKING,5,JAMESKING-5,6,JAGUARS
SEANSDOLPHIN,4,SEANSDOLPHIN-4,12,STEELERS
Big Johnsons,2,Big Johnsons-2,22,CHARGERS
JAMESKING,6,JAMESKING-6,6,JAGUARS
SEANSDOLPHIN,5,SEANSDOLPHIN-5,22,CHARGERS
Big Johnsons,3,Big Johnsons-3,12,STEELERS
JAMESKING,7,JAMESKING-7,6,JAGUARS
SEANSDOLPHIN,6,SEANSDOLPHIN-6,22,CHARGERS
BIG KAHUNA 313,1,BIG KAHUNA 313-1,22,CHARGERS
JAMESKING,8,JAMESKING-8,6,JAGUARS
SEANSDOLPHIN,7,SEANSDOLPHIN-7,8,BENGALS
Big Kahuna,1,Big Kahuna-1,18,TITANS
JAMESKING,9,JAMESKING-9,6,JAGUARS
SEANSDOLPHIN,8,SEANSDOLPHIN-8,22,CHARGERS
Big Kahuna,2,Big Kahuna-2,12,STEELERS
Jamie 2x,1,Jamie 2x-1,6,JAGUARS
SEANSDOLPHIN,9,SEANSDOLPHIN-9,12,STEELERS
Big Kahuna,3,Big Kahuna-3,6,JAGUARS
Jamie 2x,2,Jamie 2x-2,22,CHARGERS
SEASIDE FARMERS,1,SEASIDE FARMERS-1,6,JAGUARS
BIG LIB,1,BIG LIB-1,22,CHARGERS
JAMIETHEJET,1,JAMIETHEJET-1,22,CHARGERS
SEASIDE FARMERS,10,SEASIDE FARMERS-10,24,RAIDERS
BIG LIB,2,BIG LIB-2,1,PATRIOTS
JAMIETHEJET,10,JAMIETHEJET-10,22,CHARGERS
SEASIDE FARMERS,2,SEASIDE FARMERS-2,6,JAGUARS
BIG MIKE ASSOCIATES,1,BIG MIKE ASSOCIATES-1,6,JAGUARS
JAMIETHEJET,2,JAMIETHEJET-2,24,RAIDERS
SEASIDE FARMERS,3,SEASIDE FARMERS-3,6,JAGUARS
BIG MIKE ASSOCIATES,2,BIG MIKE ASSOCIATES-2,22,CHARGERS
JAMIETHEJET,3,JAMIETHEJET-3,6,JAGUARS
SEASIDE FARMERS,4,SEASIDE FARMERS-4,22,CHARGERS
BIG MIKE ASSOCIATES,3,BIG MIKE ASSOCIATES-3,6,JAGUARS
JAMIETHEJET,4,JAMIETHEJET-4,22,CHARGERS
SEASIDE FARMERS,5,SEASIDE FARMERS-5,22,CHARGERS
BIG MIKE ASSOCIATES,4,BIG MIKE ASSOCIATES-4,6,JAGUARS
JAMIETHEJET,5,JAMIETHEJET-5,18,TITANS
SEASIDE FARMERS,6,SEASIDE FARMERS-6,22,CHARGERS
BIG MIKE ASSOCIATES,5,BIG MIKE ASSOCIATES-5,6,JAGUARS
JAMIETHEJET,6,JAMIETHEJET-6,26,EAGLES
SEASIDE FARMERS,7,SEASIDE FARMERS-7,12,STEELERS
BIG MIKE,1,BIG MIKE-1,24,RAIDERS
JAMIETHEJET,7,JAMIETHEJET-7,6,JAGUARS
SEASIDE FARMERS,8,SEASIDE FARMERS-8,12,STEELERS
BIG MIKE,2,BIG MIKE-2,12,STEELERS
JAMIETHEJET,8,JAMIETHEJET-8,8,BENGALS
SEASIDE FARMERS,9,SEASIDE FARMERS-9,8,BENGALS
big minus,1,big minus-1,6,JAGUARS
JAMIETHEJET,9,JAMIETHEJET-9,6,JAGUARS
seattlesteamfitter,1,seattlesteamfitter-1,6,JAGUARS
big minus,10,big minus-10,6,JAGUARS
jamozzie,1,jamozzie-1,6,JAGUARS
SEBJONES,1,SEBJONES-1,12,STEELERS
big minus,2,big minus-2,6,JAGUARS
jamozzie,10,jamozzie-10,6,JAGUARS
SEBJONES,2,SEBJONES-2,22,CHARGERS
big minus,3,big minus-3,6,JAGUARS
jamozzie,2,jamozzie-2,6,JAGUARS
SEBJONES,3,SEBJONES-3,6,JAGUARS
big minus,4,big minus-4,6,JAGUARS
jamozzie,3,jamozzie-3,6,JAGUARS
SEC ANALYTICS,1,SEC ANALYTICS-1,6,JAGUARS
big minus,5,big minus-5,6,JAGUARS
jamozzie,4,jamozzie-4,6,JAGUARS
SECRET STASH MAN,1,SECRET STASH MAN-1,17,JETS
big minus,6,big minus-6,6,JAGUARS
jamozzie,5,jamozzie-5,6,JAGUARS
SECRET STASH MAN,2,SECRET STASH MAN-2,6,JAGUARS
big minus,7,big minus-7,6,JAGUARS
jamozzie,6,jamozzie-6,6,JAGUARS
SECRET STASH MAN,3,SECRET STASH MAN-3,22,CHARGERS
big minus,8,big minus-8,6,JAGUARS
jamozzie,7,jamozzie-7,6,JAGUARS
SECRETARIAT777,1,SECRETARIAT777-1,22,CHARGERS
big minus,9,big minus-9,6,JAGUARS
jamozzie,8,jamozzie-8,6,JAGUARS
SECTOR,1,SECTOR-1,22,CHARGERS
BIG N RICH,1,BIG N RICH-1,6,JAGUARS
jamozzie,9,jamozzie-9,6,JAGUARS
SECTOR,2,SECTOR-2,12,STEELERS
BIG N RICH,2,BIG N RICH-2,12,STEELERS
JANETTAS,1,JANETTAS-1,22,CHARGERS
SECTOR,3,SECTOR-3,22,CHARGERS
BIG N RICH,3,BIG N RICH-3,24,RAIDERS
JANETTAS,2,JANETTAS-2,22,CHARGERS
SeeYouAtTheWindow,1,SeeYouAtTheWindow-1,12,STEELERS
BIG N RICH,4,BIG N RICH-4,22,CHARGERS
JANETTAS,3,JANETTAS-3,22,CHARGERS
SeeYouAtTheWindow,10,SeeYouAtTheWindow-10,20,LIONS
BIG O CHAMPS,1,BIG O CHAMPS-1,12,STEELERS
JANETTAS,4,JANETTAS-4,6,JAGUARS
SeeYouAtTheWindow,2,SeeYouAtTheWindow-2,12,STEELERS
BIG O CHAMPS,10,BIG O CHAMPS-10,22,CHARGERS
JANETTAS,5,JANETTAS-5,6,JAGUARS
SeeYouAtTheWindow,3,SeeYouAtTheWindow-3,12,STEELERS
BIG O CHAMPS,2,BIG O CHAMPS-2,12,STEELERS
JANETTAS,6,JANETTAS-6,6,JAGUARS
SeeYouAtTheWindow,4,SeeYouAtTheWindow-4,12,STEELERS
BIG O CHAMPS,3,BIG O CHAMPS-3,12,STEELERS
JANGSTROM,1,JANGSTROM-1,22,CHARGERS
SeeYouAtTheWindow,5,SeeYouAtTheWindow-5,12,STEELERS
BIG O CHAMPS,4,BIG O CHAMPS-4,18,TITANS
JAPERS,1,JAPERS-1,8,BENGALS
SeeYouAtTheWindow,6,SeeYouAtTheWindow-6,12,STEELERS
BIG O CHAMPS,5,BIG O CHAMPS-5,18,TITANS
JAPERS,2,JAPERS-2,24,RAIDERS
SeeYouAtTheWindow,7,SeeYouAtTheWindow-7,6,JAGUARS
BIG O CHAMPS,6,BIG O CHAMPS-6,24,RAIDERS
Jarret,1,Jarret-1,20,LIONS
SeeYouAtTheWindow,8,SeeYouAtTheWindow-8,6,JAGUARS
BIG O CHAMPS,7,BIG O CHAMPS-7,24,RAIDERS
Jarret,2,Jarret-2,15,BEARS
SeeYouAtTheWindow,9,SeeYouAtTheWindow-9,6,JAGUARS
BIG O CHAMPS,8,BIG O CHAMPS-8,20,LIONS
Jarret,3,Jarret-3,6,JAGUARS
Select West,1,Select West-1,22,CHARGERS
BIG O CHAMPS,9,BIG O CHAMPS-9,6,JAGUARS
JASON HOOPER,1,JASON HOOPER-1,6,JAGUARS
Select West,2,Select West-2,6,JAGUARS
BIG ROB,1,BIG ROB-1,20,LIONS
JASON HOOPER,10,JASON HOOPER-10,12,STEELERS
Select West,3,Select West-3,20,LIONS
BIG ROMES 916,1,BIG ROMES 916-1,20,LIONS
JASON HOOPER,2,JASON HOOPER-2,6,JAGUARS
SEMO MONEY,1,SEMO MONEY-1,6,JAGUARS
BIG SEXY,1,BIG SEXY-1,6,JAGUARS
JASON HOOPER,3,JASON HOOPER-3,6,JAGUARS
Senior AZ Cats,1,Senior AZ Cats-1,22,CHARGERS
BIG SEXY,2,BIG SEXY-2,22,CHARGERS
JASON HOOPER,4,JASON HOOPER-4,22,CHARGERS
SENNFUL,1,SENNFUL-1,6,JAGUARS
BIG SIMICH,1,BIG SIMICH-1,22,CHARGERS
JASON HOOPER,5,JASON HOOPER-5,22,CHARGERS
SENNFUL,2,SENNFUL-2,6,JAGUARS
BIG SIMICH,2,BIG SIMICH-2,24,RAIDERS
JASON HOOPER,6,JASON HOOPER-6,22,CHARGERS
SENNFUL,3,SENNFUL-3,22,CHARGERS
BIG SIMICH,3,BIG SIMICH-3,6,JAGUARS
JASON HOOPER,7,JASON HOOPER-7,24,RAIDERS
SENNFUL,4,SENNFUL-4,22,CHARGERS
BIG SKY DREAM,1,BIG SKY DREAM-1,6,JAGUARS
JASON HOOPER,8,JASON HOOPER-8,20,LIONS
SENNFUL,5,SENNFUL-5,20,LIONS
BIG TASTY AND CO,1,BIG TASTY AND CO-1,22,CHARGERS
JASON HOOPER,9,JASON HOOPER-9,20,LIONS
sev monkeys,1,sev monkeys-1,22,CHARGERS
big tex,1,big tex-1,18,TITANS
JASON MCIVER,1,JASON MCIVER-1,6,JAGUARS
sev monkeys,10,sev monkeys-10,2,SEAHAWKS
big tiger,1,big tiger-1,24,RAIDERS
JASON ON WHIDBEY,1,JASON ON WHIDBEY-1,22,CHARGERS
sev monkeys,2,sev monkeys-2,22,CHARGERS
big tiger,10,big tiger-10,20,LIONS
JASON ON WHIDBEY,2,JASON ON WHIDBEY-2,6,JAGUARS
sev monkeys,3,sev monkeys-3,6,JAGUARS
big tiger,2,big tiger-2,24,RAIDERS
jason r,1,jason r-1,8,BENGALS
sev monkeys,4,sev monkeys-4,6,JAGUARS
big tiger,3,big tiger-3,24,RAIDERS
jason r,2,jason r-2,8,BENGALS
sev monkeys,5,sev monkeys-5,12,STEELERS
big tiger,4,big tiger-4,20,LIONS
Javelina,1,Javelina-1,6,JAGUARS
sev monkeys,6,sev monkeys-6,22,CHARGERS
big tiger,5,big tiger-5,20,LIONS
Javelina,2,Javelina-2,8,BENGALS
sev monkeys,7,sev monkeys-7,6,JAGUARS
big tiger,6,big tiger-6,24,RAIDERS
JAX JAGS,1,JAX JAGS-1,6,JAGUARS
sev monkeys,8,sev monkeys-8,6,JAGUARS
big tiger,7,big tiger-7,24,RAIDERS
JAX JAGS,10,JAX JAGS-10,12,STEELERS
sev monkeys,9,sev monkeys-9,12,STEELERS
big tiger,8,big tiger-8,22,CHARGERS
JAX JAGS,2,JAX JAGS-2,6,JAGUARS
SEVEN OUT,1,SEVEN OUT-1,20,LIONS
big tiger,9,big tiger-9,22,CHARGERS
JAX JAGS,3,JAX JAGS-3,6,JAGUARS
SEVEN WARRIORS,1,SEVEN WARRIORS-1,22,CHARGERS
big time,1,big time-1,22,CHARGERS
JAX JAGS,4,JAX JAGS-4,6,JAGUARS
SEVENOVERTIMES,1,SEVENOVERTIMES-1,22,CHARGERS
big time,2,big time-2,6,JAGUARS
JAX JAGS,5,JAX JAGS-5,22,CHARGERS
SEVENOVERTIMES,10,SEVENOVERTIMES-10,2,SEAHAWKS
big time,3,big time-3,6,JAGUARS
JAX JAGS,6,JAX JAGS-6,22,CHARGERS
SEVENOVERTIMES,2,SEVENOVERTIMES-2,6,JAGUARS
big time,4,big time-4,22,CHARGERS
JAX JAGS,7,JAX JAGS-7,22,CHARGERS
SEVENOVERTIMES,3,SEVENOVERTIMES-3,20,LIONS
big time,5,big time-5,6,JAGUARS
JAX JAGS,8,JAX JAGS-8,22,CHARGERS
SEVENOVERTIMES,4,SEVENOVERTIMES-4,2,SEAHAWKS
big time,6,big time-6,12,STEELERS
JAX JAGS,9,JAX JAGS-9,12,STEELERS
SEVENOVERTIMES,5,SEVENOVERTIMES-5,2,SEAHAWKS
BIG TROUBLE,1,BIG TROUBLE-1,6,JAGUARS
JAXSON 1,1,JAXSON 1-1,22,CHARGERS
SEVENOVERTIMES,6,SEVENOVERTIMES-6,2,SEAHAWKS
BIG TROUBLE,10,BIG TROUBLE-10,24,RAIDERS
JAXSON'S DARTS,1,JAXSON'S DARTS-1,6,JAGUARS
SEVENOVERTIMES,7,SEVENOVERTIMES-7,2,SEAHAWKS
BIG TROUBLE,2,BIG TROUBLE-2,6,JAGUARS
JAXSON'S DARTS,2,JAXSON'S DARTS-2,12,STEELERS
SEVENOVERTIMES,8,SEVENOVERTIMES-8,2,SEAHAWKS
BIG TROUBLE,3,BIG TROUBLE-3,6,JAGUARS
JAXTHEDOG,1,JAXTHEDOG-1,6,JAGUARS
SEVENOVERTIMES,9,SEVENOVERTIMES-9,2,SEAHAWKS
BIG TROUBLE,4,BIG TROUBLE-4,22,CHARGERS
JAXTHEDOG,2,JAXTHEDOG-2,22,CHARGERS
SEVS SCORES,1,SEVS SCORES-1,22,CHARGERS
BIG TROUBLE,5,BIG TROUBLE-5,22,CHARGERS
JAXTHEDOG,3,JAXTHEDOG-3,22,CHARGERS
SEWARDWASRIGHT,1,SEWARDWASRIGHT-1,22,CHARGERS
BIG TROUBLE,6,BIG TROUBLE-6,22,CHARGERS
JAYBIRDROSSORISSI,1,JAYBIRDROSSORISSI-1,6,JAGUARS
sexpanthers60%,1,sexpanthers60%-1,22,CHARGERS
BIG TROUBLE,7,BIG TROUBLE-7,12,STEELERS
JAYBIRDS,1,JAYBIRDS-1,22,CHARGERS
sexpanthers60%,2,sexpanthers60%-2,6,JAGUARS
BIG TROUBLE,8,BIG TROUBLE-8,12,STEELERS
JAYBIRDS,2,JAYBIRDS-2,22,CHARGERS
sexpanthers60%,3,sexpanthers60%-3,20,LIONS
BIG TROUBLE,9,BIG TROUBLE-9,24,RAIDERS
JAYBIRDS,3,JAYBIRDS-3,6,JAGUARS
sexpanthers60%,4,sexpanthers60%-4,6,JAGUARS
BIG TUNA 81,1,BIG TUNA 81-1,6,JAGUARS
JAYBIRDS,4,JAYBIRDS-4,12,STEELERS
SEXY BEASTS,1,SEXY BEASTS-1,6,JAGUARS
BIG TUNA 81,2,BIG TUNA 81-2,12,STEELERS
JAYHAWKS,1,JAYHAWKS-1,22,CHARGERS
SEXY BEASTS,2,SEXY BEASTS-2,6,JAGUARS
BIG TUNA 85,1,BIG TUNA 85-1,22,CHARGERS
JAYHAWKS,2,JAYHAWKS-2,22,CHARGERS
SEXY BEASTS,3,SEXY BEASTS-3,22,CHARGERS
BIG TUNA 85,2,BIG TUNA 85-2,22,CHARGERS
JAYHAWKS,3,JAYHAWKS-3,6,JAGUARS
SEXY BEASTS,4,SEXY BEASTS-4,20,LIONS
BIG TUNA 85,3,BIG TUNA 85-3,6,JAGUARS
JAYHAWKS,4,JAYHAWKS-4,24,RAIDERS
SEYMOBUTTS,1,SEYMOBUTTS-1,26,EAGLES
BIG TUNA 85,4,BIG TUNA 85-4,22,CHARGERS
JAYHAWKS,5,JAYHAWKS-5,22,CHARGERS
SEYMOBUTTS,2,SEYMOBUTTS-2,22,CHARGERS
BIG TUNA 93,1,BIG TUNA 93-1,24,RAIDERS
JAYHAWKS,6,JAYHAWKS-6,6,JAGUARS
SEYMOBUTTS,3,SEYMOBUTTS-3,6,JAGUARS
BIG TUNA 93,2,BIG TUNA 93-2,6,JAGUARS
jaypan116,1,jaypan116-1,6,JAGUARS
SEYMOBUTTS,4,SEYMOBUTTS-4,24,RAIDERS
BIG TUNA 93,3,BIG TUNA 93-3,6,JAGUARS
jaypan116,2,jaypan116-2,6,JAGUARS
SEYMOBUTTS,5,SEYMOBUTTS-5,12,STEELERS
BIG TUNA 93,4,BIG TUNA 93-4,12,STEELERS
jaypan116,3,jaypan116-3,6,JAGUARS
SEYMOBUTTS,6,SEYMOBUTTS-6,12,STEELERS
Big Wave,1,Big Wave-1,12,STEELERS
jaypan116,4,jaypan116-4,6,JAGUARS
SEYMOBUTTS,7,SEYMOBUTTS-7,12,STEELERS
Big Wave,2,Big Wave-2,6,JAGUARS
jaypan116,5,jaypan116-5,22,CHARGERS
SFLYNN,1,SFLYNN-1,22,CHARGERS
Big Wave,3,Big Wave-3,24,RAIDERS
jaypan116,6,jaypan116-6,22,CHARGERS
SFLYNN,2,SFLYNN-2,6,JAGUARS
Big Wave,4,Big Wave-4,6,JAGUARS
jaypan116,7,jaypan116-7,22,CHARGERS
SG22,1,SG22-1,22,CHARGERS
Big Wave,5,Big Wave-5,24,RAIDERS
jaypan116,8,jaypan116-8,12,STEELERS
sgarner,1,sgarner-1,24,RAIDERS
BIGBIRD,1,BIGBIRD-1,6,JAGUARS
JB,1,JB-1,6,JAGUARS
SGLT 2,1,SGLT 2-1,6,JAGUARS
BIGBIRD,2,BIGBIRD-2,22,CHARGERS
JB0123,1,JB0123-1,6,JAGUARS
SGTPEPPERS,1,SGTPEPPERS-1,1,PATRIOTS
BIGBODYDYES,1,BIGBODYDYES-1,6,JAGUARS
JB0123,10,JB0123-10,6,JAGUARS
SGTPEPPERS,10,SGTPEPPERS-10,23,DOLPHINS
BIGBODYDYES,2,BIGBODYDYES-2,20,LIONS
JB0123,2,JB0123-2,6,JAGUARS
SGTPEPPERS,2,SGTPEPPERS-2,1,PATRIOTS
BigBoneJones,1,BigBoneJones-1,22,CHARGERS
JB0123,3,JB0123-3,6,JAGUARS
SGTPEPPERS,3,SGTPEPPERS-3,1,PATRIOTS
BigBuck1,1,BigBuck1-1,22,CHARGERS
JB0123,4,JB0123-4,6,JAGUARS
SGTPEPPERS,4,SGTPEPPERS-4,2,SEAHAWKS
BigBuck1,2,BigBuck1-2,22,CHARGERS
JB0123,5,JB0123-5,6,JAGUARS
SGTPEPPERS,5,SGTPEPPERS-5,2,SEAHAWKS
BigBuck1,3,BigBuck1-3,6,JAGUARS
JB0123,6,JB0123-6,6,JAGUARS
SGTPEPPERS,6,SGTPEPPERS-6,1,PATRIOTS
BigBuck1,4,BigBuck1-4,24,RAIDERS
JB0123,7,JB0123-7,6,JAGUARS
SGTPEPPERS,7,SGTPEPPERS-7,4,RAMS
BigBuck1,5,BigBuck1-5,24,RAIDERS
JB0123,8,JB0123-8,6,JAGUARS
SGTPEPPERS,8,SGTPEPPERS-8,4,RAMS
BigBuck1,6,BigBuck1-6,24,RAIDERS
JB0123,9,JB0123-9,6,JAGUARS
SGTPEPPERS,9,SGTPEPPERS-9,4,RAMS
BIGDADDY,1,BIGDADDY-1,22,CHARGERS
JB24CTU,1,JB24CTU-1,2,SEAHAWKS
SHABADOO,1,SHABADOO-1,12,STEELERS
BIGDADDY21,1,BIGDADDY21-1,22,CHARGERS
JB24CTU,2,JB24CTU-2,2,SEAHAWKS
shabash,1,shabash-1,20,LIONS
BIGDAWG,1,BIGDAWG-1,20,LIONS
JB24CTU,3,JB24CTU-3,29,COWBOYS
shabash,10,shabash-10,26,EAGLES
BIGDAWG,2,BIGDAWG-2,6,JAGUARS
JB24CTU,4,JB24CTU-4,29,COWBOYS
shabash,2,shabash-2,20,LIONS
BIGDIRTY'S BALLERS,1,BIGDIRTY'S BALLERS-1,6,JAGUARS
JB24CTU,5,JB24CTU-5,22,CHARGERS
shabash,3,shabash-3,20,LIONS
BIGDIRTY'S BALLERS,10,BIGDIRTY'S BALLERS-10,6,JAGUARS
JB24CTU,6,JB24CTU-6,26,EAGLES
shabash,4,shabash-4,20,LIONS
BIGDIRTY'S BALLERS,2,BIGDIRTY'S BALLERS-2,6,JAGUARS
JB24CTU,7,JB24CTU-7,12,STEELERS
shabash,5,shabash-5,20,LIONS
BIGDIRTY'S BALLERS,3,BIGDIRTY'S BALLERS-3,6,JAGUARS
JB24CTU,8,JB24CTU-8,22,CHARGERS
shabash,6,shabash-6,26,EAGLES
BIGDIRTY'S BALLERS,4,BIGDIRTY'S BALLERS-4,12,STEELERS
JB24CTU,9,JB24CTU-9,12,STEELERS
shabash,7,shabash-7,26,EAGLES
BIGDIRTY'S BALLERS,5,BIGDIRTY'S BALLERS-5,12,STEELERS
JB400MAR,1,JB400MAR-1,22,CHARGERS
shabash,8,shabash-8,26,EAGLES
BIGDIRTY'S BALLERS,6,BIGDIRTY'S BALLERS-6,22,CHARGERS
JBBBB4653,1,JBBBB4653-1,22,CHARGERS
shabash,9,shabash-9,26,EAGLES
BIGDIRTY'S BALLERS,7,BIGDIRTY'S BALLERS-7,22,CHARGERS
JBBBB4653,10,JBBBB4653-10,12,STEELERS
Shadow Mode,1,Shadow Mode-1,22,CHARGERS
BIGDIRTY'S BALLERS,8,BIGDIRTY'S BALLERS-8,22,CHARGERS
JBBBB4653,2,JBBBB4653-2,22,CHARGERS
Shadow Mode,2,Shadow Mode-2,12,STEELERS
BIGDIRTY'S BALLERS,9,BIGDIRTY'S BALLERS-9,22,CHARGERS
JBBBB4653,3,JBBBB4653-3,22,CHARGERS
Shadow Mode,3,Shadow Mode-3,26,EAGLES
BIGDOG,1,BIGDOG-1,22,CHARGERS
JBBBB4653,4,JBBBB4653-4,22,CHARGERS
Shadow Mode,4,Shadow Mode-4,12,STEELERS
BigE,1,BigE-1,22,CHARGERS
JBBBB4653,5,JBBBB4653-5,22,CHARGERS
shadow,1,shadow-1,6,JAGUARS
BigE,2,BigE-2,24,RAIDERS
JBBBB4653,6,JBBBB4653-6,12,STEELERS
shadow,10,shadow-10,6,JAGUARS
BigE,3,BigE-3,6,JAGUARS
JBBBB4653,7,JBBBB4653-7,12,STEELERS
shadow,2,shadow-2,6,JAGUARS
BigGameJames,1,BigGameJames-1,22,CHARGERS
JBBBB4653,8,JBBBB4653-8,12,STEELERS
shadow,3,shadow-3,6,JAGUARS
BigGameJames,2,BigGameJames-2,22,CHARGERS
JBBBB4653,9,JBBBB4653-9,12,STEELERS
shadow,4,shadow-4,6,JAGUARS
BigGameJames,3,BigGameJames-3,6,JAGUARS
JCALI4589,1,JCALI4589-1,6,JAGUARS
shadow,5,shadow-5,6,JAGUARS
BigGameJames,4,BigGameJames-4,6,JAGUARS
JCALI4589,2,JCALI4589-2,20,LIONS
shadow,6,shadow-6,6,JAGUARS
BigGameJames,5,BigGameJames-5,12,STEELERS
JCALI4589,3,JCALI4589-3,6,JAGUARS
shadow,7,shadow-7,6,JAGUARS
BigGameJames,6,BigGameJames-6,12,STEELERS
JCBODEAN,1,JCBODEAN-1,12,STEELERS
shadow,8,shadow-8,6,JAGUARS
BigGameJames,7,BigGameJames-7,20,LIONS
JCBODEAN,2,JCBODEAN-2,6,JAGUARS
shadow,9,shadow-9,6,JAGUARS
BIGGLES,1,BIGGLES-1,22,CHARGERS
JCBODEAN,3,JCBODEAN-3,26,EAGLES
SHAFER ALLIANCE,1,SHAFER ALLIANCE-1,22,CHARGERS
BIGGLES,2,BIGGLES-2,22,CHARGERS
JCDN,1,JCDN-1,22,CHARGERS
SHAFER ALLIANCE,10,SHAFER ALLIANCE-10,12,STEELERS
BIGGLES,3,BIGGLES-3,22,CHARGERS
JCDN,2,JCDN-2,6,JAGUARS
SHAFER ALLIANCE,2,SHAFER ALLIANCE-2,22,CHARGERS
BIGGLES,4,BIGGLES-4,6,JAGUARS
JCDN,3,JCDN-3,22,CHARGERS
SHAFER ALLIANCE,3,SHAFER ALLIANCE-3,22,CHARGERS
BIGGLES,5,BIGGLES-5,6,JAGUARS
JCDN,4,JCDN-4,12,STEELERS
SHAFER ALLIANCE,4,SHAFER ALLIANCE-4,22,CHARGERS
BIGGLES,6,BIGGLES-6,26,EAGLES
JCDN,5,JCDN-5,8,BENGALS
SHAFER ALLIANCE,5,SHAFER ALLIANCE-5,6,JAGUARS
BIGGLES,7,BIGGLES-7,26,EAGLES
JCMMUP,1,JCMMUP-1,6,JAGUARS
SHAFER ALLIANCE,6,SHAFER ALLIANCE-6,6,JAGUARS
BIGGLES,8,BIGGLES-8,20,LIONS
JCMMUP,10,JCMMUP-10,6,JAGUARS
SHAFER ALLIANCE,7,SHAFER ALLIANCE-7,6,JAGUARS
BIGGLES,9,BIGGLES-9,20,LIONS
JCMMUP,2,JCMMUP-2,6,JAGUARS
SHAFER ALLIANCE,8,SHAFER ALLIANCE-8,20,LIONS
BIGINCHICAGO,1,BIGINCHICAGO-1,12,STEELERS
JCMMUP,3,JCMMUP-3,6,JAGUARS
SHAFER ALLIANCE,9,SHAFER ALLIANCE-9,20,LIONS
BIGINCHICAGO,10,BIGINCHICAGO-10,12,STEELERS
JCMMUP,4,JCMMUP-4,6,JAGUARS
SHAGGY SHOOTERS,1,SHAGGY SHOOTERS-1,6,JAGUARS
BIGINCHICAGO,2,BIGINCHICAGO-2,6,JAGUARS
JCMMUP,5,JCMMUP-5,6,JAGUARS
shamoo3,1,shamoo3-1,6,JAGUARS
BIGINCHICAGO,3,BIGINCHICAGO-3,26,EAGLES
JCMMUP,6,JCMMUP-6,6,JAGUARS
SHAMYTWINS,1,SHAMYTWINS-1,12,STEELERS
BIGINCHICAGO,4,BIGINCHICAGO-4,26,EAGLES
JCMMUP,7,JCMMUP-7,6,JAGUARS
SHAMYTWINS,10,SHAMYTWINS-10,6,JAGUARS
BIGINCHICAGO,5,BIGINCHICAGO-5,12,STEELERS
JCMMUP,8,JCMMUP-8,6,JAGUARS
SHAMYTWINS,2,SHAMYTWINS-2,12,STEELERS
BIGINCHICAGO,6,BIGINCHICAGO-6,12,STEELERS
JCMMUP,9,JCMMUP-9,6,JAGUARS
SHAMYTWINS,3,SHAMYTWINS-3,26,EAGLES
BIGINCHICAGO,7,BIGINCHICAGO-7,12,STEELERS
JCUBE17,1,JCUBE17-1,22,CHARGERS
SHAMYTWINS,4,SHAMYTWINS-4,20,LIONS
BIGINCHICAGO,8,BIGINCHICAGO-8,12,STEELERS
JCWINTERS,1,JCWINTERS-1,20,LIONS
SHAMYTWINS,5,SHAMYTWINS-5,6,JAGUARS
BIGINCHICAGO,9,BIGINCHICAGO-9,12,STEELERS
JD2TB,1,JD2TB-1,6,JAGUARS
SHAMYTWINS,6,SHAMYTWINS-6,6,JAGUARS
BigJoe$,1,BigJoe$-1,6,JAGUARS
JD2TB,2,JD2TB-2,22,CHARGERS
SHAMYTWINS,7,SHAMYTWINS-7,22,CHARGERS
BigJoe$,10,BigJoe$-10,12,STEELERS
JD2TB,3,JD2TB-3,22,CHARGERS
SHAMYTWINS,8,SHAMYTWINS-8,6,JAGUARS
BigJoe$,2,BigJoe$-2,22,CHARGERS
JD2TB,4,JD2TB-4,12,STEELERS
SHAMYTWINS,9,SHAMYTWINS-9,22,CHARGERS
BigJoe$,3,BigJoe$-3,8,BENGALS
JDMONEY,1,JDMONEY-1,6,JAGUARS
SHANE FALCO,1,SHANE FALCO-1,22,CHARGERS
BigJoe$,4,BigJoe$-4,6,JAGUARS
JDROB,1,JDROB-1,22,CHARGERS
SHANE FALCO,10,SHANE FALCO-10,22,CHARGERS
BigJoe$,5,BigJoe$-5,22,CHARGERS
JDROB,2,JDROB-2,24,RAIDERS
SHANE FALCO,2,SHANE FALCO-2,22,CHARGERS
BigJoe$,6,BigJoe$-6,6,JAGUARS
"JE ""OSO""",1,"JE ""OSO""-1",6,JAGUARS
SHANE FALCO,3,SHANE FALCO-3,22,CHARGERS
BigJoe$,7,BigJoe$-7,22,CHARGERS
JEANSBEANS,1,JEANSBEANS-1,26,EAGLES
SHANE FALCO,4,SHANE FALCO-4,22,CHARGERS
BigJoe$,8,BigJoe$-8,22,CHARGERS
JEANSBEANS,2,JEANSBEANS-2,26,EAGLES
SHANE FALCO,5,SHANE FALCO-5,22,CHARGERS
BigJoe$,9,BigJoe$-9,6,JAGUARS
JEANSBEANS,3,JEANSBEANS-3,26,EAGLES
SHANE FALCO,6,SHANE FALCO-6,22,CHARGERS
BIGMONEY,1,BIGMONEY-1,6,JAGUARS
JECMAR,1,JECMAR-1,6,JAGUARS
SHANE FALCO,7,SHANE FALCO-7,22,CHARGERS
BIGNASTY500,1,BIGNASTY500-1,12,STEELERS
JECMAR,10,JECMAR-10,24,RAIDERS
SHANE FALCO,8,SHANE FALCO-8,22,CHARGERS
BIGNASTY500,10,BIGNASTY500-10,22,CHARGERS
JECMAR,2,JECMAR-2,6,JAGUARS
SHANE FALCO,9,SHANE FALCO-9,22,CHARGERS
BIGNASTY500,2,BIGNASTY500-2,6,JAGUARS
JECMAR,3,JECMAR-3,20,LIONS
SHANNER,1,SHANNER-1,22,CHARGERS
BIGNASTY500,3,BIGNASTY500-3,6,JAGUARS
JECMAR,4,JECMAR-4,20,LIONS
SHAQUON,1,SHAQUON-1,20,LIONS
BIGNASTY500,4,BIGNASTY500-4,12,STEELERS
JECMAR,5,JECMAR-5,24,RAIDERS
SHAQUON,10,SHAQUON-10,20,LIONS
BIGNASTY500,5,BIGNASTY500-5,6,JAGUARS
JECMAR,6,JECMAR-6,24,RAIDERS
SHAQUON,2,SHAQUON-2,20,LIONS
BIGNASTY500,6,BIGNASTY500-6,22,CHARGERS
JECMAR,7,JECMAR-7,24,RAIDERS
SHAQUON,3,SHAQUON-3,20,LIONS
BIGNASTY500,7,BIGNASTY500-7,6,JAGUARS
JECMAR,8,JECMAR-8,24,RAIDERS
SHAQUON,4,SHAQUON-4,20,LIONS
BIGNASTY500,8,BIGNASTY500-8,22,CHARGERS
JECMAR,9,JECMAR-9,24,RAIDERS
SHAQUON,5,SHAQUON-5,20,LIONS
BIGNASTY500,9,BIGNASTY500-9,12,STEELERS
JED,1,JED-1,12,STEELERS
SHAQUON,6,SHAQUON-6,20,LIONS
BIGNIZLITTLEP,1,BIGNIZLITTLEP-1,22,CHARGERS
JED,10,JED-10,12,STEELERS
SHAQUON,7,SHAQUON-7,20,LIONS
BIGNIZLITTLEP,10,BIGNIZLITTLEP-10,26,EAGLES
JED,2,JED-2,12,STEELERS
SHAQUON,8,SHAQUON-8,20,LIONS
BIGNIZLITTLEP,2,BIGNIZLITTLEP-2,12,STEELERS
JED,3,JED-3,12,STEELERS
SHAQUON,9,SHAQUON-9,20,LIONS
BIGNIZLITTLEP,3,BIGNIZLITTLEP-3,12,STEELERS
JED,4,JED-4,12,STEELERS
SHARK,1,SHARK-1,22,CHARGERS
BIGNIZLITTLEP,4,BIGNIZLITTLEP-4,6,JAGUARS
JED,5,JED-5,12,STEELERS
SHARK,10,SHARK-10,12,STEELERS
BIGNIZLITTLEP,5,BIGNIZLITTLEP-5,12,STEELERS
JED,6,JED-6,12,STEELERS
SHARK,2,SHARK-2,6,JAGUARS
BIGNIZLITTLEP,6,BIGNIZLITTLEP-6,22,CHARGERS
JED,7,JED-7,12,STEELERS
SHARK,3,SHARK-3,24,RAIDERS
BIGNIZLITTLEP,7,BIGNIZLITTLEP-7,6,JAGUARS
JED,8,JED-8,12,STEELERS
SHARK,4,SHARK-4,24,RAIDERS
BIGNIZLITTLEP,8,BIGNIZLITTLEP-8,8,BENGALS
JED,9,JED-9,12,STEELERS
SHARK,5,SHARK-5,22,CHARGERS
BIGNIZLITTLEP,9,BIGNIZLITTLEP-9,24,RAIDERS
JEDI,1,JEDI-1,6,JAGUARS
SHARK,6,SHARK-6,12,STEELERS
BigR N Bama,1,BigR N Bama-1,6,JAGUARS
JEDI,2,JEDI-2,26,EAGLES
SHARK,7,SHARK-7,6,JAGUARS
BigR N Bama,2,BigR N Bama-2,22,CHARGERS
JEDI,3,JEDI-3,22,CHARGERS
SHARK,8,SHARK-8,12,STEELERS
BigSleepGMF,1,BigSleepGMF-1,6,JAGUARS
JEEZY TAKE THE WHEEL,1,JEEZY TAKE THE WHEEL-1,6,JAGUARS
SHARK,9,SHARK-9,24,RAIDERS
BigSleepGMF,2,BigSleepGMF-2,22,CHARGERS
JEEZY TAKE THE WHEEL,10,JEEZY TAKE THE WHEEL-10,20,LIONS
SHARKATTACK,1,SHARKATTACK-1,6,JAGUARS
BIGTIGER80,1,BIGTIGER80-1,22,CHARGERS
JEEZY TAKE THE WHEEL,2,JEEZY TAKE THE WHEEL-2,6,JAGUARS
SHARKATTACK,10,SHARKATTACK-10,6,JAGUARS
BIGTIGER80,2,BIGTIGER80-2,22,CHARGERS
JEEZY TAKE THE WHEEL,3,JEEZY TAKE THE WHEEL-3,6,JAGUARS
SHARKATTACK,2,SHARKATTACK-2,6,JAGUARS
BIGTIGER80,3,BIGTIGER80-3,20,LIONS
JEEZY TAKE THE WHEEL,4,JEEZY TAKE THE WHEEL-4,6,JAGUARS
SHARKATTACK,3,SHARKATTACK-3,6,JAGUARS
BIGTIGER80,4,BIGTIGER80-4,6,JAGUARS
JEEZY TAKE THE WHEEL,5,JEEZY TAKE THE WHEEL-5,6,JAGUARS
SHARKATTACK,4,SHARKATTACK-4,6,JAGUARS
BIGTIGER80,5,BIGTIGER80-5,4,RAMS
JEEZY TAKE THE WHEEL,6,JEEZY TAKE THE WHEEL-6,6,JAGUARS
SHARKATTACK,5,SHARKATTACK-5,6,JAGUARS
BIGWALT,1,BIGWALT-1,22,CHARGERS
JEEZY TAKE THE WHEEL,7,JEEZY TAKE THE WHEEL-7,6,JAGUARS
SHARKATTACK,6,SHARKATTACK-6,6,JAGUARS
BIGWIN01,1,BIGWIN01-1,12,STEELERS
JEEZY TAKE THE WHEEL,8,JEEZY TAKE THE WHEEL-8,6,JAGUARS
SHARKATTACK,7,SHARKATTACK-7,6,JAGUARS
BIGWIN01,2,BIGWIN01-2,6,JAGUARS
JEEZY TAKE THE WHEEL,9,JEEZY TAKE THE WHEEL-9,20,LIONS
SHARKATTACK,8,SHARKATTACK-8,6,JAGUARS
BILL T,1,BILL T-1,22,CHARGERS
jeff erickson,1,jeff erickson-1,6,JAGUARS
SHARKATTACK,9,SHARKATTACK-9,6,JAGUARS
BILL T,10,BILL T-10,6,JAGUARS
JEFF MANS,1,JEFF MANS-1,12,STEELERS
SHARPCIRCLE,1,SHARPCIRCLE-1,20,LIONS
BILL T,2,BILL T-2,22,CHARGERS
JEFF MANS,2,JEFF MANS-2,22,CHARGERS
SHARPCIRCLE,2,SHARPCIRCLE-2,6,JAGUARS
BILL T,3,BILL T-3,22,CHARGERS
JEFF MANS,3,JEFF MANS-3,22,CHARGERS
SHARPCIRCLE,3,SHARPCIRCLE-3,22,CHARGERS
BILL T,4,BILL T-4,22,CHARGERS
JEFF MANS,4,JEFF MANS-4,12,STEELERS
SHARPIESSURVIVOR,1,SHARPIESSURVIVOR-1,6,JAGUARS
BILL T,5,BILL T-5,22,CHARGERS
JEFFBOYERLOL,1,JEFFBOYERLOL-1,12,STEELERS
SHARPIESSURVIVOR,2,SHARPIESSURVIVOR-2,24,RAIDERS
BILL T,6,BILL T-6,22,CHARGERS
JEFFBOYERLOL,10,JEFFBOYERLOL-10,20,LIONS
SHARPMONEY.COM,1,SHARPMONEY.COM-1,22,CHARGERS
BILL T,7,BILL T-7,6,JAGUARS
JEFFBOYERLOL,2,JEFFBOYERLOL-2,12,STEELERS
SHARPS COVER,1,SHARPS COVER-1,12,STEELERS
BILL T,8,BILL T-8,6,JAGUARS
JEFFBOYERLOL,3,JEFFBOYERLOL-3,12,STEELERS
SHARPS COVER,10,SHARPS COVER-10,22,CHARGERS
BILL T,9,BILL T-9,6,JAGUARS
JEFFBOYERLOL,4,JEFFBOYERLOL-4,6,JAGUARS
SHARPS COVER,2,SHARPS COVER-2,24,RAIDERS
BILL_CLCJR,1,BILL_CLCJR-1,22,CHARGERS
JEFFBOYERLOL,5,JEFFBOYERLOL-5,6,JAGUARS
SHARPS COVER,3,SHARPS COVER-3,8,BENGALS
BILL_CLCJR,2,BILL_CLCJR-2,6,JAGUARS
JEFFBOYERLOL,6,JEFFBOYERLOL-6,6,JAGUARS
SHARPS COVER,4,SHARPS COVER-4,22,CHARGERS
BILL_CLCJR,3,BILL_CLCJR-3,12,STEELERS
JEFFBOYERLOL,7,JEFFBOYERLOL-7,22,CHARGERS
SHARPS COVER,5,SHARPS COVER-5,20,LIONS
billfishers,1,billfishers-1,12,STEELERS
JEFFBOYERLOL,8,JEFFBOYERLOL-8,22,CHARGERS
SHARPS COVER,6,SHARPS COVER-6,26,EAGLES
billfishers,2,billfishers-2,20,LIONS
JEFFBOYERLOL,9,JEFFBOYERLOL-9,22,CHARGERS
SHARPS COVER,7,SHARPS COVER-7,6,JAGUARS
billfishers,3,billfishers-3,26,EAGLES
JEFFSUMMERLIN,1,JEFFSUMMERLIN-1,6,JAGUARS
SHARPS COVER,8,SHARPS COVER-8,6,JAGUARS
BILLH243,1,BILLH243-1,22,CHARGERS
JEJ,1,JEJ-1,6,JAGUARS
SHARPS COVER,9,SHARPS COVER-9,22,CHARGERS
BILLH243,2,BILLH243-2,24,RAIDERS
JENBILL,1,JENBILL-1,22,CHARGERS
SHARPSTICK,1,SHARPSTICK-1,6,JAGUARS
BILLH243,3,BILLH243-3,12,STEELERS
JENBILL,2,JENBILL-2,6,JAGUARS
SHARPSTICK,2,SHARPSTICK-2,22,CHARGERS
Bills Mafia 004,1,Bills Mafia 004-1,22,CHARGERS
"JENERGY 5,6,7,8",1,"JENERGY 5,6,7,8-1",22,CHARGERS
SHARRELYMONEY#8,1,SHARRELYMONEY#8-1,20,LIONS
Bills Mafia 004,10,Bills Mafia 004-10,24,RAIDERS
"JENERGY 5,6,7,8",2,"JENERGY 5,6,7,8-2",22,CHARGERS
SHARRELYMONEY#8,10,SHARRELYMONEY#8-10,20,LIONS
Bills Mafia 004,2,Bills Mafia 004-2,6,JAGUARS
"JENERGY 5,6,7,8",3,"JENERGY 5,6,7,8-3",6,JAGUARS
SHARRELYMONEY#8,2,SHARRELYMONEY#8-2,20,LIONS
Bills Mafia 004,3,Bills Mafia 004-3,6,JAGUARS
"JENERGY 5,6,7,8",4,"JENERGY 5,6,7,8-4",18,TITANS
SHARRELYMONEY#8,3,SHARRELYMONEY#8-3,20,LIONS
Bills Mafia 004,4,Bills Mafia 004-4,6,JAGUARS
"JENERGY 5,6,7,8",5,"JENERGY 5,6,7,8-5",12,STEELERS
SHARRELYMONEY#8,4,SHARRELYMONEY#8-4,20,LIONS
Bills Mafia 004,5,Bills Mafia 004-5,6,JAGUARS
jepoy,1,jepoy-1,24,RAIDERS
SHARRELYMONEY#8,5,SHARRELYMONEY#8-5,20,LIONS
Bills Mafia 004,6,Bills Mafia 004-6,22,CHARGERS
Jeri Bones,1,Jeri Bones-1,6,JAGUARS
SHARRELYMONEY#8,6,SHARRELYMONEY#8-6,20,LIONS
Bills Mafia 004,7,Bills Mafia 004-7,22,CHARGERS
Jeri Bones,2,Jeri Bones-2,22,CHARGERS
SHARRELYMONEY#8,7,SHARRELYMONEY#8-7,20,LIONS
Bills Mafia 004,8,Bills Mafia 004-8,12,STEELERS
JERSEY BOYS,1,JERSEY BOYS-1,22,CHARGERS
SHARRELYMONEY#8,8,SHARRELYMONEY#8-8,20,LIONS
Bills Mafia 004,9,Bills Mafia 004-9,12,STEELERS
JERSEY BOYS,2,JERSEY BOYS-2,6,JAGUARS
SHARRELYMONEY#8,9,SHARRELYMONEY#8-9,20,LIONS
BILLS MAFIA 67,1,BILLS MAFIA 67-1,22,CHARGERS
JERSEY BOYS,3,JERSEY BOYS-3,20,LIONS
SHAV,1,SHAV-1,6,JAGUARS
BILLS MAFIA 67,2,BILLS MAFIA 67-2,6,JAGUARS
JERSEY BOYS,4,JERSEY BOYS-4,6,JAGUARS
SHAWGIRLS,1,SHAWGIRLS-1,6,JAGUARS
BILLS MAFIA 67,3,BILLS MAFIA 67-3,6,JAGUARS
JERSEY BOYS,5,JERSEY BOYS-5,6,JAGUARS
SHAWGIRLS,2,SHAWGIRLS-2,6,JAGUARS
BILLS MAFIA,1,BILLS MAFIA-1,6,JAGUARS
JERSEY BOYS,6,JERSEY BOYS-6,8,BENGALS
SHEB_POKER,1,SHEB_POKER-1,24,RAIDERS
BILLS MAFIA,2,BILLS MAFIA-2,12,STEELERS
JERSEY BOYS,7,JERSEY BOYS-7,20,LIONS
SHEDEURLY YOURS,1,SHEDEURLY YOURS-1,22,CHARGERS
BILLSWIN?,1,BILLSWIN?-1,22,CHARGERS
JERSEY BOYS,8,JERSEY BOYS-8,22,CHARGERS
SHEDEURLY YOURS,2,SHEDEURLY YOURS-2,12,STEELERS
BILLSWIN?,10,BILLSWIN?-10,22,CHARGERS
JERSEY BOYS,9,JERSEY BOYS-9,24,RAIDERS
SHEDEURLY YOURS,3,SHEDEURLY YOURS-3,20,LIONS
BILLSWIN?,2,BILLSWIN?-2,22,CHARGERS
JERSEYBOYS411,1,JERSEYBOYS411-1,22,CHARGERS
SHEDEURLY YOURS,4,SHEDEURLY YOURS-4,22,CHARGERS
BILLSWIN?,3,BILLSWIN?-3,22,CHARGERS
JERSEYBOYS411,10,JERSEYBOYS411-10,6,JAGUARS
shedy hershey,1,shedy hershey-1,6,JAGUARS
BILLSWIN?,4,BILLSWIN?-4,22,CHARGERS
JERSEYBOYS411,2,JERSEYBOYS411-2,22,CHARGERS
shedy hershey,2,shedy hershey-2,6,JAGUARS
BILLSWIN?,5,BILLSWIN?-5,22,CHARGERS
JERSEYBOYS411,3,JERSEYBOYS411-3,6,JAGUARS
shedy hershey,3,shedy hershey-3,22,CHARGERS
BILLSWIN?,6,BILLSWIN?-6,22,CHARGERS
JERSEYBOYS411,4,JERSEYBOYS411-4,6,JAGUARS
shedy hershey,4,shedy hershey-4,22,CHARGERS
BILLSWIN?,7,BILLSWIN?-7,22,CHARGERS
JERSEYBOYS411,5,JERSEYBOYS411-5,22,CHARGERS
shedy hershey,5,shedy hershey-5,12,STEELERS
BILLSWIN?,8,BILLSWIN?-8,22,CHARGERS
JERSEYBOYS411,6,JERSEYBOYS411-6,6,JAGUARS
shedy hershey,6,shedy hershey-6,20,LIONS
BILLSWIN?,9,BILLSWIN?-9,22,CHARGERS
JERSEYBOYS411,7,JERSEYBOYS411-7,22,CHARGERS
Sheena's pompoms,1,Sheena's pompoms-1,6,JAGUARS
BILLY GOAT BOARDROOM,1,BILLY GOAT BOARDROOM-1,6,JAGUARS
JERSEYBOYS411,8,JERSEYBOYS411-8,22,CHARGERS
Sheena's pompoms,2,Sheena's pompoms-2,6,JAGUARS
BILLY GOAT BOARDROOM,10,BILLY GOAT BOARDROOM-10,24,RAIDERS
JERSEYBOYS411,9,JERSEYBOYS411-9,22,CHARGERS
Sheena's pompoms,3,Sheena's pompoms-3,22,CHARGERS
BILLY GOAT BOARDROOM,2,BILLY GOAT BOARDROOM-2,6,JAGUARS
JERZEE3,1,JERZEE3-1,22,CHARGERS
SHEFFY,1,SHEFFY-1,22,CHARGERS
BILLY GOAT BOARDROOM,3,BILLY GOAT BOARDROOM-3,6,JAGUARS
JERZEE3,2,JERZEE3-2,6,JAGUARS
SHEFFY,10,SHEFFY-10,6,JAGUARS
BILLY GOAT BOARDROOM,4,BILLY GOAT BOARDROOM-4,6,JAGUARS
JERZEE3,3,JERZEE3-3,24,RAIDERS
SHEFFY,2,SHEFFY-2,22,CHARGERS
BILLY GOAT BOARDROOM,5,BILLY GOAT BOARDROOM-5,12,STEELERS
JERZI 13,1,JERZI 13-1,20,LIONS
SHEFFY,3,SHEFFY-3,22,CHARGERS
BILLY GOAT BOARDROOM,6,BILLY GOAT BOARDROOM-6,12,STEELERS
JERZI 13,2,JERZI 13-2,22,CHARGERS
SHEFFY,4,SHEFFY-4,6,JAGUARS
BILLY GOAT BOARDROOM,7,BILLY GOAT BOARDROOM-7,12,STEELERS
JESS,1,JESS-1,22,CHARGERS
SHEFFY,5,SHEFFY-5,6,JAGUARS
BILLY GOAT BOARDROOM,8,BILLY GOAT BOARDROOM-8,22,CHARGERS
JESSELONIS,1,JESSELONIS-1,6,JAGUARS
SHEFFY,6,SHEFFY-6,6,JAGUARS
BILLY GOAT BOARDROOM,9,BILLY GOAT BOARDROOM-9,22,CHARGERS
JESSELONIS,2,JESSELONIS-2,6,JAGUARS
SHEFFY,7,SHEFFY-7,12,STEELERS
BILLY,1,BILLY-1,24,RAIDERS
JESSELONIS,3,JESSELONIS-3,6,JAGUARS
SHEFFY,8,SHEFFY-8,12,STEELERS
BILLYRAYV-CAPRICORN,1,BILLYRAYV-CAPRICORN-1,20,LIONS
JESSELONIS,4,JESSELONIS-4,6,JAGUARS
SHEFFY,9,SHEFFY-9,12,STEELERS
BILLYRAYV-CAPRICORN,10,BILLYRAYV-CAPRICORN-10,12,STEELERS
JESSELONIS,5,JESSELONIS-5,12,STEELERS
SheinhardtWigCo,1,SheinhardtWigCo-1,6,JAGUARS
BILLYRAYV-CAPRICORN,2,BILLYRAYV-CAPRICORN-2,12,STEELERS
JESSELONIS,6,JESSELONIS-6,12,STEELERS
SheinhardtWigCo,2,SheinhardtWigCo-2,26,EAGLES
BILLYRAYV-CAPRICORN,3,BILLYRAYV-CAPRICORN-3,22,CHARGERS
JESSELONIS,7,JESSELONIS-7,12,STEELERS
SheinhardtWigCo,3,SheinhardtWigCo-3,22,CHARGERS
BILLYRAYV-CAPRICORN,4,BILLYRAYV-CAPRICORN-4,6,JAGUARS
JESSELONIS,8,JESSELONIS-8,22,CHARGERS
SheinhardtWigCo,4,SheinhardtWigCo-4,12,STEELERS
BILLYRAYV-CAPRICORN,5,BILLYRAYV-CAPRICORN-5,8,BENGALS
JESSELONIS,9,JESSELONIS-9,22,CHARGERS
SHELLZSKILLZ,1,SHELLZSKILLZ-1,22,CHARGERS
BILLYRAYV-CAPRICORN,6,BILLYRAYV-CAPRICORN-6,24,RAIDERS
JET,1,JET-1,12,STEELERS
SHELLZSKILLZ,10,SHELLZSKILLZ-10,22,CHARGERS
BILLYRAYV-CAPRICORN,7,BILLYRAYV-CAPRICORN-7,24,RAIDERS
JET,10,JET-10,6,JAGUARS
SHELLZSKILLZ,2,SHELLZSKILLZ-2,22,CHARGERS
BILLYRAYV-CAPRICORN,8,BILLYRAYV-CAPRICORN-8,12,STEELERS
JET,2,JET-2,12,STEELERS
SHELLZSKILLZ,3,SHELLZSKILLZ-3,22,CHARGERS
BILLYRAYV-CAPRICORN,9,BILLYRAYV-CAPRICORN-9,12,STEELERS
JET,3,JET-3,12,STEELERS
SHELLZSKILLZ,4,SHELLZSKILLZ-4,24,RAIDERS
bils mafia,1,bils mafia-1,12,STEELERS
JET,4,JET-4,12,STEELERS
SHELLZSKILLZ,5,SHELLZSKILLZ-5,24,RAIDERS
BING BONG,1,BING BONG-1,6,JAGUARS
JET,5,JET-5,12,STEELERS
SHELLZSKILLZ,6,SHELLZSKILLZ-6,22,CHARGERS
BING BONG,2,BING BONG-2,20,LIONS
JET,6,JET-6,6,JAGUARS
SHELLZSKILLZ,7,SHELLZSKILLZ-7,8,BENGALS
BING BONG,3,BING BONG-3,22,CHARGERS
JET,7,JET-7,6,JAGUARS
SHELLZSKILLZ,8,SHELLZSKILLZ-8,8,BENGALS
BING BONG,4,BING BONG-4,6,JAGUARS
JET,8,JET-8,6,JAGUARS
SHELLZSKILLZ,9,SHELLZSKILLZ-9,22,CHARGERS
BING BONG,5,BING BONG-5,6,JAGUARS
JET,9,JET-9,6,JAGUARS
SHEP'S ON 6TH,1,SHEP'S ON 6TH-1,6,JAGUARS
BING,1,BING-1,22,CHARGERS
JETBLACKBOLT,1,JETBLACKBOLT-1,20,LIONS
SHEP'S ON 6TH,2,SHEP'S ON 6TH-2,12,STEELERS
BIRCHWOOD LANE,1,BIRCHWOOD LANE-1,20,LIONS
JETBLACKBOLT,10,JETBLACKBOLT-10,6,JAGUARS
SHEPARD1019,1,SHEPARD1019-1,22,CHARGERS
BIRCHWOOD LANE,2,BIRCHWOOD LANE-2,20,LIONS
JETBLACKBOLT,2,JETBLACKBOLT-2,20,LIONS
SHEPARD1019,2,SHEPARD1019-2,6,JAGUARS
BIRCHWOOD LANE,3,BIRCHWOOD LANE-3,6,JAGUARS
JETBLACKBOLT,3,JETBLACKBOLT-3,20,LIONS
SHEPARD1019,3,SHEPARD1019-3,24,RAIDERS
BIRCHWOOD LANE,4,BIRCHWOOD LANE-4,12,STEELERS
JETBLACKBOLT,4,JETBLACKBOLT-4,20,LIONS
SHIBU'S ARMY,1,SHIBU'S ARMY-1,6,JAGUARS
BIRD DAWGS,1,BIRD DAWGS-1,24,RAIDERS
JETBLACKBOLT,5,JETBLACKBOLT-5,20,LIONS
SHIBU'S ARMY,2,SHIBU'S ARMY-2,22,CHARGERS
Bird,1,Bird-1,6,JAGUARS
JETBLACKBOLT,6,JETBLACKBOLT-6,6,JAGUARS
SHIMMYONTHESTRIP,1,SHIMMYONTHESTRIP-1,22,CHARGERS
BIRDGANG215,1,BIRDGANG215-1,22,CHARGERS
JETBLACKBOLT,7,JETBLACKBOLT-7,6,JAGUARS
SHINER BOCK LUCK,1,SHINER BOCK LUCK-1,6,JAGUARS
BIRDGANG215,2,BIRDGANG215-2,6,JAGUARS
JETBLACKBOLT,8,JETBLACKBOLT-8,6,JAGUARS
SHINER BOCK LUCK,10,SHINER BOCK LUCK-10,22,CHARGERS
BIRDGANG215,3,BIRDGANG215-3,22,CHARGERS
JETBLACKBOLT,9,JETBLACKBOLT-9,6,JAGUARS
SHINER BOCK LUCK,2,SHINER BOCK LUCK-2,6,JAGUARS
BIRDGANG215,4,BIRDGANG215-4,12,STEELERS
JETINO,1,JETINO-1,6,JAGUARS
SHINER BOCK LUCK,3,SHINER BOCK LUCK-3,6,JAGUARS
BIRDGANG215,5,BIRDGANG215-5,22,CHARGERS
JETPITCH,1,JETPITCH-1,22,CHARGERS
SHINER BOCK LUCK,4,SHINER BOCK LUCK-4,6,JAGUARS
BIRDIE AND OTTER,1,BIRDIE AND OTTER-1,12,STEELERS
JETPITCH,2,JETPITCH-2,20,LIONS
SHINER BOCK LUCK,5,SHINER BOCK LUCK-5,24,RAIDERS
BIRDIE AND OTTER,2,BIRDIE AND OTTER-2,22,CHARGERS
JETT,1,JETT-1,22,CHARGERS
SHINER BOCK LUCK,6,SHINER BOCK LUCK-6,22,CHARGERS
BIRDIE BARRAGE,1,BIRDIE BARRAGE-1,12,STEELERS
JETT,2,JETT-2,26,EAGLES
SHINER BOCK LUCK,7,SHINER BOCK LUCK-7,22,CHARGERS
BIRDIE BARRAGE,2,BIRDIE BARRAGE-2,12,STEELERS
JETT,3,JETT-3,12,STEELERS
SHINER BOCK LUCK,8,SHINER BOCK LUCK-8,22,CHARGERS
BIRDIE BARRAGE,3,BIRDIE BARRAGE-3,6,JAGUARS
JETT,4,JETT-4,22,CHARGERS
SHINER BOCK LUCK,9,SHINER BOCK LUCK-9,22,CHARGERS
BIRDIE BARRAGE,4,BIRDIE BARRAGE-4,6,JAGUARS
JETTT,1,JETTT-1,12,STEELERS
SHINETOWN,1,SHINETOWN-1,12,STEELERS
BIRDIE BARRAGE,5,BIRDIE BARRAGE-5,22,CHARGERS
JETTT,2,JETTT-2,22,CHARGERS
SHIPITTOSHORTY,1,SHIPITTOSHORTY-1,22,CHARGERS
BIRDIEBILL,1,BIRDIEBILL-1,6,JAGUARS
JETTT,3,JETTT-3,22,CHARGERS
SHIPITTOSHORTY,2,SHIPITTOSHORTY-2,6,JAGUARS
BIRDIEBILL,2,BIRDIEBILL-2,22,CHARGERS
JETTT,4,JETTT-4,6,JAGUARS
SHIPMETHECHIPS,1,SHIPMETHECHIPS-1,22,CHARGERS
BIRDIEBILL,3,BIRDIEBILL-3,6,JAGUARS
JETTT,5,JETTT-5,6,JAGUARS
SHIPMETHECHIPS,10,SHIPMETHECHIPS-10,8,BENGALS
BIRDS AND BUDS,1,BIRDS AND BUDS-1,22,CHARGERS
JETTT,6,JETTT-6,24,RAIDERS
SHIPMETHECHIPS,2,SHIPMETHECHIPS-2,12,STEELERS
BIRDS AND BUDS,2,BIRDS AND BUDS-2,22,CHARGERS
JETWITHJON,1,JETWITHJON-1,24,RAIDERS
SHIPMETHECHIPS,3,SHIPMETHECHIPS-3,22,CHARGERS
BIRDS AND BUDS,3,BIRDS AND BUDS-3,22,CHARGERS
JEWANDAHALFMEN,1,JEWANDAHALFMEN-1,12,STEELERS
SHIPMETHECHIPS,4,SHIPMETHECHIPS-4,22,CHARGERS
BIRDS AND BUDS,4,BIRDS AND BUDS-4,22,CHARGERS
JEWANDAHALFMEN,2,JEWANDAHALFMEN-2,12,STEELERS
SHIPMETHECHIPS,5,SHIPMETHECHIPS-5,22,CHARGERS
BIRDS AND BUDS,5,BIRDS AND BUDS-5,6,JAGUARS
JEWANDAHALFMEN,3,JEWANDAHALFMEN-3,6,JAGUARS
SHIPMETHECHIPS,6,SHIPMETHECHIPS-6,20,LIONS
BISHOPS PICKS,1,BISHOPS PICKS-1,22,CHARGERS
JEWANDAHALFMEN,4,JEWANDAHALFMEN-4,6,JAGUARS
SHIPMETHECHIPS,7,SHIPMETHECHIPS-7,20,LIONS
BISON NATION,1,BISON NATION-1,6,JAGUARS
JEWANDAHALFMEN,5,JEWANDAHALFMEN-5,24,RAIDERS
SHIPMETHECHIPS,8,SHIPMETHECHIPS-8,20,LIONS
BISON SPORTSCARDS,1,BISON SPORTSCARDS-1,22,CHARGERS
JEWANDAHALFMEN,6,JEWANDAHALFMEN-6,22,CHARGERS
SHIPMETHECHIPS,9,SHIPMETHECHIPS-9,8,BENGALS
BISON SPORTSCARDS,10,BISON SPORTSCARDS-10,8,BENGALS
JEWBETYA,1,JEWBETYA-1,22,CHARGERS
SHIPWRECK,1,SHIPWRECK-1,6,JAGUARS
BISON SPORTSCARDS,2,BISON SPORTSCARDS-2,22,CHARGERS
JEWBETYA,2,JEWBETYA-2,6,JAGUARS
SHIPWRECK,2,SHIPWRECK-2,20,LIONS
BISON SPORTSCARDS,3,BISON SPORTSCARDS-3,22,CHARGERS
JEWEL,1,JEWEL-1,22,CHARGERS
SHIPWRECK,3,SHIPWRECK-3,22,CHARGERS
BISON SPORTSCARDS,4,BISON SPORTSCARDS-4,22,CHARGERS
JEWEL,2,JEWEL-2,6,JAGUARS
SHIPWRECK,4,SHIPWRECK-4,6,JAGUARS
BISON SPORTSCARDS,5,BISON SPORTSCARDS-5,22,CHARGERS
JEWEL,3,JEWEL-3,24,RAIDERS
SHIRLEY TEMPLE,1,SHIRLEY TEMPLE-1,6,JAGUARS
BISON SPORTSCARDS,6,BISON SPORTSCARDS-6,20,LIONS
JGBUGATI,1,JGBUGATI-1,22,CHARGERS
SHIRLEY TRIPP,1,SHIRLEY TRIPP-1,24,RAIDERS
BISON SPORTSCARDS,7,BISON SPORTSCARDS-7,20,LIONS
JGBUGATI,2,JGBUGATI-2,22,CHARGERS
SHIRLEY TRIPP,2,SHIRLEY TRIPP-2,12,STEELERS
BISON SPORTSCARDS,8,BISON SPORTSCARDS-8,12,STEELERS
JGJ,1,JGJ-1,6,JAGUARS
SHNARF,1,SHNARF-1,6,JAGUARS
BISON SPORTSCARDS,9,BISON SPORTSCARDS-9,12,STEELERS
JGJ,2,JGJ-2,20,LIONS
SHNARF,2,SHNARF-2,24,RAIDERS
bitdelic bearish,1,bitdelic bearish-1,6,JAGUARS
JHBAR,1,JHBAR-1,6,JAGUARS
SHOCKANDAWE,1,SHOCKANDAWE-1,6,JAGUARS
bitdelic bearish,10,bitdelic bearish-10,20,LIONS
JHBAR,10,JHBAR-10,6,JAGUARS
SHOCKANDAWE,10,SHOCKANDAWE-10,28,VIKINGS
bitdelic bearish,2,bitdelic bearish-2,6,JAGUARS
JHBAR,2,JHBAR-2,6,JAGUARS
SHOCKANDAWE,2,SHOCKANDAWE-2,6,JAGUARS
bitdelic bearish,3,bitdelic bearish-3,6,JAGUARS
JHBAR,3,JHBAR-3,6,JAGUARS
SHOCKANDAWE,3,SHOCKANDAWE-3,6,JAGUARS
bitdelic bearish,4,bitdelic bearish-4,6,JAGUARS
JHBAR,4,JHBAR-4,6,JAGUARS
SHOCKANDAWE,4,SHOCKANDAWE-4,6,JAGUARS
bitdelic bearish,5,bitdelic bearish-5,6,JAGUARS
JHBAR,5,JHBAR-5,6,JAGUARS
SHOCKANDAWE,5,SHOCKANDAWE-5,26,EAGLES
bitdelic bearish,6,bitdelic bearish-6,20,LIONS
JHBAR,6,JHBAR-6,6,JAGUARS
SHOCKANDAWE,6,SHOCKANDAWE-6,26,EAGLES
bitdelic bearish,7,bitdelic bearish-7,20,LIONS
JHBAR,7,JHBAR-7,6,JAGUARS
SHOCKANDAWE,7,SHOCKANDAWE-7,12,STEELERS
bitdelic bearish,8,bitdelic bearish-8,20,LIONS
JHBAR,8,JHBAR-8,6,JAGUARS
SHOCKANDAWE,8,SHOCKANDAWE-8,12,STEELERS
bitdelic bearish,9,bitdelic bearish-9,20,LIONS
JHBAR,9,JHBAR-9,6,JAGUARS
SHOCKANDAWE,9,SHOCKANDAWE-9,22,CHARGERS
BitDelic,1,BitDelic-1,20,LIONS
jhn,1,jhn-1,20,LIONS
SHOES,1,SHOES-1,12,STEELERS
BitDelic,2,BitDelic-2,20,LIONS
jhn,2,jhn-2,22,CHARGERS
SHOES,10,SHOES-10,24,RAIDERS
BitDelic,3,BitDelic-3,20,LIONS
jhn,3,jhn-3,12,STEELERS
SHOES,2,SHOES-2,12,STEELERS
BitDelic,4,BitDelic-4,20,LIONS
jhn,4,jhn-4,22,CHARGERS
SHOES,3,SHOES-3,12,STEELERS
BitDelic,5,BitDelic-5,26,EAGLES
jhn,5,jhn-5,20,LIONS
SHOES,4,SHOES-4,12,STEELERS
BitDelic,6,BitDelic-6,26,EAGLES
JILLION,1,JILLION-1,24,RAIDERS
SHOES,5,SHOES-5,12,STEELERS
BitDelic,7,BitDelic-7,26,EAGLES
JILLION,2,JILLION-2,6,JAGUARS
SHOES,6,SHOES-6,12,STEELERS
BitDelic,8,BitDelic-8,26,EAGLES
Jim & Jim Gonna Win,1,Jim & Jim Gonna Win-1,12,STEELERS
SHOES,7,SHOES-7,24,RAIDERS
BIZ TRIP,1,BIZ TRIP-1,6,JAGUARS
Jim & Jim Gonna Win,2,Jim & Jim Gonna Win-2,12,STEELERS
SHOES,8,SHOES-8,24,RAIDERS
BIZ TRIP,2,BIZ TRIP-2,22,CHARGERS
JIMBO,1,JIMBO-1,22,CHARGERS
SHOES,9,SHOES-9,24,RAIDERS
BIZKIT87,1,BIZKIT87-1,6,JAGUARS
JIMBO,2,JIMBO-2,6,JAGUARS
SHOGUN85,1,SHOGUN85-1,6,JAGUARS
BIZKIT87,2,BIZKIT87-2,12,STEELERS
JIMBO,3,JIMBO-3,6,JAGUARS
SHOGUN85,2,SHOGUN85-2,12,STEELERS
BIZKIT87,3,BIZKIT87-3,22,CHARGERS
JIMBOS SIX,1,JIMBOS SIX-1,22,CHARGERS
shonkding,1,shonkding-1,6,JAGUARS
BIZKIT87,4,BIZKIT87-4,12,STEELERS
JIMBOS SIX,10,JIMBOS SIX-10,6,JAGUARS
SHOOTERMCGABBIN,1,SHOOTERMCGABBIN-1,6,JAGUARS
BIZMAN,1,BIZMAN-1,22,CHARGERS
JIMBOS SIX,2,JIMBOS SIX-2,22,CHARGERS
SHOOTERMCGABBIN,10,SHOOTERMCGABBIN-10,6,JAGUARS
BIZMAN,10,BIZMAN-10,26,EAGLES
JIMBOS SIX,3,JIMBOS SIX-3,22,CHARGERS
SHOOTERMCGABBIN,2,SHOOTERMCGABBIN-2,6,JAGUARS
BIZMAN,2,BIZMAN-2,22,CHARGERS
JIMBOS SIX,4,JIMBOS SIX-4,22,CHARGERS
SHOOTERMCGABBIN,3,SHOOTERMCGABBIN-3,6,JAGUARS
BIZMAN,3,BIZMAN-3,22,CHARGERS
JIMBOS SIX,5,JIMBOS SIX-5,22,CHARGERS
SHOOTERMCGABBIN,4,SHOOTERMCGABBIN-4,6,JAGUARS
BIZMAN,4,BIZMAN-4,22,CHARGERS
JIMBOS SIX,6,JIMBOS SIX-6,22,CHARGERS
SHOOTERMCGABBIN,5,SHOOTERMCGABBIN-5,6,JAGUARS
BIZMAN,5,BIZMAN-5,22,CHARGERS
JIMBOS SIX,7,JIMBOS SIX-7,6,JAGUARS
SHOOTERMCGABBIN,6,SHOOTERMCGABBIN-6,6,JAGUARS
BIZMAN,6,BIZMAN-6,6,JAGUARS
JIMBOS SIX,8,JIMBOS SIX-8,6,JAGUARS
SHOOTERMCGABBIN,7,SHOOTERMCGABBIN-7,6,JAGUARS
BIZMAN,7,BIZMAN-7,6,JAGUARS
JIMBOS SIX,9,JIMBOS SIX-9,6,JAGUARS
SHOOTERMCGABBIN,8,SHOOTERMCGABBIN-8,6,JAGUARS
BIZMAN,8,BIZMAN-8,6,JAGUARS
JIMBOSLICE,1,JIMBOSLICE-1,22,CHARGERS
SHOOTERMCGABBIN,9,SHOOTERMCGABBIN-9,6,JAGUARS
BIZMAN,9,BIZMAN-9,26,EAGLES
JIMBOSLICE,2,JIMBOSLICE-2,18,TITANS
SHOOTERS,1,SHOOTERS-1,6,JAGUARS
BIZZLE,1,BIZZLE-1,20,LIONS
JIMINY CRICKET,1,JIMINY CRICKET-1,6,JAGUARS
SHORR,1,SHORR-1,22,CHARGERS
BIZZLE,2,BIZZLE-2,20,LIONS
JIMINY CRICKET,2,JIMINY CRICKET-2,12,STEELERS
SHORR,10,SHORR-10,22,CHARGERS
BIZZLE,3,BIZZLE-3,20,LIONS
JIMJIA,1,JIMJIA-1,6,JAGUARS
SHORR,2,SHORR-2,22,CHARGERS
BIZZLE,4,BIZZLE-4,20,LIONS
JIMJIA,10,JIMJIA-10,18,TITANS
SHORR,3,SHORR-3,22,CHARGERS
BIZZLE,5,BIZZLE-5,20,LIONS
JIMJIA,2,JIMJIA-2,6,JAGUARS
SHORR,4,SHORR-4,22,CHARGERS
BJ4D,1,BJ4D-1,22,CHARGERS
JIMJIA,3,JIMJIA-3,6,JAGUARS
SHORR,5,SHORR-5,22,CHARGERS
BJ4D,2,BJ4D-2,20,LIONS
JIMJIA,4,JIMJIA-4,6,JAGUARS
SHORR,6,SHORR-6,22,CHARGERS
BJ4D,3,BJ4D-3,6,JAGUARS
JIMJIA,5,JIMJIA-5,22,CHARGERS
SHORR,7,SHORR-7,22,CHARGERS
BJACK,1,BJACK-1,6,JAGUARS
JIMJIA,6,JIMJIA-6,22,CHARGERS
SHORR,8,SHORR-8,22,CHARGERS
BJACK,10,BJACK-10,6,JAGUARS
JIMJIA,7,JIMJIA-7,22,CHARGERS
SHORR,9,SHORR-9,22,CHARGERS
BJACK,2,BJACK-2,6,JAGUARS
JIMJIA,8,JIMJIA-8,20,LIONS
SHOTIME,1,SHOTIME-1,6,JAGUARS
BJACK,3,BJACK-3,6,JAGUARS
JIMJIA,9,JIMJIA-9,12,STEELERS
SHOTIME,2,SHOTIME-2,22,CHARGERS
BJACK,4,BJACK-4,6,JAGUARS
JIMJIM,1,JIMJIM-1,6,JAGUARS
SHOULDATOOKDABEARS,1,SHOULDATOOKDABEARS-1,20,LIONS
BJACK,5,BJACK-5,6,JAGUARS
JIMJIM,10,JIMJIM-10,6,JAGUARS
SHOULDATOOKDABEARS,2,SHOULDATOOKDABEARS-2,12,STEELERS
BJACK,6,BJACK-6,6,JAGUARS
JIMJIM,2,JIMJIM-2,6,JAGUARS
SHOULDATOOKDABEARS,3,SHOULDATOOKDABEARS-3,12,STEELERS
BJACK,7,BJACK-7,6,JAGUARS
JIMJIM,3,JIMJIM-3,6,JAGUARS
Show 88,1,Show 88-1,22,CHARGERS
BJACK,8,BJACK-8,6,JAGUARS
JIMJIM,4,JIMJIM-4,22,CHARGERS
Show 88,2,Show 88-2,22,CHARGERS
BJACK,9,BJACK-9,6,JAGUARS
JIMJIM,5,JIMJIM-5,22,CHARGERS
Show 88,3,Show 88-3,6,JAGUARS
BJBJB,1,BJBJB-1,6,JAGUARS
JIMJIM,6,JIMJIM-6,22,CHARGERS
Show 88,4,Show 88-4,20,LIONS
BLACK 17,1,BLACK 17-1,5,BROWNS
JIMJIM,7,JIMJIM-7,20,LIONS
Show 88,5,Show 88-5,18,TITANS
BLACK 17,2,BLACK 17-2,21,CARDINALS
JIMJIM,8,JIMJIM-8,26,EAGLES
SHOW ME THE BABY,1,SHOW ME THE BABY-1,22,CHARGERS
black hole sons,1,black hole sons-1,6,JAGUARS
JIMJIM,9,JIMJIM-9,22,CHARGERS
SHOW ME YOUR TD'S,1,SHOW ME YOUR TD'S-1,6,JAGUARS
black hole sons,2,black hole sons-2,6,JAGUARS
JIMMY FOOTBALL,1,JIMMY FOOTBALL-1,12,STEELERS
SHOW ME YOUR TD'S,2,SHOW ME YOUR TD'S-2,6,JAGUARS
BLACK'S DUE,1,BLACK'S DUE-1,12,STEELERS
JIMMY FOOTBALL,2,JIMMY FOOTBALL-2,6,JAGUARS
SHOW ME YOUR TD'S,3,SHOW ME YOUR TD'S-3,22,CHARGERS
BLACK'S DUE,10,BLACK'S DUE-10,24,RAIDERS
JIMMY OTT,1,JIMMY OTT-1,6,JAGUARS
SHOW ME YOUR TD'S,4,SHOW ME YOUR TD'S-4,6,JAGUARS
BLACK'S DUE,2,BLACK'S DUE-2,12,STEELERS
JIMMY OTT,2,JIMMY OTT-2,22,CHARGERS
SHOW ME YOUR TD'S,5,SHOW ME YOUR TD'S-5,6,JAGUARS
BLACK'S DUE,3,BLACK'S DUE-3,12,STEELERS
JIMMY OTT,3,JIMMY OTT-3,6,JAGUARS
SHOW ME YOUR TD'S,6,SHOW ME YOUR TD'S-6,20,LIONS
BLACK'S DUE,4,BLACK'S DUE-4,12,STEELERS
JIMMY OTT,4,JIMMY OTT-4,24,RAIDERS
SHOW ME YOUR TD'S,7,SHOW ME YOUR TD'S-7,22,CHARGERS
BLACK'S DUE,5,BLACK'S DUE-5,12,STEELERS
JIMMY OTT,5,JIMMY OTT-5,6,JAGUARS
SHOW ME YOUR TD'S,8,SHOW ME YOUR TD'S-8,22,CHARGERS
BLACK'S DUE,6,BLACK'S DUE-6,22,CHARGERS
JIMMY OTT,6,JIMMY OTT-6,22,CHARGERS
SHOW ME YOUR TDS,1,SHOW ME YOUR TDS-1,22,CHARGERS
BLACK'S DUE,7,BLACK'S DUE-7,22,CHARGERS
JIMMY007,1,JIMMY007-1,24,RAIDERS
SHOW ME YOUR TDS,10,SHOW ME YOUR TDS-10,20,LIONS
BLACK'S DUE,8,BLACK'S DUE-8,22,CHARGERS
JIMMY007,2,JIMMY007-2,24,RAIDERS
SHOW ME YOUR TDS,2,SHOW ME YOUR TDS-2,22,CHARGERS
BLACK'S DUE,9,BLACK'S DUE-9,6,JAGUARS
JIMMY007,3,JIMMY007-3,22,CHARGERS
SHOW ME YOUR TDS,3,SHOW ME YOUR TDS-3,22,CHARGERS
BLACK,1,BLACK-1,6,JAGUARS
JIMMY1,1,JIMMY1-1,22,CHARGERS
SHOW ME YOUR TDS,4,SHOW ME YOUR TDS-4,22,CHARGERS
BLACK,2,BLACK-2,6,JAGUARS
JIMMY1,2,JIMMY1-2,6,JAGUARS
SHOW ME YOUR TDS,5,SHOW ME YOUR TDS-5,22,CHARGERS
BLACK,3,BLACK-3,6,JAGUARS
JIMMY1,3,JIMMY1-3,6,JAGUARS
SHOW ME YOUR TDS,6,SHOW ME YOUR TDS-6,20,LIONS
BLACKCATBETS,1,BLACKCATBETS-1,6,JAGUARS
JIMMYCHITWOOD,1,JIMMYCHITWOOD-1,6,JAGUARS
SHOW ME YOUR TDS,7,SHOW ME YOUR TDS-7,20,LIONS
BLACKCATBETS,2,BLACKCATBETS-2,6,JAGUARS
JIMMYDEANS BOYZ,1,JIMMYDEANS BOYZ-1,22,CHARGERS
SHOW ME YOUR TDS,8,SHOW ME YOUR TDS-8,20,LIONS
BLACKCATBETS,3,BLACKCATBETS-3,22,CHARGERS
JINKATAMAN,1,JINKATAMAN-1,20,LIONS
SHOW ME YOUR TDS,9,SHOW ME YOUR TDS-9,20,LIONS
BLACKCATBETS,4,BLACKCATBETS-4,22,CHARGERS
JJ34,1,JJ34-1,6,JAGUARS
ShowMeTheMoney,1,ShowMeTheMoney-1,22,CHARGERS
BLACKCATBETS,5,BLACKCATBETS-5,6,JAGUARS
JJ5160,1,JJ5160-1,8,BENGALS
SHOWTIME,1,SHOWTIME-1,6,JAGUARS
BLACKDOG27,1,BLACKDOG27-1,22,CHARGERS
JJ5160,10,JJ5160-10,22,CHARGERS
SHOWTIME,2,SHOWTIME-2,12,STEELERS
BLACKDOG27,2,BLACKDOG27-2,6,JAGUARS
JJ5160,2,JJ5160-2,22,CHARGERS
SHOWTIME,3,SHOWTIME-3,24,RAIDERS
BLACKHAWK 98,1,BLACKHAWK 98-1,12,STEELERS
JJ5160,3,JJ5160-3,6,JAGUARS
SHREK,1,SHREK-1,12,STEELERS
BLACKSHIRTS,1,BLACKSHIRTS-1,22,CHARGERS
JJ5160,4,JJ5160-4,12,STEELERS
SHREK,10,SHREK-10,6,JAGUARS
BLACKSHIRTS,2,BLACKSHIRTS-2,12,STEELERS
JJ5160,5,JJ5160-5,6,JAGUARS
SHREK,2,SHREK-2,12,STEELERS
BLACKWINGJOHNNY,1,BLACKWINGJOHNNY-1,6,JAGUARS
JJ5160,6,JJ5160-6,24,RAIDERS
SHREK,3,SHREK-3,12,STEELERS
BLADE MAN,1,BLADE MAN-1,6,JAGUARS
JJ5160,7,JJ5160-7,12,STEELERS
SHREK,4,SHREK-4,26,EAGLES
BLADE MAN,2,BLADE MAN-2,12,STEELERS
JJ5160,8,JJ5160-8,20,LIONS
SHREK,5,SHREK-5,26,EAGLES
BLAIR VOYANCE,1,BLAIR VOYANCE-1,22,CHARGERS
JJ5160,9,JJ5160-9,8,BENGALS
SHREK,6,SHREK-6,20,LIONS
BLAIR VOYANCE,2,BLAIR VOYANCE-2,22,CHARGERS
JJANGIE,1,JJANGIE-1,22,CHARGERS
SHREK,7,SHREK-7,20,LIONS
BLAIR VOYANCE,3,BLAIR VOYANCE-3,6,JAGUARS
JJANGIE,2,JJANGIE-2,12,STEELERS
SHREK,8,SHREK-8,20,LIONS
BLAIR'S BEARS,1,BLAIR'S BEARS-1,6,JAGUARS
JJARVIS117,1,JJARVIS117-1,22,CHARGERS
SHREK,9,SHREK-9,6,JAGUARS
BLAKES$BET$,1,BLAKES$BET$-1,22,CHARGERS
JJARVIS117,2,JJARVIS117-2,6,JAGUARS
SHRIMP BOYS,1,SHRIMP BOYS-1,8,BENGALS
blanco diablo,1,blanco diablo-1,6,JAGUARS
JJARVIS117,3,JJARVIS117-3,8,BENGALS
SHRIMP BOYS,10,SHRIMP BOYS-10,18,TITANS
blanco diablo,2,blanco diablo-2,22,CHARGERS
JJARVIS117,4,JJARVIS117-4,12,STEELERS
SHRIMP BOYS,2,SHRIMP BOYS-2,8,BENGALS
BLAZER,1,BLAZER-1,22,CHARGERS
JJARVIS117,5,JJARVIS117-5,26,EAGLES
SHRIMP BOYS,3,SHRIMP BOYS-3,12,STEELERS
BLAZERS,1,BLAZERS-1,22,CHARGERS
JJARVIS117,6,JJARVIS117-6,9,RAVENS
SHRIMP BOYS,4,SHRIMP BOYS-4,12,STEELERS
BLAZERS,2,BLAZERS-2,6,JAGUARS
JJARVIS117,7,JJARVIS117-7,17,JETS
SHRIMP BOYS,5,SHRIMP BOYS-5,6,JAGUARS
BLAZIN SCHWARTZ,1,BLAZIN SCHWARTZ-1,6,JAGUARS
JJB GROUP,1,JJB GROUP-1,12,STEELERS
SHRIMP BOYS,6,SHRIMP BOYS-6,6,JAGUARS
BLAZIN SCHWARTZ,2,BLAZIN SCHWARTZ-2,24,RAIDERS
JJL ACTION NFL,1,JJL ACTION NFL-1,22,CHARGERS
SHRIMP BOYS,7,SHRIMP BOYS-7,20,LIONS
BLAZIN SCHWARTZ,3,BLAZIN SCHWARTZ-3,22,CHARGERS
JJL,1,JJL-1,20,LIONS
SHRIMP BOYS,8,SHRIMP BOYS-8,20,LIONS
BLAZIN SCHWARTZ,4,BLAZIN SCHWARTZ-4,30,GIANTS
JJL,10,JJL-10,24,RAIDERS
SHRIMP BOYS,9,SHRIMP BOYS-9,22,CHARGERS
Bleacher Bums,1,Bleacher Bums-1,12,STEELERS
JJL,2,JJL-2,20,LIONS
Shuni,1,Shuni-1,6,JAGUARS
Bleacher Bums,2,Bleacher Bums-2,6,JAGUARS
JJL,3,JJL-3,20,LIONS
Shuni,2,Shuni-2,12,STEELERS
BLESSED888,1,BLESSED888-1,6,JAGUARS
JJL,4,JJL-4,20,LIONS
SIBLING SHENANIGANS,1,SIBLING SHENANIGANS-1,12,STEELERS
BLESSED888,2,BLESSED888-2,22,CHARGERS
JJL,5,JJL-5,20,LIONS
Sicilian Salamis,1,Sicilian Salamis-1,22,CHARGERS
BLESSEDINTEXAS,1,BLESSEDINTEXAS-1,22,CHARGERS
JJL,6,JJL-6,24,RAIDERS
Sicilian Salamis,2,Sicilian Salamis-2,6,JAGUARS
BLESSEDINTEXAS,2,BLESSEDINTEXAS-2,6,JAGUARS
JJL,7,JJL-7,24,RAIDERS
Sicilian Salamis,3,Sicilian Salamis-3,24,RAIDERS
BLITZ 819,1,BLITZ 819-1,22,CHARGERS
JJL,8,JJL-8,24,RAIDERS
SICK4761,1,SICK4761-1,12,STEELERS
BLITZ 819,2,BLITZ 819-2,22,CHARGERS
JJL,9,JJL-9,24,RAIDERS
SICK4761,2,SICK4761-2,6,JAGUARS
BLITZ 819,3,BLITZ 819-3,6,JAGUARS
JJLAMBIE33,1,JJLAMBIE33-1,22,CHARGERS
SICK4761,3,SICK4761-3,22,CHARGERS
BLITZALLNIGHT,1,BLITZALLNIGHT-1,22,CHARGERS
JJLAMBIE33,2,JJLAMBIE33-2,22,CHARGERS
SIDE ACTION,1,SIDE ACTION-1,22,CHARGERS
BLITZALLNIGHT,2,BLITZALLNIGHT-2,12,STEELERS
JJLAMBIE33,3,JJLAMBIE33-3,20,LIONS
SIDE ACTION,2,SIDE ACTION-2,22,CHARGERS
BLITZZ3,1,BLITZZ3-1,6,JAGUARS
JJLAMBIE33,4,JJLAMBIE33-4,6,JAGUARS
SIDE ACTION,3,SIDE ACTION-3,22,CHARGERS
BLITZZ3,2,BLITZZ3-2,22,CHARGERS
JJMD,1,JJMD-1,22,CHARGERS
SIDE ACTION,4,SIDE ACTION-4,6,JAGUARS
BLITZZ3,3,BLITZZ3-3,6,JAGUARS
jjr llc,1,jjr llc-1,22,CHARGERS
SIDE ACTION,5,SIDE ACTION-5,6,JAGUARS
blizzyblaine,1,blizzyblaine-1,6,JAGUARS
jjr llc,2,jjr llc-2,6,JAGUARS
Side Pieces,1,Side Pieces-1,22,CHARGERS
blizzyblaine,2,blizzyblaine-2,6,JAGUARS
jjr llc,3,jjr llc-3,20,LIONS
Side Pieces,2,Side Pieces-2,22,CHARGERS
blizzyblaine,3,blizzyblaine-3,22,CHARGERS
jkeating,1,jkeating-1,6,JAGUARS
Side Pieces,3,Side Pieces-3,20,LIONS
blizzyblaine,4,blizzyblaine-4,12,STEELERS
jkeating,10,jkeating-10,6,JAGUARS
Side Pieces,4,Side Pieces-4,6,JAGUARS
BLMK,1,BLMK-1,12,STEELERS
jkeating,2,jkeating-2,6,JAGUARS
Side Pieces,5,Side Pieces-5,12,STEELERS
BLMK,2,BLMK-2,22,CHARGERS
jkeating,3,jkeating-3,6,JAGUARS
SIDEWINDERS,1,SIDEWINDERS-1,6,JAGUARS
Bloomtide,1,Bloomtide-1,6,JAGUARS
jkeating,4,jkeating-4,6,JAGUARS
SIDEWINDERS,2,SIDEWINDERS-2,6,JAGUARS
BLUE & GOLD BRIGADE,1,BLUE & GOLD BRIGADE-1,6,JAGUARS
jkeating,5,jkeating-5,6,JAGUARS
SIGS INSIDE,1,SIGS INSIDE-1,22,CHARGERS
BLUE 2389,1,BLUE 2389-1,6,JAGUARS
jkeating,6,jkeating-6,6,JAGUARS
SIGS INSIDE,2,SIGS INSIDE-2,20,LIONS
BLUE 2389,10,BLUE 2389-10,24,RAIDERS
jkeating,7,jkeating-7,6,JAGUARS
SILBERBULLET,1,SILBERBULLET-1,12,STEELERS
BLUE 2389,2,BLUE 2389-2,6,JAGUARS
jkeating,8,jkeating-8,6,JAGUARS
SILBERQUEEN,1,SILBERQUEEN-1,20,LIONS
BLUE 2389,3,BLUE 2389-3,6,JAGUARS
jkeating,9,jkeating-9,6,JAGUARS
SILKY SMOOD BEAR,1,SILKY SMOOD BEAR-1,22,CHARGERS
BLUE 2389,4,BLUE 2389-4,6,JAGUARS
JKS2026,1,JKS2026-1,12,STEELERS
Silow,1,Silow-1,12,STEELERS
BLUE 2389,5,BLUE 2389-5,22,CHARGERS
JL3MD,1,JL3MD-1,22,CHARGERS
Silow,2,Silow-2,6,JAGUARS
BLUE 2389,6,BLUE 2389-6,22,CHARGERS
JL3MD,2,JL3MD-2,22,CHARGERS
Silow,3,Silow-3,22,CHARGERS
BLUE 2389,7,BLUE 2389-7,12,STEELERS
JL3MD,3,JL3MD-3,20,LIONS
Silow,4,Silow-4,22,CHARGERS
BLUE 2389,8,BLUE 2389-8,12,STEELERS
JLJT,1,JLJT-1,24,RAIDERS
Silow,5,Silow-5,22,CHARGERS
BLUE 2389,9,BLUE 2389-9,20,LIONS
JLJT,2,JLJT-2,12,STEELERS
Silow,6,Silow-6,24,RAIDERS
BLUE BAYOU,1,BLUE BAYOU-1,22,CHARGERS
JLJT,3,JLJT-3,6,JAGUARS
SILVERWAY,1,SILVERWAY-1,6,JAGUARS
BLUE BAYOU,2,BLUE BAYOU-2,20,LIONS
JLJT,4,JLJT-4,22,CHARGERS
SILVERWAY,2,SILVERWAY-2,6,JAGUARS
BLUE BAYOU,3,BLUE BAYOU-3,12,STEELERS
JLLXYD,1,JLLXYD-1,22,CHARGERS
SILVERWAY,3,SILVERWAY-3,12,STEELERS
BLUE BAYOU,4,BLUE BAYOU-4,6,JAGUARS
JMACCOTTAGE,1,JMACCOTTAGE-1,12,STEELERS
SIM MONSTER,1,SIM MONSTER-1,22,CHARGERS
BLUE BAYOU,5,BLUE BAYOU-5,22,CHARGERS
JMACCOTTAGE,10,JMACCOTTAGE-10,22,CHARGERS
SINAMOBED,1,SINAMOBED-1,20,LIONS
BLUE BAYOU,6,BLUE BAYOU-6,12,STEELERS
JMACCOTTAGE,2,JMACCOTTAGE-2,24,RAIDERS
SINAMOBED,10,SINAMOBED-10,20,LIONS
BLUE BIRD,1,BLUE BIRD-1,2,SEAHAWKS
JMACCOTTAGE,3,JMACCOTTAGE-3,20,LIONS
SINAMOBED,2,SINAMOBED-2,20,LIONS
BLUE BIRD,10,BLUE BIRD-10,2,SEAHAWKS
JMACCOTTAGE,4,JMACCOTTAGE-4,6,JAGUARS
SINAMOBED,3,SINAMOBED-3,20,LIONS
BLUE BIRD,2,BLUE BIRD-2,2,SEAHAWKS
JMACCOTTAGE,5,JMACCOTTAGE-5,22,CHARGERS
SINAMOBED,4,SINAMOBED-4,20,LIONS
BLUE BIRD,3,BLUE BIRD-3,2,SEAHAWKS
JMACCOTTAGE,6,JMACCOTTAGE-6,22,CHARGERS
SINAMOBED,5,SINAMOBED-5,20,LIONS
BLUE BIRD,4,BLUE BIRD-4,2,SEAHAWKS
JMACCOTTAGE,7,JMACCOTTAGE-7,22,CHARGERS
SINAMOBED,6,SINAMOBED-6,20,LIONS
BLUE BIRD,5,BLUE BIRD-5,2,SEAHAWKS
JMACCOTTAGE,8,JMACCOTTAGE-8,20,LIONS
SINAMOBED,7,SINAMOBED-7,20,LIONS
BLUE BIRD,6,BLUE BIRD-6,2,SEAHAWKS
JMACCOTTAGE,9,JMACCOTTAGE-9,20,LIONS
SINAMOBED,8,SINAMOBED-8,20,LIONS
BLUE BIRD,7,BLUE BIRD-7,2,SEAHAWKS
JMAN,1,JMAN-1,22,CHARGERS
SINAMOBED,9,SINAMOBED-9,20,LIONS
BLUE BIRD,8,BLUE BIRD-8,2,SEAHAWKS
JMAN,2,JMAN-2,6,JAGUARS
SINCITYSURVIVORS,1,SINCITYSURVIVORS-1,6,JAGUARS
BLUE BIRD,9,BLUE BIRD-9,2,SEAHAWKS
JMBH336,1,JMBH336-1,6,JAGUARS
SINCITYSURVIVORS,10,SINCITYSURVIVORS-10,18,TITANS
BLUE BLOODS,1,BLUE BLOODS-1,6,JAGUARS
JMC SURVIVOR,1,JMC SURVIVOR-1,6,JAGUARS
SINCITYSURVIVORS,2,SINCITYSURVIVORS-2,6,JAGUARS
BLUE HAMMER,1,BLUE HAMMER-1,22,CHARGERS
JMC SURVIVOR,2,JMC SURVIVOR-2,22,CHARGERS
SINCITYSURVIVORS,3,SINCITYSURVIVORS-3,6,JAGUARS
blue jackets,1,blue jackets-1,22,CHARGERS
JMKMRK,1,JMKMRK-1,6,JAGUARS
SINCITYSURVIVORS,4,SINCITYSURVIVORS-4,12,STEELERS
Blue Jay Way,1,Blue Jay Way-1,6,JAGUARS
JMP,1,JMP-1,22,CHARGERS
SINCITYSURVIVORS,5,SINCITYSURVIVORS-5,12,STEELERS
Blue Jay Way,10,Blue Jay Way-10,12,STEELERS
JMP,10,JMP-10,22,CHARGERS
SINCITYSURVIVORS,6,SINCITYSURVIVORS-6,12,STEELERS
Blue Jay Way,2,Blue Jay Way-2,6,JAGUARS
JMP,2,JMP-2,22,CHARGERS
SINCITYSURVIVORS,7,SINCITYSURVIVORS-7,26,EAGLES
Blue Jay Way,3,Blue Jay Way-3,6,JAGUARS
JMP,3,JMP-3,22,CHARGERS
SINCITYSURVIVORS,8,SINCITYSURVIVORS-8,26,EAGLES
Blue Jay Way,4,Blue Jay Way-4,6,JAGUARS
JMP,4,JMP-4,22,CHARGERS
SINCITYSURVIVORS,9,SINCITYSURVIVORS-9,6,JAGUARS
Blue Jay Way,5,Blue Jay Way-5,6,JAGUARS
JMP,5,JMP-5,22,CHARGERS
SINGH HORTONS,1,SINGH HORTONS-1,22,CHARGERS
Blue Jay Way,6,Blue Jay Way-6,6,JAGUARS
JMP,6,JMP-6,22,CHARGERS
SINGH HORTONS,10,SINGH HORTONS-10,22,CHARGERS
Blue Jay Way,7,Blue Jay Way-7,6,JAGUARS
JMP,7,JMP-7,22,CHARGERS
SINGH HORTONS,2,SINGH HORTONS-2,22,CHARGERS
Blue Jay Way,8,Blue Jay Way-8,6,JAGUARS
JMP,8,JMP-8,22,CHARGERS
SINGH HORTONS,3,SINGH HORTONS-3,22,CHARGERS
Blue Jay Way,9,Blue Jay Way-9,12,STEELERS
JMP,9,JMP-9,22,CHARGERS
SINGH HORTONS,4,SINGH HORTONS-4,22,CHARGERS
BLUE PHANTOM,1,BLUE PHANTOM-1,22,CHARGERS
JNICH1223,1,JNICH1223-1,6,JAGUARS
SINGH HORTONS,5,SINGH HORTONS-5,22,CHARGERS
BLUE PHANTOM,2,BLUE PHANTOM-2,8,BENGALS
JNICH1223,10,JNICH1223-10,20,LIONS
SINGH HORTONS,6,SINGH HORTONS-6,22,CHARGERS
BLUE PHANTOM,3,BLUE PHANTOM-3,22,CHARGERS
JNICH1223,2,JNICH1223-2,20,LIONS
SINGH HORTONS,7,SINGH HORTONS-7,22,CHARGERS
BLUE PHANTOM,4,BLUE PHANTOM-4,6,JAGUARS
JNICH1223,3,JNICH1223-3,20,LIONS
SINGH HORTONS,8,SINGH HORTONS-8,22,CHARGERS
BLUE PHANTOM,5,BLUE PHANTOM-5,22,CHARGERS
JNICH1223,4,JNICH1223-4,20,LIONS
SINGH HORTONS,9,SINGH HORTONS-9,22,CHARGERS
BLUE PHANTOM,6,BLUE PHANTOM-6,6,JAGUARS
JNICH1223,5,JNICH1223-5,20,LIONS
SINGULARITY,1,SINGULARITY-1,6,JAGUARS
BLUEBERRY BULLDOGS,1,BLUEBERRY BULLDOGS-1,6,JAGUARS
JNICH1223,6,JNICH1223-6,20,LIONS
SIP,1,SIP-1,22,CHARGERS
BLUEBERRY BULLDOGS,2,BLUEBERRY BULLDOGS-2,12,STEELERS
JNICH1223,7,JNICH1223-7,20,LIONS
SIR BARK A LOT,1,SIR BARK A LOT-1,22,CHARGERS
BLUEBERRY BULLDOGS,3,BLUEBERRY BULLDOGS-3,24,RAIDERS
JNICH1223,8,JNICH1223-8,20,LIONS
SIR BARK A LOT,10,SIR BARK A LOT-10,6,JAGUARS
BLUECHIP,1,BLUECHIP-1,20,LIONS
JNICH1223,9,JNICH1223-9,20,LIONS
SIR BARK A LOT,2,SIR BARK A LOT-2,22,CHARGERS
BLUECHIP,2,BLUECHIP-2,6,JAGUARS
JOB HOLDINGS,1,JOB HOLDINGS-1,22,CHARGERS
SIR BARK A LOT,3,SIR BARK A LOT-3,20,LIONS
BLUECHIP,3,BLUECHIP-3,6,JAGUARS
jobu vibes,1,jobu vibes-1,22,CHARGERS
SIR BARK A LOT,4,SIR BARK A LOT-4,20,LIONS
BLUECHIP,4,BLUECHIP-4,12,STEELERS
jobu vibes,2,jobu vibes-2,12,STEELERS
SIR BARK A LOT,5,SIR BARK A LOT-5,6,JAGUARS
BLUECOINS,1,BLUECOINS-1,22,CHARGERS
JOE'S PICK'S,1,JOE'S PICK'S-1,22,CHARGERS
SIR BARK A LOT,6,SIR BARK A LOT-6,12,STEELERS
BLUECOINS,2,BLUECOINS-2,22,CHARGERS
JOE'S PICK'S,2,JOE'S PICK'S-2,22,CHARGERS
SIR BARK A LOT,7,SIR BARK A LOT-7,12,STEELERS
BLUECOINS,3,BLUECOINS-3,20,LIONS
JOE'S PICK'S,3,JOE'S PICK'S-3,22,CHARGERS
SIR BARK A LOT,8,SIR BARK A LOT-8,22,CHARGERS
BLUECOINS,4,BLUECOINS-4,6,JAGUARS
JOE'S PICK'S,4,JOE'S PICK'S-4,6,JAGUARS
SIR BARK A LOT,9,SIR BARK A LOT-9,12,STEELERS
BLUECOINS,5,BLUECOINS-5,22,CHARGERS
JOE'S PICK'S,5,JOE'S PICK'S-5,6,JAGUARS
SIR_BOOMS,1,SIR_BOOMS-1,20,LIONS
Bluefront,1,Bluefront-1,6,JAGUARS
JOE'S PICK'S,6,JOE'S PICK'S-6,6,JAGUARS
SIX DUMB GUYS,1,SIX DUMB GUYS-1,6,JAGUARS
Bluefront,10,Bluefront-10,22,CHARGERS
JOE'S PICK'S,7,JOE'S PICK'S-7,20,LIONS
SIX DUMB GUYS,2,SIX DUMB GUYS-2,22,CHARGERS
Bluefront,2,Bluefront-2,6,JAGUARS
JOE'S PICK'S,8,JOE'S PICK'S-8,22,CHARGERS
SIX DUMB GUYS,3,SIX DUMB GUYS-3,6,JAGUARS
Bluefront,3,Bluefront-3,6,JAGUARS
JOEFITZ,1,JOEFITZ-1,22,CHARGERS
SIX FEET UNDER,1,SIX FEET UNDER-1,6,JAGUARS
Bluefront,4,Bluefront-4,6,JAGUARS
JOELLE,1,JOELLE-1,20,LIONS
SIX TO MIDNIGHT,1,SIX TO MIDNIGHT-1,12,STEELERS
Bluefront,5,Bluefront-5,15,BEARS
JOELLE,10,JOELLE-10,20,LIONS
SJB24KT,1,SJB24KT-1,6,JAGUARS
Bluefront,6,Bluefront-6,15,BEARS
JOELLE,2,JOELLE-2,20,LIONS
SJB24KT,2,SJB24KT-2,6,JAGUARS
Bluefront,7,Bluefront-7,12,STEELERS
JOELLE,3,JOELLE-3,20,LIONS
SJB24KT,3,SJB24KT-3,22,CHARGERS
Bluefront,8,Bluefront-8,12,STEELERS
JOELLE,4,JOELLE-4,20,LIONS
SJB24KT,4,SJB24KT-4,22,CHARGERS
Bluefront,9,Bluefront-9,9,RAVENS
JOELLE,5,JOELLE-5,20,LIONS
SJC009,1,SJC009-1,6,JAGUARS
BLUEGRASS BOYS,1,BLUEGRASS BOYS-1,22,CHARGERS
JOELLE,6,JOELLE-6,20,LIONS
SJC009,2,SJC009-2,6,JAGUARS
BLUEGRASS BOYS,10,BLUEGRASS BOYS-10,24,RAIDERS
JOELLE,7,JOELLE-7,20,LIONS
SJC009,3,SJC009-3,12,STEELERS
BLUEGRASS BOYS,2,BLUEGRASS BOYS-2,22,CHARGERS
JOELLE,8,JOELLE-8,20,LIONS
SJKING,1,SJKING-1,20,LIONS
BLUEGRASS BOYS,3,BLUEGRASS BOYS-3,12,STEELERS
JOELLE,9,JOELLE-9,20,LIONS
SJKING,2,SJKING-2,6,JAGUARS
BLUEGRASS BOYS,4,BLUEGRASS BOYS-4,12,STEELERS
JOEMOE,1,JOEMOE-1,6,JAGUARS
SJM STABLE,1,SJM STABLE-1,22,CHARGERS
BLUEGRASS BOYS,5,BLUEGRASS BOYS-5,12,STEELERS
JOEMOE,2,JOEMOE-2,6,JAGUARS
SJR Express,1,SJR Express-1,6,JAGUARS
BLUEGRASS BOYS,6,BLUEGRASS BOYS-6,12,STEELERS
JOENAMATHSBARTAB,1,JOENAMATHSBARTAB-1,22,CHARGERS
SJR Express,2,SJR Express-2,22,CHARGERS
BLUEGRASS BOYS,7,BLUEGRASS BOYS-7,20,LIONS
JOESOLDDIRTYBEDPAN,1,JOESOLDDIRTYBEDPAN-1,12,STEELERS
SJR Express,3,SJR Express-3,12,STEELERS
BLUEGRASS BOYS,8,BLUEGRASS BOYS-8,20,LIONS
JOEY VEGAS,1,JOEY VEGAS-1,6,JAGUARS
sjr4l,1,sjr4l-1,12,STEELERS
BLUEGRASS BOYS,9,BLUEGRASS BOYS-9,24,RAIDERS
JOEY VEGAS,2,JOEY VEGAS-2,6,JAGUARS
sjr4l,2,sjr4l-2,6,JAGUARS
BLUEHEN6,1,BLUEHEN6-1,22,CHARGERS
JOHN ANTHONY,1,JOHN ANTHONY-1,22,CHARGERS
sjr4l,3,sjr4l-3,6,JAGUARS
BLUEHEN6,2,BLUEHEN6-2,22,CHARGERS
JOHN ANTHONY,10,JOHN ANTHONY-10,6,JAGUARS
SKAM,1,SKAM-1,12,STEELERS
BLUEHEN6,3,BLUEHEN6-3,22,CHARGERS
JOHN ANTHONY,2,JOHN ANTHONY-2,6,JAGUARS
SKANLESS,1,SKANLESS-1,6,JAGUARS
BLUEHEN6,4,BLUEHEN6-4,22,CHARGERS
JOHN ANTHONY,3,JOHN ANTHONY-3,24,RAIDERS
SKATTEDOOG,1,SKATTEDOOG-1,6,JAGUARS
BLUEHEN6,5,BLUEHEN6-5,22,CHARGERS
JOHN ANTHONY,4,JOHN ANTHONY-4,12,STEELERS
SKEEPERS,1,SKEEPERS-1,22,CHARGERS
BLUEHEN6,6,BLUEHEN6-6,22,CHARGERS
JOHN ANTHONY,5,JOHN ANTHONY-5,24,RAIDERS
SKEEPERS,2,SKEEPERS-2,22,CHARGERS
BLUEHORSESHOE,1,BLUEHORSESHOE-1,22,CHARGERS
JOHN ANTHONY,6,JOHN ANTHONY-6,6,JAGUARS
SKEEPERS,3,SKEEPERS-3,6,JAGUARS
BLUEHORSESHOE,2,BLUEHORSESHOE-2,12,STEELERS
JOHN ANTHONY,7,JOHN ANTHONY-7,22,CHARGERS
SKEEPERS,4,SKEEPERS-4,12,STEELERS
BLUEHORSESHOE,3,BLUEHORSESHOE-3,22,CHARGERS
JOHN ANTHONY,8,JOHN ANTHONY-8,6,JAGUARS
SKEEPERS,5,SKEEPERS-5,22,CHARGERS
BLUEHORSESHOE,4,BLUEHORSESHOE-4,6,JAGUARS
JOHN ANTHONY,9,JOHN ANTHONY-9,22,CHARGERS
SKEEPERS,6,SKEEPERS-6,22,CHARGERS
Bluemarlin 77,1,Bluemarlin 77-1,12,STEELERS
JOHN CHARLES,1,JOHN CHARLES-1,6,JAGUARS
Skelly,1,Skelly-1,12,STEELERS
Bluemarlin 77,2,Bluemarlin 77-2,24,RAIDERS
JOHN CHARLES,10,JOHN CHARLES-10,12,STEELERS
SKI BISCUIT,1,SKI BISCUIT-1,6,JAGUARS
Bluemarlin 77,3,Bluemarlin 77-3,26,EAGLES
JOHN CHARLES,2,JOHN CHARLES-2,6,JAGUARS
SKILLY 10,1,SKILLY 10-1,22,CHARGERS
BLUEONETWO,1,BLUEONETWO-1,24,RAIDERS
JOHN CHARLES,3,JOHN CHARLES-3,6,JAGUARS
SKILLY 10,10,SKILLY 10-10,22,CHARGERS
blunt man,1,blunt man-1,8,BENGALS
JOHN CHARLES,4,JOHN CHARLES-4,6,JAGUARS
SKILLY 10,2,SKILLY 10-2,22,CHARGERS
blunt man,2,blunt man-2,12,STEELERS
JOHN CHARLES,5,JOHN CHARLES-5,6,JAGUARS
SKILLY 10,3,SKILLY 10-3,22,CHARGERS
blunt man,3,blunt man-3,12,STEELERS
JOHN CHARLES,6,JOHN CHARLES-6,6,JAGUARS
SKILLY 10,4,SKILLY 10-4,6,JAGUARS
BLUNTMAN,1,BLUNTMAN-1,1,PATRIOTS
JOHN CHARLES,7,JOHN CHARLES-7,6,JAGUARS
SKILLY 10,5,SKILLY 10-5,6,JAGUARS
BLUNTMAN,2,BLUNTMAN-2,1,PATRIOTS
JOHN CHARLES,8,JOHN CHARLES-8,12,STEELERS
SKILLY 10,6,SKILLY 10-6,24,RAIDERS
BLUNTMAN,3,BLUNTMAN-3,12,STEELERS
JOHN CHARLES,9,JOHN CHARLES-9,12,STEELERS
SKILLY 10,7,SKILLY 10-7,22,CHARGERS
BLUNTMAN,4,BLUNTMAN-4,12,STEELERS
John Chinnock,1,John Chinnock-1,6,JAGUARS
SKILLY 10,8,SKILLY 10-8,6,JAGUARS
BLUNTMAN,5,BLUNTMAN-5,22,CHARGERS
John Chinnock,2,John Chinnock-2,6,JAGUARS
SKILLY 10,9,SKILLY 10-9,24,RAIDERS
BLUNTMAN,6,BLUNTMAN-6,22,CHARGERS
John Chinnock,3,John Chinnock-3,6,JAGUARS
SKILLZ2TRILL,1,SKILLZ2TRILL-1,6,JAGUARS
BLUNTMAN,7,BLUNTMAN-7,22,CHARGERS
JOHN HOJO,1,JOHN HOJO-1,12,STEELERS
SKILLZ2TRILL,2,SKILLZ2TRILL-2,6,JAGUARS
BLUNTMAN,8,BLUNTMAN-8,22,CHARGERS
JOHN HOJO,10,JOHN HOJO-10,24,RAIDERS
SKILLZ2TRILL,3,SKILLZ2TRILL-3,24,RAIDERS
BLUNTMAN,9,BLUNTMAN-9,22,CHARGERS
JOHN HOJO,2,JOHN HOJO-2,12,STEELERS
SKILLZ2TRILL,4,SKILLZ2TRILL-4,26,EAGLES
BLUST,1,BLUST-1,6,JAGUARS
JOHN HOJO,3,JOHN HOJO-3,12,STEELERS
SKILLZ2TRILL,5,SKILLZ2TRILL-5,26,EAGLES
BLUST,2,BLUST-2,6,JAGUARS
JOHN HOJO,4,JOHN HOJO-4,12,STEELERS
SKILLZ2TRILL,6,SKILLZ2TRILL-6,12,STEELERS
BLUST,3,BLUST-3,22,CHARGERS
JOHN HOJO,5,JOHN HOJO-5,22,CHARGERS
SKILLZ2TRILL,7,SKILLZ2TRILL-7,18,TITANS
BMAN,1,BMAN-1,22,CHARGERS
JOHN HOJO,6,JOHN HOJO-6,22,CHARGERS
SKILLZDATKILLZ,1,SKILLZDATKILLZ-1,22,CHARGERS
BMAN,10,BMAN-10,6,JAGUARS
JOHN HOJO,7,JOHN HOJO-7,6,JAGUARS
SKINS_0404,1,SKINS_0404-1,6,JAGUARS
BMAN,2,BMAN-2,22,CHARGERS
JOHN HOJO,8,JOHN HOJO-8,6,JAGUARS
SKIP TO MY LOU,1,SKIP TO MY LOU-1,12,STEELERS
BMAN,3,BMAN-3,22,CHARGERS
JOHN HOJO,9,JOHN HOJO-9,6,JAGUARS
SKITCUSE,1,SKITCUSE-1,22,CHARGERS
BMAN,4,BMAN-4,22,CHARGERS
JOHN LEE,1,JOHN LEE-1,6,JAGUARS
SKOL 8080,1,SKOL 8080-1,22,CHARGERS
BMAN,5,BMAN-5,22,CHARGERS
JOHN LEE,2,JOHN LEE-2,12,STEELERS
SKOL SQUAD,1,SKOL SQUAD-1,6,JAGUARS
BMAN,6,BMAN-6,6,JAGUARS
JOHN LEE,3,JOHN LEE-3,6,JAGUARS
SKOL SQUAD,2,SKOL SQUAD-2,22,CHARGERS
BMAN,7,BMAN-7,6,JAGUARS
JOHN LEE,4,JOHN LEE-4,6,JAGUARS
SKOL SQUAD,3,SKOL SQUAD-3,12,STEELERS
BMAN,8,BMAN-8,6,JAGUARS
JOHN LEE,5,JOHN LEE-5,12,STEELERS
SKOL SQUAD,4,SKOL SQUAD-4,18,TITANS
BMAN,9,BMAN-9,6,JAGUARS
JOHN LEE,6,JOHN LEE-6,22,CHARGERS
SKOL,1,SKOL-1,12,STEELERS
Bman058,1,Bman058-1,12,STEELERS
JOHN LEE,7,JOHN LEE-7,6,JAGUARS
SKOL,2,SKOL-2,22,CHARGERS
BMANGI,1,BMANGI-1,22,CHARGERS
JOHN MERLYN,1,JOHN MERLYN-1,22,CHARGERS
SKOL87,1,SKOL87-1,22,CHARGERS
BMANGI,2,BMANGI-2,6,JAGUARS
JOHN MERLYN,2,JOHN MERLYN-2,20,LIONS
SKOL9792,1,SKOL9792-1,6,JAGUARS
BMANGI,3,BMANGI-3,6,JAGUARS
JOHN MERLYN,3,JOHN MERLYN-3,20,LIONS
SKOL9792,10,SKOL9792-10,24,RAIDERS
BMANGI,4,BMANGI-4,22,CHARGERS
JOHN MERLYN,4,JOHN MERLYN-4,12,STEELERS
SKOL9792,2,SKOL9792-2,6,JAGUARS
BMANGI,5,BMANGI-5,6,JAGUARS
JOHN RAMBO III,1,JOHN RAMBO III-1,12,STEELERS
SKOL9792,3,SKOL9792-3,18,TITANS
BMCKEON,1,BMCKEON-1,22,CHARGERS
JOHN RAMBO III,2,JOHN RAMBO III-2,22,CHARGERS
SKOL9792,4,SKOL9792-4,6,JAGUARS
BMFS,1,BMFS-1,22,CHARGERS
JOHN333,1,JOHN333-1,22,CHARGERS
SKOL9792,5,SKOL9792-5,22,CHARGERS
BMFS,2,BMFS-2,22,CHARGERS
JOHN333,2,JOHN333-2,6,JAGUARS
SKOL9792,6,SKOL9792-6,24,RAIDERS
BMFS,3,BMFS-3,12,STEELERS
JOHN333,3,JOHN333-3,22,CHARGERS
SKOL9792,7,SKOL9792-7,6,JAGUARS
BMFS,4,BMFS-4,12,STEELERS
JOHNBOB BETPANTS,1,JOHNBOB BETPANTS-1,6,JAGUARS
SKOL9792,8,SKOL9792-8,6,JAGUARS
BMFS,5,BMFS-5,20,LIONS
JOHNBOB BETPANTS,10,JOHNBOB BETPANTS-10,6,JAGUARS
SKOL9792,9,SKOL9792-9,6,JAGUARS
BMiller1632,1,BMiller1632-1,6,JAGUARS
JOHNBOB BETPANTS,2,JOHNBOB BETPANTS-2,6,JAGUARS
Skolcrushers,1,Skolcrushers-1,6,JAGUARS
Bmoakler,1,Bmoakler-1,6,JAGUARS
JOHNBOB BETPANTS,3,JOHNBOB BETPANTS-3,6,JAGUARS
Skolcrushers,2,Skolcrushers-2,20,LIONS
Bmoakler,2,Bmoakler-2,22,CHARGERS
JOHNBOB BETPANTS,4,JOHNBOB BETPANTS-4,6,JAGUARS
Skolcrushers,3,Skolcrushers-3,22,CHARGERS
BMTS,1,BMTS-1,22,CHARGERS
JOHNBOB BETPANTS,5,JOHNBOB BETPANTS-5,6,JAGUARS
SKOLLELUJAH,1,SKOLLELUJAH-1,22,CHARGERS
BMTS,2,BMTS-2,6,JAGUARS
JOHNBOB BETPANTS,6,JOHNBOB BETPANTS-6,6,JAGUARS
SKORCHED,1,SKORCHED-1,22,CHARGERS
BMTS,3,BMTS-3,18,TITANS
JOHNBOB BETPANTS,7,JOHNBOB BETPANTS-7,6,JAGUARS
SKORCHED,10,SKORCHED-10,24,RAIDERS
BMTS,4,BMTS-4,12,STEELERS
JOHNBOB BETPANTS,8,JOHNBOB BETPANTS-8,6,JAGUARS
SKORCHED,2,SKORCHED-2,22,CHARGERS
BMTS,5,BMTS-5,18,TITANS
JOHNBOB BETPANTS,9,JOHNBOB BETPANTS-9,6,JAGUARS
SKORCHED,3,SKORCHED-3,22,CHARGERS
BNZ,1,BNZ-1,6,JAGUARS
JOHNIVEGAS,1,JOHNIVEGAS-1,15,BEARS
SKORCHED,4,SKORCHED-4,6,JAGUARS
BNZ,10,BNZ-10,6,JAGUARS
JOHNIVEGAS,10,JOHNIVEGAS-10,22,CHARGERS
SKORCHED,5,SKORCHED-5,6,JAGUARS
BNZ,2,BNZ-2,6,JAGUARS
JOHNIVEGAS,2,JOHNIVEGAS-2,20,LIONS
SKORCHED,6,SKORCHED-6,22,CHARGERS
BNZ,3,BNZ-3,6,JAGUARS
JOHNIVEGAS,3,JOHNIVEGAS-3,20,LIONS
SKORCHED,7,SKORCHED-7,22,CHARGERS
BNZ,4,BNZ-4,6,JAGUARS
JOHNIVEGAS,4,JOHNIVEGAS-4,20,LIONS
SKORCHED,8,SKORCHED-8,24,RAIDERS
BNZ,5,BNZ-5,6,JAGUARS
JOHNIVEGAS,5,JOHNIVEGAS-5,22,CHARGERS
SKORCHED,9,SKORCHED-9,24,RAIDERS
BNZ,6,BNZ-6,9,RAVENS
JOHNIVEGAS,6,JOHNIVEGAS-6,22,CHARGERS
SKORNELY 97,1,SKORNELY 97-1,6,JAGUARS
BNZ,7,BNZ-7,29,COWBOYS
JOHNIVEGAS,7,JOHNIVEGAS-7,18,TITANS
SKORNELY 97,2,SKORNELY 97-2,9,RAVENS
BNZ,8,BNZ-8,17,JETS
JOHNIVEGAS,8,JOHNIVEGAS-8,29,COWBOYS
SKYBILL,1,SKYBILL-1,15,BEARS
BNZ,9,BNZ-9,29,COWBOYS
JOHNIVEGAS,9,JOHNIVEGAS-9,6,JAGUARS
SKYBILL,2,SKYBILL-2,20,LIONS
bo knows picks,1,bo knows picks-1,12,STEELERS
JOHNLEEJOHNLEEJOHN,1,JOHNLEEJOHNLEEJOHN-1,6,JAGUARS
SKYBILL,3,SKYBILL-3,6,JAGUARS
bo knows picks,2,bo knows picks-2,12,STEELERS
JOHNLEEJOHNLEEJOHN,2,JOHNLEEJOHNLEEJOHN-2,12,STEELERS
SKYBILL,4,SKYBILL-4,6,JAGUARS
bo knows picks,3,bo knows picks-3,12,STEELERS
JOHNLEEJOHNLEEJOHN,3,JOHNLEEJOHNLEEJOHN-3,22,CHARGERS
skysthelimit,1,skysthelimit-1,12,STEELERS
bo knows picks,4,bo knows picks-4,12,STEELERS
JOHNNY BRAVO,1,JOHNNY BRAVO-1,6,JAGUARS
skysthelimit,10,skysthelimit-10,22,CHARGERS
bo knows picks,5,bo knows picks-5,12,STEELERS
JOHNNY BRAVO,2,JOHNNY BRAVO-2,6,JAGUARS
skysthelimit,2,skysthelimit-2,20,LIONS
BO MONEY BO PROBLEMS,1,BO MONEY BO PROBLEMS-1,12,STEELERS
JOHNNY BRAVO,3,JOHNNY BRAVO-3,20,LIONS
skysthelimit,3,skysthelimit-3,20,LIONS
BO'S PICKS,1,BO'S PICKS-1,12,STEELERS
JOHNNY BRAVO,4,JOHNNY BRAVO-4,22,CHARGERS
skysthelimit,4,skysthelimit-4,6,JAGUARS
BO,1,BO-1,6,JAGUARS
Johnny Lawrence,1,Johnny Lawrence-1,24,RAIDERS
skysthelimit,5,skysthelimit-5,6,JAGUARS
BO,2,BO-2,24,RAIDERS
JOHNNY POP,1,JOHNNY POP-1,6,JAGUARS
skysthelimit,6,skysthelimit-6,6,JAGUARS
BO,3,BO-3,6,JAGUARS
JOHNNY UTAH,1,JOHNNY UTAH-1,6,JAGUARS
skysthelimit,7,skysthelimit-7,22,CHARGERS
BO-NERDS,1,BO-NERDS-1,6,JAGUARS
JOHNNY UTAH,2,JOHNNY UTAH-2,22,CHARGERS
skysthelimit,8,skysthelimit-8,22,CHARGERS
BO-NERDS,2,BO-NERDS-2,6,JAGUARS
JOHNNYNUMBERS,1,JOHNNYNUMBERS-1,6,JAGUARS
skysthelimit,9,skysthelimit-9,22,CHARGERS
BO-NERDS,3,BO-NERDS-3,22,CHARGERS
JOHNNYUTAH73,1,JOHNNYUTAH73-1,12,STEELERS
SLANT555,1,SLANT555-1,22,CHARGERS
BOB THE BRICKLAYER,1,BOB THE BRICKLAYER-1,24,RAIDERS
JOHNNYUTAH73,2,JOHNNYUTAH73-2,22,CHARGERS
Sleeb74,1,Sleeb74-1,24,RAIDERS
BOB,1,BOB-1,6,JAGUARS
JOHNNYUTAH73,3,JOHNNYUTAH73-3,26,EAGLES
Sleeb74,2,Sleeb74-2,24,RAIDERS
BOB,2,BOB-2,6,JAGUARS
JOHNSHAZEYISLAND,1,JOHNSHAZEYISLAND-1,22,CHARGERS
Sleeb74,3,Sleeb74-3,22,CHARGERS
BOB,3,BOB-3,6,JAGUARS
JOHNSHAZEYISLAND,2,JOHNSHAZEYISLAND-2,6,JAGUARS
Sleeb74,4,Sleeb74-4,22,CHARGERS
BOB,4,BOB-4,12,STEELERS
JOHNSON,1,JOHNSON-1,6,JAGUARS
Sleeb74,5,Sleeb74-5,6,JAGUARS
BOB,5,BOB-5,12,STEELERS
JOHNSON,2,JOHNSON-2,20,LIONS
Sleeb74,6,Sleeb74-6,6,JAGUARS
Boba Bender,1,Boba Bender-1,22,CHARGERS
JOHNSON,3,JOHNSON-3,6,JAGUARS
sleeper syndicate,1,sleeper syndicate-1,22,CHARGERS
Boba Bender,10,Boba Bender-10,22,CHARGERS
JOHNSON,4,JOHNSON-4,12,STEELERS
sleeper syndicate,10,sleeper syndicate-10,24,RAIDERS
Boba Bender,2,Boba Bender-2,22,CHARGERS
JOHNSON,5,JOHNSON-5,12,STEELERS
sleeper syndicate,2,sleeper syndicate-2,22,CHARGERS
Boba Bender,3,Boba Bender-3,22,CHARGERS
JoJoBEANS1,1,JoJoBEANS1-1,22,CHARGERS
sleeper syndicate,3,sleeper syndicate-3,22,CHARGERS
Boba Bender,4,Boba Bender-4,22,CHARGERS
Jolvey,1,Jolvey-1,22,CHARGERS
sleeper syndicate,4,sleeper syndicate-4,6,JAGUARS
Boba Bender,5,Boba Bender-5,22,CHARGERS
JON CACKER,1,JON CACKER-1,6,JAGUARS
sleeper syndicate,5,sleeper syndicate-5,6,JAGUARS
Boba Bender,6,Boba Bender-6,22,CHARGERS
JON CACKER,2,JON CACKER-2,22,CHARGERS
sleeper syndicate,6,sleeper syndicate-6,12,STEELERS
Boba Bender,7,Boba Bender-7,22,CHARGERS
JON-JON,1,JON-JON-1,6,JAGUARS
sleeper syndicate,7,sleeper syndicate-7,12,STEELERS
Boba Bender,8,Boba Bender-8,22,CHARGERS
JON-JON,2,JON-JON-2,24,RAIDERS
sleeper syndicate,8,sleeper syndicate-8,26,EAGLES
Boba Bender,9,Boba Bender-9,22,CHARGERS
JONAH LOVE,1,JONAH LOVE-1,12,STEELERS
sleeper syndicate,9,sleeper syndicate-9,20,LIONS
BOBBLE GUMP,1,BOBBLE GUMP-1,6,JAGUARS
JONAH LOVE,2,JONAH LOVE-2,22,CHARGERS
SLEEPY,1,SLEEPY-1,6,JAGUARS
BOBBLE GUMP,2,BOBBLE GUMP-2,22,CHARGERS
JONI D 2006,1,JONI D 2006-1,22,CHARGERS
SLEEPY,10,SLEEPY-10,22,CHARGERS
BOBBY BUCKETS,1,BOBBY BUCKETS-1,6,JAGUARS
JONI D 2006,2,JONI D 2006-2,6,JAGUARS
SLEEPY,2,SLEEPY-2,6,JAGUARS
BOBBY BUCKETS,10,BOBBY BUCKETS-10,24,RAIDERS
JONI D 2006,3,JONI D 2006-3,12,STEELERS
SLEEPY,3,SLEEPY-3,6,JAGUARS
BOBBY BUCKETS,2,BOBBY BUCKETS-2,6,JAGUARS
JONNYONTHEBLOCK72,1,JONNYONTHEBLOCK72-1,22,CHARGERS
SLEEPY,4,SLEEPY-4,6,JAGUARS
BOBBY BUCKETS,3,BOBBY BUCKETS-3,6,JAGUARS
JORDEN-W,1,JORDEN-W-1,6,JAGUARS
SLEEPY,5,SLEEPY-5,6,JAGUARS
BOBBY BUCKETS,4,BOBBY BUCKETS-4,6,JAGUARS
JOSEPH C,1,JOSEPH C-1,12,STEELERS
SLEEPY,6,SLEEPY-6,22,CHARGERS
BOBBY BUCKETS,5,BOBBY BUCKETS-5,6,JAGUARS
JOSH ALLENS BOOKIE,1,JOSH ALLENS BOOKIE-1,6,JAGUARS
SLEEPY,7,SLEEPY-7,22,CHARGERS
BOBBY BUCKETS,6,BOBBY BUCKETS-6,6,JAGUARS
JOSH IN RENO,1,JOSH IN RENO-1,12,STEELERS
SLEEPY,8,SLEEPY-8,22,CHARGERS
BOBBY BUCKETS,7,BOBBY BUCKETS-7,22,CHARGERS
JOSH IN RENO,2,JOSH IN RENO-2,12,STEELERS
SLEEPY,9,SLEEPY-9,22,CHARGERS
BOBBY BUCKETS,8,BOBBY BUCKETS-8,22,CHARGERS
JOSH IN RENO,3,JOSH IN RENO-3,22,CHARGERS
SLICED BREAD,1,SLICED BREAD-1,22,CHARGERS
BOBBY BUCKETS,9,BOBBY BUCKETS-9,24,RAIDERS
JOSH IN RENO,4,JOSH IN RENO-4,22,CHARGERS
SLICK RICK 11,1,SLICK RICK 11-1,6,JAGUARS
BOBBY FOFA,1,BOBBY FOFA-1,6,JAGUARS
JOSH IN RENO,5,JOSH IN RENO-5,6,JAGUARS
SLICK RICK 11,2,SLICK RICK 11-2,6,JAGUARS
BOBBY FOFA,2,BOBBY FOFA-2,22,CHARGERS
Josh Nagel,1,Josh Nagel-1,6,JAGUARS
SLICK RICK 11,3,SLICK RICK 11-3,6,JAGUARS
BOBBY LOCO,1,BOBBY LOCO-1,6,JAGUARS
JOSHUA SCHOTT,1,JOSHUA SCHOTT-1,6,JAGUARS
SLICK RICKS PICKS,1,SLICK RICKS PICKS-1,22,CHARGERS
BOBBY LOCO,2,BOBBY LOCO-2,22,CHARGERS
JOSHUA SCHOTT,2,JOSHUA SCHOTT-2,6,JAGUARS
SLICK RICKS PICKS,10,SLICK RICKS PICKS-10,6,JAGUARS
BOBBY LYTE,1,BOBBY LYTE-1,6,JAGUARS
JOSHUA SCHOTT,3,JOSHUA SCHOTT-3,6,JAGUARS
SLICK RICKS PICKS,2,SLICK RICKS PICKS-2,22,CHARGERS
BOBBY LYTE,2,BOBBY LYTE-2,6,JAGUARS
JOSIEJACKPOT,1,JOSIEJACKPOT-1,6,JAGUARS
SLICK RICKS PICKS,3,SLICK RICKS PICKS-3,22,CHARGERS
BOBBY T,1,BOBBY T-1,6,JAGUARS
JOSIEJACKPOT,10,JOSIEJACKPOT-10,6,JAGUARS
SLICK RICKS PICKS,4,SLICK RICKS PICKS-4,6,JAGUARS
BOBBY T,10,BOBBY T-10,22,CHARGERS
JOSIEJACKPOT,2,JOSIEJACKPOT-2,6,JAGUARS
SLICK RICKS PICKS,5,SLICK RICKS PICKS-5,6,JAGUARS
BOBBY T,2,BOBBY T-2,6,JAGUARS
JOSIEJACKPOT,3,JOSIEJACKPOT-3,6,JAGUARS
SLICK RICKS PICKS,6,SLICK RICKS PICKS-6,6,JAGUARS
BOBBY T,3,BOBBY T-3,20,LIONS
JOSIEJACKPOT,4,JOSIEJACKPOT-4,6,JAGUARS
SLICK RICKS PICKS,7,SLICK RICKS PICKS-7,6,JAGUARS
BOBBY T,4,BOBBY T-4,6,JAGUARS
JOSIEJACKPOT,5,JOSIEJACKPOT-5,6,JAGUARS
SLICK RICKS PICKS,8,SLICK RICKS PICKS-8,12,STEELERS
BOBBY T,5,BOBBY T-5,6,JAGUARS
JOSIEJACKPOT,6,JOSIEJACKPOT-6,6,JAGUARS
SLICK RICKS PICKS,9,SLICK RICKS PICKS-9,6,JAGUARS
BOBBY T,6,BOBBY T-6,20,LIONS
JOSIEJACKPOT,7,JOSIEJACKPOT-7,6,JAGUARS
SLIME SPORTS,1,SLIME SPORTS-1,22,CHARGERS
BOBBY T,7,BOBBY T-7,22,CHARGERS
JOSIEJACKPOT,8,JOSIEJACKPOT-8,6,JAGUARS
SLIME SPORTS,2,SLIME SPORTS-2,22,CHARGERS
BOBBY T,8,BOBBY T-8,6,JAGUARS
JOSIEJACKPOT,9,JOSIEJACKPOT-9,6,JAGUARS
SLIME SPORTS,3,SLIME SPORTS-3,6,JAGUARS
BOBBY T,9,BOBBY T-9,6,JAGUARS
JOWANA,1,JOWANA-1,22,CHARGERS
SLIME SPORTS,4,SLIME SPORTS-4,12,STEELERS
Bobcats,1,Bobcats-1,6,JAGUARS
JOWANA,10,JOWANA-10,6,JAGUARS
SLIME SPORTS,5,SLIME SPORTS-5,24,RAIDERS
Bobcats,2,Bobcats-2,22,CHARGERS
JOWANA,2,JOWANA-2,22,CHARGERS
SLIMSHADY76,1,SLIMSHADY76-1,6,JAGUARS
BOBEAULV,1,BOBEAULV-1,12,STEELERS
JOWANA,3,JOWANA-3,6,JAGUARS
SLIPCOUNTERBARRY,1,SLIPCOUNTERBARRY-1,6,JAGUARS
BOBEAULV,2,BOBEAULV-2,22,CHARGERS
JOWANA,4,JOWANA-4,6,JAGUARS
SLIPCOUNTERBARRY,10,SLIPCOUNTERBARRY-10,6,JAGUARS
BOBEAULV,3,BOBEAULV-3,20,LIONS
JOWANA,5,JOWANA-5,6,JAGUARS
SLIPCOUNTERBARRY,2,SLIPCOUNTERBARRY-2,6,JAGUARS
BOBEAULV,4,BOBEAULV-4,6,JAGUARS
JOWANA,6,JOWANA-6,6,JAGUARS
SLIPCOUNTERBARRY,3,SLIPCOUNTERBARRY-3,6,JAGUARS
BOBEAULV,5,BOBEAULV-5,24,RAIDERS
JOWANA,7,JOWANA-7,6,JAGUARS
SLIPCOUNTERBARRY,4,SLIPCOUNTERBARRY-4,6,JAGUARS
BOBMAN44,1,BOBMAN44-1,6,JAGUARS
JOWANA,8,JOWANA-8,6,JAGUARS
SLIPCOUNTERBARRY,5,SLIPCOUNTERBARRY-5,6,JAGUARS
BOBNWEAVE,1,BOBNWEAVE-1,24,RAIDERS
JOWANA,9,JOWANA-9,6,JAGUARS
SLIPCOUNTERBARRY,6,SLIPCOUNTERBARRY-6,6,JAGUARS
BOCA BOYS,1,BOCA BOYS-1,6,JAGUARS
JOY RIDE,1,JOY RIDE-1,22,CHARGERS
SLIPCOUNTERBARRY,7,SLIPCOUNTERBARRY-7,6,JAGUARS
BOCA BOYS,2,BOCA BOYS-2,6,JAGUARS
JOY RIDE,10,JOY RIDE-10,22,CHARGERS
SLIPCOUNTERBARRY,8,SLIPCOUNTERBARRY-8,6,JAGUARS
BOCA BOYS,3,BOCA BOYS-3,12,STEELERS
JOY RIDE,2,JOY RIDE-2,22,CHARGERS
SLIPCOUNTERBARRY,9,SLIPCOUNTERBARRY-9,6,JAGUARS
BOCA BOYS,4,BOCA BOYS-4,20,LIONS
JOY RIDE,3,JOY RIDE-3,22,CHARGERS
SLIPPERY BOYS,1,SLIPPERY BOYS-1,6,JAGUARS
BOCA BOYS,5,BOCA BOYS-5,24,RAIDERS
JOY RIDE,4,JOY RIDE-4,22,CHARGERS
SLIPPERY BOYS,2,SLIPPERY BOYS-2,22,CHARGERS
BOCA BOYS,6,BOCA BOYS-6,26,EAGLES
JOY RIDE,5,JOY RIDE-5,22,CHARGERS
SLIPPERY,1,SLIPPERY-1,6,JAGUARS
BODSQUAD14,1,BODSQUAD14-1,22,CHARGERS
JOY RIDE,6,JOY RIDE-6,22,CHARGERS
SLIPPERY,2,SLIPPERY-2,22,CHARGERS
BOEBECCA2016,1,BOEBECCA2016-1,12,STEELERS
JOY RIDE,7,JOY RIDE-7,22,CHARGERS
SLMDZL,1,SLMDZL-1,6,JAGUARS
BOFF,1,BOFF-1,6,JAGUARS
JOY RIDE,8,JOY RIDE-8,22,CHARGERS
SLMDZL,2,SLMDZL-2,22,CHARGERS
BOFF,2,BOFF-2,22,CHARGERS
JOY RIDE,9,JOY RIDE-9,22,CHARGERS
SLMDZL,3,SLMDZL-3,20,LIONS
BOGGS 72,1,BOGGS 72-1,26,EAGLES
JP'S JAGS,1,JP'S JAGS-1,6,JAGUARS
SLMDZL,4,SLMDZL-4,6,JAGUARS
BOGGS059,1,BOGGS059-1,22,CHARGERS
JP'S JAGS,2,JP'S JAGS-2,26,EAGLES
Sloane,1,Sloane-1,6,JAGUARS
BOGLES,1,BOGLES-1,6,JAGUARS
JP'S ROOF,1,JP'S ROOF-1,6,JAGUARS
Sloane22,1,Sloane22-1,22,CHARGERS
BOGLES,2,BOGLES-2,22,CHARGERS
JP2026,1,JP2026-1,6,JAGUARS
Sloane22,10,Sloane22-10,6,JAGUARS
BOGLES,3,BOGLES-3,22,CHARGERS
JPERILLO15,1,JPERILLO15-1,9,RAVENS
Sloane22,2,Sloane22-2,22,CHARGERS
BOILERUP L2K,1,BOILERUP L2K-1,22,CHARGERS
JPGERM,1,JPGERM-1,6,JAGUARS
Sloane22,3,Sloane22-3,22,CHARGERS
BOILERUP L2K,2,BOILERUP L2K-2,6,JAGUARS
JPGERM,2,JPGERM-2,12,STEELERS
Sloane22,4,Sloane22-4,22,CHARGERS
BOILERUP L2K,3,BOILERUP L2K-3,12,STEELERS
JPGERM,3,JPGERM-3,12,STEELERS
Sloane22,5,Sloane22-5,22,CHARGERS
BOILERUP L2K,4,BOILERUP L2K-4,22,CHARGERS
jpmart,1,jpmart-1,6,JAGUARS
Sloane22,6,Sloane22-6,22,CHARGERS
BOINGY BOIS,1,BOINGY BOIS-1,22,CHARGERS
JQPHAM08,1,JQPHAM08-1,22,CHARGERS
Sloane22,7,Sloane22-7,12,STEELERS
BOISE LIONS,1,BOISE LIONS-1,22,CHARGERS
JQPHAM08,10,JQPHAM08-10,22,CHARGERS
Sloane22,8,Sloane22-8,12,STEELERS
BOISE LIONS,2,BOISE LIONS-2,12,STEELERS
JQPHAM08,2,JQPHAM08-2,22,CHARGERS
Sloane22,9,Sloane22-9,20,LIONS
BOJACK,1,BOJACK-1,12,STEELERS
JQPHAM08,3,JQPHAM08-3,22,CHARGERS
Slomant,1,Slomant-1,12,STEELERS
BOJACK,2,BOJACK-2,22,CHARGERS
JQPHAM08,4,JQPHAM08-4,22,CHARGERS
SLOMO,1,SLOMO-1,6,JAGUARS
BOJACK,3,BOJACK-3,24,RAIDERS
JQPHAM08,5,JQPHAM08-5,22,CHARGERS
SLOMO,2,SLOMO-2,6,JAGUARS
BOJACK,4,BOJACK-4,12,STEELERS
JQPHAM08,6,JQPHAM08-6,22,CHARGERS
SLOMO,3,SLOMO-3,22,CHARGERS
BOJACK,5,BOJACK-5,24,RAIDERS
JQPHAM08,7,JQPHAM08-7,22,CHARGERS
SLOPPY SECONDS,1,SLOPPY SECONDS-1,6,JAGUARS
BOJACK,6,BOJACK-6,20,LIONS
JQPHAM08,8,JQPHAM08-8,22,CHARGERS
SLOPPY SECONDS,2,SLOPPY SECONDS-2,22,CHARGERS
BOKNOWS,1,BOKNOWS-1,22,CHARGERS
JQPHAM08,9,JQPHAM08-9,22,CHARGERS
SLOPPY SECONDS,3,SLOPPY SECONDS-3,22,CHARGERS
BOLIEVE,1,BOLIEVE-1,12,STEELERS
JR TRADERS,1,JR TRADERS-1,22,CHARGERS
SLOTHY,1,SLOTHY-1,6,JAGUARS
BOLIEVERS,1,BOLIEVERS-1,12,STEELERS
JR TRADERS,10,JR TRADERS-10,20,LIONS
SLOTHY,2,SLOTHY-2,12,STEELERS
BOLIEVERS,2,BOLIEVERS-2,12,STEELERS
JR TRADERS,2,JR TRADERS-2,22,CHARGERS
SLOTTED TECHNICIANS,1,SLOTTED TECHNICIANS-1,6,JAGUARS
BOLIEVERS,3,BOLIEVERS-3,26,EAGLES
JR TRADERS,3,JR TRADERS-3,22,CHARGERS
SLPR-RT,1,SLPR-RT-1,6,JAGUARS
BOLIEVERS,4,BOLIEVERS-4,26,EAGLES
JR TRADERS,4,JR TRADERS-4,22,CHARGERS
SLPR-RT,2,SLPR-RT-2,6,JAGUARS
BOLIEVERS,5,BOLIEVERS-5,15,BEARS
JR TRADERS,5,JR TRADERS-5,22,CHARGERS
SLPR-RT,3,SLPR-RT-3,12,STEELERS
BOLIEVERS,6,BOLIEVERS-6,9,RAVENS
JR TRADERS,6,JR TRADERS-6,22,CHARGERS
SLS,1,SLS-1,6,JAGUARS
BOLT UP 80,1,BOLT UP 80-1,6,JAGUARS
JR TRADERS,7,JR TRADERS-7,22,CHARGERS
SLS,2,SLS-2,6,JAGUARS
BOLT UP 80,10,BOLT UP 80-10,22,CHARGERS
JR TRADERS,8,JR TRADERS-8,20,LIONS
SLS,3,SLS-3,22,CHARGERS
BOLT UP 80,2,BOLT UP 80-2,6,JAGUARS
JR TRADERS,9,JR TRADERS-9,20,LIONS
SLS,4,SLS-4,22,CHARGERS
BOLT UP 80,3,BOLT UP 80-3,6,JAGUARS
JR0727,1,JR0727-1,6,JAGUARS
SLUGGERS,1,SLUGGERS-1,22,CHARGERS
BOLT UP 80,4,BOLT UP 80-4,12,STEELERS
JR0727,2,JR0727-2,6,JAGUARS
SlyGuy,1,SlyGuy-1,12,STEELERS
BOLT UP 80,5,BOLT UP 80-5,12,STEELERS
JR0727,3,JR0727-3,6,JAGUARS
SlyGuy,2,SlyGuy-2,22,CHARGERS
BOLT UP 80,6,BOLT UP 80-6,22,CHARGERS
JR0727,4,JR0727-4,12,STEELERS
SMACKDOWN$$,1,SMACKDOWN$$-1,22,CHARGERS
BOLT UP 80,7,BOLT UP 80-7,22,CHARGERS
JRE TYPE 1,1,JRE TYPE 1-1,6,JAGUARS
SMACKDOWN,1,SMACKDOWN-1,6,JAGUARS
BOLT UP 80,8,BOLT UP 80-8,22,CHARGERS
JREY806,1,JREY806-1,12,STEELERS
SMACKDOWN,2,SMACKDOWN-2,22,CHARGERS
BOLT UP 80,9,BOLT UP 80-9,22,CHARGERS
JRRL EXPRESS,1,JRRL EXPRESS-1,20,LIONS
SMACKY12,1,SMACKY12-1,6,JAGUARS
BOLT UP!,1,BOLT UP!-1,12,STEELERS
JRRL EXPRESS,2,JRRL EXPRESS-2,22,CHARGERS
SMALL FRY,1,SMALL FRY-1,2,SEAHAWKS
BOLT UP!,10,BOLT UP!-10,22,CHARGERS
JRU917,1,JRU917-1,6,JAGUARS
SMALL FRY,10,SMALL FRY-10,20,LIONS
BOLT UP!,2,BOLT UP!-2,12,STEELERS
JRUFFS,1,JRUFFS-1,6,JAGUARS
SMALL FRY,2,SMALL FRY-2,2,SEAHAWKS
BOLT UP!,3,BOLT UP!-3,12,STEELERS
JRUFFS,10,JRUFFS-10,20,LIONS
SMALL FRY,3,SMALL FRY-3,2,SEAHAWKS
BOLT UP!,4,BOLT UP!-4,12,STEELERS
JRUFFS,2,JRUFFS-2,6,JAGUARS
SMALL FRY,4,SMALL FRY-4,2,SEAHAWKS
BOLT UP!,5,BOLT UP!-5,12,STEELERS
JRUFFS,3,JRUFFS-3,6,JAGUARS
SMALL FRY,5,SMALL FRY-5,6,JAGUARS
BOLT UP!,6,BOLT UP!-6,12,STEELERS
JRUFFS,4,JRUFFS-4,6,JAGUARS
SMALL FRY,6,SMALL FRY-6,6,JAGUARS
BOLT UP!,7,BOLT UP!-7,12,STEELERS
JRUFFS,5,JRUFFS-5,6,JAGUARS
SMALL FRY,7,SMALL FRY-7,6,JAGUARS
BOLT UP!,8,BOLT UP!-8,12,STEELERS
JRUFFS,6,JRUFFS-6,12,STEELERS
SMALL FRY,8,SMALL FRY-8,6,JAGUARS
BOLT UP!,9,BOLT UP!-9,22,CHARGERS
JRUFFS,7,JRUFFS-7,12,STEELERS
SMALL FRY,9,SMALL FRY-9,20,LIONS
bonecephus,1,bonecephus-1,24,RAIDERS
JRUFFS,8,JRUFFS-8,12,STEELERS
SMASHED LIZARDS,1,SMASHED LIZARDS-1,12,STEELERS
bonecephus,2,bonecephus-2,6,JAGUARS
JRUFFS,9,JRUFFS-9,20,LIONS
SMASHED LIZARDS,2,SMASHED LIZARDS-2,22,CHARGERS
bonecephus,3,bonecephus-3,6,JAGUARS
JSIN,1,JSIN-1,6,JAGUARS
SMASHED LIZARDS,3,SMASHED LIZARDS-3,6,JAGUARS
BONECRUSHERS,1,BONECRUSHERS-1,6,JAGUARS
JSIN,2,JSIN-2,22,CHARGERS
SMELLERDAWGS,1,SMELLERDAWGS-1,12,STEELERS
BONHAM ALAMO,1,BONHAM ALAMO-1,12,STEELERS
JSIN,3,JSIN-3,6,JAGUARS
SMFC,1,SMFC-1,20,LIONS
BONHAM ALAMO,2,BONHAM ALAMO-2,22,CHARGERS
JSIN,4,JSIN-4,22,CHARGERS
SMFC,2,SMFC-2,22,CHARGERS
BONHAM ALAMO,3,BONHAM ALAMO-3,22,CHARGERS
JSIN,5,JSIN-5,24,RAIDERS
SMFC,3,SMFC-3,12,STEELERS
BONZ BROS,1,BONZ BROS-1,22,CHARGERS
JStockfish,1,JStockfish-1,6,JAGUARS
SMFC,4,SMFC-4,6,JAGUARS
BONZ2,1,BONZ2-1,20,LIONS
JStockfish,2,JStockfish-2,6,JAGUARS
SMFC,5,SMFC-5,6,JAGUARS
BONZ2,2,BONZ2-2,6,JAGUARS
JStockfish,3,JStockfish-3,6,JAGUARS
SMITHVILLE SQUAD,1,SMITHVILLE SQUAD-1,22,CHARGERS
BOO BOO BOOEY,1,BOO BOO BOOEY-1,22,CHARGERS
JStockfish,4,JStockfish-4,6,JAGUARS
SMITHVILLE SQUAD,2,SMITHVILLE SQUAD-2,6,JAGUARS
BOO BOO BOOEY,2,BOO BOO BOOEY-2,22,CHARGERS
JStockfish,5,JStockfish-5,6,JAGUARS
SMITTY,1,SMITTY-1,22,CHARGERS
BOO BOO BOOEY,3,BOO BOO BOOEY-3,6,JAGUARS
JStockfish,6,JStockfish-6,6,JAGUARS
SMITTY,2,SMITTY-2,6,JAGUARS
BOO BOO BOOEY,4,BOO BOO BOOEY-4,12,STEELERS
JStockfish,7,JStockfish-7,22,CHARGERS
SMK SPORTS,1,SMK SPORTS-1,22,CHARGERS
BOOKED,1,BOOKED-1,22,CHARGERS
JStockfish,8,JStockfish-8,22,CHARGERS
SMK SPORTS,2,SMK SPORTS-2,22,CHARGERS
Bookie Bros,1,Bookie Bros-1,22,CHARGERS
JT COMIN,1,JT COMIN-1,6,JAGUARS
SMK SPORTS,3,SMK SPORTS-3,22,CHARGERS
BOOKIEMONSTER1987,1,BOOKIEMONSTER1987-1,6,JAGUARS
JT MONEY,1,JT MONEY-1,22,CHARGERS
SMK SPORTS,4,SMK SPORTS-4,6,JAGUARS
BOOMBOOMCIA023,1,BOOMBOOMCIA023-1,6,JAGUARS
JT MONEY,10,JT MONEY-10,12,STEELERS
SMK SPORTS,5,SMK SPORTS-5,6,JAGUARS
BOOMBOOMCIA023,10,BOOMBOOMCIA023-10,22,CHARGERS
JT MONEY,2,JT MONEY-2,22,CHARGERS
SMK SPORTS,6,SMK SPORTS-6,12,STEELERS
BOOMBOOMCIA023,2,BOOMBOOMCIA023-2,6,JAGUARS
JT MONEY,3,JT MONEY-3,22,CHARGERS
SMOAK SHOW,1,SMOAK SHOW-1,6,JAGUARS
BOOMBOOMCIA023,3,BOOMBOOMCIA023-3,6,JAGUARS
JT MONEY,4,JT MONEY-4,22,CHARGERS
SMOAK SHOW,10,SMOAK SHOW-10,12,STEELERS
BOOMBOOMCIA023,4,BOOMBOOMCIA023-4,6,JAGUARS
JT MONEY,5,JT MONEY-5,22,CHARGERS
SMOAK SHOW,2,SMOAK SHOW-2,6,JAGUARS
BOOMBOOMCIA023,5,BOOMBOOMCIA023-5,12,STEELERS
JT MONEY,6,JT MONEY-6,22,CHARGERS
SMOAK SHOW,3,SMOAK SHOW-3,6,JAGUARS
BOOMBOOMCIA023,6,BOOMBOOMCIA023-6,12,STEELERS
JT MONEY,7,JT MONEY-7,6,JAGUARS
SMOAK SHOW,4,SMOAK SHOW-4,6,JAGUARS
BOOMBOOMCIA023,7,BOOMBOOMCIA023-7,12,STEELERS
JT MONEY,8,JT MONEY-8,6,JAGUARS
SMOAK SHOW,5,SMOAK SHOW-5,6,JAGUARS
BOOMBOOMCIA023,8,BOOMBOOMCIA023-8,22,CHARGERS
JT MONEY,9,JT MONEY-9,6,JAGUARS
SMOAK SHOW,6,SMOAK SHOW-6,6,JAGUARS
BOOMBOOMCIA023,9,BOOMBOOMCIA023-9,22,CHARGERS
JT,1,JT-1,6,JAGUARS
SMOAK SHOW,7,SMOAK SHOW-7,12,STEELERS
BOOMGOESTHEDOODLE,1,BOOMGOESTHEDOODLE-1,26,EAGLES
JT,10,JT-10,6,JAGUARS
SMOAK SHOW,8,SMOAK SHOW-8,12,STEELERS
BOOMGOESTHEDOODLE,10,BOOMGOESTHEDOODLE-10,26,EAGLES
JT,2,JT-2,6,JAGUARS
SMOAK SHOW,9,SMOAK SHOW-9,12,STEELERS
BOOMGOESTHEDOODLE,2,BOOMGOESTHEDOODLE-2,26,EAGLES
JT,3,JT-3,6,JAGUARS
smokie6455,1,smokie6455-1,6,JAGUARS
BOOMGOESTHEDOODLE,3,BOOMGOESTHEDOODLE-3,26,EAGLES
JT,4,JT-4,6,JAGUARS
SMOKIN GUN,1,SMOKIN GUN-1,6,JAGUARS
BOOMGOESTHEDOODLE,4,BOOMGOESTHEDOODLE-4,26,EAGLES
JT,5,JT-5,6,JAGUARS
SMOKIN GUN,2,SMOKIN GUN-2,26,EAGLES
BOOMGOESTHEDOODLE,5,BOOMGOESTHEDOODLE-5,26,EAGLES
JT,6,JT-6,6,JAGUARS
SMOOSH,1,SMOOSH-1,22,CHARGERS
BOOMGOESTHEDOODLE,6,BOOMGOESTHEDOODLE-6,26,EAGLES
JT,7,JT-7,6,JAGUARS
SmoothOperatorLaChi,1,SmoothOperatorLaChi-1,6,JAGUARS
BOOMGOESTHEDOODLE,7,BOOMGOESTHEDOODLE-7,26,EAGLES
JT,8,JT-8,6,JAGUARS
SMS34,1,SMS34-1,22,CHARGERS
BOOMGOESTHEDOODLE,8,BOOMGOESTHEDOODLE-8,26,EAGLES
JT,9,JT-9,6,JAGUARS
SMS34,2,SMS34-2,22,CHARGERS
BOOMGOESTHEDOODLE,9,BOOMGOESTHEDOODLE-9,26,EAGLES
JTHEGREEK,1,JTHEGREEK-1,22,CHARGERS
SMS34,3,SMS34-3,6,JAGUARS
BOONE,1,BOONE-1,22,CHARGERS
JTHEGREEK,2,JTHEGREEK-2,6,JAGUARS
SMS34,4,SMS34-4,8,BENGALS
BOONE,2,BOONE-2,6,JAGUARS
jtw1264,1,jtw1264-1,6,JAGUARS
SMS34,5,SMS34-5,12,STEELERS
BOOSE,1,BOOSE-1,12,STEELERS
JUANANDFRIENDS,1,JUANANDFRIENDS-1,22,CHARGERS
SMS34,6,SMS34-6,6,JAGUARS
BOOSE,2,BOOSE-2,22,CHARGERS
JUANANDFRIENDS,2,JUANANDFRIENDS-2,6,JAGUARS
SMS34,7,SMS34-7,8,BENGALS
BOOSE,3,BOOSE-3,6,JAGUARS
JUANANDFRIENDS,3,JUANANDFRIENDS-3,12,STEELERS
SMS34,8,SMS34-8,22,CHARGERS
BOOSE,4,BOOSE-4,12,STEELERS
JUANCHAS80,1,JUANCHAS80-1,22,CHARGERS
SNAKE,1,SNAKE-1,2,SEAHAWKS
BOOSE,5,BOOSE-5,22,CHARGERS
JUANCHAS80,2,JUANCHAS80-2,6,JAGUARS
SNAKE,10,SNAKE-10,24,RAIDERS
BOOT BOYS,1,BOOT BOYS-1,22,CHARGERS
JUANCHAS80,3,JUANCHAS80-3,24,RAIDERS
SNAKE,2,SNAKE-2,26,EAGLES
BOOT BOYS,2,BOOT BOYS-2,6,JAGUARS
JUANCHAS80,4,JUANCHAS80-4,20,LIONS
SNAKE,3,SNAKE-3,26,EAGLES
BOOT BOYS,3,BOOT BOYS-3,22,CHARGERS
JUDGE PETROVSKY,1,JUDGE PETROVSKY-1,6,JAGUARS
SNAKE,4,SNAKE-4,26,EAGLES
BOOT BOYS,4,BOOT BOYS-4,22,CHARGERS
JUDGE PETROVSKY,2,JUDGE PETROVSKY-2,6,JAGUARS
SNAKE,5,SNAKE-5,20,LIONS
Booter,1,Booter-1,12,STEELERS
JUDGE PETROVSKY,3,JUDGE PETROVSKY-3,22,CHARGERS
SNAKE,6,SNAKE-6,20,LIONS
BOOTHTHEREITIS,1,BOOTHTHEREITIS-1,12,STEELERS
JUDGE PETROVSKY,4,JUDGE PETROVSKY-4,22,CHARGERS
SNAKE,7,SNAKE-7,26,EAGLES
BOOTHTHEREITIS,2,BOOTHTHEREITIS-2,22,CHARGERS
JUICE LOVER,1,JUICE LOVER-1,12,STEELERS
SNAKE,8,SNAKE-8,12,STEELERS
BOOTY DIVERS,1,BOOTY DIVERS-1,6,JAGUARS
JUICE LOVER,2,JUICE LOVER-2,22,CHARGERS
SNAKE,9,SNAKE-9,12,STEELERS
BOOTY DIVERS,2,BOOTY DIVERS-2,6,JAGUARS
JUICE LOVER,3,JUICE LOVER-3,6,JAGUARS
SNAP JUDGEMENT,1,SNAP JUDGEMENT-1,12,STEELERS
BOOTY DIVERS,3,BOOTY DIVERS-3,6,JAGUARS
JUICE,1,JUICE-1,6,JAGUARS
SNAP JUDGEMENT,2,SNAP JUDGEMENT-2,6,JAGUARS
BOOYAH68,1,BOOYAH68-1,6,JAGUARS
JUICE,10,JUICE-10,6,JAGUARS
SNARCTHESHARP,1,SNARCTHESHARP-1,12,STEELERS
BOOZE HOUNDS,1,BOOZE HOUNDS-1,12,STEELERS
JUICE,2,JUICE-2,6,JAGUARS
SNARCTHESHARP,2,SNARCTHESHARP-2,18,TITANS
BOOZE HOUNDS,2,BOOZE HOUNDS-2,22,CHARGERS
JUICE,3,JUICE-3,6,JAGUARS
SNARCTHESHARP,3,SNARCTHESHARP-3,22,CHARGERS
BORG,1,BORG-1,12,STEELERS
JUICE,4,JUICE-4,6,JAGUARS
SNICKERS123,1,SNICKERS123-1,24,RAIDERS
BORG,2,BORG-2,6,JAGUARS
JUICE,5,JUICE-5,6,JAGUARS
SNICKERS123,2,SNICKERS123-2,26,EAGLES
BORG,3,BORG-3,6,JAGUARS
JUICE,6,JUICE-6,6,JAGUARS
SNIPERDEMON305,1,SNIPERDEMON305-1,6,JAGUARS
BORG,4,BORG-4,22,CHARGERS
JUICE,7,JUICE-7,6,JAGUARS
SNIPERDEMON305,2,SNIPERDEMON305-2,6,JAGUARS
BORG,5,BORG-5,6,JAGUARS
JUICE,8,JUICE-8,6,JAGUARS
SNIPERDEMON305,3,SNIPERDEMON305-3,22,CHARGERS
BORN2WIN,1,BORN2WIN-1,12,STEELERS
JUICE,9,JUICE-9,6,JAGUARS
SNOWBALL'S CHANCE,1,SNOWBALL'S CHANCE-1,6,JAGUARS
BORN2WIN,2,BORN2WIN-2,12,STEELERS
JUICEMON,1,JUICEMON-1,6,JAGUARS
SNOWWHAT,1,SNOWWHAT-1,22,CHARGERS
BORN2WIN,3,BORN2WIN-3,20,LIONS
JUICEMON,2,JUICEMON-2,20,LIONS
SNOWWHAT,10,SNOWWHAT-10,22,CHARGERS
BORN2WIN,4,BORN2WIN-4,8,BENGALS
JUICEMON,3,JUICEMON-3,22,CHARGERS
SNOWWHAT,2,SNOWWHAT-2,22,CHARGERS
BORN2WIN,5,BORN2WIN-5,8,BENGALS
JUICEPLAYS,1,JUICEPLAYS-1,6,JAGUARS
SNOWWHAT,3,SNOWWHAT-3,22,CHARGERS
BORN2WIN,6,BORN2WIN-6,24,RAIDERS
JUICEPLAYS,2,JUICEPLAYS-2,22,CHARGERS
SNOWWHAT,4,SNOWWHAT-4,22,CHARGERS
BORN2WIN,7,BORN2WIN-7,24,RAIDERS
JUICEPLAYS,3,JUICEPLAYS-3,6,JAGUARS
SNOWWHAT,5,SNOWWHAT-5,22,CHARGERS
BORN2WIN,8,BORN2WIN-8,29,COWBOYS
JUICEPLAYS,4,JUICEPLAYS-4,22,CHARGERS
SNOWWHAT,6,SNOWWHAT-6,22,CHARGERS
BORN2WIN,9,BORN2WIN-9,15,BEARS
JUICY C RIZZLE,1,JUICY C RIZZLE-1,15,BEARS
SNOWWHAT,7,SNOWWHAT-7,22,CHARGERS
boss koss,1,boss koss-1,6,JAGUARS
JUICY C RIZZLE,10,JUICY C RIZZLE-10,9,RAVENS
SNOWWHAT,8,SNOWWHAT-8,22,CHARGERS
boss koss,10,boss koss-10,22,CHARGERS
JUICY C RIZZLE,2,JUICY C RIZZLE-2,15,BEARS
SNOWWHAT,9,SNOWWHAT-9,22,CHARGERS
boss koss,2,boss koss-2,22,CHARGERS
JUICY C RIZZLE,3,JUICY C RIZZLE-3,15,BEARS
SO CAL ELIMINATORS,1,SO CAL ELIMINATORS-1,22,CHARGERS
boss koss,3,boss koss-3,12,STEELERS
JUICY C RIZZLE,4,JUICY C RIZZLE-4,15,BEARS
SO CAL ELIMINATORS,2,SO CAL ELIMINATORS-2,6,JAGUARS
boss koss,4,boss koss-4,22,CHARGERS
JUICY C RIZZLE,5,JUICY C RIZZLE-5,15,BEARS
SO DAK DRAGONS,1,SO DAK DRAGONS-1,22,CHARGERS
boss koss,5,boss koss-5,22,CHARGERS
JUICY C RIZZLE,6,JUICY C RIZZLE-6,15,BEARS
SO. LAW SULLY,1,SO. LAW SULLY-1,6,JAGUARS
boss koss,6,boss koss-6,6,JAGUARS
JUICY C RIZZLE,7,JUICY C RIZZLE-7,15,BEARS
sobermark,1,sobermark-1,22,CHARGERS
boss koss,7,boss koss-7,24,RAIDERS
JUICY C RIZZLE,8,JUICY C RIZZLE-8,29,COWBOYS
sobermark,2,sobermark-2,6,JAGUARS
boss koss,8,boss koss-8,6,JAGUARS
JUICY C RIZZLE,9,JUICY C RIZZLE-9,9,RAVENS
sobermark,3,sobermark-3,6,JAGUARS
boss koss,9,boss koss-9,24,RAIDERS
JUICY KEwchi,1,JUICY KEwchi-1,28,VIKINGS
sobermark,4,sobermark-4,12,STEELERS
BOSSE,1,BOSSE-1,20,LIONS
JUICY KEwchi,10,JUICY KEwchi-10,24,RAIDERS
sobermark,5,sobermark-5,12,STEELERS
BOSSE,10,BOSSE-10,20,LIONS
JUICY KEwchi,2,JUICY KEwchi-2,28,VIKINGS
SOCALYACHTGUY,1,SOCALYACHTGUY-1,6,JAGUARS
BOSSE,2,BOSSE-2,20,LIONS
JUICY KEwchi,3,JUICY KEwchi-3,15,BEARS
SOCALYACHTGUY,2,SOCALYACHTGUY-2,12,STEELERS
BOSSE,3,BOSSE-3,24,RAIDERS
JUICY KEwchi,4,JUICY KEwchi-4,15,BEARS
SOCALYACHTGUY,3,SOCALYACHTGUY-3,24,RAIDERS
BOSSE,4,BOSSE-4,12,STEELERS
JUICY KEwchi,5,JUICY KEwchi-5,15,BEARS
SOCASPARTA,1,SOCASPARTA-1,22,CHARGERS
BOSSE,5,BOSSE-5,22,CHARGERS
JUICY KEwchi,6,JUICY KEwchi-6,8,BENGALS
SOCASPARTA,2,SOCASPARTA-2,22,CHARGERS
BOSSE,6,BOSSE-6,22,CHARGERS
JUICY KEwchi,7,JUICY KEwchi-7,8,BENGALS
SOCASPARTA,3,SOCASPARTA-3,12,STEELERS
BOSSE,7,BOSSE-7,6,JAGUARS
JUICY KEwchi,8,JUICY KEwchi-8,8,BENGALS
SOCASPARTA,4,SOCASPARTA-4,6,JAGUARS
BOSSE,8,BOSSE-8,22,CHARGERS
JUICY KEwchi,9,JUICY KEwchi-9,8,BENGALS
SOCASPARTA,5,SOCASPARTA-5,6,JAGUARS
BOSSE,9,BOSSE-9,12,STEELERS
JULES KOOL KATZ,1,JULES KOOL KATZ-1,6,JAGUARS
SOCCERSUX,1,SOCCERSUX-1,12,STEELERS
BOSSY,1,BOSSY-1,6,JAGUARS
JUMPAROUND,1,JUMPAROUND-1,22,CHARGERS
SOCCERSUX,2,SOCCERSUX-2,22,CHARGERS
Boston Trumper,1,Boston Trumper-1,6,JAGUARS
JUNDOIMA,1,JUNDOIMA-1,26,EAGLES
SOCCERSUX,3,SOCCERSUX-3,6,JAGUARS
Boston Trumper,2,Boston Trumper-2,12,STEELERS
JUNDOIMA,10,JUNDOIMA-10,26,EAGLES
SOCCERSUX,4,SOCCERSUX-4,12,STEELERS
BOSWORTH,1,BOSWORTH-1,6,JAGUARS
JUNDOIMA,2,JUNDOIMA-2,26,EAGLES
SOJ,1,SOJ-1,12,STEELERS
BOSWORTH,2,BOSWORTH-2,22,CHARGERS
JUNDOIMA,3,JUNDOIMA-3,26,EAGLES
SOJ,2,SOJ-2,17,JETS
BOTTLECAPS,1,BOTTLECAPS-1,22,CHARGERS
JUNDOIMA,4,JUNDOIMA-4,26,EAGLES
SOLA,1,SOLA-1,6,JAGUARS
BOTTOM SHELF,1,BOTTOM SHELF-1,22,CHARGERS
JUNDOIMA,5,JUNDOIMA-5,26,EAGLES
SOLA,10,SOLA-10,22,CHARGERS
BOTTOM SHELF,2,BOTTOM SHELF-2,6,JAGUARS
JUNDOIMA,6,JUNDOIMA-6,26,EAGLES
SOLA,2,SOLA-2,6,JAGUARS
BOURBON CHASERS,1,BOURBON CHASERS-1,6,JAGUARS
JUNDOIMA,7,JUNDOIMA-7,26,EAGLES
SOLA,3,SOLA-3,6,JAGUARS
BOURBON CHASERS,2,BOURBON CHASERS-2,20,LIONS
JUNDOIMA,8,JUNDOIMA-8,26,EAGLES
SOLA,4,SOLA-4,6,JAGUARS
BOURBON CHASERS,3,BOURBON CHASERS-3,22,CHARGERS
JUNDOIMA,9,JUNDOIMA-9,26,EAGLES
SOLA,5,SOLA-5,6,JAGUARS
BOURBONANDBYEWEEKS,1,BOURBONANDBYEWEEKS-1,6,JAGUARS
JUPITERMARS,1,JUPITERMARS-1,12,STEELERS
SOLA,6,SOLA-6,6,JAGUARS
BOURBONANDBYEWEEKS,10,BOURBONANDBYEWEEKS-10,22,CHARGERS
JUPITERMARS,10,JUPITERMARS-10,6,JAGUARS
SOLA,7,SOLA-7,22,CHARGERS
BOURBONANDBYEWEEKS,2,BOURBONANDBYEWEEKS-2,6,JAGUARS
JUPITERMARS,2,JUPITERMARS-2,6,JAGUARS
SOLA,8,SOLA-8,22,CHARGERS
BOURBONANDBYEWEEKS,3,BOURBONANDBYEWEEKS-3,6,JAGUARS
JUPITERMARS,3,JUPITERMARS-3,22,CHARGERS
SOLA,9,SOLA-9,22,CHARGERS
BOURBONANDBYEWEEKS,4,BOURBONANDBYEWEEKS-4,6,JAGUARS
JUPITERMARS,4,JUPITERMARS-4,12,STEELERS
SOLITARY FIGHTER,1,SOLITARY FIGHTER-1,6,JAGUARS
BOURBONANDBYEWEEKS,5,BOURBONANDBYEWEEKS-5,6,JAGUARS
JUPITERMARS,5,JUPITERMARS-5,22,CHARGERS
SOLO LV,1,SOLO LV-1,24,RAIDERS
BOURBONANDBYEWEEKS,6,BOURBONANDBYEWEEKS-6,6,JAGUARS
JUPITERMARS,6,JUPITERMARS-6,22,CHARGERS
SOLO LV,2,SOLO LV-2,24,RAIDERS
BOURBONANDBYEWEEKS,7,BOURBONANDBYEWEEKS-7,22,CHARGERS
JUPITERMARS,7,JUPITERMARS-7,22,CHARGERS
SOLO LV,3,SOLO LV-3,22,CHARGERS
BOURBONANDBYEWEEKS,8,BOURBONANDBYEWEEKS-8,22,CHARGERS
JUPITERMARS,8,JUPITERMARS-8,22,CHARGERS
SOLOLEONA94,1,SOLOLEONA94-1,12,STEELERS
BOURBONANDBYEWEEKS,9,BOURBONANDBYEWEEKS-9,22,CHARGERS
JUPITERMARS,9,JUPITERMARS-9,6,JAGUARS
SOLON MAFIA,1,SOLON MAFIA-1,6,JAGUARS
BOURBONBROTHERS2026,1,BOURBONBROTHERS2026-1,22,CHARGERS
JUST ANOTHER GAME,1,JUST ANOTHER GAME-1,20,LIONS
SOLON MAFIA,2,SOLON MAFIA-2,6,JAGUARS
BOURBONBROTHERS2026,2,BOURBONBROTHERS2026-2,12,STEELERS
JUST ANOTHER GAME,2,JUST ANOTHER GAME-2,8,BENGALS
SOLON MAFIA,3,SOLON MAFIA-3,22,CHARGERS
BOURNE IDENTITY,1,BOURNE IDENTITY-1,20,LIONS
JUST CHIPS,1,JUST CHIPS-1,6,JAGUARS
SOLON MAFIA,4,SOLON MAFIA-4,22,CHARGERS
BOURNE IDENTITY,10,BOURNE IDENTITY-10,22,CHARGERS
JUST CHIPS,2,JUST CHIPS-2,24,RAIDERS
SOLON MAFIA,5,SOLON MAFIA-5,24,RAIDERS
BOURNE IDENTITY,2,BOURNE IDENTITY-2,20,LIONS
JUST DON'T LOSE,1,JUST DON'T LOSE-1,22,CHARGERS
SOLON MAFIA,6,SOLON MAFIA-6,24,RAIDERS
BOURNE IDENTITY,3,BOURNE IDENTITY-3,20,LIONS
JUST DON'T LOSE,2,JUST DON'T LOSE-2,6,JAGUARS
SON OF DAVID,1,SON OF DAVID-1,6,JAGUARS
BOURNE IDENTITY,4,BOURNE IDENTITY-4,20,LIONS
just mush it,1,just mush it-1,12,STEELERS
SONNETLXIV,1,SONNETLXIV-1,24,RAIDERS
BOURNE IDENTITY,5,BOURNE IDENTITY-5,20,LIONS
just mush it,2,just mush it-2,26,EAGLES
SONOFSPUD,1,SONOFSPUD-1,22,CHARGERS
BOURNE IDENTITY,6,BOURNE IDENTITY-6,20,LIONS
JUST ONE MORE,1,JUST ONE MORE-1,6,JAGUARS
SONS OF JEROME,1,SONS OF JEROME-1,22,CHARGERS
BOURNE IDENTITY,7,BOURNE IDENTITY-7,6,JAGUARS
JUST ONE MORE,2,JUST ONE MORE-2,22,CHARGERS
SONS OF JEROME,10,SONS OF JEROME-10,22,CHARGERS
BOURNE IDENTITY,8,BOURNE IDENTITY-8,6,JAGUARS
JUST ONE MORE,3,JUST ONE MORE-3,22,CHARGERS
SONS OF JEROME,2,SONS OF JEROME-2,12,STEELERS
BOURNE IDENTITY,9,BOURNE IDENTITY-9,22,CHARGERS
JUST SAY YES,1,JUST SAY YES-1,6,JAGUARS
SONS OF JEROME,3,SONS OF JEROME-3,22,CHARGERS
bow tie cabaret,1,bow tie cabaret-1,22,CHARGERS
JUST SAY YES,2,JUST SAY YES-2,6,JAGUARS
SONS OF JEROME,4,SONS OF JEROME-4,22,CHARGERS
bow tie cabaret,2,bow tie cabaret-2,6,JAGUARS
JUST SAY YES,3,JUST SAY YES-3,22,CHARGERS
SONS OF JEROME,5,SONS OF JEROME-5,22,CHARGERS
bow tie cabaret,3,bow tie cabaret-3,22,CHARGERS
JUST SAY YES,4,JUST SAY YES-4,6,JAGUARS
SONS OF JEROME,6,SONS OF JEROME-6,6,JAGUARS
BOX STATE BOYS,1,BOX STATE BOYS-1,12,STEELERS
JUST WIN BABY!,1,JUST WIN BABY!-1,24,RAIDERS
SONS OF JEROME,7,SONS OF JEROME-7,22,CHARGERS
BOX STATE BOYS,2,BOX STATE BOYS-2,12,STEELERS
Just Win Baby,1,Just Win Baby-1,22,CHARGERS
SONS OF JEROME,8,SONS OF JEROME-8,6,JAGUARS
BOX STATE BOYS,3,BOX STATE BOYS-3,6,JAGUARS
Just Win Baby,2,Just Win Baby-2,22,CHARGERS
SONS OF JEROME,9,SONS OF JEROME-9,22,CHARGERS
BOX STATE BOYS,4,BOX STATE BOYS-4,6,JAGUARS
Just Win Baby,3,Just Win Baby-3,20,LIONS
sookie sookie,1,sookie sookie-1,22,CHARGERS
BOXCARS11,1,BOXCARS11-1,6,JAGUARS
Just Win Baby,4,Just Win Baby-4,12,STEELERS
sookie sookie,2,sookie sookie-2,22,CHARGERS
BOXFIELDBOYS,1,BOXFIELDBOYS-1,20,LIONS
JUST WIN RON,1,JUST WIN RON-1,6,JAGUARS
sookie sookie,3,sookie sookie-3,22,CHARGERS
BOXFIELDBOYS,2,BOXFIELDBOYS-2,22,CHARGERS
JUST WIN RON,2,JUST WIN RON-2,6,JAGUARS
sookie sookie,4,sookie sookie-4,6,JAGUARS
BOXFIELDBOYS,3,BOXFIELDBOYS-3,6,JAGUARS
JUSTFIVE,1,JUSTFIVE-1,26,EAGLES
sookie sookie,5,sookie sookie-5,6,JAGUARS
BOY-LAH,1,BOY-LAH-1,24,RAIDERS
JUSTFIVE,2,JUSTFIVE-2,22,CHARGERS
sookie sookie,6,sookie sookie-6,6,JAGUARS
BOY-LAH,2,BOY-LAH-2,6,JAGUARS
JUSTGUESSING,1,JUSTGUESSING-1,6,JAGUARS
SOONER BRAD,1,SOONER BRAD-1,6,JAGUARS
BOY-LAH,3,BOY-LAH-3,6,JAGUARS
JUSTICE FOR ALL,1,JUSTICE FOR ALL-1,26,EAGLES
SOONER BRAD,2,SOONER BRAD-2,20,LIONS
BOY-LAH,4,BOY-LAH-4,22,CHARGERS
JUSTICE FOR ALL,2,JUSTICE FOR ALL-2,22,CHARGERS
SOONER BRAD,3,SOONER BRAD-3,22,CHARGERS
BOY-LAH,5,BOY-LAH-5,22,CHARGERS
JUSTICE FOR ALL,3,JUSTICE FOR ALL-3,22,CHARGERS
SOONER LEGENDS,1,SOONER LEGENDS-1,12,STEELERS
BOYCOTT WATSON,1,BOYCOTT WATSON-1,24,RAIDERS
JUSTICE FOR ALL,4,JUSTICE FOR ALL-4,6,JAGUARS
SOPHIE GIRL,1,SOPHIE GIRL-1,12,STEELERS
BOYCOTT WATSON,2,BOYCOTT WATSON-2,12,STEELERS
JUSTICE FOR ALL,5,JUSTICE FOR ALL-5,22,CHARGERS
SOPHIE'S CHOICE,1,SOPHIE'S CHOICE-1,6,JAGUARS
BOYS 333 1,1,BOYS 333 1-1,8,BENGALS
JUSTICE FOR ALL,6,JUSTICE FOR ALL-6,12,STEELERS
SOPHIE'S CHOICE,10,SOPHIE'S CHOICE-10,18,TITANS
BOYS 333 1,10,BOYS 333 1-10,22,CHARGERS
JUSTICE FOR ALL,7,JUSTICE FOR ALL-7,6,JAGUARS
SOPHIE'S CHOICE,2,SOPHIE'S CHOICE-2,18,TITANS
BOYS 333 1,2,BOYS 333 1-2,8,BENGALS
justice is coming,1,justice is coming-1,12,STEELERS
SOPHIE'S CHOICE,3,SOPHIE'S CHOICE-3,22,CHARGERS
BOYS 333 1,3,BOYS 333 1-3,22,CHARGERS
justice is coming,10,justice is coming-10,24,RAIDERS
SOPHIE'S CHOICE,4,SOPHIE'S CHOICE-4,6,JAGUARS
BOYS 333 1,4,BOYS 333 1-4,22,CHARGERS
justice is coming,2,justice is coming-2,12,STEELERS
SOPHIE'S CHOICE,5,SOPHIE'S CHOICE-5,24,RAIDERS
BOYS 333 1,5,BOYS 333 1-5,22,CHARGERS
justice is coming,3,justice is coming-3,12,STEELERS
SOPHIE'S CHOICE,6,SOPHIE'S CHOICE-6,22,CHARGERS
BOYS 333 1,6,BOYS 333 1-6,6,JAGUARS
justice is coming,4,justice is coming-4,12,STEELERS
SOPHIE'S CHOICE,7,SOPHIE'S CHOICE-7,6,JAGUARS
BOYS 333 1,7,BOYS 333 1-7,6,JAGUARS
justice is coming,5,justice is coming-5,12,STEELERS
SOPHIE'S CHOICE,8,SOPHIE'S CHOICE-8,12,STEELERS
BOYS 333 1,8,BOYS 333 1-8,22,CHARGERS
justice is coming,6,justice is coming-6,12,STEELERS
SOPHIE'S CHOICE,9,SOPHIE'S CHOICE-9,22,CHARGERS
BOYS 333 1,9,BOYS 333 1-9,6,JAGUARS
justice is coming,7,justice is coming-7,12,STEELERS
SORRYBOOKIES,1,SORRYBOOKIES-1,6,JAGUARS
BOYS BOYS BOYS,1,BOYS BOYS BOYS-1,6,JAGUARS
justice is coming,8,justice is coming-8,12,STEELERS
SORRYBOOKIES,2,SORRYBOOKIES-2,8,BENGALS
BOYS BOYS BOYS,2,BOYS BOYS BOYS-2,12,STEELERS
justice is coming,9,justice is coming-9,24,RAIDERS
SORRYBOOKIES,3,SORRYBOOKIES-3,12,STEELERS
BOYS BOYS BOYS,3,BOYS BOYS BOYS-3,12,STEELERS
JUSTICE LEAGUE,1,JUSTICE LEAGUE-1,6,JAGUARS
SORRYBOOKIES,4,SORRYBOOKIES-4,26,EAGLES
BOYS BOYS BOYS,4,BOYS BOYS BOYS-4,6,JAGUARS
JUSTICE LEAGUE,2,JUSTICE LEAGUE-2,26,EAGLES
SORRYBOOKIES,5,SORRYBOOKIES-5,6,JAGUARS
BOYS FROM OKLAHOMA,1,BOYS FROM OKLAHOMA-1,6,JAGUARS
JUSTICE LEAGUE,3,JUSTICE LEAGUE-3,12,STEELERS
SORTERS99,1,SORTERS99-1,6,JAGUARS
BPACE35,1,BPACE35-1,6,JAGUARS
JUSTIN ARM,1,JUSTIN ARM-1,22,CHARGERS
SORTERS99,2,SORTERS99-2,12,STEELERS
BPIERCE0303,1,BPIERCE0303-1,22,CHARGERS
JUSTIN ARM,10,JUSTIN ARM-10,6,JAGUARS
SOTA KID,1,SOTA KID-1,1,PATRIOTS
BPT,1,BPT-1,22,CHARGERS
JUSTIN ARM,2,JUSTIN ARM-2,24,RAIDERS
SOTA KID,2,SOTA KID-2,6,JAGUARS
BPT,2,BPT-2,6,JAGUARS
JUSTIN ARM,3,JUSTIN ARM-3,24,RAIDERS
SOTA KID,3,SOTA KID-3,12,STEELERS
BPT,3,BPT-3,12,STEELERS
JUSTIN ARM,4,JUSTIN ARM-4,24,RAIDERS
SOTA STARS 1,1,SOTA STARS 1-1,6,JAGUARS
BRACE FOR IMPACT,1,BRACE FOR IMPACT-1,22,CHARGERS
JUSTIN ARM,5,JUSTIN ARM-5,18,TITANS
SOTA STARS 1,10,SOTA STARS 1-10,22,CHARGERS
BRACE FOR IMPACT,2,BRACE FOR IMPACT-2,6,JAGUARS
JUSTIN ARM,6,JUSTIN ARM-6,18,TITANS
SOTA STARS 1,2,SOTA STARS 1-2,22,CHARGERS
BRACE FOR IMPACT,3,BRACE FOR IMPACT-3,24,RAIDERS
JUSTIN ARM,7,JUSTIN ARM-7,18,TITANS
SOTA STARS 1,3,SOTA STARS 1-3,2,SEAHAWKS
BRAD & THE BOYS,1,BRAD & THE BOYS-1,6,JAGUARS
JUSTIN ARM,8,JUSTIN ARM-8,6,JAGUARS
SOTA STARS 1,4,SOTA STARS 1-4,26,EAGLES
BRAD & THE BOYS,2,BRAD & THE BOYS-2,12,STEELERS
JUSTIN ARM,9,JUSTIN ARM-9,6,JAGUARS
SOTA STARS 1,5,SOTA STARS 1-5,4,RAMS
BRAD & THE BOYS,3,BRAD & THE BOYS-3,6,JAGUARS
JUSTWINBABY$$JR,1,JUSTWINBABY$$JR-1,12,STEELERS
SOTA STARS 1,6,SOTA STARS 1-6,12,STEELERS
BRAD & THE BOYS,4,BRAD & THE BOYS-4,22,CHARGERS
JUSTWINBABY2026,1,JUSTWINBABY2026-1,12,STEELERS
SOTA STARS 1,7,SOTA STARS 1-7,22,CHARGERS
BRAD & THE BOYS,5,BRAD & THE BOYS-5,12,STEELERS
JUTTYBUDDY,1,JUTTYBUDDY-1,24,RAIDERS
SOTA STARS 1,8,SOTA STARS 1-8,6,JAGUARS
BRAD LEE,1,BRAD LEE-1,8,BENGALS
JUTTYBUDDY,2,JUTTYBUDDY-2,22,CHARGERS
SOTA STARS 1,9,SOTA STARS 1-9,24,RAIDERS
BRAD LEE,2,BRAD LEE-2,6,JAGUARS
JUTTYBUDDY,3,JUTTYBUDDY-3,6,JAGUARS
SOTA STARS 2,1,SOTA STARS 2-1,6,JAGUARS
BRAD LEE,3,BRAD LEE-3,24,RAIDERS
JVJR,1,JVJR-1,6,JAGUARS
SOTA STARS 2,10,SOTA STARS 2-10,6,JAGUARS
BRAD LEE,4,BRAD LEE-4,12,STEELERS
JVJR,2,JVJR-2,12,STEELERS
SOTA STARS 2,2,SOTA STARS 2-2,4,RAMS
Bradley Meyer,1,Bradley Meyer-1,22,CHARGERS
JVJR,3,JVJR-3,22,CHARGERS
SOTA STARS 2,3,SOTA STARS 2-3,26,EAGLES
Bradley Meyer,2,Bradley Meyer-2,6,JAGUARS
JW1NNS,1,JW1NNS-1,12,STEELERS
SOTA STARS 2,4,SOTA STARS 2-4,22,CHARGERS
Bradley Meyer,3,Bradley Meyer-3,6,JAGUARS
jwallkallday,1,jwallkallday-1,6,JAGUARS
SOTA STARS 2,5,SOTA STARS 2-5,2,SEAHAWKS
Bradley Meyer,4,Bradley Meyer-4,22,CHARGERS
jwallkallday,2,jwallkallday-2,12,STEELERS
SOTA STARS 2,6,SOTA STARS 2-6,20,LIONS
BRADLEY,1,BRADLEY-1,22,CHARGERS
JZACKAI,1,JZACKAI-1,6,JAGUARS
SOTA STARS 2,7,SOTA STARS 2-7,12,STEELERS
BRADLEY,10,BRADLEY-10,12,STEELERS
K PAZ 7022,1,K PAZ 7022-1,12,STEELERS
SOTA STARS 2,8,SOTA STARS 2-8,8,BENGALS
BRADLEY,2,BRADLEY-2,22,CHARGERS
K PAZ 7022,10,K PAZ 7022-10,12,STEELERS
SOTA STARS 2,9,SOTA STARS 2-9,22,CHARGERS
BRADLEY,3,BRADLEY-3,22,CHARGERS
K PAZ 7022,2,K PAZ 7022-2,12,STEELERS
SOTA STARS 3,1,SOTA STARS 3-1,22,CHARGERS
BRADLEY,4,BRADLEY-4,22,CHARGERS
K PAZ 7022,3,K PAZ 7022-3,12,STEELERS
SOTA STARS 3,10,SOTA STARS 3-10,6,JAGUARS
BRADLEY,5,BRADLEY-5,22,CHARGERS
K PAZ 7022,4,K PAZ 7022-4,12,STEELERS
SOTA STARS 3,2,SOTA STARS 3-2,6,JAGUARS
BRADLEY,6,BRADLEY-6,6,JAGUARS
K PAZ 7022,5,K PAZ 7022-5,12,STEELERS
SOTA STARS 3,3,SOTA STARS 3-3,26,EAGLES
BRADLEY,7,BRADLEY-7,6,JAGUARS
K PAZ 7022,6,K PAZ 7022-6,12,STEELERS
SOTA STARS 3,4,SOTA STARS 3-4,4,RAMS
BRADLEY,8,BRADLEY-8,6,JAGUARS
K PAZ 7022,7,K PAZ 7022-7,12,STEELERS
SOTA STARS 3,5,SOTA STARS 3-5,22,CHARGERS
BRADLEY,9,BRADLEY-9,12,STEELERS
K PAZ 7022,8,K PAZ 7022-8,12,STEELERS
SOTA STARS 3,6,SOTA STARS 3-6,8,BENGALS
BRADWHITAKER,1,BRADWHITAKER-1,29,COWBOYS
K PAZ 7022,9,K PAZ 7022-9,12,STEELERS
SOTA STARS 3,7,SOTA STARS 3-7,20,LIONS
BRADWHITAKER,10,BRADWHITAKER-10,9,RAVENS
K2 SURVIVOR,1,K2 SURVIVOR-1,12,STEELERS
SOTA STARS 3,8,SOTA STARS 3-8,12,STEELERS
BRADWHITAKER,2,BRADWHITAKER-2,29,COWBOYS
K9,1,K9-1,6,JAGUARS
SOTA STARS 3,9,SOTA STARS 3-9,15,BEARS
BRADWHITAKER,3,BRADWHITAKER-3,18,TITANS
K9,2,K9-2,6,JAGUARS
SOTA STARS 4,1,SOTA STARS 4-1,22,CHARGERS
BRADWHITAKER,4,BRADWHITAKER-4,18,TITANS
K9,3,K9-3,22,CHARGERS
SOTA STARS 4,10,SOTA STARS 4-10,12,STEELERS
BRADWHITAKER,5,BRADWHITAKER-5,18,TITANS
K9,4,K9-4,22,CHARGERS
SOTA STARS 4,2,SOTA STARS 4-2,6,JAGUARS
BRADWHITAKER,6,BRADWHITAKER-6,18,TITANS
K9,5,K9-5,12,STEELERS
SOTA STARS 4,3,SOTA STARS 4-3,4,RAMS
BRADWHITAKER,7,BRADWHITAKER-7,18,TITANS
K9,6,K9-6,22,CHARGERS
SOTA STARS 4,4,SOTA STARS 4-4,26,EAGLES
BRADWHITAKER,8,BRADWHITAKER-8,18,TITANS
KAEGY,1,KAEGY-1,22,CHARGERS
SOTA STARS 4,5,SOTA STARS 4-5,8,BENGALS
BRADWHITAKER,9,BRADWHITAKER-9,9,RAVENS
KAEGY,2,KAEGY-2,22,CHARGERS
SOTA STARS 4,6,SOTA STARS 4-6,20,LIONS
BrainBoys,1,BrainBoys-1,22,CHARGERS
KAEGY,3,KAEGY-3,6,JAGUARS
SOTA STARS 4,7,SOTA STARS 4-7,24,RAIDERS
BrainBoys,2,BrainBoys-2,6,JAGUARS
KAH1029,1,KAH1029-1,32,CHIEFS
SOTA STARS 4,8,SOTA STARS 4-8,2,SEAHAWKS
BrainBoys,3,BrainBoys-3,20,LIONS
KAH1029,2,KAH1029-2,24,RAIDERS
SOTA STARS 4,9,SOTA STARS 4-9,6,JAGUARS
BrainBoys,4,BrainBoys-4,8,BENGALS
KAH1029,3,KAH1029-3,8,BENGALS
SOTA STARS,1,SOTA STARS-1,6,JAGUARS
BrainBoys,5,BrainBoys-5,6,JAGUARS
KAIBE,1,KAIBE-1,22,CHARGERS
SOTA STARS,10,SOTA STARS-10,6,JAGUARS
BrainBoys,6,BrainBoys-6,22,CHARGERS
Kame Hame Hut!,1,Kame Hame Hut!-1,22,CHARGERS
SOTA STARS,2,SOTA STARS-2,22,CHARGERS
BRANDO33,1,BRANDO33-1,4,RAMS
Kame Hame Hut!,2,Kame Hame Hut!-2,20,LIONS
SOTA STARS,3,SOTA STARS-3,26,EAGLES
BRANDO33,10,BRANDO33-10,6,JAGUARS
Kame Hame Hut!,3,Kame Hame Hut!-3,30,GIANTS
SOTA STARS,4,SOTA STARS-4,4,RAMS
BRANDO33,2,BRANDO33-2,9,RAVENS
KAPAKAHI77,1,KAPAKAHI77-1,24,RAIDERS
SOTA STARS,5,SOTA STARS-5,12,STEELERS
BRANDO33,3,BRANDO33-3,22,CHARGERS
Kapital Gains,1,Kapital Gains-1,24,RAIDERS
SOTA STARS,6,SOTA STARS-6,2,SEAHAWKS
BRANDO33,4,BRANDO33-4,6,JAGUARS
Kapital Gains,2,Kapital Gains-2,22,CHARGERS
SOTA STARS,7,SOTA STARS-7,26,EAGLES
BRANDO33,5,BRANDO33-5,12,STEELERS
Kapital Gains,3,Kapital Gains-3,6,JAGUARS
SOTA STARS,8,SOTA STARS-8,12,STEELERS
BRANDO33,6,BRANDO33-6,12,STEELERS
KAPPIES & TRAUMIES,1,KAPPIES & TRAUMIES-1,6,JAGUARS
SOTA STARS,9,SOTA STARS-9,24,RAIDERS
BRANDO33,7,BRANDO33-7,24,RAIDERS
KAPPIES & TRAUMIES,2,KAPPIES & TRAUMIES-2,22,CHARGERS
Soul Man 8746,1,Soul Man 8746-1,6,JAGUARS
BRANDO33,8,BRANDO33-8,6,JAGUARS
KAPPIES & TRAUMIES,3,KAPPIES & TRAUMIES-3,6,JAGUARS
Soul Man 8746,2,Soul Man 8746-2,6,JAGUARS
BRANDO33,9,BRANDO33-9,22,CHARGERS
KAPTRI,1,KAPTRI-1,22,CHARGERS
Soul Man 8746,3,Soul Man 8746-3,22,CHARGERS
BRANDONBON,1,BRANDONBON-1,6,JAGUARS
KARJOS,1,KARJOS-1,6,JAGUARS
SOUPS-ON,1,SOUPS-ON-1,20,LIONS
Brantner Boyz,1,Brantner Boyz-1,22,CHARGERS
KARJOS,2,KARJOS-2,12,STEELERS
SOUPS-ON,2,SOUPS-ON-2,22,CHARGERS
BRASSCRS RUS,1,BRASSCRS RUS-1,6,JAGUARS
KARMICHAEL,1,KARMICHAEL-1,6,JAGUARS
SOUPS-ON,3,SOUPS-ON-3,22,CHARGERS
BRASSCRS RUS,10,BRASSCRS RUS-10,22,CHARGERS
KATY CIRCA,1,KATY CIRCA-1,22,CHARGERS
SOUTH BROOKLYN BOYS,1,SOUTH BROOKLYN BOYS-1,6,JAGUARS
BRASSCRS RUS,2,BRASSCRS RUS-2,22,CHARGERS
KATY CIRCA,2,KATY CIRCA-2,20,LIONS
SOUTH BROOKLYN BOYS,2,SOUTH BROOKLYN BOYS-2,12,STEELERS
BRASSCRS RUS,3,BRASSCRS RUS-3,22,CHARGERS
KATY CIRCA,3,KATY CIRCA-3,6,JAGUARS
SOUTH BROOKLYN BOYS,3,SOUTH BROOKLYN BOYS-3,22,CHARGERS
BRASSCRS RUS,4,BRASSCRS RUS-4,22,CHARGERS
KATY CIRCA,4,KATY CIRCA-4,6,JAGUARS
SOUTH BROOKLYN BOYS,4,SOUTH BROOKLYN BOYS-4,22,CHARGERS
BRASSCRS RUS,5,BRASSCRS RUS-5,22,CHARGERS
KATY CIRCA,5,KATY CIRCA-5,6,JAGUARS
SOUTH FORK,1,SOUTH FORK-1,22,CHARGERS
BRASSCRS RUS,6,BRASSCRS RUS-6,22,CHARGERS
KATY CIRCA,6,KATY CIRCA-6,22,CHARGERS
SOUTH FORK,10,SOUTH FORK-10,12,STEELERS
BRASSCRS RUS,7,BRASSCRS RUS-7,22,CHARGERS
KATY CIRCA,7,KATY CIRCA-7,6,JAGUARS
SOUTH FORK,2,SOUTH FORK-2,22,CHARGERS
BRASSCRS RUS,8,BRASSCRS RUS-8,22,CHARGERS
KATY CIRCA,8,KATY CIRCA-8,24,RAIDERS
SOUTH FORK,3,SOUTH FORK-3,22,CHARGERS
BRASSCRS RUS,9,BRASSCRS RUS-9,22,CHARGERS
KATY CIRCA,9,KATY CIRCA-9,12,STEELERS
SOUTH FORK,4,SOUTH FORK-4,22,CHARGERS
BRASSKNUX BEATDOWN,1,BRASSKNUX BEATDOWN-1,22,CHARGERS
Kawabunga,1,Kawabunga-1,6,JAGUARS
SOUTH FORK,5,SOUTH FORK-5,22,CHARGERS
BRASSKNUX BEATDOWN,2,BRASSKNUX BEATDOWN-2,6,JAGUARS
Kawabunga,2,Kawabunga-2,12,STEELERS
SOUTH FORK,6,SOUTH FORK-6,6,JAGUARS
BRAVE HEARTS,1,BRAVE HEARTS-1,9,RAVENS
KC Degens,1,KC Degens-1,6,JAGUARS
SOUTH FORK,7,SOUTH FORK-7,6,JAGUARS
BRAVE HEARTS,2,BRAVE HEARTS-2,26,EAGLES
KC Degens,2,KC Degens-2,20,LIONS
SOUTH FORK,8,SOUTH FORK-8,6,JAGUARS
BRAVEHEART,1,BRAVEHEART-1,22,CHARGERS
KC ICE CREAM,1,KC ICE CREAM-1,6,JAGUARS
SOUTH FORK,9,SOUTH FORK-9,12,STEELERS
BRAVEHEART,2,BRAVEHEART-2,6,JAGUARS
KC ICE CREAM,2,KC ICE CREAM-2,6,JAGUARS
south side sniper,1,south side sniper-1,12,STEELERS
BRAVEHEART,3,BRAVEHEART-3,22,CHARGERS
KC ICE CREAM,3,KC ICE CREAM-3,22,CHARGERS
south side sniper,2,south side sniper-2,12,STEELERS
BRAZILIAN BOMBSHELL,1,BRAZILIAN BOMBSHELL-1,9,RAVENS
KC ICE CREAM,4,KC ICE CREAM-4,22,CHARGERS
south side sniper,3,south side sniper-3,22,CHARGERS
BRAZILIAN BOMBSHELL,10,BRAZILIAN BOMBSHELL-10,24,RAIDERS
KC ICE CREAM,5,KC ICE CREAM-5,22,CHARGERS
south side sniper,4,south side sniper-4,22,CHARGERS
BRAZILIAN BOMBSHELL,2,BRAZILIAN BOMBSHELL-2,9,RAVENS
KC ICE CREAM,6,KC ICE CREAM-6,12,STEELERS
south side sniper,5,south side sniper-5,22,CHARGERS
BRAZILIAN BOMBSHELL,3,BRAZILIAN BOMBSHELL-3,18,TITANS
KCODY9,1,KCODY9-1,6,JAGUARS
south side sniper,6,south side sniper-6,22,CHARGERS
BRAZILIAN BOMBSHELL,4,BRAZILIAN BOMBSHELL-4,18,TITANS
KCPETE3,1,KCPETE3-1,6,JAGUARS
south side sniper,7,south side sniper-7,24,RAIDERS
BRAZILIAN BOMBSHELL,5,BRAZILIAN BOMBSHELL-5,18,TITANS
KDAC,1,KDAC-1,6,JAGUARS
SOUTHSIDE IRISH,1,SOUTHSIDE IRISH-1,22,CHARGERS
BRAZILIAN BOMBSHELL,6,BRAZILIAN BOMBSHELL-6,17,JETS
KDAC,2,KDAC-2,12,STEELERS
SOUTHSIDE IRISH,2,SOUTHSIDE IRISH-2,6,JAGUARS
BRAZILIAN BOMBSHELL,7,BRAZILIAN BOMBSHELL-7,17,JETS
KDAC,3,KDAC-3,8,BENGALS
SOUTHSIDE IRISH,3,SOUTHSIDE IRISH-3,8,BENGALS
BRAZILIAN BOMBSHELL,8,BRAZILIAN BOMBSHELL-8,24,RAIDERS
Kdestined77,1,Kdestined77-1,31,BRONCOS
SOUTHSIDE IRISH,4,SOUTHSIDE IRISH-4,12,STEELERS
BRAZILIAN BOMBSHELL,9,BRAZILIAN BOMBSHELL-9,24,RAIDERS
Kdestined77,2,Kdestined77-2,4,RAMS
SOUTHTEXAS JAVELINAS,1,SOUTHTEXAS JAVELINAS-1,6,JAGUARS
BREAKFASTBALL,1,BREAKFASTBALL-1,6,JAGUARS
KDLV,1,KDLV-1,22,CHARGERS
SOUTHTEXAS JAVELINAS,2,SOUTHTEXAS JAVELINAS-2,12,STEELERS
BREAKFASTBALL,2,BREAKFASTBALL-2,12,STEELERS
KDLV,10,KDLV-10,8,BENGALS
SOUTHTEXAS JAVELINAS,3,SOUTHTEXAS JAVELINAS-3,22,CHARGERS
BREAKFASTBALL,3,BREAKFASTBALL-3,20,LIONS
KDLV,2,KDLV-2,22,CHARGERS
SOUTHTEXAS JAVELINAS,4,SOUTHTEXAS JAVELINAS-4,22,CHARGERS
BREAKFASTBALL,4,BREAKFASTBALL-4,22,CHARGERS
KDLV,3,KDLV-3,22,CHARGERS
SOUTHTEXAS JAVELINAS,5,SOUTHTEXAS JAVELINAS-5,12,STEELERS
BREAKFASTBALL,5,BREAKFASTBALL-5,6,JAGUARS
KDLV,4,KDLV-4,6,JAGUARS
SOUTHTEXAS JAVELINAS,6,SOUTHTEXAS JAVELINAS-6,6,JAGUARS
BREAKING BANKS,1,BREAKING BANKS-1,22,CHARGERS
KDLV,5,KDLV-5,8,BENGALS
SOUZA,1,SOUZA-1,22,CHARGERS
BRECKSVILLES BEST,1,BRECKSVILLES BEST-1,22,CHARGERS
KDLV,6,KDLV-6,6,JAGUARS
SOUZA,2,SOUZA-2,22,CHARGERS
BRENDEN,1,BRENDEN-1,6,JAGUARS
KDLV,7,KDLV-7,9,RAVENS
SP SURVIVOR,1,SP SURVIVOR-1,20,LIONS
BRENDEN,2,BRENDEN-2,12,STEELERS
KDLV,8,KDLV-8,12,STEELERS
SP SURVIVOR,2,SP SURVIVOR-2,12,STEELERS
BRENDEN,3,BRENDEN-3,6,JAGUARS
KDLV,9,KDLV-9,6,JAGUARS
SP SURVIVOR,3,SP SURVIVOR-3,26,EAGLES
BRENNANHUFF,1,BRENNANHUFF-1,6,JAGUARS
KEEP THE FAITH,1,KEEP THE FAITH-1,12,STEELERS
SPAGHETTI BENDER,1,SPAGHETTI BENDER-1,12,STEELERS
BRENNANHUFF,10,BRENNANHUFF-10,6,JAGUARS
KEEZE TO THE VILLE,1,KEEZE TO THE VILLE-1,15,BEARS
SPAGHETTI BENDER,2,SPAGHETTI BENDER-2,6,JAGUARS
BRENNANHUFF,2,BRENNANHUFF-2,6,JAGUARS
KEK21,1,KEK21-1,6,JAGUARS
SPAGHETTI BENDER,3,SPAGHETTI BENDER-3,24,RAIDERS
BRENNANHUFF,3,BRENNANHUFF-3,6,JAGUARS
keller capital,1,keller capital-1,6,JAGUARS
SPAGHETTI BENDER,4,SPAGHETTI BENDER-4,6,JAGUARS
BRENNANHUFF,4,BRENNANHUFF-4,6,JAGUARS
KELM2: ROSS'S TOES,1,KELM2: ROSS'S TOES-1,22,CHARGERS
SPAGHETTI BENDER,5,SPAGHETTI BENDER-5,22,CHARGERS
BRENNANHUFF,5,BRENNANHUFF-5,20,LIONS
KEMEM2000,1,KEMEM2000-1,20,LIONS
SPANKERS,1,SPANKERS-1,22,CHARGERS
BRENNANHUFF,6,BRENNANHUFF-6,6,JAGUARS
KEMEM2000,2,KEMEM2000-2,6,JAGUARS
SPARKLE MOTION,1,SPARKLE MOTION-1,6,JAGUARS
BRENNANHUFF,7,BRENNANHUFF-7,6,JAGUARS
KEN MURPHY SPORTS,1,KEN MURPHY SPORTS-1,6,JAGUARS
SPARKLE MOTION,2,SPARKLE MOTION-2,24,RAIDERS
BRENNANHUFF,8,BRENNANHUFF-8,6,JAGUARS
KEN MURPHY SPORTS,2,KEN MURPHY SPORTS-2,6,JAGUARS
SPARTAN6,1,SPARTAN6-1,6,JAGUARS
BRENNANHUFF,9,BRENNANHUFF-9,6,JAGUARS
KEN MURPHY SPORTS,3,KEN MURPHY SPORTS-3,12,STEELERS
SPARTAN6,2,SPARTAN6-2,22,CHARGERS
BRETTDEBARI,1,BRETTDEBARI-1,22,CHARGERS
KEN MURPHY SPORTS,4,KEN MURPHY SPORTS-4,22,CHARGERS
SPARTAN6,3,SPARTAN6-3,6,JAGUARS
Brew 1,1,Brew 1-1,6,JAGUARS
KEN MURPHY SPORTS,5,KEN MURPHY SPORTS-5,22,CHARGERS
SPARTAN6,4,SPARTAN6-4,6,JAGUARS
Brew 1,2,Brew 1-2,8,BENGALS
KEN MURPHY SPORTS,6,KEN MURPHY SPORTS-6,20,LIONS
SPARTAN6,5,SPARTAN6-5,6,JAGUARS
BREWHAW65,1,BREWHAW65-1,6,JAGUARS
KEN MURPHY SPORTS,7,KEN MURPHY SPORTS-7,6,JAGUARS
spartan71,1,spartan71-1,22,CHARGERS
BREWHAW65,2,BREWHAW65-2,22,CHARGERS
KENBABY,1,KENBABY-1,6,JAGUARS
spartan71,10,spartan71-10,6,JAGUARS
BREWHAW65,3,BREWHAW65-3,6,JAGUARS
KENN-E-MART,1,KENN-E-MART-1,24,RAIDERS
spartan71,2,spartan71-2,22,CHARGERS
BREWSTER'S MILLIONS,1,BREWSTER'S MILLIONS-1,22,CHARGERS
KENN-E-MART,2,KENN-E-MART-2,6,JAGUARS
spartan71,3,spartan71-3,22,CHARGERS
BREWSTER'S MILLIONS,2,BREWSTER'S MILLIONS-2,22,CHARGERS
KENN-E-MART,3,KENN-E-MART-3,6,JAGUARS
spartan71,4,spartan71-4,22,CHARGERS
BREWSTER'S MILLIONS,3,BREWSTER'S MILLIONS-3,12,STEELERS
KENN-E-MART,4,KENN-E-MART-4,22,CHARGERS
spartan71,5,spartan71-5,22,CHARGERS
Brian B,1,Brian B-1,22,CHARGERS
KENN-E-MART,5,KENN-E-MART-5,22,CHARGERS
spartan71,6,spartan71-6,22,CHARGERS
Brian B,2,Brian B-2,6,JAGUARS
KENNYG72,1,KENNYG72-1,6,JAGUARS
spartan71,7,spartan71-7,6,JAGUARS
Brian B,3,Brian B-3,12,STEELERS
KENNYZ816,1,KENNYZ816-1,12,STEELERS
spartan71,8,spartan71-8,6,JAGUARS
BRIAN061482,1,BRIAN061482-1,26,EAGLES
KENNYZ816,2,KENNYZ816-2,6,JAGUARS
spartan71,9,spartan71-9,6,JAGUARS
BRIAN061482,2,BRIAN061482-2,22,CHARGERS
KENNYZ816,3,KENNYZ816-3,6,JAGUARS
SpartanMohawk,1,SpartanMohawk-1,20,LIONS
BRIAN061482,3,BRIAN061482-3,6,JAGUARS
KENOSHA KICKERS,1,KENOSHA KICKERS-1,6,JAGUARS
SpartanMohawk,2,SpartanMohawk-2,26,EAGLES
Brian44556,1,Brian44556-1,6,JAGUARS
KENPOKERPRO,1,KENPOKERPRO-1,22,CHARGERS
SpartanMohawk,3,SpartanMohawk-3,6,JAGUARS
BRIANEMPRIC,1,BRIANEMPRIC-1,6,JAGUARS
KENPOKERPRO,10,KENPOKERPRO-10,22,CHARGERS
SpartanMohawk,4,SpartanMohawk-4,6,JAGUARS
BRICH1028,1,BRICH1028-1,22,CHARGERS
KENPOKERPRO,2,KENPOKERPRO-2,22,CHARGERS
SPARTANS1,1,SPARTANS1-1,6,JAGUARS
BRICH1028,2,BRICH1028-2,22,CHARGERS
KENPOKERPRO,3,KENPOKERPRO-3,22,CHARGERS
SPARTANS1,2,SPARTANS1-2,6,JAGUARS
BRIDGEBAR21,1,BRIDGEBAR21-1,6,JAGUARS
KENPOKERPRO,4,KENPOKERPRO-4,22,CHARGERS
SPARTY P4RTY,1,SPARTY P4RTY-1,22,CHARGERS
BRIELLE,1,BRIELLE-1,22,CHARGERS
KENPOKERPRO,5,KENPOKERPRO-5,22,CHARGERS
SPARTY P4RTY,2,SPARTY P4RTY-2,6,JAGUARS
BRIELLE,10,BRIELLE-10,22,CHARGERS
KENPOKERPRO,6,KENPOKERPRO-6,22,CHARGERS
SPARTYON,1,SPARTYON-1,22,CHARGERS
BRIELLE,2,BRIELLE-2,22,CHARGERS
KENPOKERPRO,7,KENPOKERPRO-7,22,CHARGERS
SPARTYON,2,SPARTYON-2,6,JAGUARS
BRIELLE,3,BRIELLE-3,22,CHARGERS
KENPOKERPRO,8,KENPOKERPRO-8,22,CHARGERS
SPEED SURVIVOR,1,SPEED SURVIVOR-1,22,CHARGERS
BRIELLE,4,BRIELLE-4,22,CHARGERS
KENPOKERPRO,9,KENPOKERPRO-9,22,CHARGERS
SPEED SURVIVOR,2,SPEED SURVIVOR-2,22,CHARGERS
BRIELLE,5,BRIELLE-5,22,CHARGERS
kernel hacker,1,kernel hacker-1,22,CHARGERS
SPEED SURVIVOR,3,SPEED SURVIVOR-3,12,STEELERS
BRIELLE,6,BRIELLE-6,22,CHARGERS
kernel hacker,10,kernel hacker-10,22,CHARGERS
SPEED SURVIVOR,4,SPEED SURVIVOR-4,24,RAIDERS
BRIELLE,7,BRIELLE-7,22,CHARGERS
kernel hacker,2,kernel hacker-2,22,CHARGERS
SPEED SURVIVOR,5,SPEED SURVIVOR-5,6,JAGUARS
BRIELLE,8,BRIELLE-8,22,CHARGERS
kernel hacker,3,kernel hacker-3,22,CHARGERS
SPEEDY,1,SPEEDY-1,22,CHARGERS
BRIELLE,9,BRIELLE-9,22,CHARGERS
kernel hacker,4,kernel hacker-4,22,CHARGERS
SPEEDY,2,SPEEDY-2,20,LIONS
BRING IT BACK,1,BRING IT BACK-1,15,BEARS
kernel hacker,5,kernel hacker-5,22,CHARGERS
SPENCER1,1,SPENCER1-1,6,JAGUARS
BRING IT BACK,2,BRING IT BACK-2,22,CHARGERS
kernel hacker,6,kernel hacker-6,22,CHARGERS
SPEND A BUCK,1,SPEND A BUCK-1,22,CHARGERS
BRING IT BACK,3,BRING IT BACK-3,12,STEELERS
kernel hacker,7,kernel hacker-7,22,CHARGERS
SPEND A BUCK,2,SPEND A BUCK-2,6,JAGUARS
BRING OUT THE OLIVES,1,BRING OUT THE OLIVES-1,6,JAGUARS
kernel hacker,8,kernel hacker-8,22,CHARGERS
SPEND A BUCK,3,SPEND A BUCK-3,12,STEELERS
Bringthebag,1,Bringthebag-1,22,CHARGERS
kernel hacker,9,kernel hacker-9,22,CHARGERS
SPHINX,1,SPHINX-1,22,CHARGERS
BRO'S OF HO'S,1,BRO'S OF HO'S-1,24,RAIDERS
KERZNBEAGS,1,KERZNBEAGS-1,6,JAGUARS
SPHINX,2,SPHINX-2,22,CHARGERS
BRO'S OF HO'S,2,BRO'S OF HO'S-2,6,JAGUARS
KERZNBEAGS,2,KERZNBEAGS-2,22,CHARGERS
SPHINX,3,SPHINX-3,20,LIONS
BRO'S OF HO'S,3,BRO'S OF HO'S-3,6,JAGUARS
KERZNBEAGS,3,KERZNBEAGS-3,12,STEELERS
SPICE MUST FLOW,1,SPICE MUST FLOW-1,22,CHARGERS
BROADWAYS FINEST,1,BROADWAYS FINEST-1,12,STEELERS
KETEL AND A CANNOLI,1,KETEL AND A CANNOLI-1,22,CHARGERS
SPICE MUST FLOW,10,SPICE MUST FLOW-10,24,RAIDERS
BROADWAYS FINEST,2,BROADWAYS FINEST-2,6,JAGUARS
KEVIN GORDON,1,KEVIN GORDON-1,22,CHARGERS
SPICE MUST FLOW,2,SPICE MUST FLOW-2,22,CHARGERS
BROCKER LOCHER,1,BROCKER LOCHER-1,22,CHARGERS
KEVIN GORDON,10,KEVIN GORDON-10,22,CHARGERS
SPICE MUST FLOW,3,SPICE MUST FLOW-3,22,CHARGERS
BRODSKYBOYS,1,BRODSKYBOYS-1,6,JAGUARS
KEVIN GORDON,2,KEVIN GORDON-2,22,CHARGERS
SPICE MUST FLOW,4,SPICE MUST FLOW-4,22,CHARGERS
BROFRIJOLES,1,BROFRIJOLES-1,6,JAGUARS
KEVIN GORDON,3,KEVIN GORDON-3,22,CHARGERS
SPICE MUST FLOW,5,SPICE MUST FLOW-5,22,CHARGERS
BROFRIJOLES,2,BROFRIJOLES-2,12,STEELERS
KEVIN GORDON,4,KEVIN GORDON-4,22,CHARGERS
SPICE MUST FLOW,6,SPICE MUST FLOW-6,22,CHARGERS
BROFRIJOLES,3,BROFRIJOLES-3,20,LIONS
KEVIN GORDON,5,KEVIN GORDON-5,22,CHARGERS
SPICE MUST FLOW,7,SPICE MUST FLOW-7,22,CHARGERS
BROFRIJOLES,4,BROFRIJOLES-4,22,CHARGERS
KEVIN GORDON,6,KEVIN GORDON-6,22,CHARGERS
SPICE MUST FLOW,8,SPICE MUST FLOW-8,22,CHARGERS
BROKE AFTER 9,1,BROKE AFTER 9-1,6,JAGUARS
KEVIN GORDON,7,KEVIN GORDON-7,22,CHARGERS
SPICE MUST FLOW,9,SPICE MUST FLOW-9,22,CHARGERS
BROKE AFTER 9,2,BROKE AFTER 9-2,6,JAGUARS
KEVIN GORDON,8,KEVIN GORDON-8,22,CHARGERS
SPICY RIGATONI,1,SPICY RIGATONI-1,6,JAGUARS
BROKE AFTER 9,3,BROKE AFTER 9-3,6,JAGUARS
KEVIN GORDON,9,KEVIN GORDON-9,22,CHARGERS
SPICY RIGATONI,10,SPICY RIGATONI-10,12,STEELERS
BROKE AFTER 9,4,BROKE AFTER 9-4,12,STEELERS
KEVINY1215,1,KEVINY1215-1,12,STEELERS
SPICY RIGATONI,2,SPICY RIGATONI-2,6,JAGUARS
BROKE AFTER 9,5,BROKE AFTER 9-5,12,STEELERS
KEVINY1215,10,KEVINY1215-10,12,STEELERS
SPICY RIGATONI,3,SPICY RIGATONI-3,6,JAGUARS
BROKE AFTER 9,6,BROKE AFTER 9-6,12,STEELERS
KEVINY1215,2,KEVINY1215-2,12,STEELERS
SPICY RIGATONI,4,SPICY RIGATONI-4,6,JAGUARS
BROKE AFTER 9,7,BROKE AFTER 9-7,22,CHARGERS
KEVINY1215,3,KEVINY1215-3,12,STEELERS
SPICY RIGATONI,5,SPICY RIGATONI-5,22,CHARGERS
BROKE AFTER 9,8,BROKE AFTER 9-8,22,CHARGERS
KEVINY1215,4,KEVINY1215-4,12,STEELERS
SPICY RIGATONI,6,SPICY RIGATONI-6,22,CHARGERS
BROKE AFTER 9,9,BROKE AFTER 9-9,22,CHARGERS
KEVINY1215,5,KEVINY1215-5,12,STEELERS
SPICY RIGATONI,7,SPICY RIGATONI-7,22,CHARGERS
BROKEBACK MOUNTAIN,1,BROKEBACK MOUNTAIN-1,6,JAGUARS
KEVINY1215,6,KEVINY1215-6,12,STEELERS
SPICY RIGATONI,8,SPICY RIGATONI-8,24,RAIDERS
BRONCO DREAMS,1,BRONCO DREAMS-1,12,STEELERS
KEVINY1215,7,KEVINY1215-7,12,STEELERS
SPICY RIGATONI,9,SPICY RIGATONI-9,20,LIONS
BRONCO DREAMS,2,BRONCO DREAMS-2,6,JAGUARS
KEVINY1215,8,KEVINY1215-8,12,STEELERS
SPIDEY RICK,1,SPIDEY RICK-1,6,JAGUARS
BROOKE_EM,1,BROOKE_EM-1,22,CHARGERS
KEVINY1215,9,KEVINY1215-9,12,STEELERS
SPIDEY RICK,2,SPIDEY RICK-2,22,CHARGERS
BROOKE_EM,2,BROOKE_EM-2,6,JAGUARS
Kevron 58,1,Kevron 58-1,12,STEELERS
SPIRIT OUT THE WAZOO,1,SPIRIT OUT THE WAZOO-1,6,JAGUARS
Brooklyn Dodger,1,Brooklyn Dodger-1,6,JAGUARS
Kevron 58,2,Kevron 58-2,6,JAGUARS
SPIRIT OUT THE WAZOO,2,SPIRIT OUT THE WAZOO-2,9,RAVENS
Brooklyn Dodger,10,Brooklyn Dodger-10,24,RAIDERS
KEVYN COVERZ,1,KEVYN COVERZ-1,22,CHARGERS
splash of cran,1,splash of cran-1,26,EAGLES
Brooklyn Dodger,2,Brooklyn Dodger-2,6,JAGUARS
KEVYN COVERZ,2,KEVYN COVERZ-2,6,JAGUARS
SPLITT'N SIXES,1,SPLITT'N SIXES-1,22,CHARGERS
Brooklyn Dodger,3,Brooklyn Dodger-3,12,STEELERS
KEVYN COVERZ,3,KEVYN COVERZ-3,22,CHARGERS
SPLN CREW,1,SPLN CREW-1,6,JAGUARS
Brooklyn Dodger,4,Brooklyn Dodger-4,12,STEELERS
KEVYN COVERZ,4,KEVYN COVERZ-4,12,STEELERS
SPOKOMPTON,1,SPOKOMPTON-1,6,JAGUARS
Brooklyn Dodger,5,Brooklyn Dodger-5,22,CHARGERS
KEY RATS,1,KEY RATS-1,22,CHARGERS
SPOKOMPTON,2,SPOKOMPTON-2,24,RAIDERS
Brooklyn Dodger,6,Brooklyn Dodger-6,22,CHARGERS
KEY RATS,2,KEY RATS-2,12,STEELERS
SPOKOMPTON,3,SPOKOMPTON-3,22,CHARGERS
Brooklyn Dodger,7,Brooklyn Dodger-7,6,JAGUARS
KEY TRU VICTORY,1,KEY TRU VICTORY-1,6,JAGUARS
SPOKOMPTON,4,SPOKOMPTON-4,6,JAGUARS
Brooklyn Dodger,8,Brooklyn Dodger-8,20,LIONS
Keys Disease,1,Keys Disease-1,22,CHARGERS
SPONGE WORTHY,1,SPONGE WORTHY-1,20,LIONS
Brooklyn Dodger,9,Brooklyn Dodger-9,20,LIONS
Keys Disease,2,Keys Disease-2,20,LIONS
SPONGE WORTHY,2,SPONGE WORTHY-2,6,JAGUARS
BROOKS1,1,BROOKS1-1,22,CHARGERS
KEYSER SOZE,1,KEYSER SOZE-1,12,STEELERS
SPONGE WORTHY,3,SPONGE WORTHY-3,22,CHARGERS
Brookshire Bandits,1,Brookshire Bandits-1,6,JAGUARS
KEYSER SOZE,2,KEYSER SOZE-2,6,JAGUARS
SPONGE WORTHY,4,SPONGE WORTHY-4,12,STEELERS
Brookshire Bandits,2,Brookshire Bandits-2,6,JAGUARS
KEZROXCAPR,1,KEZROXCAPR-1,20,LIONS
SPONGEWORTHY,1,SPONGEWORTHY-1,22,CHARGERS
Brookshire Bandits,3,Brookshire Bandits-3,22,CHARGERS
KEZROXCAPR,2,KEZROXCAPR-2,22,CHARGERS
SPONGEWORTHY,2,SPONGEWORTHY-2,22,CHARGERS
Brookshire Bandits,4,Brookshire Bandits-4,20,LIONS
KFL916,1,KFL916-1,12,STEELERS
SPONGEWORTHY,3,SPONGEWORTHY-3,22,CHARGERS
BROOMCORN'S UNCLE,1,BROOMCORN'S UNCLE-1,6,JAGUARS
KFL916,10,KFL916-10,24,RAIDERS
SPONGEWORTHY,4,SPONGEWORTHY-4,8,BENGALS
BROOMCORN'S UNCLE,2,BROOMCORN'S UNCLE-2,22,CHARGERS
KFL916,2,KFL916-2,22,CHARGERS
SPONGEWORTHY,5,SPONGEWORTHY-5,8,BENGALS
BROSES,1,BROSES-1,6,JAGUARS
KFL916,3,KFL916-3,6,JAGUARS
SPONGEWORTHY,6,SPONGEWORTHY-6,24,RAIDERS
BROSES,10,BROSES-10,6,JAGUARS
KFL916,4,KFL916-4,6,JAGUARS
SPONGEWORTHY,7,SPONGEWORTHY-7,20,LIONS
BROSES,2,BROSES-2,6,JAGUARS
KFL916,5,KFL916-5,22,CHARGERS
SPOOKY EXPRESS,1,SPOOKY EXPRESS-1,12,STEELERS
BROSES,3,BROSES-3,6,JAGUARS
KFL916,6,KFL916-6,12,STEELERS
SPOOKY EXPRESS,10,SPOOKY EXPRESS-10,8,BENGALS
BROSES,4,BROSES-4,6,JAGUARS
KFL916,7,KFL916-7,20,LIONS
SPOOKY EXPRESS,2,SPOOKY EXPRESS-2,12,STEELERS
BROSES,5,BROSES-5,6,JAGUARS
KFL916,8,KFL916-8,20,LIONS
SPOOKY EXPRESS,3,SPOOKY EXPRESS-3,26,EAGLES
BROSES,6,BROSES-6,6,JAGUARS
KFL916,9,KFL916-9,12,STEELERS
SPOOKY EXPRESS,4,SPOOKY EXPRESS-4,26,EAGLES
BROSES,7,BROSES-7,6,JAGUARS
KFP,1,KFP-1,22,CHARGERS
SPOOKY EXPRESS,5,SPOOKY EXPRESS-5,22,CHARGERS
BROSES,8,BROSES-8,6,JAGUARS
KFP,10,KFP-10,22,CHARGERS
SPOOKY EXPRESS,6,SPOOKY EXPRESS-6,22,CHARGERS
BROSES,9,BROSES-9,6,JAGUARS
KFP,2,KFP-2,22,CHARGERS
SPOOKY EXPRESS,7,SPOOKY EXPRESS-7,12,STEELERS
BROTHER JOSEPH,1,BROTHER JOSEPH-1,22,CHARGERS
KFP,3,KFP-3,22,CHARGERS
SPOOKY EXPRESS,8,SPOOKY EXPRESS-8,12,STEELERS
BROTHER JOSEPH,2,BROTHER JOSEPH-2,22,CHARGERS
KFP,4,KFP-4,22,CHARGERS
SPOOKY EXPRESS,9,SPOOKY EXPRESS-9,26,EAGLES
BROTHER JOSEPH,3,BROTHER JOSEPH-3,22,CHARGERS
KFP,5,KFP-5,22,CHARGERS
spooky vanilla,1,spooky vanilla-1,22,CHARGERS
BROTHER JOSEPH,4,BROTHER JOSEPH-4,6,JAGUARS
KFP,6,KFP-6,22,CHARGERS
spooky vanilla,2,spooky vanilla-2,12,STEELERS
BROTHER JOSEPH,5,BROTHER JOSEPH-5,6,JAGUARS
KFP,7,KFP-7,22,CHARGERS
Spooky,1,Spooky-1,20,LIONS
BROTHER JOSEPH,6,BROTHER JOSEPH-6,12,STEELERS
KFP,8,KFP-8,22,CHARGERS
Spooky,10,Spooky-10,6,JAGUARS
BROTHER JOSEPH,7,BROTHER JOSEPH-7,12,STEELERS
KFP,9,KFP-9,22,CHARGERS
Spooky,2,Spooky-2,20,LIONS
BROTHER JOSEPH,8,BROTHER JOSEPH-8,18,TITANS
KGB,1,KGB-1,18,TITANS
Spooky,3,Spooky-3,20,LIONS
BROTHERS GRIMM,1,BROTHERS GRIMM-1,6,JAGUARS
KGB,10,KGB-10,16,PANTHERS
Spooky,4,Spooky-4,20,LIONS
BROTHERS GRIMM,2,BROTHERS GRIMM-2,6,JAGUARS
KGB,2,KGB-2,12,STEELERS
Spooky,5,Spooky-5,6,JAGUARS
BROTHERS GRIMM,3,BROTHERS GRIMM-3,22,CHARGERS
KGB,3,KGB-3,22,CHARGERS
Spooky,6,Spooky-6,6,JAGUARS
BROTHERS NUMSIE,1,BROTHERS NUMSIE-1,22,CHARGERS
KGB,4,KGB-4,12,STEELERS
Spooky,7,Spooky-7,6,JAGUARS
BROTHERS NUMSIE,2,BROTHERS NUMSIE-2,22,CHARGERS
KGB,5,KGB-5,22,CHARGERS
Spooky,8,Spooky-8,6,JAGUARS
BROTHERS NUMSIE,3,BROTHERS NUMSIE-3,22,CHARGERS
KGB,6,KGB-6,12,STEELERS
Spooky,9,Spooky-9,6,JAGUARS
BROTHERS NUMSIE,4,BROTHERS NUMSIE-4,22,CHARGERS
KGB,7,KGB-7,6,JAGUARS
SPORK VEGAS,1,SPORK VEGAS-1,22,CHARGERS
BROTHERS NUMSIE,5,BROTHERS NUMSIE-5,6,JAGUARS
KGB,8,KGB-8,22,CHARGERS
SPORTCAPPERPARADISE,1,SPORTCAPPERPARADISE-1,22,CHARGERS
BROTHERS NUMSIE,6,BROTHERS NUMSIE-6,6,JAGUARS
KGB,9,KGB-9,6,JAGUARS
SPORTS AI PICK,1,SPORTS AI PICK-1,22,CHARGERS
BROTHERS,1,BROTHERS-1,22,CHARGERS
kgcrew,1,kgcrew-1,22,CHARGERS
SPORTS BETTING QUEEN,1,SPORTS BETTING QUEEN-1,22,CHARGERS
BROTHERS,2,BROTHERS-2,6,JAGUARS
kgcrew,2,kgcrew-2,22,CHARGERS
Sports Executioner,1,Sports Executioner-1,6,JAGUARS
BROVATION,1,BROVATION-1,22,CHARGERS
kgcrew,3,kgcrew-3,6,JAGUARS
Sports Executioner,2,Sports Executioner-2,22,CHARGERS
BROVATION,2,BROVATION-2,6,JAGUARS
kgcrew,4,kgcrew-4,6,JAGUARS
Sports Executioner,3,Sports Executioner-3,22,CHARGERS
BROVATION,3,BROVATION-3,22,CHARGERS
kgcrew,5,kgcrew-5,12,STEELERS
Sports Executioner,4,Sports Executioner-4,8,BENGALS
BROWN BEARS,1,BROWN BEARS-1,22,CHARGERS
KGLEMER,1,KGLEMER-1,24,RAIDERS
Sports Executioner,5,Sports Executioner-5,6,JAGUARS
browna,1,browna-1,12,STEELERS
KGLEMER,2,KGLEMER-2,6,JAGUARS
SPORTS JUNKIES,1,SPORTS JUNKIES-1,6,JAGUARS
browna,10,browna-10,23,DOLPHINS
KGLEMER,3,KGLEMER-3,22,CHARGERS
SPORTSANALYTICS24/7,1,SPORTSANALYTICS24/7-1,6,JAGUARS
browna,2,browna-2,12,STEELERS
KHAM123,1,KHAM123-1,2,SEAHAWKS
SPORTSANALYTICS24/7,2,SPORTSANALYTICS24/7-2,12,STEELERS
browna,3,browna-3,12,STEELERS
KHAM123,2,KHAM123-2,2,SEAHAWKS
SPORTSANALYTICS24/7,3,SPORTSANALYTICS24/7-3,24,RAIDERS
browna,4,browna-4,6,JAGUARS
KHAM123,3,KHAM123-3,2,SEAHAWKS
SPORTSANALYTICS24/7,4,SPORTSANALYTICS24/7-4,22,CHARGERS
browna,5,browna-5,6,JAGUARS
KHARIEZP1,1,KHARIEZP1-1,24,RAIDERS
SPORTSANALYTICSGURU,1,SPORTSANALYTICSGURU-1,20,LIONS
browna,6,browna-6,22,CHARGERS
KHARIEZP1,2,KHARIEZP1-2,22,CHARGERS
SPORTSANALYTICSGURU,2,SPORTSANALYTICSGURU-2,6,JAGUARS
browna,7,browna-7,22,CHARGERS
KICKER JERSEYS,1,KICKER JERSEYS-1,22,CHARGERS
SPORTSANALYTICSGURU,3,SPORTSANALYTICSGURU-3,26,EAGLES
browna,8,browna-8,20,LIONS
KICKER JERSEYS,2,KICKER JERSEYS-2,6,JAGUARS
SPORTSANALYTICSGURU,4,SPORTSANALYTICSGURU-4,22,CHARGERS
browna,9,browna-9,15,BEARS
KICKOFF2026,1,KICKOFF2026-1,22,CHARGERS
SPORTSANALYTICSGURU,5,SPORTSANALYTICSGURU-5,22,CHARGERS
BROWNIEKM,1,BROWNIEKM-1,26,EAGLES
KID M3,1,KID M3-1,12,STEELERS
spotted_Cow,1,spotted_Cow-1,22,CHARGERS
BROWNOUT,1,BROWNOUT-1,22,CHARGERS
Kid's Krushers,1,Kid's Krushers-1,22,CHARGERS
spotted_Cow,2,spotted_Cow-2,22,CHARGERS
BROWNOUT,2,BROWNOUT-2,6,JAGUARS
KIDDER BOYS,1,KIDDER BOYS-1,22,CHARGERS
spotted_Cow,3,spotted_Cow-3,6,JAGUARS
Browns,1,Browns-1,6,JAGUARS
Kihen Mihens,1,Kihen Mihens-1,6,JAGUARS
spotted_Cow,4,spotted_Cow-4,22,CHARGERS
BRUCE WAYNE,1,BRUCE WAYNE-1,12,STEELERS
Kihen Mihens,2,Kihen Mihens-2,6,JAGUARS
spotted_Cow,5,spotted_Cow-5,6,JAGUARS
BRUCE WAYNE,2,BRUCE WAYNE-2,12,STEELERS
KikWorm,1,KikWorm-1,6,JAGUARS
spotted_Cow,6,spotted_Cow-6,20,LIONS
BRUCE WAYNE,3,BRUCE WAYNE-3,12,STEELERS
KikWorm,2,KikWorm-2,22,CHARGERS
SPREAD EAGLE,1,SPREAD EAGLE-1,6,JAGUARS
BRUCE WAYNE,4,BRUCE WAYNE-4,6,JAGUARS
KILAUEAKILLERS,1,KILAUEAKILLERS-1,22,CHARGERS
SPREAD EAGLE,2,SPREAD EAGLE-2,22,CHARGERS
BRUCE WAYNE,5,BRUCE WAYNE-5,6,JAGUARS
KILLA C,1,KILLA C-1,12,STEELERS
SPREAD EAGLE,3,SPREAD EAGLE-3,12,STEELERS
BRUCE WAYNE,6,BRUCE WAYNE-6,6,JAGUARS
Killabug,1,Killabug-1,12,STEELERS
SPRING CREEK BOYS,1,SPRING CREEK BOYS-1,24,RAIDERS
BRUCE'S CICERO BOYS,1,BRUCE'S CICERO BOYS-1,22,CHARGERS
Killabug,2,Killabug-2,6,JAGUARS
SPRING CREEK BOYS,2,SPRING CREEK BOYS-2,24,RAIDERS
BRUCE'S CICERO BOYS,2,BRUCE'S CICERO BOYS-2,6,JAGUARS
Killabug,3,Killabug-3,22,CHARGERS
SPRING CREEK BOYS,3,SPRING CREEK BOYS-3,6,JAGUARS
BRUCE'S CICERO BOYS,3,BRUCE'S CICERO BOYS-3,22,CHARGERS
Killabug,4,Killabug-4,24,RAIDERS
SPRING CREEK BOYS,4,SPRING CREEK BOYS-4,6,JAGUARS
BRUGG,1,BRUGG-1,22,CHARGERS
KILLER B'S,1,KILLER B'S-1,6,JAGUARS
SPRING CREEK BOYS,5,SPRING CREEK BOYS-5,6,JAGUARS
BRUGG,2,BRUGG-2,29,COWBOYS
KILLER B'S,2,KILLER B'S-2,12,STEELERS
SPRING CREEK BOYS,6,SPRING CREEK BOYS-6,22,CHARGERS
BRUISER 1226,1,BRUISER 1226-1,6,JAGUARS
KILLER B'S,3,KILLER B'S-3,6,JAGUARS
SPRING CREEK BOYS,7,SPRING CREEK BOYS-7,22,CHARGERS
BRUNER 3,1,BRUNER 3-1,6,JAGUARS
KILLER B'S,4,KILLER B'S-4,6,JAGUARS
SPRING CREEK BOYS,8,SPRING CREEK BOYS-8,22,CHARGERS
BRUNER 3,2,BRUNER 3-2,12,STEELERS
KILLER B'S,5,KILLER B'S-5,6,JAGUARS
SPRING CREEK BOYS,9,SPRING CREEK BOYS-9,22,CHARGERS
brutalmaster99,1,brutalmaster99-1,26,EAGLES
KILLER B'S,6,KILLER B'S-6,12,STEELERS
SpringTime303,1,SpringTime303-1,22,CHARGERS
brutalmaster99,2,brutalmaster99-2,12,STEELERS
KILLER B'S,7,KILLER B'S-7,24,RAIDERS
SpringTime303,2,SpringTime303-2,12,STEELERS
BRYSKYRA,1,BRYSKYRA-1,6,JAGUARS
KILLER B,1,KILLER B-1,20,LIONS
SPUD&MAMMOS,1,SPUD&MAMMOS-1,22,CHARGERS
BRYSKYRA,2,BRYSKYRA-2,12,STEELERS
KILLER B,2,KILLER B-2,6,JAGUARS
SPUD&MAMMOS,2,SPUD&MAMMOS-2,22,CHARGERS
BRYSKYRA,3,BRYSKYRA-3,6,JAGUARS
KILO 0110,1,KILO 0110-1,22,CHARGERS
SPUD&MAMMOS,3,SPUD&MAMMOS-3,12,STEELERS
BRYSKYRA,4,BRYSKYRA-4,22,CHARGERS
KILO 0110,10,KILO 0110-10,22,CHARGERS
SPUD&MAMMOS,4,SPUD&MAMMOS-4,6,JAGUARS
bschiss,1,bschiss-1,6,JAGUARS
KILO 0110,2,KILO 0110-2,22,CHARGERS
spud61go,1,spud61go-1,22,CHARGERS
bschiss,2,bschiss-2,6,JAGUARS
KILO 0110,3,KILO 0110-3,22,CHARGERS
SPYDER MONKEY,1,SPYDER MONKEY-1,20,LIONS
bschiss,3,bschiss-3,22,CHARGERS
KILO 0110,4,KILO 0110-4,22,CHARGERS
SPYDER MONKEY,10,SPYDER MONKEY-10,22,CHARGERS
bschiss,4,bschiss-4,12,STEELERS
KILO 0110,5,KILO 0110-5,22,CHARGERS
SPYDER MONKEY,2,SPYDER MONKEY-2,20,LIONS
BSQUARED NB,1,BSQUARED NB-1,12,STEELERS
KILO 0110,6,KILO 0110-6,22,CHARGERS
SPYDER MONKEY,3,SPYDER MONKEY-3,26,EAGLES
BSQUARED NB,2,BSQUARED NB-2,26,EAGLES
KILO 0110,7,KILO 0110-7,22,CHARGERS
SPYDER MONKEY,4,SPYDER MONKEY-4,26,EAGLES
BTMBETS,1,BTMBETS-1,12,STEELERS
KILO 0110,8,KILO 0110-8,22,CHARGERS
SPYDER MONKEY,5,SPYDER MONKEY-5,22,CHARGERS
BTMBETS,10,BTMBETS-10,6,JAGUARS
KILO 0110,9,KILO 0110-9,24,RAIDERS
SPYDER MONKEY,6,SPYDER MONKEY-6,22,CHARGERS
BTMBETS,2,BTMBETS-2,12,STEELERS
KILO WILLIAMS,1,KILO WILLIAMS-1,6,JAGUARS
SPYDER MONKEY,7,SPYDER MONKEY-7,22,CHARGERS
BTMBETS,3,BTMBETS-3,12,STEELERS
kilo,1,kilo-1,12,STEELERS
SPYDER MONKEY,8,SPYDER MONKEY-8,22,CHARGERS
BTMBETS,4,BTMBETS-4,12,STEELERS
KIMBERGER & FRIES,1,KIMBERGER & FRIES-1,6,JAGUARS
SPYDER MONKEY,9,SPYDER MONKEY-9,22,CHARGERS
BTMBETS,5,BTMBETS-5,12,STEELERS
KIMBERGER & FRIES,10,KIMBERGER & FRIES-10,24,RAIDERS
SQUAD GOALS,1,SQUAD GOALS-1,6,JAGUARS
BTMBETS,6,BTMBETS-6,24,RAIDERS
KIMBERGER & FRIES,2,KIMBERGER & FRIES-2,6,JAGUARS
SQUAD GOALS,2,SQUAD GOALS-2,6,JAGUARS
BTMBETS,7,BTMBETS-7,24,RAIDERS
KIMBERGER & FRIES,3,KIMBERGER & FRIES-3,6,JAGUARS
SQUAD GOALS,3,SQUAD GOALS-3,22,CHARGERS
BTMBETS,8,BTMBETS-8,24,RAIDERS
KIMBERGER & FRIES,4,KIMBERGER & FRIES-4,6,JAGUARS
SQUAD GOALS,4,SQUAD GOALS-4,6,JAGUARS
BTMBETS,9,BTMBETS-9,24,RAIDERS
KIMBERGER & FRIES,5,KIMBERGER & FRIES-5,6,JAGUARS
SQUAD GOALS,5,SQUAD GOALS-5,22,CHARGERS
BTR PODCAST,1,BTR PODCAST-1,24,RAIDERS
KIMBERGER & FRIES,6,KIMBERGER & FRIES-6,12,STEELERS
SQUARE LIFE,1,SQUARE LIFE-1,22,CHARGERS
BTR PODCAST,2,BTR PODCAST-2,24,RAIDERS
KIMBERGER & FRIES,7,KIMBERGER & FRIES-7,12,STEELERS
SQUARE LIFE,2,SQUARE LIFE-2,22,CHARGERS
BTR PODCAST,3,BTR PODCAST-3,24,RAIDERS
KIMBERGER & FRIES,8,KIMBERGER & FRIES-8,22,CHARGERS
SQUARE LIFE,3,SQUARE LIFE-3,6,JAGUARS
BTR PODCAST,4,BTR PODCAST-4,22,CHARGERS
KIMBERGER & FRIES,9,KIMBERGER & FRIES-9,22,CHARGERS
SQUIDS1967,1,SQUIDS1967-1,6,JAGUARS
BTR PODCAST,5,BTR PODCAST-5,12,STEELERS
KIMS & IMS,1,KIMS & IMS-1,24,RAIDERS
SQUIRREL CAPITAL INC,1,SQUIRREL CAPITAL INC-1,6,JAGUARS
BTR PODCAST,6,BTR PODCAST-6,22,CHARGERS
KIMS & IMS,2,KIMS & IMS-2,6,JAGUARS
SQUIRREL CAPITAL INC,10,SQUIRREL CAPITAL INC-10,12,STEELERS
BTR PODCAST,7,BTR PODCAST-7,22,CHARGERS
KIMS & IMS,3,KIMS & IMS-3,6,JAGUARS
SQUIRREL CAPITAL INC,2,SQUIRREL CAPITAL INC-2,6,JAGUARS
BTS all day,1,BTS all day-1,22,CHARGERS
KINDA FIT KINDA FAT,1,KINDA FIT KINDA FAT-1,12,STEELERS
SQUIRREL CAPITAL INC,3,SQUIRREL CAPITAL INC-3,6,JAGUARS
BTS all day,2,BTS all day-2,26,EAGLES
KINDA FIT KINDA FAT,2,KINDA FIT KINDA FAT-2,6,JAGUARS
SQUIRREL CAPITAL INC,4,SQUIRREL CAPITAL INC-4,6,JAGUARS
BTYMER,1,BTYMER-1,6,JAGUARS
KINDA FIT KINDA FAT,3,KINDA FIT KINDA FAT-3,6,JAGUARS
SQUIRREL CAPITAL INC,5,SQUIRREL CAPITAL INC-5,6,JAGUARS
BTYMER,2,BTYMER-2,6,JAGUARS
KINDA FIT KINDA FAT,4,KINDA FIT KINDA FAT-4,6,JAGUARS
SQUIRREL CAPITAL INC,6,SQUIRREL CAPITAL INC-6,6,JAGUARS
BUBBA BRAWLERS,1,BUBBA BRAWLERS-1,24,RAIDERS
KINDA FIT KINDA FAT,5,KINDA FIT KINDA FAT-5,12,STEELERS
SQUIRREL CAPITAL INC,7,SQUIRREL CAPITAL INC-7,12,STEELERS
BUBBA BRAWLERS,2,BUBBA BRAWLERS-2,6,JAGUARS
KINDA FIT KINDA FAT,6,KINDA FIT KINDA FAT-6,22,CHARGERS
SQUIRREL CAPITAL INC,8,SQUIRREL CAPITAL INC-8,12,STEELERS
BUBBA BRAWLERS,3,BUBBA BRAWLERS-3,6,JAGUARS
king brutus,1,king brutus-1,22,CHARGERS
SQUIRREL CAPITAL INC,9,SQUIRREL CAPITAL INC-9,12,STEELERS
BUBBA BRAWLERS,4,BUBBA BRAWLERS-4,6,JAGUARS
king brutus,2,king brutus-2,22,CHARGERS
SQX,1,SQX-1,6,JAGUARS
BUBBA MURPHY,1,BUBBA MURPHY-1,22,CHARGERS
KING CHARLES,1,KING CHARLES-1,22,CHARGERS
SQX,2,SQX-2,6,JAGUARS
BUBBA MURPHY,2,BUBBA MURPHY-2,6,JAGUARS
KING CHARLES,10,KING CHARLES-10,6,JAGUARS
SR.PREE21,1,SR.PREE21-1,26,EAGLES
BUBBA'SBANDWAGON,1,BUBBA'SBANDWAGON-1,6,JAGUARS
KING CHARLES,2,KING CHARLES-2,22,CHARGERS
SR.PREE21,2,SR.PREE21-2,26,EAGLES
BUBBA'SBANDWAGON,2,BUBBA'SBANDWAGON-2,20,LIONS
KING CHARLES,3,KING CHARLES-3,22,CHARGERS
SR.PREE21,3,SR.PREE21-3,6,JAGUARS
BUBBA,1,BUBBA-1,12,STEELERS
KING CHARLES,4,KING CHARLES-4,22,CHARGERS
SR.PREE21,4,SR.PREE21-4,12,STEELERS
BUBBA,10,BUBBA-10,22,CHARGERS
KING CHARLES,5,KING CHARLES-5,22,CHARGERS
SRE,1,SRE-1,6,JAGUARS
BUBBA,2,BUBBA-2,6,JAGUARS
KING CHARLES,6,KING CHARLES-6,6,JAGUARS
SRE,2,SRE-2,20,LIONS
BUBBA,3,BUBBA-3,6,JAGUARS
KING CHARLES,7,KING CHARLES-7,6,JAGUARS
SRE,3,SRE-3,20,LIONS
BUBBA,4,BUBBA-4,22,CHARGERS
KING CHARLES,8,KING CHARLES-8,6,JAGUARS
SRE,4,SRE-4,22,CHARGERS
BUBBA,5,BUBBA-5,12,STEELERS
KING CHARLES,9,KING CHARLES-9,6,JAGUARS
SRE,5,SRE-5,22,CHARGERS
BUBBA,6,BUBBA-6,22,CHARGERS
KING DUBB,1,KING DUBB-1,22,CHARGERS
SRE,6,SRE-6,18,TITANS
BUBBA,7,BUBBA-7,6,JAGUARS
KING DUBB,10,KING DUBB-10,6,JAGUARS
SRE,7,SRE-7,24,RAIDERS
BUBBA,8,BUBBA-8,22,CHARGERS
KING DUBB,2,KING DUBB-2,22,CHARGERS
SRE,8,SRE-8,24,RAIDERS
BUBBA,9,BUBBA-9,6,JAGUARS
KING DUBB,3,KING DUBB-3,22,CHARGERS
SRQ DEGENERATES,1,SRQ DEGENERATES-1,12,STEELERS
BUBBABRAD,1,BUBBABRAD-1,6,JAGUARS
KING DUBB,4,KING DUBB-4,22,CHARGERS
SRQ DEGENERATES,2,SRQ DEGENERATES-2,6,JAGUARS
BUBBABRAD,2,BUBBABRAD-2,6,JAGUARS
KING DUBB,5,KING DUBB-5,22,CHARGERS
SSGMAT,1,SSGMAT-1,22,CHARGERS
BUBBABRAD,3,BUBBABRAD-3,12,STEELERS
KING DUBB,6,KING DUBB-6,6,JAGUARS
sss,1,sss-1,20,LIONS
BUBBABRAD,4,BUBBABRAD-4,22,CHARGERS
KING DUBB,7,KING DUBB-7,6,JAGUARS
sss,2,sss-2,24,RAIDERS
BubbaDub1,1,BubbaDub1-1,22,CHARGERS
KING DUBB,8,KING DUBB-8,6,JAGUARS
sss,3,sss-3,6,JAGUARS
bubble263,1,bubble263-1,22,CHARGERS
KING DUBB,9,KING DUBB-9,6,JAGUARS
sss,4,sss-4,22,CHARGERS
bubble263,10,bubble263-10,20,LIONS
KING GM,1,KING GM-1,22,CHARGERS
sss,5,sss-5,12,STEELERS
bubble263,2,bubble263-2,20,LIONS
KING GM,10,KING GM-10,24,RAIDERS
sss,6,sss-6,22,CHARGERS
bubble263,3,bubble263-3,12,STEELERS
KING GM,2,KING GM-2,22,CHARGERS
SSVEGAS,1,SSVEGAS-1,6,JAGUARS
bubble263,4,bubble263-4,22,CHARGERS
KING GM,3,KING GM-3,22,CHARGERS
ST JAMES,1,ST JAMES-1,6,JAGUARS
bubble263,5,bubble263-5,22,CHARGERS
KING GM,4,KING GM-4,22,CHARGERS
ST JAMES,10,ST JAMES-10,24,RAIDERS
bubble263,6,bubble263-6,6,JAGUARS
KING GM,5,KING GM-5,22,CHARGERS
ST JAMES,2,ST JAMES-2,6,JAGUARS
bubble263,7,bubble263-7,6,JAGUARS
KING GM,6,KING GM-6,6,JAGUARS
ST JAMES,3,ST JAMES-3,12,STEELERS
bubble263,8,bubble263-8,6,JAGUARS
KING GM,7,KING GM-7,6,JAGUARS
ST JAMES,4,ST JAMES-4,22,CHARGERS
bubble263,9,bubble263-9,20,LIONS
KING GM,8,KING GM-8,6,JAGUARS
ST JAMES,5,ST JAMES-5,22,CHARGERS
BUBBS & BELLA,1,BUBBS & BELLA-1,22,CHARGERS
KING GM,9,KING GM-9,12,STEELERS
ST JAMES,6,ST JAMES-6,22,CHARGERS
BUBBS & BELLA,2,BUBBS & BELLA-2,6,JAGUARS
KING IN THE NORTH,1,KING IN THE NORTH-1,12,STEELERS
ST JAMES,7,ST JAMES-7,22,CHARGERS
BUCEESBENFRANKLIN,1,BUCEESBENFRANKLIN-1,22,CHARGERS
KING IN THE NORTH,2,KING IN THE NORTH-2,22,CHARGERS
ST JAMES,8,ST JAMES-8,6,JAGUARS
BUCEESBENFRANKLIN,2,BUCEESBENFRANKLIN-2,22,CHARGERS
KING KUNTA,1,KING KUNTA-1,6,JAGUARS
ST JAMES,9,ST JAMES-9,6,JAGUARS
BUCEESBENFRANKLIN,3,BUCEESBENFRANKLIN-3,12,STEELERS
KING KUNTA,10,KING KUNTA-10,26,EAGLES
ST. BRANHILL,1,ST. BRANHILL-1,6,JAGUARS
BUCK JR,1,BUCK JR-1,6,JAGUARS
KING KUNTA,2,KING KUNTA-2,6,JAGUARS
ST. BRANHILL,2,ST. BRANHILL-2,20,LIONS
BUCKETS DEV,1,BUCKETS DEV-1,22,CHARGERS
KING KUNTA,3,KING KUNTA-3,6,JAGUARS
ST. BRANHILL,3,ST. BRANHILL-3,22,CHARGERS
BUCKETS DEV,2,BUCKETS DEV-2,12,STEELERS
KING KUNTA,4,KING KUNTA-4,6,JAGUARS
St. Columba Boys,1,St. Columba Boys-1,6,JAGUARS
BUCKEYE BUMS,1,BUCKEYE BUMS-1,6,JAGUARS
KING KUNTA,5,KING KUNTA-5,20,LIONS
ST.ANTHONY'S,1,ST.ANTHONY'S-1,22,CHARGERS
BUCKEYE BUMS,2,BUCKEYE BUMS-2,22,CHARGERS
KING KUNTA,6,KING KUNTA-6,20,LIONS
ST.ANTHONY'S,2,ST.ANTHONY'S-2,6,JAGUARS
BUCKEYE DEGENERATES,1,BUCKEYE DEGENERATES-1,6,JAGUARS
KING KUNTA,7,KING KUNTA-7,20,LIONS
ST.CHARLES IN CHARGE,1,ST.CHARLES IN CHARGE-1,22,CHARGERS
BUCKEYE DEGENERATES,2,BUCKEYE DEGENERATES-2,12,STEELERS
KING KUNTA,8,KING KUNTA-8,20,LIONS
ST.CHARLES IN CHARGE,10,ST.CHARLES IN CHARGE-10,24,RAIDERS
BUCKEYE DEGENERATES,3,BUCKEYE DEGENERATES-3,12,STEELERS
KING KUNTA,9,KING KUNTA-9,26,EAGLES
ST.CHARLES IN CHARGE,2,ST.CHARLES IN CHARGE-2,12,STEELERS
BUCKEYE614,1,BUCKEYE614-1,6,JAGUARS
KING OF EL CORTEZ,1,KING OF EL CORTEZ-1,6,JAGUARS
ST.CHARLES IN CHARGE,3,ST.CHARLES IN CHARGE-3,6,JAGUARS
BUCKEYE614,2,BUCKEYE614-2,22,CHARGERS
KING OF EL CORTEZ,2,KING OF EL CORTEZ-2,12,STEELERS
ST.CHARLES IN CHARGE,4,ST.CHARLES IN CHARGE-4,22,CHARGERS
BUCKING LEGENDS,1,BUCKING LEGENDS-1,22,CHARGERS
KING OF EL CORTEZ,3,KING OF EL CORTEZ-3,22,CHARGERS
ST.CHARLES IN CHARGE,5,ST.CHARLES IN CHARGE-5,18,TITANS
BUCKLES R US,1,BUCKLES R US-1,6,JAGUARS
KING OF EL CORTEZ,4,KING OF EL CORTEZ-4,24,RAIDERS
ST.CHARLES IN CHARGE,6,ST.CHARLES IN CHARGE-6,26,EAGLES
BUCKLES R US,2,BUCKLES R US-2,6,JAGUARS
KING OF WISHFUL,1,KING OF WISHFUL-1,12,STEELERS
ST.CHARLES IN CHARGE,7,ST.CHARLES IN CHARGE-7,6,JAGUARS
BUCKLES R US,3,BUCKLES R US-3,6,JAGUARS
KING OF WISHFUL,2,KING OF WISHFUL-2,22,CHARGERS
ST.CHARLES IN CHARGE,8,ST.CHARLES IN CHARGE-8,22,CHARGERS
BUCKMANSTINSON,1,BUCKMANSTINSON-1,22,CHARGERS
KING OF WISHFUL,3,KING OF WISHFUL-3,6,JAGUARS
ST.CHARLES IN CHARGE,9,ST.CHARLES IN CHARGE-9,6,JAGUARS
BUCKNUTS,1,BUCKNUTS-1,12,STEELERS
KINGRICHARDV,1,KINGRICHARDV-1,22,CHARGERS
ST.DEAN,1,ST.DEAN-1,22,CHARGERS
BUCKNUTS,2,BUCKNUTS-2,6,JAGUARS
KINGRICHARDV,2,KINGRICHARDV-2,6,JAGUARS
STACKHOUSE,1,STACKHOUSE-1,6,JAGUARS
BUCKNUTS,3,BUCKNUTS-3,22,CHARGERS
KINGRICHARDV,3,KINGRICHARDV-3,6,JAGUARS
Stackinchips,1,Stackinchips-1,6,JAGUARS
BUCKNUTS,4,BUCKNUTS-4,6,JAGUARS
KINGRICHARDV,4,KINGRICHARDV-4,20,LIONS
STACKING PAPER,1,STACKING PAPER-1,22,CHARGERS
BUCKNUTS,5,BUCKNUTS-5,6,JAGUARS
KINGRICHARDV,5,KINGRICHARDV-5,12,STEELERS
STACKING PAPER,10,STACKING PAPER-10,12,STEELERS
BUCKNUTS,6,BUCKNUTS-6,22,CHARGERS
KINGS RIDGE CREW,1,KINGS RIDGE CREW-1,6,JAGUARS
STACKING PAPER,2,STACKING PAPER-2,22,CHARGERS
BUCKNUTS,7,BUCKNUTS-7,22,CHARGERS
KINGT,1,KINGT-1,22,CHARGERS
STACKING PAPER,3,STACKING PAPER-3,22,CHARGERS
BUCKNUTS,8,BUCKNUTS-8,12,STEELERS
KingYork,1,KingYork-1,6,JAGUARS
STACKING PAPER,4,STACKING PAPER-4,22,CHARGERS
BUCKOFF,1,BUCKOFF-1,6,JAGUARS
KingYork,2,KingYork-2,6,JAGUARS
STACKING PAPER,5,STACKING PAPER-5,6,JAGUARS
BUCKOFF,2,BUCKOFF-2,22,CHARGERS
KINSHO,1,KINSHO-1,6,JAGUARS
STACKING PAPER,6,STACKING PAPER-6,6,JAGUARS
BUCKOFF,3,BUCKOFF-3,20,LIONS
KIPPERDOG,1,KIPPERDOG-1,22,CHARGERS
STACKING PAPER,7,STACKING PAPER-7,6,JAGUARS
BUCKOFF,4,BUCKOFF-4,22,CHARGERS
KIPPERDOG,2,KIPPERDOG-2,22,CHARGERS
STACKING PAPER,8,STACKING PAPER-8,20,LIONS
BUCKY PICKS,1,BUCKY PICKS-1,22,CHARGERS
KIPPERDOG,3,KIPPERDOG-3,22,CHARGERS
STACKING PAPER,9,STACKING PAPER-9,20,LIONS
BUCKY PICKS,2,BUCKY PICKS-2,6,JAGUARS
KIPPERDOG,4,KIPPERDOG-4,22,CHARGERS
StacyWilliams,1,StacyWilliams-1,6,JAGUARS
BUCKY SYNDICATE,1,BUCKY SYNDICATE-1,12,STEELERS
KIPPERDOG,5,KIPPERDOG-5,12,STEELERS
StacyWilliams,10,StacyWilliams-10,24,RAIDERS
BUCKY SYNDICATE,2,BUCKY SYNDICATE-2,6,JAGUARS
KIPPERDOG,6,KIPPERDOG-6,12,STEELERS
StacyWilliams,2,StacyWilliams-2,6,JAGUARS
BUCKY SYNDICATE,3,BUCKY SYNDICATE-3,22,CHARGERS
KIPPERDOG,7,KIPPERDOG-7,12,STEELERS
StacyWilliams,3,StacyWilliams-3,12,STEELERS
BUCKY SYNDICATE,4,BUCKY SYNDICATE-4,12,STEELERS
KIPPERDOG,8,KIPPERDOG-8,20,LIONS
StacyWilliams,4,StacyWilliams-4,12,STEELERS
BucNasty,1,BucNasty-1,22,CHARGERS
KIRKBONE,1,KIRKBONE-1,6,JAGUARS
StacyWilliams,5,StacyWilliams-5,22,CHARGERS
Budcal,1,Budcal-1,6,JAGUARS
KIRKBONE,2,KIRKBONE-2,22,CHARGERS
StacyWilliams,6,StacyWilliams-6,22,CHARGERS
Budcal,10,Budcal-10,22,CHARGERS
KIRKEVANS,1,KIRKEVANS-1,20,LIONS
StacyWilliams,7,StacyWilliams-7,26,EAGLES
Budcal,2,Budcal-2,6,JAGUARS
KIRKEVANS,10,KIRKEVANS-10,24,RAIDERS
StacyWilliams,8,StacyWilliams-8,20,LIONS
Budcal,3,Budcal-3,6,JAGUARS
KIRKEVANS,2,KIRKEVANS-2,20,LIONS
StacyWilliams,9,StacyWilliams-9,20,LIONS
Budcal,4,Budcal-4,6,JAGUARS
KIRKEVANS,3,KIRKEVANS-3,20,LIONS
STAG CAPITAL,1,STAG CAPITAL-1,22,CHARGERS
Budcal,5,Budcal-5,6,JAGUARS
KIRKEVANS,4,KIRKEVANS-4,20,LIONS
STAG CAPITAL,2,STAG CAPITAL-2,12,STEELERS
Budcal,6,Budcal-6,22,CHARGERS
KIRKEVANS,5,KIRKEVANS-5,12,STEELERS
STAG CAPITAL,3,STAG CAPITAL-3,6,JAGUARS
Budcal,7,Budcal-7,22,CHARGERS
KIRKEVANS,6,KIRKEVANS-6,22,CHARGERS
STAG CAPITAL,4,STAG CAPITAL-4,22,CHARGERS
Budcal,8,Budcal-8,22,CHARGERS
KIRKEVANS,7,KIRKEVANS-7,6,JAGUARS
STAG CAPITAL,5,STAG CAPITAL-5,6,JAGUARS
Budcal,9,Budcal-9,22,CHARGERS
KIRKEVANS,8,KIRKEVANS-8,6,JAGUARS
STAGGERLEE72,1,STAGGERLEE72-1,22,CHARGERS
BUDDABARTS,1,BUDDABARTS-1,12,STEELERS
KIRKEVANS,9,KIRKEVANS-9,6,JAGUARS
STALEY BEARS,1,STALEY BEARS-1,22,CHARGERS
BUDDABARTS,2,BUDDABARTS-2,12,STEELERS
KITTLE ME THIS,1,KITTLE ME THIS-1,22,CHARGERS
StalloneMcBone,1,StalloneMcBone-1,12,STEELERS
BUDDY SYSTEM,1,BUDDY SYSTEM-1,24,RAIDERS
KITTLE ME THIS,10,KITTLE ME THIS-10,18,TITANS
StalloneMcBone,2,StalloneMcBone-2,22,CHARGERS
BUDDY SYSTEM,2,BUDDY SYSTEM-2,12,STEELERS
KITTLE ME THIS,2,KITTLE ME THIS-2,22,CHARGERS
StalloneMcBone,3,StalloneMcBone-3,29,COWBOYS
budman,1,budman-1,22,CHARGERS
KITTLE ME THIS,3,KITTLE ME THIS-3,6,JAGUARS
STAN THE CADDIE,1,STAN THE CADDIE-1,26,EAGLES
budman,2,budman-2,22,CHARGERS
KITTLE ME THIS,4,KITTLE ME THIS-4,6,JAGUARS
STAN THE CADDIE,2,STAN THE CADDIE-2,6,JAGUARS
budman,3,budman-3,22,CHARGERS
KITTLE ME THIS,5,KITTLE ME THIS-5,6,JAGUARS
STAN THE CADDIE,3,STAN THE CADDIE-3,22,CHARGERS
buffalo 1981,1,buffalo 1981-1,22,CHARGERS
KITTLE ME THIS,6,KITTLE ME THIS-6,20,LIONS
STAN THE CADDIE,4,STAN THE CADDIE-4,12,STEELERS
BUFFALO BILLS SB,1,BUFFALO BILLS SB-1,22,CHARGERS
KITTLE ME THIS,7,KITTLE ME THIS-7,20,LIONS
STANDALONE,1,STANDALONE-1,12,STEELERS
BUFFALO BILLS SB,2,BUFFALO BILLS SB-2,6,JAGUARS
KITTLE ME THIS,8,KITTLE ME THIS-8,26,EAGLES
STANDALONE,10,STANDALONE-10,12,STEELERS
BUFFALO DAN,1,BUFFALO DAN-1,6,JAGUARS
KITTLE ME THIS,9,KITTLE ME THIS-9,12,STEELERS
STANDALONE,2,STANDALONE-2,12,STEELERS
BUFFALO DAN,2,BUFFALO DAN-2,6,JAGUARS
KJFSU,1,KJFSU-1,22,CHARGERS
STANDALONE,3,STANDALONE-3,12,STEELERS
BUFFALO DAN,3,BUFFALO DAN-3,22,CHARGERS
KJFSU,10,KJFSU-10,12,STEELERS
STANDALONE,4,STANDALONE-4,12,STEELERS
BUFFALO DAN,4,BUFFALO DAN-4,22,CHARGERS
KJFSU,2,KJFSU-2,22,CHARGERS
STANDALONE,5,STANDALONE-5,12,STEELERS
BUFFALO DAN,5,BUFFALO DAN-5,24,RAIDERS
KJFSU,3,KJFSU-3,22,CHARGERS
STANDALONE,6,STANDALONE-6,12,STEELERS
BUFFALO DAN,6,BUFFALO DAN-6,24,RAIDERS
KJFSU,4,KJFSU-4,6,JAGUARS
STANDALONE,7,STANDALONE-7,12,STEELERS
BUFFALO JOEY,1,BUFFALO JOEY-1,26,EAGLES
KJFSU,5,KJFSU-5,6,JAGUARS
STANDALONE,8,STANDALONE-8,12,STEELERS
BUFFALO JOEY,10,BUFFALO JOEY-10,12,STEELERS
KJFSU,6,KJFSU-6,6,JAGUARS
STANDALONE,9,STANDALONE-9,12,STEELERS
BUFFALO JOEY,2,BUFFALO JOEY-2,26,EAGLES
KJFSU,7,KJFSU-7,12,STEELERS
STANDINGTALL,1,STANDINGTALL-1,22,CHARGERS
BUFFALO JOEY,3,BUFFALO JOEY-3,26,EAGLES
KJFSU,8,KJFSU-8,12,STEELERS
STANDINGTALL,10,STANDINGTALL-10,6,JAGUARS
BUFFALO JOEY,4,BUFFALO JOEY-4,26,EAGLES
KJFSU,9,KJFSU-9,12,STEELERS
STANDINGTALL,2,STANDINGTALL-2,6,JAGUARS
BUFFALO JOEY,5,BUFFALO JOEY-5,12,STEELERS
kkidz,1,kkidz-1,6,JAGUARS
STANDINGTALL,3,STANDINGTALL-3,20,LIONS
BUFFALO JOEY,6,BUFFALO JOEY-6,12,STEELERS
kkidz,2,kkidz-2,6,JAGUARS
STANDINGTALL,4,STANDINGTALL-4,22,CHARGERS
BUFFALO JOEY,7,BUFFALO JOEY-7,12,STEELERS
kkidz,3,kkidz-3,6,JAGUARS
STANDINGTALL,5,STANDINGTALL-5,6,JAGUARS
BUFFALO JOEY,8,BUFFALO JOEY-8,12,STEELERS
kkidz,4,kkidz-4,6,JAGUARS
STANDINGTALL,6,STANDINGTALL-6,22,CHARGERS
BUFFALO JOEY,9,BUFFALO JOEY-9,12,STEELERS
kkidz,5,kkidz-5,12,STEELERS
STANDINGTALL,7,STANDINGTALL-7,22,CHARGERS
BUG J,1,BUG J-1,12,STEELERS
kkidz,6,kkidz-6,12,STEELERS
STANDINGTALL,8,STANDINGTALL-8,6,JAGUARS
BUG J,2,BUG J-2,12,STEELERS
kkidz,7,kkidz-7,12,STEELERS
STANDINGTALL,9,STANDINGTALL-9,12,STEELERS
BUGEATERS,1,BUGEATERS-1,22,CHARGERS
KLASSY KAT,1,KLASSY KAT-1,22,CHARGERS
STANGS90,1,STANGS90-1,12,STEELERS
BUGEATERS,2,BUGEATERS-2,22,CHARGERS
KLASSY KAT,2,KLASSY KAT-2,6,JAGUARS
STANGS90,2,STANGS90-2,6,JAGUARS
BUGEATERS,3,BUGEATERS-3,6,JAGUARS
KLASSY KAT,3,KLASSY KAT-3,6,JAGUARS
stanthony,1,stanthony-1,22,CHARGERS
BUGEATERS,4,BUGEATERS-4,6,JAGUARS
KLINGER123,1,KLINGER123-1,22,CHARGERS
Star Light,1,Star Light-1,22,CHARGERS
BUGEATERS,5,BUGEATERS-5,6,JAGUARS
KLUB KERR,1,KLUB KERR-1,6,JAGUARS
Star Light,2,Star Light-2,22,CHARGERS
BUGEATERS,6,BUGEATERS-6,12,STEELERS
KLUB KERR,2,KLUB KERR-2,6,JAGUARS
Star Light,3,Star Light-3,22,CHARGERS
bulldog,1,bulldog-1,6,JAGUARS
KLUB KERR,3,KLUB KERR-3,22,CHARGERS
Star Light,4,Star Light-4,6,JAGUARS
bulldog,10,bulldog-10,24,RAIDERS
KLUB KERR,4,KLUB KERR-4,22,CHARGERS
Star Light,5,Star Light-5,6,JAGUARS
bulldog,2,bulldog-2,6,JAGUARS
KLUB KERR,5,KLUB KERR-5,12,STEELERS
Star Light,6,Star Light-6,12,STEELERS
bulldog,3,bulldog-3,6,JAGUARS
KLUB KERR,6,KLUB KERR-6,12,STEELERS
Star Light,7,Star Light-7,6,JAGUARS
bulldog,4,bulldog-4,12,STEELERS
KMDMV,1,KMDMV-1,24,RAIDERS
STARBURST88,1,STARBURST88-1,6,JAGUARS
bulldog,5,bulldog-5,12,STEELERS
KMDMV,2,KMDMV-2,6,JAGUARS
STARBURST88,2,STARBURST88-2,22,CHARGERS
bulldog,6,bulldog-6,12,STEELERS
kmoney,1,kmoney-1,22,CHARGERS
STARK INDUSTRIES,1,STARK INDUSTRIES-1,6,JAGUARS
bulldog,7,bulldog-7,15,BEARS
kmoney,10,kmoney-10,22,CHARGERS
STARK INDUSTRIES,2,STARK INDUSTRIES-2,22,CHARGERS
bulldog,8,bulldog-8,15,BEARS
kmoney,2,kmoney-2,22,CHARGERS
STARLIGHT1122,1,STARLIGHT1122-1,29,COWBOYS
bulldog,9,bulldog-9,24,RAIDERS
kmoney,3,kmoney-3,22,CHARGERS
STARLIGHT1122,2,STARLIGHT1122-2,6,JAGUARS
BULLDOGS,1,BULLDOGS-1,22,CHARGERS
kmoney,4,kmoney-4,22,CHARGERS
STARLIGHT1122,3,STARLIGHT1122-3,12,STEELERS
Bullhill,1,Bullhill-1,22,CHARGERS
kmoney,5,kmoney-5,22,CHARGERS
starpin,1,starpin-1,22,CHARGERS
Bullhill,2,Bullhill-2,12,STEELERS
kmoney,6,kmoney-6,22,CHARGERS
STAT MATT,1,STAT MATT-1,22,CHARGERS
Bullhill,3,Bullhill-3,24,RAIDERS
kmoney,7,kmoney-7,22,CHARGERS
STAT MATT,2,STAT MATT-2,22,CHARGERS
Bullhill,4,Bullhill-4,6,JAGUARS
kmoney,8,kmoney-8,22,CHARGERS
STAT MATT,3,STAT MATT-3,20,LIONS
BULLPEN BETS,1,BULLPEN BETS-1,6,JAGUARS
kmoney,9,kmoney-9,22,CHARGERS
STAT MATT,4,STAT MATT-4,6,JAGUARS
BULLPEN BETS,2,BULLPEN BETS-2,12,STEELERS
KNICKS IN 5,1,KNICKS IN 5-1,22,CHARGERS
STAT MATT,5,STAT MATT-5,28,VIKINGS
BULLSEYE777,1,BULLSEYE777-1,22,CHARGERS
KNICKS IN 5,10,KNICKS IN 5-10,9,RAVENS
STAT MATT,6,STAT MATT-6,18,TITANS
BULLSEYE777,2,BULLSEYE777-2,6,JAGUARS
KNICKS IN 5,2,KNICKS IN 5-2,22,CHARGERS
STATE MOREY 2027,1,STATE MOREY 2027-1,6,JAGUARS
BULLSEYE777,3,BULLSEYE777-3,6,JAGUARS
KNICKS IN 5,3,KNICKS IN 5-3,6,JAGUARS
STATE MOREY 2027,10,STATE MOREY 2027-10,12,STEELERS
BULLSONPARADE,1,BULLSONPARADE-1,22,CHARGERS
KNICKS IN 5,4,KNICKS IN 5-4,6,JAGUARS
STATE MOREY 2027,2,STATE MOREY 2027-2,6,JAGUARS
BULLSONPARADE,2,BULLSONPARADE-2,22,CHARGERS
KNICKS IN 5,5,KNICKS IN 5-5,20,LIONS
STATE MOREY 2027,3,STATE MOREY 2027-3,6,JAGUARS
BULLSONPARADE,3,BULLSONPARADE-3,6,JAGUARS
KNICKS IN 5,6,KNICKS IN 5-6,20,LIONS
STATE MOREY 2027,4,STATE MOREY 2027-4,20,LIONS
BUM SQUAD,1,BUM SQUAD-1,6,JAGUARS
KNICKS IN 5,7,KNICKS IN 5-7,26,EAGLES
STATE MOREY 2027,5,STATE MOREY 2027-5,20,LIONS
BUM SQUAD,2,BUM SQUAD-2,12,STEELERS
KNICKS IN 5,8,KNICKS IN 5-8,26,EAGLES
STATE MOREY 2027,6,STATE MOREY 2027-6,24,RAIDERS
BUM SQUAD,3,BUM SQUAD-3,22,CHARGERS
KNICKS IN 5,9,KNICKS IN 5-9,8,BENGALS
STATE MOREY 2027,7,STATE MOREY 2027-7,26,EAGLES
BUM SQUAD,4,BUM SQUAD-4,22,CHARGERS
KNICKS2026,1,KNICKS2026-1,6,JAGUARS
STATE MOREY 2027,8,STATE MOREY 2027-8,22,CHARGERS
BUM SQUAD,5,BUM SQUAD-5,6,JAGUARS
KNIGHTS BRIGADE,1,KNIGHTS BRIGADE-1,22,CHARGERS
STATE MOREY 2027,9,STATE MOREY 2027-9,22,CHARGERS
BUMPA 67,1,BUMPA 67-1,22,CHARGERS
KNOCKOUTS1,1,KNOCKOUTS1-1,12,STEELERS
STATEN ISLANDERS,1,STATEN ISLANDERS-1,6,JAGUARS
BUMPA 67,10,BUMPA 67-10,6,JAGUARS
KNOXZILLA BLEZ,1,KNOXZILLA BLEZ-1,18,TITANS
STATION 3 10-97,1,STATION 3 10-97-1,12,STEELERS
BUMPA 67,2,BUMPA 67-2,12,STEELERS
KNOXZILLA BLEZ,2,KNOXZILLA BLEZ-2,24,RAIDERS
STATMAN27,1,STATMAN27-1,12,STEELERS
BUMPA 67,3,BUMPA 67-3,6,JAGUARS
KNOXZILLA BLEZ,3,KNOXZILLA BLEZ-3,22,CHARGERS
STAY IN ALIVE,1,STAY IN ALIVE-1,6,JAGUARS
BUMPA 67,4,BUMPA 67-4,22,CHARGERS
KNOXZILLA BLEZ,4,KNOXZILLA BLEZ-4,20,LIONS
STAY IN ALIVE,10,STAY IN ALIVE-10,20,LIONS
BUMPA 67,5,BUMPA 67-5,22,CHARGERS
KNOXZILLA BLEZ,5,KNOXZILLA BLEZ-5,22,CHARGERS
STAY IN ALIVE,2,STAY IN ALIVE-2,22,CHARGERS
BUMPA 67,6,BUMPA 67-6,22,CHARGERS
KNUCLEHENDS,1,KNUCLEHENDS-1,22,CHARGERS
STAY IN ALIVE,3,STAY IN ALIVE-3,22,CHARGERS
BUMPA 67,7,BUMPA 67-7,6,JAGUARS
KNUCLEHENDS,2,KNUCLEHENDS-2,6,JAGUARS
STAY IN ALIVE,4,STAY IN ALIVE-4,22,CHARGERS
BUMPA 67,8,BUMPA 67-8,22,CHARGERS
KNVEPPBOYZ,1,KNVEPPBOYZ-1,6,JAGUARS
STAY IN ALIVE,5,STAY IN ALIVE-5,20,LIONS
BUMPA 67,9,BUMPA 67-9,12,STEELERS
KOCIAN EXPRESS,1,KOCIAN EXPRESS-1,12,STEELERS
STAY IN ALIVE,6,STAY IN ALIVE-6,6,JAGUARS
Bumpjon,1,Bumpjon-1,12,STEELERS
KOCIAN EXPRESS,2,KOCIAN EXPRESS-2,22,CHARGERS
STAY IN ALIVE,7,STAY IN ALIVE-7,6,JAGUARS
Bumpjon,10,Bumpjon-10,12,STEELERS
KODABURG,1,KODABURG-1,22,CHARGERS
STAY IN ALIVE,8,STAY IN ALIVE-8,22,CHARGERS
Bumpjon,2,Bumpjon-2,12,STEELERS
KOKO,1,KOKO-1,22,CHARGERS
STAY IN ALIVE,9,STAY IN ALIVE-9,20,LIONS
Bumpjon,3,Bumpjon-3,12,STEELERS
KOKO,2,KOKO-2,17,JETS
steak guy,1,steak guy-1,24,RAIDERS
Bumpjon,4,Bumpjon-4,12,STEELERS
kookie betts,1,kookie betts-1,12,STEELERS
STEAL CITY,1,STEAL CITY-1,12,STEELERS
Bumpjon,5,Bumpjon-5,12,STEELERS
kookie betts,2,kookie betts-2,22,CHARGERS
STEAL CITY,10,STEAL CITY-10,22,CHARGERS
Bumpjon,6,Bumpjon-6,12,STEELERS
KOOL PICKS,1,KOOL PICKS-1,6,JAGUARS
STEAL CITY,2,STEAL CITY-2,22,CHARGERS
Bumpjon,7,Bumpjon-7,12,STEELERS
KOOL PICKS,2,KOOL PICKS-2,22,CHARGERS
STEAL CITY,3,STEAL CITY-3,22,CHARGERS
Bumpjon,8,Bumpjon-8,12,STEELERS
KOOL PICKS,3,KOOL PICKS-3,6,JAGUARS
STEAL CITY,4,STEAL CITY-4,22,CHARGERS
Bumpjon,9,Bumpjon-9,12,STEELERS
KOOL PICKS,4,KOOL PICKS-4,6,JAGUARS
STEAL CITY,5,STEAL CITY-5,22,CHARGERS
BUONA,1,BUONA-1,22,CHARGERS
KOPROSKYLO,1,KOPROSKYLO-1,22,CHARGERS
STEAL CITY,6,STEAL CITY-6,22,CHARGERS
BUONA,2,BUONA-2,22,CHARGERS
KOPROSKYLO,2,KOPROSKYLO-2,20,LIONS
STEAL CITY,7,STEAL CITY-7,24,RAIDERS
BUONA,3,BUONA-3,6,JAGUARS
KOPROSKYLO,3,KOPROSKYLO-3,6,JAGUARS
STEAL CITY,8,STEAL CITY-8,12,STEELERS
BUONA,4,BUONA-4,6,JAGUARS
KOSHER CURRY,1,KOSHER CURRY-1,12,STEELERS
STEAL CITY,9,STEAL CITY-9,20,LIONS
BUONA,5,BUONA-5,12,STEELERS
KOSTYAS,1,KOSTYAS-1,22,CHARGERS
STEAM SPORTS,1,STEAM SPORTS-1,6,JAGUARS
BURNLEYFAN,1,BURNLEYFAN-1,12,STEELERS
KOSTYAS,10,KOSTYAS-10,22,CHARGERS
STEAMBOAT ITCHY,1,STEAMBOAT ITCHY-1,26,EAGLES
BURNLEYFAN,2,BURNLEYFAN-2,12,STEELERS
KOSTYAS,2,KOSTYAS-2,22,CHARGERS
STEEL CURTAIN,1,STEEL CURTAIN-1,6,JAGUARS
BURNLEYFAN,3,BURNLEYFAN-3,6,JAGUARS
KOSTYAS,3,KOSTYAS-3,22,CHARGERS
STEEL CURTAIN,2,STEEL CURTAIN-2,12,STEELERS
BURNLEYFAN,4,BURNLEYFAN-4,22,CHARGERS
KOSTYAS,4,KOSTYAS-4,22,CHARGERS
STEEL JUGS,1,STEEL JUGS-1,6,JAGUARS
BURNLEYFAN,5,BURNLEYFAN-5,22,CHARGERS
KOSTYAS,5,KOSTYAS-5,22,CHARGERS
STEEL RESERVE,1,STEEL RESERVE-1,22,CHARGERS
BURNTPILLYWINKS,1,BURNTPILLYWINKS-1,22,CHARGERS
KOSTYAS,6,KOSTYAS-6,22,CHARGERS
STEEL RESERVE,2,STEEL RESERVE-2,12,STEELERS
BURNTPILLYWINKS,2,BURNTPILLYWINKS-2,12,STEELERS
KOSTYAS,7,KOSTYAS-7,22,CHARGERS
steelers bozzle,1,steelers bozzle-1,22,CHARGERS
BURNTPILLYWINKS,3,BURNTPILLYWINKS-3,22,CHARGERS
KOSTYAS,8,KOSTYAS-8,22,CHARGERS
steelers bozzle,10,steelers bozzle-10,22,CHARGERS
BurrowLVRBois,1,BurrowLVRBois-1,22,CHARGERS
KOSTYAS,9,KOSTYAS-9,22,CHARGERS
steelers bozzle,2,steelers bozzle-2,22,CHARGERS
BUSHWICK12,1,BUSHWICK12-1,12,STEELERS
KOUNTRY KRALLERS,1,KOUNTRY KRALLERS-1,22,CHARGERS
steelers bozzle,3,steelers bozzle-3,22,CHARGERS
BUSHWICK12,10,BUSHWICK12-10,12,STEELERS
KOURI8,1,KOURI8-1,6,JAGUARS
steelers bozzle,4,steelers bozzle-4,22,CHARGERS
BUSHWICK12,2,BUSHWICK12-2,12,STEELERS
KOURI8,2,KOURI8-2,22,CHARGERS
steelers bozzle,5,steelers bozzle-5,22,CHARGERS
BUSHWICK12,3,BUSHWICK12-3,12,STEELERS
KOURI8,3,KOURI8-3,22,CHARGERS
steelers bozzle,6,steelers bozzle-6,22,CHARGERS
BUSHWICK12,4,BUSHWICK12-4,12,STEELERS
KOURI8,4,KOURI8-4,22,CHARGERS
steelers bozzle,7,steelers bozzle-7,22,CHARGERS
BUSHWICK12,5,BUSHWICK12-5,12,STEELERS
KOURI8,5,KOURI8-5,20,LIONS
steelers bozzle,8,steelers bozzle-8,22,CHARGERS
BUSHWICK12,6,BUSHWICK12-6,12,STEELERS
KOURI8,6,KOURI8-6,6,JAGUARS
steelers bozzle,9,steelers bozzle-9,22,CHARGERS
BUSHWICK12,7,BUSHWICK12-7,12,STEELERS
KOURI8,7,KOURI8-7,22,CHARGERS
STEELERS NATION,1,STEELERS NATION-1,22,CHARGERS
BUSHWICK12,8,BUSHWICK12-8,12,STEELERS
KOURI8,8,KOURI8-8,22,CHARGERS
STEELERS NATION,2,STEELERS NATION-2,6,JAGUARS
BUSHWICK12,9,BUSHWICK12-9,12,STEELERS
KOWALSKI63,1,KOWALSKI63-1,22,CHARGERS
STEELHEART,1,STEELHEART-1,6,JAGUARS
BUSHWOODGROUNDSCREW,1,BUSHWOODGROUNDSCREW-1,6,JAGUARS
KOZEL,1,KOZEL-1,6,JAGUARS
STEELHEART,2,STEELHEART-2,22,CHARGERS
BUSHWOODGROUNDSCREW,2,BUSHWOODGROUNDSCREW-2,12,STEELERS
KOZEL,2,KOZEL-2,22,CHARGERS
STEELHEART,3,STEELHEART-3,24,RAIDERS
BUSHWOODGROUNDSCREW,3,BUSHWOODGROUNDSCREW-3,12,STEELERS
KP-JZ,1,KP-JZ-1,22,CHARGERS
STEELTINK-BO,1,STEELTINK-BO-1,22,CHARGERS
BUSHWOODGROUNDSCREW,4,BUSHWOODGROUNDSCREW-4,12,STEELERS
KP-JZ,2,KP-JZ-2,22,CHARGERS
STEELTINK-BO,2,STEELTINK-BO-2,6,JAGUARS
BUSHWOODGROUNDSCREW,5,BUSHWOODGROUNDSCREW-5,22,CHARGERS
KP-JZ,3,KP-JZ-3,24,RAIDERS
STEELTINK-BO,3,STEELTINK-BO-3,22,CHARGERS
BUSHWOODGROUNDSCREW,6,BUSHWOODGROUNDSCREW-6,22,CHARGERS
KP-JZ,4,KP-JZ-4,12,STEELERS
Stefanie,1,Stefanie-1,6,JAGUARS
BUSHWOODGROUNDSCREW,7,BUSHWOODGROUNDSCREW-7,22,CHARGERS
KP-JZ,5,KP-JZ-5,12,STEELERS
Stefanie,2,Stefanie-2,22,CHARGERS
BUSHWOODGROUNDSCREW,8,BUSHWOODGROUNDSCREW-8,28,VIKINGS
KP6170,1,KP6170-1,6,JAGUARS
STELLATHECAT#1,1,STELLATHECAT#1-1,22,CHARGERS
BUSTOUT,1,BUSTOUT-1,6,JAGUARS
KP6170,10,KP6170-10,15,BEARS
STELLATHECAT#1,2,STELLATHECAT#1-2,6,JAGUARS
BUSTOUT,10,BUSTOUT-10,22,CHARGERS
KP6170,2,KP6170-2,12,STEELERS
STELLY STARS,1,STELLY STARS-1,22,CHARGERS
BUSTOUT,2,BUSTOUT-2,6,JAGUARS
KP6170,3,KP6170-3,6,JAGUARS
STELLY STARS,2,STELLY STARS-2,20,LIONS
BUSTOUT,3,BUSTOUT-3,6,JAGUARS
KP6170,4,KP6170-4,12,STEELERS
STEP IN TIME,1,STEP IN TIME-1,2,SEAHAWKS
BUSTOUT,4,BUSTOUT-4,15,BEARS
KP6170,5,KP6170-5,24,RAIDERS
STEP IN TIME,10,STEP IN TIME-10,2,SEAHAWKS
BUSTOUT,5,BUSTOUT-5,15,BEARS
KP6170,6,KP6170-6,20,LIONS
STEP IN TIME,2,STEP IN TIME-2,2,SEAHAWKS
BUSTOUT,6,BUSTOUT-6,12,STEELERS
KP6170,7,KP6170-7,6,JAGUARS
STEP IN TIME,3,STEP IN TIME-3,2,SEAHAWKS
BUSTOUT,7,BUSTOUT-7,12,STEELERS
KP6170,8,KP6170-8,8,BENGALS
STEP IN TIME,4,STEP IN TIME-4,2,SEAHAWKS
BUSTOUT,8,BUSTOUT-8,9,RAVENS
KP6170,9,KP6170-9,22,CHARGERS
STEP IN TIME,5,STEP IN TIME-5,2,SEAHAWKS
BUSTOUT,9,BUSTOUT-9,15,BEARS
KPIEDRA223,1,KPIEDRA223-1,22,CHARGERS
STEP IN TIME,6,STEP IN TIME-6,2,SEAHAWKS
BUTCHANDKYLE,1,BUTCHANDKYLE-1,6,JAGUARS
KPIEDRA223,10,KPIEDRA223-10,12,STEELERS
STEP IN TIME,7,STEP IN TIME-7,2,SEAHAWKS
BUTLER BOYS,1,BUTLER BOYS-1,6,JAGUARS
KPIEDRA223,2,KPIEDRA223-2,22,CHARGERS
STEP IN TIME,8,STEP IN TIME-8,2,SEAHAWKS
BUTLER BOYS,2,BUTLER BOYS-2,6,JAGUARS
KPIEDRA223,3,KPIEDRA223-3,22,CHARGERS
STEP IN TIME,9,STEP IN TIME-9,2,SEAHAWKS
BUTLER BOYS,3,BUTLER BOYS-3,22,CHARGERS
KPIEDRA223,4,KPIEDRA223-4,22,CHARGERS
STEPHAN,1,STEPHAN-1,6,JAGUARS
BUTLER BOYS,4,BUTLER BOYS-4,20,LIONS
KPIEDRA223,5,KPIEDRA223-5,22,CHARGERS
STEVE1,1,STEVE1-1,22,CHARGERS
BUTLER90,1,BUTLER90-1,6,JAGUARS
KPIEDRA223,6,KPIEDRA223-6,12,STEELERS
STEVE1,2,STEVE1-2,6,JAGUARS
BUTLER90,2,BUTLER90-2,24,RAIDERS
KPIEDRA223,7,KPIEDRA223-7,12,STEELERS
STEVENATOR,1,STEVENATOR-1,22,CHARGERS
BUTTER BURGERS,1,BUTTER BURGERS-1,22,CHARGERS
KPIEDRA223,8,KPIEDRA223-8,12,STEELERS
STEVIE JAMES,1,STEVIE JAMES-1,22,CHARGERS
BUTTER BURGERS,10,BUTTER BURGERS-10,6,JAGUARS
KPIEDRA223,9,KPIEDRA223-9,12,STEELERS
STEVIE JAMES,10,STEVIE JAMES-10,22,CHARGERS
BUTTER BURGERS,2,BUTTER BURGERS-2,22,CHARGERS
KRAFT YAC AND CHEESE,1,KRAFT YAC AND CHEESE-1,15,BEARS
STEVIE JAMES,2,STEVIE JAMES-2,22,CHARGERS
BUTTER BURGERS,3,BUTTER BURGERS-3,6,JAGUARS
KRAFT YAC AND CHEESE,2,KRAFT YAC AND CHEESE-2,22,CHARGERS
STEVIE JAMES,3,STEVIE JAMES-3,22,CHARGERS
BUTTER BURGERS,4,BUTTER BURGERS-4,12,STEELERS
kraft-e,1,kraft-e-1,12,STEELERS
STEVIE JAMES,4,STEVIE JAMES-4,22,CHARGERS
BUTTER BURGERS,5,BUTTER BURGERS-5,20,LIONS
KRAGS,1,KRAGS-1,2,SEAHAWKS
STEVIE JAMES,5,STEVIE JAMES-5,22,CHARGERS
BUTTER BURGERS,6,BUTTER BURGERS-6,22,CHARGERS
KRAGS,2,KRAGS-2,22,CHARGERS
STEVIE JAMES,6,STEVIE JAMES-6,12,STEELERS
BUTTER BURGERS,7,BUTTER BURGERS-7,6,JAGUARS
KRANNIX,1,KRANNIX-1,12,STEELERS
STEVIE JAMES,7,STEVIE JAMES-7,12,STEELERS
BUTTER BURGERS,8,BUTTER BURGERS-8,22,CHARGERS
KRATOCHVIL,1,KRATOCHVIL-1,22,CHARGERS
STEVIE JAMES,8,STEVIE JAMES-8,26,EAGLES
BUTTER BURGERS,9,BUTTER BURGERS-9,22,CHARGERS
KRATOCHVIL,2,KRATOCHVIL-2,22,CHARGERS
STEVIE JAMES,9,STEVIE JAMES-9,26,EAGLES
BUTTFUMBLETWO,1,BUTTFUMBLETWO-1,6,JAGUARS
KRATOCHVIL,3,KRATOCHVIL-3,6,JAGUARS
STEVIE VEGAS,1,STEVIE VEGAS-1,22,CHARGERS
BUTTFUMBLETWO,2,BUTTFUMBLETWO-2,6,JAGUARS
KRATOCHVIL,4,KRATOCHVIL-4,12,STEELERS
STEWISCO0235,1,STEWISCO0235-1,6,JAGUARS
BUTTFUMBLETWO,3,BUTTFUMBLETWO-3,6,JAGUARS
KRATOCHVIL,5,KRATOCHVIL-5,24,RAIDERS
STEWISCO0235,2,STEWISCO0235-2,22,CHARGERS
BUY HAPPYSAD!,1,BUY HAPPYSAD!-1,22,CHARGERS
KRAY165,1,KRAY165-1,22,CHARGERS
STH&DOOM,1,STH&DOOM-1,6,JAGUARS
BUY HAPPYSAD!,10,BUY HAPPYSAD!-10,6,JAGUARS
KRD STABLES 2001,1,KRD STABLES 2001-1,22,CHARGERS
STICKMAN,1,STICKMAN-1,1,PATRIOTS
BUY HAPPYSAD!,2,BUY HAPPYSAD!-2,22,CHARGERS
KROBROS,1,KROBROS-1,6,JAGUARS
STICKMAN,10,STICKMAN-10,6,JAGUARS
BUY HAPPYSAD!,3,BUY HAPPYSAD!-3,12,STEELERS
KROBROS,2,KROBROS-2,6,JAGUARS
STICKMAN,2,STICKMAN-2,1,PATRIOTS
BUY HAPPYSAD!,4,BUY HAPPYSAD!-4,12,STEELERS
KRONSKI,1,KRONSKI-1,6,JAGUARS
STICKMAN,3,STICKMAN-3,1,PATRIOTS
BUY HAPPYSAD!,5,BUY HAPPYSAD!-5,20,LIONS
KRONSKI,2,KRONSKI-2,6,JAGUARS
STICKMAN,4,STICKMAN-4,2,SEAHAWKS
BUY HAPPYSAD!,6,BUY HAPPYSAD!-6,20,LIONS
KRONSKI,3,KRONSKI-3,6,JAGUARS
STICKMAN,5,STICKMAN-5,4,RAMS
BUY HAPPYSAD!,7,BUY HAPPYSAD!-7,26,EAGLES
KRONSKI,4,KRONSKI-4,22,CHARGERS
STICKMAN,6,STICKMAN-6,4,RAMS
BUY HAPPYSAD!,8,BUY HAPPYSAD!-8,26,EAGLES
kruser,1,kruser-1,22,CHARGERS
STICKMAN,7,STICKMAN-7,3,49ERS
BUY HAPPYSAD!,9,BUY HAPPYSAD!-9,6,JAGUARS
krutches,1,krutches-1,6,JAGUARS
STICKMAN,8,STICKMAN-8,3,49ERS
BUY THE 10 DOUBLE M,1,BUY THE 10 DOUBLE M-1,22,CHARGERS
krutches,10,krutches-10,24,RAIDERS
STICKMAN,9,STICKMAN-9,6,JAGUARS
BUY THE 10 DOUBLE M,2,BUY THE 10 DOUBLE M-2,12,STEELERS
krutches,2,krutches-2,6,JAGUARS
STICKY SPORTS,1,STICKY SPORTS-1,22,CHARGERS
BVICAT2027,1,BVICAT2027-1,22,CHARGERS
krutches,3,krutches-3,6,JAGUARS
STILCH ANALYTICS,1,STILCH ANALYTICS-1,32,CHIEFS
BVICAT2027,2,BVICAT2027-2,20,LIONS
krutches,4,krutches-4,6,JAGUARS
STILCH ANALYTICS,2,STILCH ANALYTICS-2,6,JAGUARS
bw buckeye,1,bw buckeye-1,6,JAGUARS
krutches,5,krutches-5,22,CHARGERS
STILL POSTED,1,STILL POSTED-1,6,JAGUARS
bw buckeye,2,bw buckeye-2,12,STEELERS
krutches,6,krutches-6,20,LIONS
STILL POSTED,2,STILL POSTED-2,6,JAGUARS
bw buckeye,3,bw buckeye-3,22,CHARGERS
krutches,7,krutches-7,22,CHARGERS
STILL POSTED,3,STILL POSTED-3,22,CHARGERS
bw buckeye,4,bw buckeye-4,22,CHARGERS
krutches,8,krutches-8,26,EAGLES
STILL POSTED,4,STILL POSTED-4,12,STEELERS
BWDC17,1,BWDC17-1,6,JAGUARS
krutches,9,krutches-9,26,EAGLES
STILLEYERISE,1,STILLEYERISE-1,6,JAGUARS
BWDC17,2,BWDC17-2,22,CHARGERS
ksunnyy,1,ksunnyy-1,6,JAGUARS
STILLEYERISE,2,STILLEYERISE-2,22,CHARGERS
BWDC17,3,BWDC17-3,12,STEELERS
KUBBIE GIRLS,1,KUBBIE GIRLS-1,26,EAGLES
STILLEYERISE,3,STILLEYERISE-3,20,LIONS
BWDC17,4,BWDC17-4,6,JAGUARS
KUBBIE GIRLS,10,KUBBIE GIRLS-10,28,VIKINGS
STINGRAY MOTORSPORTS,1,STINGRAY MOTORSPORTS-1,6,JAGUARS
BWDC17,5,BWDC17-5,6,JAGUARS
KUBBIE GIRLS,2,KUBBIE GIRLS-2,26,EAGLES
STINGRAY MOTORSPORTS,2,STINGRAY MOTORSPORTS-2,22,CHARGERS
BWDC17,6,BWDC17-6,6,JAGUARS
KUBBIE GIRLS,3,KUBBIE GIRLS-3,26,EAGLES
STINGRAY MOTORSPORTS,3,STINGRAY MOTORSPORTS-3,12,STEELERS
BWG,1,BWG-1,6,JAGUARS
KUBBIE GIRLS,4,KUBBIE GIRLS-4,26,EAGLES
STINGRAY,1,STINGRAY-1,22,CHARGERS
BWG,2,BWG-2,22,CHARGERS
KUBBIE GIRLS,5,KUBBIE GIRLS-5,26,EAGLES
STL ELITE,1,STL ELITE-1,12,STEELERS
BWhit,1,BWhit-1,6,JAGUARS
KUBBIE GIRLS,6,KUBBIE GIRLS-6,22,CHARGERS
STL-HART,1,STL-HART-1,22,CHARGERS
BWhit,10,BWhit-10,22,CHARGERS
KUBBIE GIRLS,7,KUBBIE GIRLS-7,22,CHARGERS
STL-HART,2,STL-HART-2,6,JAGUARS
BWhit,2,BWhit-2,6,JAGUARS
KUBBIE GIRLS,8,KUBBIE GIRLS-8,20,LIONS
STL-HART,3,STL-HART-3,12,STEELERS
BWhit,3,BWhit-3,6,JAGUARS
KUBBIE GIRLS,9,KUBBIE GIRLS-9,20,LIONS
STL-HART,4,STL-HART-4,22,CHARGERS
BWhit,4,BWhit-4,6,JAGUARS
kwall,1,kwall-1,6,JAGUARS
STL-HART,5,STL-HART-5,6,JAGUARS
BWhit,5,BWhit-5,6,JAGUARS
KWPISG,1,KWPISG-1,22,CHARGERS
STL-HART,6,STL-HART-6,22,CHARGERS
BWhit,6,BWhit-6,6,JAGUARS
KWPISG,2,KWPISG-2,6,JAGUARS
STL-HART,7,STL-HART-7,6,JAGUARS
BWhit,7,BWhit-7,22,CHARGERS
KWPISG,3,KWPISG-3,6,JAGUARS
STL-HART,8,STL-HART-8,22,CHARGERS
BWhit,8,BWhit-8,22,CHARGERS
KWPISG,4,KWPISG-4,22,CHARGERS
STL-HART,9,STL-HART-9,6,JAGUARS
BWhit,9,BWhit-9,22,CHARGERS
KY Gentlemen,1,KY Gentlemen-1,22,CHARGERS
STM83,1,STM83-1,12,STEELERS
BWKTWOPOINTZERO,1,BWKTWOPOINTZERO-1,22,CHARGERS
KY Gentlemen,2,KY Gentlemen-2,22,CHARGERS
STM83,2,STM83-2,22,CHARGERS
BWKTWOPOINTZERO,2,BWKTWOPOINTZERO-2,6,JAGUARS
KY Gentlemen,3,KY Gentlemen-3,22,CHARGERS
STM83,3,STM83-3,22,CHARGERS
BWKTWOPOINTZERO,3,BWKTWOPOINTZERO-3,12,STEELERS
KY Gentlemen,4,KY Gentlemen-4,12,STEELERS
STMF,1,STMF-1,6,JAGUARS
BX BOMBERS,1,BX BOMBERS-1,6,JAGUARS
KY Gentlemen,5,KY Gentlemen-5,6,JAGUARS
STOCKHOLM SURVIVOR,1,STOCKHOLM SURVIVOR-1,22,CHARGERS
BX BOMBERS,2,BX BOMBERS-2,22,CHARGERS
KYLE KIRMS,1,KYLE KIRMS-1,6,JAGUARS
STOCKHOLM SURVIVOR,2,STOCKHOLM SURVIVOR-2,6,JAGUARS
BX BOMBERS,3,BX BOMBERS-3,20,LIONS
L.E.S LINDA'S,1,L.E.S LINDA'S-1,6,JAGUARS
STOCKHOLM SURVIVOR,3,STOCKHOLM SURVIVOR-3,24,RAIDERS
BX BOMBERS,4,BX BOMBERS-4,12,STEELERS
L.E.S LINDA'S,2,L.E.S LINDA'S-2,20,LIONS
STOCKTONGRADUATEBAR,1,STOCKTONGRADUATEBAR-1,6,JAGUARS
bx,1,bx-1,6,JAGUARS
L.E.S LINDA'S,3,L.E.S LINDA'S-3,22,CHARGERS
STOCKTONGRADUATEBAR,2,STOCKTONGRADUATEBAR-2,12,STEELERS
bx,2,bx-2,22,CHARGERS
L.E.S LINDA'S,4,L.E.S LINDA'S-4,6,JAGUARS
STOCKTONGRADUATEBAR,3,STOCKTONGRADUATEBAR-3,6,JAGUARS
bx,3,bx-3,18,TITANS
L.I.SURVIVORS,1,L.I.SURVIVORS-1,6,JAGUARS
STOCKTONGRADUATEBAR,4,STOCKTONGRADUATEBAR-4,22,CHARGERS
bx,4,bx-4,12,STEELERS
L.I.SURVIVORS,2,L.I.SURVIVORS-2,12,STEELERS
STOCKTONGRADUATEBAR,5,STOCKTONGRADUATEBAR-5,24,RAIDERS
bx,5,bx-5,24,RAIDERS
L.I.SURVIVORS,3,L.I.SURVIVORS-3,6,JAGUARS
stoiched,1,stoiched-1,6,JAGUARS
bx,6,bx-6,24,RAIDERS
L.I.SURVIVORS,4,L.I.SURVIVORS-4,12,STEELERS
stoiched,2,stoiched-2,6,JAGUARS
BYCO,1,BYCO-1,18,TITANS
L.W.C. HUSTLERS,1,L.W.C. HUSTLERS-1,6,JAGUARS
STOLI'S STONERS,1,STOLI'S STONERS-1,6,JAGUARS
BYCO,10,BYCO-10,20,LIONS
L.W.C. HUSTLERS,2,L.W.C. HUSTLERS-2,24,RAIDERS
StoneThrowers,1,StoneThrowers-1,6,JAGUARS
BYCO,2,BYCO-2,6,JAGUARS
L.W.C. HUSTLERS,3,L.W.C. HUSTLERS-3,6,JAGUARS
StoneThrowers,2,StoneThrowers-2,26,EAGLES
BYCO,3,BYCO-3,6,JAGUARS
L.W.C. HUSTLERS,4,L.W.C. HUSTLERS-4,22,CHARGERS
StoneThrowers,3,StoneThrowers-3,29,COWBOYS
BYCO,4,BYCO-4,22,CHARGERS
L.W.C. HUSTLERS,5,L.W.C. HUSTLERS-5,12,STEELERS
StoneThrowers,4,StoneThrowers-4,12,STEELERS
BYCO,5,BYCO-5,22,CHARGERS
L4Pacabra16,1,L4Pacabra16-1,22,CHARGERS
StoneThrowers,5,StoneThrowers-5,9,RAVENS
BYCO,6,BYCO-6,22,CHARGERS
La Masacuata,1,La Masacuata-1,24,RAIDERS
StoneThrowers,6,StoneThrowers-6,12,STEELERS
BYCO,7,BYCO-7,24,RAIDERS
La Masacuata,2,La Masacuata-2,6,JAGUARS
StoneThrowers,7,StoneThrowers-7,22,CHARGERS
BYCO,8,BYCO-8,20,LIONS
La Masacuata,3,La Masacuata-3,6,JAGUARS
STONEWOLF,1,STONEWOLF-1,6,JAGUARS
BYCO,9,BYCO-9,20,LIONS
La Masacuata,4,La Masacuata-4,22,CHARGERS
Stonie's Soldiers,1,Stonie's Soldiers-1,6,JAGUARS
Byrnsie,1,Byrnsie-1,6,JAGUARS
La Masacuata,5,La Masacuata-5,22,CHARGERS
STORKS ROCK,1,STORKS ROCK-1,6,JAGUARS
C - $QUAD,1,C - $QUAD-1,22,CHARGERS
LA_StreetDawgs,1,LA_StreetDawgs-1,6,JAGUARS
STORKS ROCK,2,STORKS ROCK-2,20,LIONS
C - $QUAD,2,C - $QUAD-2,12,STEELERS
LA_StreetDawgs,2,LA_StreetDawgs-2,6,JAGUARS
STORKS ROCK,3,STORKS ROCK-3,22,CHARGERS
C-HOLLA,1,C-HOLLA-1,6,JAGUARS
LA_StreetDawgs,3,LA_StreetDawgs-3,6,JAGUARS
Stormboyz,1,Stormboyz-1,6,JAGUARS
C-HOLLA,2,C-HOLLA-2,22,CHARGERS
LA_StreetDawgs,4,LA_StreetDawgs-4,22,CHARGERS
Stormboyz,2,Stormboyz-2,22,CHARGERS
C-MESIL,1,C-MESIL-1,6,JAGUARS
LA_StreetDawgs,5,LA_StreetDawgs-5,6,JAGUARS
Stormboyz,3,Stormboyz-3,12,STEELERS
C-MESIL,2,C-MESIL-2,22,CHARGERS
LABATT BLUE,1,LABATT BLUE-1,6,JAGUARS
STORMY'S TROOPERS,1,STORMY'S TROOPERS-1,6,JAGUARS
C-MESIL,3,C-MESIL-3,22,CHARGERS
LABATT BLUE,10,LABATT BLUE-10,12,STEELERS
STORMY'S TROOPERS,10,STORMY'S TROOPERS-10,12,STEELERS
C-WEBB,1,C-WEBB-1,12,STEELERS
LABATT BLUE,2,LABATT BLUE-2,6,JAGUARS
STORMY'S TROOPERS,2,STORMY'S TROOPERS-2,24,RAIDERS
C-WEBB,2,C-WEBB-2,6,JAGUARS
LABATT BLUE,3,LABATT BLUE-3,12,STEELERS
STORMY'S TROOPERS,3,STORMY'S TROOPERS-3,22,CHARGERS
C. LEE 100,1,C. LEE 100-1,6,JAGUARS
LABATT BLUE,4,LABATT BLUE-4,26,EAGLES
STORMY'S TROOPERS,4,STORMY'S TROOPERS-4,22,CHARGERS
C. LEE 100,2,C. LEE 100-2,22,CHARGERS
LABATT BLUE,5,LABATT BLUE-5,26,EAGLES
STORMY'S TROOPERS,5,STORMY'S TROOPERS-5,24,RAIDERS
C.O.B.,1,C.O.B.-1,6,JAGUARS
LABATT BLUE,6,LABATT BLUE-6,6,JAGUARS
STORMY'S TROOPERS,6,STORMY'S TROOPERS-6,22,CHARGERS
C.R.E.A.M. Team,1,C.R.E.A.M. Team-1,12,STEELERS
LABATT BLUE,7,LABATT BLUE-7,6,JAGUARS
STORMY'S TROOPERS,7,STORMY'S TROOPERS-7,20,LIONS
C2 COLLEGE FUND,1,C2 COLLEGE FUND-1,6,JAGUARS
LABATT BLUE,8,LABATT BLUE-8,6,JAGUARS
STORMY'S TROOPERS,8,STORMY'S TROOPERS-8,6,JAGUARS
C2 COLLEGE FUND,2,C2 COLLEGE FUND-2,12,STEELERS
LABATT BLUE,9,LABATT BLUE-9,6,JAGUARS
STORMY'S TROOPERS,9,STORMY'S TROOPERS-9,6,JAGUARS
C3 Picks,1,C3 Picks-1,12,STEELERS
LABGRL,1,LABGRL-1,20,LIONS
STRAIGHT CASH HOMIE,1,STRAIGHT CASH HOMIE-1,22,CHARGERS
C3 Picks,10,C3 Picks-10,12,STEELERS
LABGRL,2,LABGRL-2,12,STEELERS
"Straight Cash, Homie",1,"Straight Cash, Homie-1",6,JAGUARS
C3 Picks,2,C3 Picks-2,12,STEELERS
LACHARB76,1,LACHARB76-1,22,CHARGERS
STRAIGHTCASHHOMIE $$,1,STRAIGHTCASHHOMIE $$-1,12,STEELERS
C3 Picks,3,C3 Picks-3,12,STEELERS
LAFAYETTE SURVIVORS,1,LAFAYETTE SURVIVORS-1,6,JAGUARS
STRANGER THINGS,1,STRANGER THINGS-1,6,JAGUARS
C3 Picks,4,C3 Picks-4,12,STEELERS
LAFAYETTE SURVIVORS,2,LAFAYETTE SURVIVORS-2,22,CHARGERS
STRATTON OAKMONT,1,STRATTON OAKMONT-1,12,STEELERS
C3 Picks,5,C3 Picks-5,12,STEELERS
LAGUSIN,1,LAGUSIN-1,6,JAGUARS
STRATTON OAKMONT,2,STRATTON OAKMONT-2,6,JAGUARS
C3 Picks,6,C3 Picks-6,12,STEELERS
LAGUSIN,2,LAGUSIN-2,24,RAIDERS
STRATTON OAKMONT,3,STRATTON OAKMONT-3,22,CHARGERS
C3 Picks,7,C3 Picks-7,12,STEELERS
LAGUSIN,3,LAGUSIN-3,20,LIONS
STRATTON OAKMONT,4,STRATTON OAKMONT-4,22,CHARGERS
C3 Picks,8,C3 Picks-8,12,STEELERS
LAGUSIN,4,LAGUSIN-4,2,SEAHAWKS
STRATTON OAKMONT,5,STRATTON OAKMONT-5,22,CHARGERS
C3 Picks,9,C3 Picks-9,12,STEELERS
LAGUSIN,5,LAGUSIN-5,22,CHARGERS
STRICTLYSCOTT,1,STRICTLYSCOTT-1,8,BENGALS
CABALLO BLANCO,1,CABALLO BLANCO-1,6,JAGUARS
LAGUSIN,6,LAGUSIN-6,12,STEELERS
STRINGBOLIES,1,STRINGBOLIES-1,22,CHARGERS
CABANA BOYS,1,CABANA BOYS-1,12,STEELERS
LAGUSIN,7,LAGUSIN-7,4,RAMS
STRIPPER,1,STRIPPER-1,12,STEELERS
cabana cream,1,cabana cream-1,29,COWBOYS
LAGUSIN,8,LAGUSIN-8,26,EAGLES
STRONG ISLAND,1,STRONG ISLAND-1,20,LIONS
cabana cream,2,cabana cream-2,12,STEELERS
LAJONESER,1,LAJONESER-1,22,CHARGERS
STRONG ISLAND,2,STRONG ISLAND-2,24,RAIDERS
cabana cream,3,cabana cream-3,6,JAGUARS
LAJONESER,10,LAJONESER-10,22,CHARGERS
STRONGMAYBE,1,STRONGMAYBE-1,12,STEELERS
cabana cream,4,cabana cream-4,22,CHARGERS
LAJONESER,2,LAJONESER-2,22,CHARGERS
Strumey,1,Strumey-1,6,JAGUARS
cabaZe16,1,cabaZe16-1,6,JAGUARS
LAJONESER,3,LAJONESER-3,22,CHARGERS
Strumey,2,Strumey-2,24,RAIDERS
cabaZe16,2,cabaZe16-2,6,JAGUARS
LAJONESER,4,LAJONESER-4,22,CHARGERS
STS,1,STS-1,6,JAGUARS
cabaZe16,3,cabaZe16-3,28,VIKINGS
LAJONESER,5,LAJONESER-5,22,CHARGERS
STS,2,STS-2,20,LIONS
cabaZe16,4,cabaZe16-4,22,CHARGERS
LAJONESER,6,LAJONESER-6,24,RAIDERS
STS,3,STS-3,22,CHARGERS
cabsav,1,cabsav-1,26,EAGLES
LAJONESER,7,LAJONESER-7,6,JAGUARS
STS,4,STS-4,22,CHARGERS
cabsav,2,cabsav-2,20,LIONS
LAJONESER,8,LAJONESER-8,22,CHARGERS
STS,5,STS-5,22,CHARGERS
cabsav,3,cabsav-3,22,CHARGERS
LAJONESER,9,LAJONESER-9,22,CHARGERS
stu huds,1,stu huds-1,6,JAGUARS
cadillac club,1,cadillac club-1,6,JAGUARS
LAKEBLUFFOGS,1,LAKEBLUFFOGS-1,22,CHARGERS
stu huds,2,stu huds-2,12,STEELERS
cadillac club,2,cadillac club-2,22,CHARGERS
LAKEBLUFFOGS,2,LAKEBLUFFOGS-2,22,CHARGERS
stu huds,3,stu huds-3,24,RAIDERS
cadillac club,3,cadillac club-3,20,LIONS
LAKEBLUFFOGS,3,LAKEBLUFFOGS-3,12,STEELERS
STYLIN,1,STYLIN-1,22,CHARGERS
CAFE210WEST,1,CAFE210WEST-1,15,BEARS
LAKEBLUFFOGS,4,LAKEBLUFFOGS-4,22,CHARGERS
SUGAR LAKE SHARPS,1,SUGAR LAKE SHARPS-1,12,STEELERS
CAFE210WEST,10,CAFE210WEST-10,29,COWBOYS
LAKEBLUFFOGS,5,LAKEBLUFFOGS-5,26,EAGLES
Sugar PlumPrincesses,1,Sugar PlumPrincesses-1,6,JAGUARS
CAFE210WEST,2,CAFE210WEST-2,15,BEARS
LAKEBLUFFOGS,6,LAKEBLUFFOGS-6,22,CHARGERS
Sugar PlumPrincesses,2,Sugar PlumPrincesses-2,6,JAGUARS
CAFE210WEST,3,CAFE210WEST-3,15,BEARS
LAKEBLUFFOGS,7,LAKEBLUFFOGS-7,12,STEELERS
Sugar PlumPrincesses,3,Sugar PlumPrincesses-3,22,CHARGERS
CAFE210WEST,4,CAFE210WEST-4,15,BEARS
LAKEWAY,1,LAKEWAY-1,22,CHARGERS
Sugar PlumPrincesses,4,Sugar PlumPrincesses-4,12,STEELERS
CAFE210WEST,5,CAFE210WEST-5,29,COWBOYS
LAKEWAY,10,LAKEWAY-10,22,CHARGERS
SuggarMondavii,1,SuggarMondavii-1,12,STEELERS
CAFE210WEST,6,CAFE210WEST-6,29,COWBOYS
LAKEWAY,2,LAKEWAY-2,22,CHARGERS
Suite 160,1,Suite 160-1,20,LIONS
CAFE210WEST,7,CAFE210WEST-7,29,COWBOYS
LAKEWAY,3,LAKEWAY-3,22,CHARGERS
Suite 160,2,Suite 160-2,22,CHARGERS
CAFE210WEST,8,CAFE210WEST-8,29,COWBOYS
LAKEWAY,4,LAKEWAY-4,22,CHARGERS
Suite 160,3,Suite 160-3,22,CHARGERS
CAFE210WEST,9,CAFE210WEST-9,29,COWBOYS
LAKEWAY,5,LAKEWAY-5,22,CHARGERS
SUKIAKI,1,SUKIAKI-1,22,CHARGERS
CAG1219,1,CAG1219-1,22,CHARGERS
LAKEWAY,6,LAKEWAY-6,22,CHARGERS
SUKIAKI,10,SUKIAKI-10,22,CHARGERS
CAG1219,2,CAG1219-2,22,CHARGERS
LAKEWAY,7,LAKEWAY-7,22,CHARGERS
SUKIAKI,2,SUKIAKI-2,22,CHARGERS
CAG1219,3,CAG1219-3,6,JAGUARS
LAKEWAY,8,LAKEWAY-8,22,CHARGERS
SUKIAKI,3,SUKIAKI-3,22,CHARGERS
CAGNEY&LACEY,1,CAGNEY&LACEY-1,12,STEELERS
LAKEWAY,9,LAKEWAY-9,22,CHARGERS
SUKIAKI,4,SUKIAKI-4,22,CHARGERS
CAGNEY&LACEY,2,CAGNEY&LACEY-2,22,CHARGERS
LAKEWEBBASEBALL,1,LAKEWEBBASEBALL-1,24,RAIDERS
SUKIAKI,5,SUKIAKI-5,22,CHARGERS
CAGNEY&LACEY,3,CAGNEY&LACEY-3,12,STEELERS
LAKEWEBBASEBALL,2,LAKEWEBBASEBALL-2,6,JAGUARS
SUKIAKI,6,SUKIAKI-6,22,CHARGERS
CAJUN WOLF,1,CAJUN WOLF-1,12,STEELERS
LAKEWEBBASEBALL,3,LAKEWEBBASEBALL-3,6,JAGUARS
SUKIAKI,7,SUKIAKI-7,22,CHARGERS
CAJUN WOLF,2,CAJUN WOLF-2,6,JAGUARS
LAKEWOOD LEGENDS,1,LAKEWOOD LEGENDS-1,22,CHARGERS
SUKIAKI,8,SUKIAKI-8,22,CHARGERS
CAJUN WOLF,3,CAJUN WOLF-3,24,RAIDERS
LAKEWOOD LEGENDS,2,LAKEWOOD LEGENDS-2,20,LIONS
SUKIAKI,9,SUKIAKI-9,22,CHARGERS
CAL3AMIGOS,1,CAL3AMIGOS-1,6,JAGUARS
LAKEWOOD LEGENDS,3,LAKEWOOD LEGENDS-3,12,STEELERS
SULA-LOCKE,1,SULA-LOCKE-1,6,JAGUARS
CALEB2024,1,CALEB2024-1,22,CHARGERS
LALAW,1,LALAW-1,6,JAGUARS
SULA-LOCKE,2,SULA-LOCKE-2,12,STEELERS
CALFKILLER,1,CALFKILLER-1,6,JAGUARS
LALAW,2,LALAW-2,14,TEXANS
SULLY RORS,1,SULLY RORS-1,6,JAGUARS
CALFKILLER,10,CALFKILLER-10,22,CHARGERS
LALO CONSUMER JUAN,1,LALO CONSUMER JUAN-1,12,STEELERS
SULLY RORS,2,SULLY RORS-2,12,STEELERS
CALFKILLER,2,CALFKILLER-2,6,JAGUARS
LALO CONSUMER JUAN,2,LALO CONSUMER JUAN-2,14,TEXANS
SULLY RORS,3,SULLY RORS-3,20,LIONS
CALFKILLER,3,CALFKILLER-3,22,CHARGERS
lamelo ball,1,lamelo ball-1,12,STEELERS
Summit100,1,Summit100-1,20,LIONS
CALFKILLER,4,CALFKILLER-4,6,JAGUARS
LampActionMA,1,LampActionMA-1,6,JAGUARS
SUMMITSPEAK,1,SUMMITSPEAK-1,6,JAGUARS
CALFKILLER,5,CALFKILLER-5,20,LIONS
lapistola,1,lapistola-1,20,LIONS
SUMMITSWIMS,1,SUMMITSWIMS-1,6,JAGUARS
CALFKILLER,6,CALFKILLER-6,24,RAIDERS
lapistola,10,lapistola-10,22,CHARGERS
SUMMITSWIMS,10,SUMMITSWIMS-10,12,STEELERS
CALFKILLER,7,CALFKILLER-7,6,JAGUARS
lapistola,2,lapistola-2,22,CHARGERS
SUMMITSWIMS,2,SUMMITSWIMS-2,12,STEELERS
CALFKILLER,8,CALFKILLER-8,22,CHARGERS
lapistola,3,lapistola-3,26,EAGLES
SUMMITSWIMS,3,SUMMITSWIMS-3,6,JAGUARS
CALFKILLER,9,CALFKILLER-9,6,JAGUARS
lapistola,4,lapistola-4,26,EAGLES
SUMMITSWIMS,4,SUMMITSWIMS-4,6,JAGUARS
CALHJUN COUNTRY,1,CALHJUN COUNTRY-1,29,COWBOYS
lapistola,5,lapistola-5,6,JAGUARS
SUMMITSWIMS,5,SUMMITSWIMS-5,20,LIONS
CALIBALIBOO,1,CALIBALIBOO-1,26,EAGLES
lapistola,6,lapistola-6,6,JAGUARS
SUMMITSWIMS,6,SUMMITSWIMS-6,22,CHARGERS
CALIBALIBOO,10,CALIBALIBOO-10,20,LIONS
lapistola,7,lapistola-7,22,CHARGERS
SUMMITSWIMS,7,SUMMITSWIMS-7,6,JAGUARS
CALIBALIBOO,2,CALIBALIBOO-2,26,EAGLES
lapistola,8,lapistola-8,22,CHARGERS
SUMMITSWIMS,8,SUMMITSWIMS-8,22,CHARGERS
CALIBALIBOO,3,CALIBALIBOO-3,9,RAVENS
lapistola,9,lapistola-9,22,CHARGERS
SUMMITSWIMS,9,SUMMITSWIMS-9,6,JAGUARS
CALIBALIBOO,4,CALIBALIBOO-4,9,RAVENS
LAPTOP ON RAIL,1,LAPTOP ON RAIL-1,24,RAIDERS
SUMSMART66,1,SUMSMART66-1,6,JAGUARS
CALIBALIBOO,5,CALIBALIBOO-5,6,JAGUARS
LAPTOP ON RAIL,2,LAPTOP ON RAIL-2,6,JAGUARS
SUN CITY SLOWROLLERZ,1,SUN CITY SLOWROLLERZ-1,6,JAGUARS
CALIBALIBOO,6,CALIBALIBOO-6,24,RAIDERS
LAPTOP ON RAIL,3,LAPTOP ON RAIL-3,24,RAIDERS
SUN RUN 921,1,SUN RUN 921-1,6,JAGUARS
CALIBALIBOO,7,CALIBALIBOO-7,12,STEELERS
LAPTOP ON RAIL,4,LAPTOP ON RAIL-4,24,RAIDERS
SUN RUN 921,10,SUN RUN 921-10,22,CHARGERS
CALIBALIBOO,8,CALIBALIBOO-8,12,STEELERS
LAPTOP ON RAIL,5,LAPTOP ON RAIL-5,6,JAGUARS
SUN RUN 921,2,SUN RUN 921-2,6,JAGUARS
CALIBALIBOO,9,CALIBALIBOO-9,20,LIONS
LARDGE FRY,1,LARDGE FRY-1,2,SEAHAWKS
SUN RUN 921,3,SUN RUN 921-3,6,JAGUARS
CALIBOYZ818,1,CALIBOYZ818-1,6,JAGUARS
LARDGE FRY,10,LARDGE FRY-10,2,SEAHAWKS
SUN RUN 921,4,SUN RUN 921-4,6,JAGUARS
CALIBOYZ818,2,CALIBOYZ818-2,12,STEELERS
LARDGE FRY,2,LARDGE FRY-2,2,SEAHAWKS
SUN RUN 921,5,SUN RUN 921-5,12,STEELERS
california split,1,california split-1,22,CHARGERS
LARDGE FRY,3,LARDGE FRY-3,2,SEAHAWKS
SUN RUN 921,6,SUN RUN 921-6,12,STEELERS
california split,10,california split-10,22,CHARGERS
LARDGE FRY,4,LARDGE FRY-4,2,SEAHAWKS
SUN RUN 921,7,SUN RUN 921-7,12,STEELERS
california split,2,california split-2,24,RAIDERS
LARDGE FRY,5,LARDGE FRY-5,2,SEAHAWKS
SUN RUN 921,8,SUN RUN 921-8,12,STEELERS
california split,3,california split-3,22,CHARGERS
LARDGE FRY,6,LARDGE FRY-6,2,SEAHAWKS
SUN RUN 921,9,SUN RUN 921-9,22,CHARGERS
california split,4,california split-4,6,JAGUARS
LARDGE FRY,7,LARDGE FRY-7,2,SEAHAWKS
SUNBAR,1,SUNBAR-1,12,STEELERS
california split,5,california split-5,24,RAIDERS
LARDGE FRY,8,LARDGE FRY-8,2,SEAHAWKS
SUNBAR,2,SUNBAR-2,6,JAGUARS
california split,6,california split-6,20,LIONS
LARDGE FRY,9,LARDGE FRY-9,2,SEAHAWKS
SUNDANCECHIC,1,SUNDANCECHIC-1,22,CHARGERS
california split,7,california split-7,22,CHARGERS
LARGE NUMBERS,1,LARGE NUMBERS-1,6,JAGUARS
SUNDANCECHIC,10,SUNDANCECHIC-10,22,CHARGERS
california split,8,california split-8,12,STEELERS
LARGE NUMBERS,2,LARGE NUMBERS-2,6,JAGUARS
SUNDANCECHIC,2,SUNDANCECHIC-2,22,CHARGERS
california split,9,california split-9,6,JAGUARS
LARGEMARGEANDX,1,LARGEMARGEANDX-1,12,STEELERS
SUNDANCECHIC,3,SUNDANCECHIC-3,20,LIONS
CALLCUSTOMERSERVICE,1,CALLCUSTOMERSERVICE-1,6,JAGUARS
LARGEMARGEANDX,2,LARGEMARGEANDX-2,6,JAGUARS
SUNDANCECHIC,4,SUNDANCECHIC-4,12,STEELERS
CALLCUSTOMERSERVICE,2,CALLCUSTOMERSERVICE-2,6,JAGUARS
LARGEMARGEANDX,3,LARGEMARGEANDX-3,22,CHARGERS
SUNDANCECHIC,5,SUNDANCECHIC-5,6,JAGUARS
CALLCUSTOMERSERVICE,3,CALLCUSTOMERSERVICE-3,12,STEELERS
LARGEMARGEANDX,4,LARGEMARGEANDX-4,20,LIONS
SUNDANCECHIC,6,SUNDANCECHIC-6,6,JAGUARS
CALLCUSTOMERSERVICE,4,CALLCUSTOMERSERVICE-4,20,LIONS
LARGEMARGEANDX,5,LARGEMARGEANDX-5,17,JETS
SUNDANCECHIC,7,SUNDANCECHIC-7,6,JAGUARS
CALLCUSTOMERSERVICE,5,CALLCUSTOMERSERVICE-5,6,JAGUARS
LARI15,1,LARI15-1,12,STEELERS
SUNDANCECHIC,8,SUNDANCECHIC-8,22,CHARGERS
CALLOW RD,1,CALLOW RD-1,6,JAGUARS
LARI15,10,LARI15-10,12,STEELERS
SUNDANCECHIC,9,SUNDANCECHIC-9,22,CHARGERS
CALLOW RD,2,CALLOW RD-2,8,BENGALS
LARI15,2,LARI15-2,12,STEELERS
SUNDAY FUNDAY,1,SUNDAY FUNDAY-1,22,CHARGERS
CALSKIDS,1,CALSKIDS-1,12,STEELERS
LARI15,3,LARI15-3,12,STEELERS
sunday red,1,sunday red-1,12,STEELERS
CALSKIDS,2,CALSKIDS-2,6,JAGUARS
LARI15,4,LARI15-4,12,STEELERS
SUNDAY SURVIVOR,1,SUNDAY SURVIVOR-1,6,JAGUARS
CALTA,1,CALTA-1,22,CHARGERS
LARI15,5,LARI15-5,12,STEELERS
SUNDAYMRN'COMN'DWN,1,SUNDAYMRN'COMN'DWN-1,6,JAGUARS
CALTA,10,CALTA-10,6,JAGUARS
LARI15,6,LARI15-6,12,STEELERS
SUNDAYSERVICE,1,SUNDAYSERVICE-1,22,CHARGERS
CALTA,2,CALTA-2,22,CHARGERS
LARI15,7,LARI15-7,12,STEELERS
SUNDAYSERVICE,2,SUNDAYSERVICE-2,6,JAGUARS
CALTA,3,CALTA-3,6,JAGUARS
LARI15,8,LARI15-8,12,STEELERS
sundwnr,1,sundwnr-1,22,CHARGERS
CALTA,4,CALTA-4,6,JAGUARS
LARI15,9,LARI15-9,12,STEELERS
sundwnr,2,sundwnr-2,22,CHARGERS
CALTA,5,CALTA-5,12,STEELERS
LARIMORE BEARS,1,LARIMORE BEARS-1,6,JAGUARS
sundwnr,3,sundwnr-3,22,CHARGERS
CALTA,6,CALTA-6,22,CHARGERS
larry walkers badday,1,larry walkers badday-1,12,STEELERS
sundwnr,4,sundwnr-4,6,JAGUARS
CALTA,7,CALTA-7,6,JAGUARS
LARRY1669,1,LARRY1669-1,6,JAGUARS
sundwnr,5,sundwnr-5,12,STEELERS
CALTA,8,CALTA-8,6,JAGUARS
LARRYDALLAS,1,LARRYDALLAS-1,22,CHARGERS
sundwnr,6,sundwnr-6,6,JAGUARS
CALTA,9,CALTA-9,6,JAGUARS
LARRYDALLAS,10,LARRYDALLAS-10,12,STEELERS
SUNGOD2026,1,SUNGOD2026-1,22,CHARGERS
CALVERT BOYS,1,CALVERT BOYS-1,24,RAIDERS
LARRYDALLAS,2,LARRYDALLAS-2,22,CHARGERS
SUNGOD2026,2,SUNGOD2026-2,22,CHARGERS
CAMEL FINGERS,1,CAMEL FINGERS-1,6,JAGUARS
LARRYDALLAS,3,LARRYDALLAS-3,12,STEELERS
SUNGOD2026,3,SUNGOD2026-3,22,CHARGERS
CAMEL,1,CAMEL-1,22,CHARGERS
LARRYDALLAS,4,LARRYDALLAS-4,6,JAGUARS
SUNGOD2026,4,SUNGOD2026-4,6,JAGUARS
CAMEL,10,CAMEL-10,6,JAGUARS
LARRYDALLAS,5,LARRYDALLAS-5,6,JAGUARS
SUNGOD2026,5,SUNGOD2026-5,6,JAGUARS
CAMEL,2,CAMEL-2,22,CHARGERS
LARRYDALLAS,6,LARRYDALLAS-6,6,JAGUARS
SUNGOD2026,6,SUNGOD2026-6,6,JAGUARS
CAMEL,3,CAMEL-3,22,CHARGERS
LARRYDALLAS,7,LARRYDALLAS-7,6,JAGUARS
SUNGOD2026,7,SUNGOD2026-7,12,STEELERS
CAMEL,4,CAMEL-4,22,CHARGERS
LARRYDALLAS,8,LARRYDALLAS-8,22,CHARGERS
SUNGOD2026,8,SUNGOD2026-8,20,LIONS
CAMEL,5,CAMEL-5,22,CHARGERS
LARRYDALLAS,9,LARRYDALLAS-9,12,STEELERS
SUNNY D,1,SUNNY D-1,6,JAGUARS
CAMEL,6,CAMEL-6,6,JAGUARS
LARRYS PONIES,1,LARRYS PONIES-1,6,JAGUARS
SUNNY SG,1,SUNNY SG-1,22,CHARGERS
CAMEL,7,CAMEL-7,6,JAGUARS
LARRYS PONIES,2,LARRYS PONIES-2,22,CHARGERS
SUNNY SG,10,SUNNY SG-10,22,CHARGERS
CAMEL,8,CAMEL-8,6,JAGUARS
LARRYS PONIES,3,LARRYS PONIES-3,24,RAIDERS
SUNNY SG,2,SUNNY SG-2,22,CHARGERS
CAMEL,9,CAMEL-9,6,JAGUARS
LAS CTOWN,1,LAS CTOWN-1,12,STEELERS
SUNNY SG,3,SUNNY SG-3,22,CHARGERS
CAMPBELLSKNEECAPSOUP,1,CAMPBELLSKNEECAPSOUP-1,22,CHARGERS
LASGREGAS,1,LASGREGAS-1,22,CHARGERS
SUNNY SG,4,SUNNY SG-4,22,CHARGERS
Campelo,1,Campelo-1,22,CHARGERS
LASGREGAS,2,LASGREGAS-2,6,JAGUARS
SUNNY SG,5,SUNNY SG-5,22,CHARGERS
Campelo,2,Campelo-2,20,LIONS
LASKOGEO,1,LASKOGEO-1,22,CHARGERS
SUNNY SG,6,SUNNY SG-6,22,CHARGERS
Campelo,3,Campelo-3,6,JAGUARS
LASKOGEO,2,LASKOGEO-2,6,JAGUARS
SUNNY SG,7,SUNNY SG-7,22,CHARGERS
Campelo,4,Campelo-4,20,LIONS
Last Dawgs Standing,1,Last Dawgs Standing-1,22,CHARGERS
SUNNY SG,8,SUNNY SG-8,22,CHARGERS
Campelo,5,Campelo-5,6,JAGUARS
LAST FAN STANDING,1,LAST FAN STANDING-1,22,CHARGERS
SUNNY SG,9,SUNNY SG-9,22,CHARGERS
Campelo,6,Campelo-6,22,CHARGERS
LAST LOSERS,1,LAST LOSERS-1,22,CHARGERS
SUNSHINESTATEDEGENS,1,SUNSHINESTATEDEGENS-1,12,STEELERS
Campelo,7,Campelo-7,22,CHARGERS
LAST OLIVE STANDING,1,LAST OLIVE STANDING-1,8,BENGALS
SUNSTONERS,1,SUNSTONERS-1,6,JAGUARS
Campelo,8,Campelo-8,8,BENGALS
last pick standing,1,last pick standing-1,22,CHARGERS
SUNSTROKEDSERENADERS,1,SUNSTROKEDSERENADERS-1,22,CHARGERS
CAMVICTOR GK1,1,CAMVICTOR GK1-1,12,STEELERS
last pick standing,10,last pick standing-10,2,SEAHAWKS
SUNY,1,SUNY-1,6,JAGUARS
CANADA ARKANSAS,1,CANADA ARKANSAS-1,6,JAGUARS
last pick standing,2,last pick standing-2,22,CHARGERS
SUNY,10,SUNY-10,6,JAGUARS
CANADA ARKANSAS,2,CANADA ARKANSAS-2,22,CHARGERS
last pick standing,3,last pick standing-3,6,JAGUARS
SUNY,2,SUNY-2,6,JAGUARS
CANADIANBACON,1,CANADIANBACON-1,22,CHARGERS
last pick standing,4,last pick standing-4,6,JAGUARS
SUNY,3,SUNY-3,6,JAGUARS
CanikickIt,1,CanikickIt-1,6,JAGUARS
last pick standing,5,last pick standing-5,6,JAGUARS
SUNY,4,SUNY-4,6,JAGUARS
CanikickIt,10,CanikickIt-10,6,JAGUARS
last pick standing,6,last pick standing-6,20,LIONS
SUNY,5,SUNY-5,6,JAGUARS
CanikickIt,2,CanikickIt-2,6,JAGUARS
last pick standing,7,last pick standing-7,20,LIONS
SUNY,6,SUNY-6,6,JAGUARS
CanikickIt,3,CanikickIt-3,6,JAGUARS
last pick standing,8,last pick standing-8,24,RAIDERS
SUNY,7,SUNY-7,6,JAGUARS
CanikickIt,4,CanikickIt-4,12,STEELERS
last pick standing,9,last pick standing-9,2,SEAHAWKS
SUNY,8,SUNY-8,6,JAGUARS
CanikickIt,5,CanikickIt-5,12,STEELERS
LAST TEAM STANDING,1,LAST TEAM STANDING-1,17,JETS
SUNY,9,SUNY-9,6,JAGUARS
CanikickIt,6,CanikickIt-6,12,STEELERS
LAST TEAM STANDING,2,LAST TEAM STANDING-2,22,CHARGERS
SUPER BAD,1,SUPER BAD-1,6,JAGUARS
CanikickIt,7,CanikickIt-7,6,JAGUARS
LAST TEAM STANDING,3,LAST TEAM STANDING-3,22,CHARGERS
Super Chargers,1,Super Chargers-1,22,CHARGERS
CanikickIt,8,CanikickIt-8,12,STEELERS
LAST TEAM STANDING,4,LAST TEAM STANDING-4,24,RAIDERS
SUPER GATOR SEP,1,SUPER GATOR SEP-1,22,CHARGERS
CanikickIt,9,CanikickIt-9,12,STEELERS
LAST TEAM STANDING,5,LAST TEAM STANDING-5,6,JAGUARS
SUPER GATOR SEP,2,SUPER GATOR SEP-2,22,CHARGERS
CANINE CARTEL,1,CANINE CARTEL-1,6,JAGUARS
LAST TEAM STANDING,6,LAST TEAM STANDING-6,6,JAGUARS
SUPER GATOR SEP,3,SUPER GATOR SEP-3,6,JAGUARS
CANINE CARTEL,2,CANINE CARTEL-2,22,CHARGERS
LAST TEAM STANDING,7,LAST TEAM STANDING-7,6,JAGUARS
SUPER GATOR SEP,4,SUPER GATOR SEP-4,6,JAGUARS
CANINE CARTEL,3,CANINE CARTEL-3,22,CHARGERS
LAST TEAM STANDING,8,LAST TEAM STANDING-8,12,STEELERS
SUPER GATOR SEP,5,SUPER GATOR SEP-5,24,RAIDERS
CANKASORE,1,CANKASORE-1,6,JAGUARS
Last Woman Standing,1,Last Woman Standing-1,22,CHARGERS
SUPER GATOR SEP,6,SUPER GATOR SEP-6,12,STEELERS
CANKASORE,2,CANKASORE-2,22,CHARGERS
LATENIGHT,1,LATENIGHT-1,22,CHARGERS
SUPER GATOR SEP,7,SUPER GATOR SEP-7,20,LIONS
CANKASORE,3,CANKASORE-3,12,STEELERS
LATENIGHT,2,LATENIGHT-2,6,JAGUARS
SUPER SESLOWSKY,1,SUPER SESLOWSKY-1,6,JAGUARS
CANKASORE,4,CANKASORE-4,22,CHARGERS
LATENIGHT,3,LATENIGHT-3,6,JAGUARS
SUPER&LITTLESTITIOUS,1,SUPER&LITTLESTITIOUS-1,6,JAGUARS
CANT STOP THE ROCK,1,CANT STOP THE ROCK-1,6,JAGUARS
latina,1,latina-1,12,STEELERS
SUPER&LITTLESTITIOUS,2,SUPER&LITTLESTITIOUS-2,22,CHARGERS
CANT STOP THE ROCK,2,CANT STOP THE ROCK-2,22,CHARGERS
latina,10,latina-10,22,CHARGERS
SUPERBOWL 3,1,SUPERBOWL 3-1,6,JAGUARS
CANT STOP THE ROCK,3,CANT STOP THE ROCK-3,22,CHARGERS
latina,2,latina-2,12,STEELERS
SUPERBOWL 3,2,SUPERBOWL 3-2,12,STEELERS
CANT STOP THE ROCK,4,CANT STOP THE ROCK-4,12,STEELERS
latina,3,latina-3,12,STEELERS
SUPERBOWL 3,3,SUPERBOWL 3-3,22,CHARGERS
cant_stop_beastmode,1,cant_stop_beastmode-1,6,JAGUARS
latina,4,latina-4,12,STEELERS
SUPERBOY BABYCH,1,SUPERBOY BABYCH-1,6,JAGUARS
cant_stop_beastmode,2,cant_stop_beastmode-2,6,JAGUARS
latina,5,latina-5,12,STEELERS
SUPERFROG,1,SUPERFROG-1,22,CHARGERS
cant_stop_beastmode,3,cant_stop_beastmode-3,6,JAGUARS
latina,6,latina-6,22,CHARGERS
SUPERFROG,2,SUPERFROG-2,6,JAGUARS
cant_stop_beastmode,4,cant_stop_beastmode-4,6,JAGUARS
latina,7,latina-7,22,CHARGERS
SUPERFROG,3,SUPERFROG-3,6,JAGUARS
cant_stop_beastmode,5,cant_stop_beastmode-5,6,JAGUARS
latina,8,latina-8,22,CHARGERS
SUPERFROG,4,SUPERFROG-4,12,STEELERS
CANUCK KEVIN,1,CANUCK KEVIN-1,6,JAGUARS
latina,9,latina-9,22,CHARGERS
SUPERSTRUT,1,SUPERSTRUT-1,22,CHARGERS
CANUCK KEVIN,2,CANUCK KEVIN-2,22,CHARGERS
LAUGHLIN LEGENDS,1,LAUGHLIN LEGENDS-1,12,STEELERS
SUPERSTRUT,2,SUPERSTRUT-2,12,STEELERS
CAP AND CRUNCH,1,CAP AND CRUNCH-1,6,JAGUARS
LAURICH,1,LAURICH-1,22,CHARGERS
SUPERSTRUT,3,SUPERSTRUT-3,26,EAGLES
CAP AND CRUNCH,2,CAP AND CRUNCH-2,6,JAGUARS
LAW DOGGY DOGG,1,LAW DOGGY DOGG-1,6,JAGUARS
SUPERSTRUT,4,SUPERSTRUT-4,6,JAGUARS
CAP AND CRUNCH,3,CAP AND CRUNCH-3,22,CHARGERS
LAW DOGGY DOGG,2,LAW DOGGY DOGG-2,24,RAIDERS
SURFSIDECC,1,SURFSIDECC-1,22,CHARGERS
CAP AND CRUNCH,4,CAP AND CRUNCH-4,22,CHARGERS
LAW DOGGY DOGG,3,LAW DOGGY DOGG-3,12,STEELERS
SURFSIDECC,2,SURFSIDECC-2,6,JAGUARS
CAP AND CRUNCH,5,CAP AND CRUNCH-5,12,STEELERS
LAWFRANKD,1,LAWFRANKD-1,12,STEELERS
Surgical Empire,1,Surgical Empire-1,12,STEELERS
CAP AND CRUNCH,6,CAP AND CRUNCH-6,12,STEELERS
LAWFRANKD,2,LAWFRANKD-2,12,STEELERS
Surgical Empire,10,Surgical Empire-10,17,JETS
CAP AND CRUNCH,7,CAP AND CRUNCH-7,12,STEELERS
LAWFRANKD,3,LAWFRANKD-3,24,RAIDERS
Surgical Empire,2,Surgical Empire-2,12,STEELERS
CAP'N CRUNCH,1,CAP'N CRUNCH-1,20,LIONS
LAWFRANKD,4,LAWFRANKD-4,24,RAIDERS
Surgical Empire,3,Surgical Empire-3,12,STEELERS
CAP'N CRUNCH,2,CAP'N CRUNCH-2,20,LIONS
LAWFRANKD,5,LAWFRANKD-5,22,CHARGERS
Surgical Empire,4,Surgical Empire-4,12,STEELERS
CAP'N CRUNCH,3,CAP'N CRUNCH-3,12,STEELERS
LAWRENCE JAMIESON,1,LAWRENCE JAMIESON-1,22,CHARGERS
Surgical Empire,5,Surgical Empire-5,28,VIKINGS
CAP'N CRUNCH,4,CAP'N CRUNCH-4,26,EAGLES
LAWRENCE JAMIESON,2,LAWRENCE JAMIESON-2,22,CHARGERS
Surgical Empire,6,Surgical Empire-6,28,VIKINGS
CAPPERITHM,1,CAPPERITHM-1,12,STEELERS
LAWRENCE JAMIESON,3,LAWRENCE JAMIESON-3,22,CHARGERS
Surgical Empire,7,Surgical Empire-7,6,JAGUARS
CAPPERITHM,2,CAPPERITHM-2,12,STEELERS
LAWRENCE JAMIESON,4,LAWRENCE JAMIESON-4,22,CHARGERS
Surgical Empire,8,Surgical Empire-8,6,JAGUARS
CAPPERITHM,3,CAPPERITHM-3,22,CHARGERS
LAWROTH,1,LAWROTH-1,12,STEELERS
Surgical Empire,9,Surgical Empire-9,26,EAGLES
CAPPERITHM,4,CAPPERITHM-4,22,CHARGERS
LAWROTH,2,LAWROTH-2,22,CHARGERS
SURVIVE AND ADVANCE,1,SURVIVE AND ADVANCE-1,22,CHARGERS
CAPPERITHM,5,CAPPERITHM-5,24,RAIDERS
LAWROTH,3,LAWROTH-3,6,JAGUARS
SURVIVE AND ADVANCE,2,SURVIVE AND ADVANCE-2,22,CHARGERS
CAPPERITHM,6,CAPPERITHM-6,22,CHARGERS
LAWYERS RETIRE FUND,1,LAWYERS RETIRE FUND-1,6,JAGUARS
SURVIVE AND ADVANCE,3,SURVIVE AND ADVANCE-3,12,STEELERS
CAPPERITHM,7,CAPPERITHM-7,12,STEELERS
LAWYERS RETIRE FUND,2,LAWYERS RETIRE FUND-2,6,JAGUARS
SURVIVE THIS TPS,1,SURVIVE THIS TPS-1,22,CHARGERS
CAPPERITHM,8,CAPPERITHM-8,26,EAGLES
LAWYERS RETIRE FUND,3,LAWYERS RETIRE FUND-3,22,CHARGERS
SURVIVING BRADY'S,1,SURVIVING BRADY'S-1,22,CHARGERS
CAPT PEPPERS,1,CAPT PEPPERS-1,24,RAIDERS
LAWYERS RETIRE FUND,4,LAWYERS RETIRE FUND-4,6,JAGUARS
SURVIVING THE MIDDLE,1,SURVIVING THE MIDDLE-1,22,CHARGERS
CAPT PEPPERS,2,CAPT PEPPERS-2,6,JAGUARS
LAWYERS RETIRE FUND,5,LAWYERS RETIRE FUND-5,6,JAGUARS
SURVIVOR BANDIT,1,SURVIVOR BANDIT-1,6,JAGUARS
CAPT PEPPERS,3,CAPT PEPPERS-3,6,JAGUARS
LAZY LIZARD,1,LAZY LIZARD-1,6,JAGUARS
SURVIVOR BANDIT,10,SURVIVOR BANDIT-10,6,JAGUARS
CAPT PEPPERS,4,CAPT PEPPERS-4,6,JAGUARS
LAZY LIZARD,2,LAZY LIZARD-2,22,CHARGERS
SURVIVOR BANDIT,2,SURVIVOR BANDIT-2,6,JAGUARS
CAPT PEPPERS,5,CAPT PEPPERS-5,22,CHARGERS
LAZY LIZARD,3,LAZY LIZARD-3,20,LIONS
SURVIVOR BANDIT,3,SURVIVOR BANDIT-3,6,JAGUARS
CAPT PEPPERS,6,CAPT PEPPERS-6,22,CHARGERS
LAZY LIZARD,4,LAZY LIZARD-4,6,JAGUARS
SURVIVOR BANDIT,4,SURVIVOR BANDIT-4,6,JAGUARS
CAPT PEPPERS,7,CAPT PEPPERS-7,22,CHARGERS
LAZY LIZARD,5,LAZY LIZARD-5,22,CHARGERS
SURVIVOR BANDIT,5,SURVIVOR BANDIT-5,6,JAGUARS
CAPTAIN JOHN,1,CAPTAIN JOHN-1,6,JAGUARS
LAZY LIZARD,6,LAZY LIZARD-6,22,CHARGERS
SURVIVOR BANDIT,6,SURVIVOR BANDIT-6,6,JAGUARS
CAPTAIN JOHN,2,CAPTAIN JOHN-2,6,JAGUARS
LAZY TONY,1,LAZY TONY-1,22,CHARGERS
SURVIVOR BANDIT,7,SURVIVOR BANDIT-7,6,JAGUARS
CAPTAIN JOHN,3,CAPTAIN JOHN-3,12,STEELERS
LAZY TONY,2,LAZY TONY-2,6,JAGUARS
SURVIVOR BANDIT,8,SURVIVOR BANDIT-8,6,JAGUARS
CAPTAIN JOHN,4,CAPTAIN JOHN-4,12,STEELERS
LAZY TONY,3,LAZY TONY-3,22,CHARGERS
SURVIVOR BANDIT,9,SURVIVOR BANDIT-9,6,JAGUARS
CAPTAIN JOHN,5,CAPTAIN JOHN-5,22,CHARGERS
LC & DA BOIZ,1,LC & DA BOIZ-1,6,JAGUARS
SURVIVOR CHAMPS,1,SURVIVOR CHAMPS-1,6,JAGUARS
CAPTAIN JOHN,6,CAPTAIN JOHN-6,22,CHARGERS
LC & DA BOIZ,2,LC & DA BOIZ-2,6,JAGUARS
SURVIVOR CHAMPS,2,SURVIVOR CHAMPS-2,22,CHARGERS
CAPTAIN JOHN,7,CAPTAIN JOHN-7,24,RAIDERS
LC & DA BOIZ,3,LC & DA BOIZ-3,12,STEELERS
SURVIVOR CHAMPS,3,SURVIVOR CHAMPS-3,22,CHARGERS
CAPTAIN NASDAQ,1,CAPTAIN NASDAQ-1,12,STEELERS
LC & DA BOIZ,4,LC & DA BOIZ-4,22,CHARGERS
SURVIVOR CHAMPS,4,SURVIVOR CHAMPS-4,22,CHARGERS
Captain Picks,1,Captain Picks-1,22,CHARGERS
LC & DA BOIZ,5,LC & DA BOIZ-5,22,CHARGERS
SURVIVOR CHAMPS,5,SURVIVOR CHAMPS-5,6,JAGUARS
CAPTAIN T-ROY,1,CAPTAIN T-ROY-1,22,CHARGERS
LC & DA BOIZ,6,LC & DA BOIZ-6,6,JAGUARS
SURVIVOR EXE,1,SURVIVOR EXE-1,22,CHARGERS
CAPTAIN T-ROY,2,CAPTAIN T-ROY-2,15,BEARS
LCC,1,LCC-1,22,CHARGERS
SURVIVOR EXE,10,SURVIVOR EXE-10,12,STEELERS
CAPTAIN T-ROY,3,CAPTAIN T-ROY-3,24,RAIDERS
LCC,2,LCC-2,22,CHARGERS
SURVIVOR EXE,2,SURVIVOR EXE-2,22,CHARGERS
CAPTAIN T-ROY,4,CAPTAIN T-ROY-4,20,LIONS
lcpa,1,lcpa-1,6,JAGUARS
SURVIVOR EXE,3,SURVIVOR EXE-3,22,CHARGERS
CAPTAIN T-ROY,5,CAPTAIN T-ROY-5,6,JAGUARS
Ldale Boys,1,Ldale Boys-1,22,CHARGERS
SURVIVOR EXE,4,SURVIVOR EXE-4,22,CHARGERS
CAPTAIN T-ROY,6,CAPTAIN T-ROY-6,22,CHARGERS
LE GUIN,1,LE GUIN-1,6,JAGUARS
SURVIVOR EXE,5,SURVIVOR EXE-5,22,CHARGERS
CAPTAINHOOK614,1,CAPTAINHOOK614-1,6,JAGUARS
LEAD DOG,1,LEAD DOG-1,17,JETS
SURVIVOR EXE,6,SURVIVOR EXE-6,6,JAGUARS
CAPTAINJON,1,CAPTAINJON-1,22,CHARGERS
LEAD DOG,10,LEAD DOG-10,12,STEELERS
SURVIVOR EXE,7,SURVIVOR EXE-7,6,JAGUARS
CaptainK,1,CaptainK-1,22,CHARGERS
LEAD DOG,2,LEAD DOG-2,22,CHARGERS
SURVIVOR EXE,8,SURVIVOR EXE-8,6,JAGUARS
CaptainK,2,CaptainK-2,12,STEELERS
LEAD DOG,3,LEAD DOG-3,6,JAGUARS
SURVIVOR EXE,9,SURVIVOR EXE-9,6,JAGUARS
CARBS,1,CARBS-1,22,CHARGERS
LEAD DOG,4,LEAD DOG-4,6,JAGUARS
Survivor Steve,1,Survivor Steve-1,6,JAGUARS
CARBS,2,CARBS-2,22,CHARGERS
LEAD DOG,5,LEAD DOG-5,6,JAGUARS
Survivor Steve,2,Survivor Steve-2,6,JAGUARS
CARBS,3,CARBS-3,22,CHARGERS
LEAD DOG,6,LEAD DOG-6,22,CHARGERS
Survivor,1,Survivor-1,24,RAIDERS
CARBS,4,CARBS-4,22,CHARGERS
LEAD DOG,7,LEAD DOG-7,22,CHARGERS
SURVIVORIS THE JUICE,1,SURVIVORIS THE JUICE-1,22,CHARGERS
CARBS,5,CARBS-5,6,JAGUARS
LEAD DOG,8,LEAD DOG-8,22,CHARGERS
SURVIVORIS THE JUICE,10,SURVIVORIS THE JUICE-10,22,CHARGERS
CARBS,6,CARBS-6,6,JAGUARS
LEAD DOG,9,LEAD DOG-9,12,STEELERS
SURVIVORIS THE JUICE,2,SURVIVORIS THE JUICE-2,22,CHARGERS
CARDIACKIDS,1,CARDIACKIDS-1,20,LIONS
LEAH'S LEGACY,1,LEAH'S LEGACY-1,22,CHARGERS
SURVIVORIS THE JUICE,3,SURVIVORIS THE JUICE-3,22,CHARGERS
CARDIACKIDS,2,CARDIACKIDS-2,20,LIONS
LEBRONCIC 248,1,LEBRONCIC 248-1,6,JAGUARS
SURVIVORIS THE JUICE,4,SURVIVORIS THE JUICE-4,22,CHARGERS
CARDIACKIDS,3,CARDIACKIDS-3,22,CHARGERS
LEBRONCIC 248,10,LEBRONCIC 248-10,6,JAGUARS
SURVIVORIS THE JUICE,5,SURVIVORIS THE JUICE-5,22,CHARGERS
Cardinal 4Ever,1,Cardinal 4Ever-1,22,CHARGERS
LEBRONCIC 248,2,LEBRONCIC 248-2,6,JAGUARS
SURVIVORIS THE JUICE,6,SURVIVORIS THE JUICE-6,22,CHARGERS
Cardinal 4Ever,2,Cardinal 4Ever-2,22,CHARGERS
LEBRONCIC 248,3,LEBRONCIC 248-3,6,JAGUARS
SURVIVORIS THE JUICE,7,SURVIVORIS THE JUICE-7,22,CHARGERS
Cardinal 4Ever,3,Cardinal 4Ever-3,6,JAGUARS
LEBRONCIC 248,4,LEBRONCIC 248-4,6,JAGUARS
SURVIVORIS THE JUICE,8,SURVIVORIS THE JUICE-8,22,CHARGERS
Cardinal 4Ever,4,Cardinal 4Ever-4,6,JAGUARS
LEBRONCIC 248,5,LEBRONCIC 248-5,6,JAGUARS
SURVIVORIS THE JUICE,9,SURVIVORIS THE JUICE-9,22,CHARGERS
Cardinal 4Ever,5,Cardinal 4Ever-5,12,STEELERS
LEBRONCIC 248,6,LEBRONCIC 248-6,6,JAGUARS
SURVIVORLORIAN&CIRCA,1,SURVIVORLORIAN&CIRCA-1,12,STEELERS
Cardinal 4Ever,6,Cardinal 4Ever-6,12,STEELERS
LEBRONCIC 248,7,LEBRONCIC 248-7,6,JAGUARS
SURVIVORLORIAN&CIRCA,10,SURVIVORLORIAN&CIRCA-10,32,CHIEFS
Cariari Kid,1,Cariari Kid-1,6,JAGUARS
LEBRONCIC 248,8,LEBRONCIC 248-8,6,JAGUARS
SURVIVORLORIAN&CIRCA,2,SURVIVORLORIAN&CIRCA-2,12,STEELERS
Cariari Kid,10,Cariari Kid-10,20,LIONS
LEBRONCIC 248,9,LEBRONCIC 248-9,6,JAGUARS
SURVIVORLORIAN&CIRCA,3,SURVIVORLORIAN&CIRCA-3,12,STEELERS
Cariari Kid,2,Cariari Kid-2,6,JAGUARS
LEE SEDOL,1,LEE SEDOL-1,12,STEELERS
SURVIVORLORIAN&CIRCA,4,SURVIVORLORIAN&CIRCA-4,24,RAIDERS
Cariari Kid,3,Cariari Kid-3,6,JAGUARS
LEED PROP,1,LEED PROP-1,22,CHARGERS
SURVIVORLORIAN&CIRCA,5,SURVIVORLORIAN&CIRCA-5,24,RAIDERS
Cariari Kid,4,Cariari Kid-4,6,JAGUARS
LEED PROP,2,LEED PROP-2,12,STEELERS
SURVIVORLORIAN&CIRCA,6,SURVIVORLORIAN&CIRCA-6,18,TITANS
Cariari Kid,5,Cariari Kid-5,6,JAGUARS
LEFTOVER TURDUCKEN,1,LEFTOVER TURDUCKEN-1,6,JAGUARS
SURVIVORLORIAN&CIRCA,7,SURVIVORLORIAN&CIRCA-7,20,LIONS
Cariari Kid,6,Cariari Kid-6,12,STEELERS
LEFTOVER TURDUCKEN,10,LEFTOVER TURDUCKEN-10,22,CHARGERS
SURVIVORLORIAN&CIRCA,8,SURVIVORLORIAN&CIRCA-8,20,LIONS
Cariari Kid,7,Cariari Kid-7,12,STEELERS
LEFTOVER TURDUCKEN,2,LEFTOVER TURDUCKEN-2,6,JAGUARS
SURVIVORLORIAN&CIRCA,9,SURVIVORLORIAN&CIRCA-9,8,BENGALS
Cariari Kid,8,Cariari Kid-8,22,CHARGERS
LEFTOVER TURDUCKEN,3,LEFTOVER TURDUCKEN-3,6,JAGUARS
Suuuper Craig,1,Suuuper Craig-1,22,CHARGERS
Cariari Kid,9,Cariari Kid-9,22,CHARGERS
LEFTOVER TURDUCKEN,4,LEFTOVER TURDUCKEN-4,12,STEELERS
SV COLONELS,1,SV COLONELS-1,6,JAGUARS
CARL,1,CARL-1,6,JAGUARS
LEFTOVER TURDUCKEN,5,LEFTOVER TURDUCKEN-5,12,STEELERS
SV COLONELS,2,SV COLONELS-2,12,STEELERS
CARLITOS WEY,1,CARLITOS WEY-1,22,CHARGERS
LEFTOVER TURDUCKEN,6,LEFTOVER TURDUCKEN-6,22,CHARGERS
SV COLONELS,3,SV COLONELS-3,22,CHARGERS
CARLITOS WEY,2,CARLITOS WEY-2,20,LIONS
LEFTOVER TURDUCKEN,7,LEFTOVER TURDUCKEN-7,22,CHARGERS
SVAC1,1,SVAC1-1,22,CHARGERS
CARLO0526,1,CARLO0526-1,22,CHARGERS
LEFTOVER TURDUCKEN,8,LEFTOVER TURDUCKEN-8,22,CHARGERS
SVAC1,2,SVAC1-2,22,CHARGERS
CARLO0526,2,CARLO0526-2,6,JAGUARS
LEFTOVER TURDUCKEN,9,LEFTOVER TURDUCKEN-9,22,CHARGERS
SVAC1,3,SVAC1-3,22,CHARGERS
CARLOS DANGER,1,CARLOS DANGER-1,6,JAGUARS
LEFTOVER YAC,1,LEFTOVER YAC-1,22,CHARGERS
SVAC1,4,SVAC1-4,6,JAGUARS
CARNE ALLATA,1,CARNE ALLATA-1,6,JAGUARS
LEFTOVER YAC,2,LEFTOVER YAC-2,22,CHARGERS
SVIK'S PICKS,1,SVIK'S PICKS-1,22,CHARGERS
CARNIVAL SAM,1,CARNIVAL SAM-1,6,JAGUARS
LEFTOVER YAC,3,LEFTOVER YAC-3,12,STEELERS
SVIK'S PICKS,10,SVIK'S PICKS-10,6,JAGUARS
CARNIVAL SAM,2,CARNIVAL SAM-2,22,CHARGERS
legend has it,1,legend has it-1,6,JAGUARS
SVIK'S PICKS,2,SVIK'S PICKS-2,22,CHARGERS
CAROLINA CRUSHERS,1,CAROLINA CRUSHERS-1,6,JAGUARS
LEGEND$,1,LEGEND$-1,22,CHARGERS
SVIK'S PICKS,3,SVIK'S PICKS-3,6,JAGUARS
CAROLINAACEHOLES#14,1,CAROLINAACEHOLES#14-1,22,CHARGERS
LEGEND$,10,LEGEND$-10,20,LIONS
SVIK'S PICKS,4,SVIK'S PICKS-4,6,JAGUARS
CAROLINAACEHOLES23,1,CAROLINAACEHOLES23-1,6,JAGUARS
LEGEND$,2,LEGEND$-2,22,CHARGERS
SVIK'S PICKS,5,SVIK'S PICKS-5,6,JAGUARS
CAROLINAACEHOLES69,1,CAROLINAACEHOLES69-1,20,LIONS
LEGEND$,3,LEGEND$-3,22,CHARGERS
SVIK'S PICKS,6,SVIK'S PICKS-6,6,JAGUARS
CARSONATOR,1,CARSONATOR-1,22,CHARGERS
LEGEND$,4,LEGEND$-4,22,CHARGERS
SVIK'S PICKS,7,SVIK'S PICKS-7,6,JAGUARS
CARSONATOR,2,CARSONATOR-2,6,JAGUARS
LEGEND$,5,LEGEND$-5,22,CHARGERS
SVIK'S PICKS,8,SVIK'S PICKS-8,6,JAGUARS
CARSONATOR,3,CARSONATOR-3,9,RAVENS
LEGEND$,6,LEGEND$-6,22,CHARGERS
SVIK'S PICKS,9,SVIK'S PICKS-9,6,JAGUARS
CARSONATOR,4,CARSONATOR-4,20,LIONS
LEGEND$,7,LEGEND$-7,22,CHARGERS
SWAG,1,SWAG-1,6,JAGUARS
CARTEL KOD,1,CARTEL KOD-1,22,CHARGERS
LEGEND$,8,LEGEND$-8,6,JAGUARS
SWAMI'S WOLF PACK,1,SWAMI'S WOLF PACK-1,6,JAGUARS
CARTEL KOD,10,CARTEL KOD-10,22,CHARGERS
LEGEND$,9,LEGEND$-9,6,JAGUARS
SWAMI-23,1,SWAMI-23-1,22,CHARGERS
CARTEL KOD,2,CARTEL KOD-2,6,JAGUARS
LEGENDARY SEASON,1,LEGENDARY SEASON-1,12,STEELERS
SWAMI-23,2,SWAMI-23-2,6,JAGUARS
CARTEL KOD,3,CARTEL KOD-3,6,JAGUARS
LEGENDARY SEASON,2,LEGENDARY SEASON-2,12,STEELERS
SWAMP DONKEYS,1,SWAMP DONKEYS-1,6,JAGUARS
CARTEL KOD,4,CARTEL KOD-4,6,JAGUARS
LEGENDARY SEASON,3,LEGENDARY SEASON-3,6,JAGUARS
SWAMP DONKEYS,2,SWAMP DONKEYS-2,12,STEELERS
CARTEL KOD,5,CARTEL KOD-5,22,CHARGERS
LEGENDS,1,LEGENDS-1,22,CHARGERS
SWAN BFLO,1,SWAN BFLO-1,6,JAGUARS
CARTEL KOD,6,CARTEL KOD-6,22,CHARGERS
LEGENDS,2,LEGENDS-2,6,JAGUARS
SWANKMOM,1,SWANKMOM-1,6,JAGUARS
CARTEL KOD,7,CARTEL KOD-7,22,CHARGERS
LEGENDS,3,LEGENDS-3,20,LIONS
Swanny,1,Swanny-1,22,CHARGERS
CARTEL KOD,8,CARTEL KOD-8,22,CHARGERS
LEGENDS,4,LEGENDS-4,12,STEELERS
Swanny,2,Swanny-2,22,CHARGERS
CARTEL KOD,9,CARTEL KOD-9,22,CHARGERS
LEGGO MY YEGGO,1,LEGGO MY YEGGO-1,6,JAGUARS
Swanny,3,Swanny-3,22,CHARGERS
CARTHAGE BLUEBOYS,1,CARTHAGE BLUEBOYS-1,6,JAGUARS
LEGGO MY YEGGO,2,LEGGO MY YEGGO-2,6,JAGUARS
Swanny,4,Swanny-4,22,CHARGERS
CARTHAGE BLUEBOYS,2,CARTHAGE BLUEBOYS-2,12,STEELERS
LEGGO MY YEGGO,3,LEGGO MY YEGGO-3,26,EAGLES
Swanny,5,Swanny-5,6,JAGUARS
CARVAK,1,CARVAK-1,6,JAGUARS
LEGGO MY YEGGO,4,LEGGO MY YEGGO-4,12,STEELERS
Swanny,6,Swanny-6,6,JAGUARS
CARVAK,2,CARVAK-2,6,JAGUARS
LegitConcern,1,LegitConcern-1,6,JAGUARS
SWEAT CREW,1,SWEAT CREW-1,24,RAIDERS
CARVAK,3,CARVAK-3,12,STEELERS
LegitConcern,2,LegitConcern-2,6,JAGUARS
SWEAT CREW,10,SWEAT CREW-10,6,JAGUARS
CARYARON,1,CARYARON-1,6,JAGUARS
LegitConcern,3,LegitConcern-3,22,CHARGERS
SWEAT CREW,2,SWEAT CREW-2,22,CHARGERS
CARYARON,2,CARYARON-2,22,CHARGERS
LEI,1,LEI-1,12,STEELERS
SWEAT CREW,3,SWEAT CREW-3,22,CHARGERS
CARYARON,3,CARYARON-3,22,CHARGERS
LEI,2,LEI-2,12,STEELERS
SWEAT CREW,4,SWEAT CREW-4,6,JAGUARS
CARYARON,4,CARYARON-4,6,JAGUARS
LEI,3,LEI-3,6,JAGUARS
SWEAT CREW,5,SWEAT CREW-5,22,CHARGERS
CARYARON,5,CARYARON-5,12,STEELERS
LEI,4,LEI-4,8,BENGALS
SWEAT CREW,6,SWEAT CREW-6,22,CHARGERS
CASEY BBALL,1,CASEY BBALL-1,6,JAGUARS
LEI,5,LEI-5,15,BEARS
SWEAT CREW,7,SWEAT CREW-7,22,CHARGERS
CASH FLOW JOE,1,CASH FLOW JOE-1,22,CHARGERS
LEMON WATER,1,LEMON WATER-1,22,CHARGERS
SWEAT CREW,8,SWEAT CREW-8,12,STEELERS
CASHEWS1617,1,CASHEWS1617-1,22,CHARGERS
LEMON WATER,2,LEMON WATER-2,12,STEELERS
SWEAT CREW,9,SWEAT CREW-9,6,JAGUARS
CASHEWS1617,2,CASHEWS1617-2,22,CHARGERS
LEMON WATER,3,LEMON WATER-3,6,JAGUARS
sweat off my ballz,1,sweat off my ballz-1,22,CHARGERS
CashMoneyVatos,1,CashMoneyVatos-1,22,CHARGERS
LEMON WATER,4,LEMON WATER-4,20,LIONS
sweat off my ballz,10,sweat off my ballz-10,8,BENGALS
CashMoneyVatos,2,CashMoneyVatos-2,6,JAGUARS
LEMON WATER,5,LEMON WATER-5,6,JAGUARS
sweat off my ballz,2,sweat off my ballz-2,22,CHARGERS
CashMoneyVatos,3,CashMoneyVatos-3,28,VIKINGS
LEMON WATER,6,LEMON WATER-6,22,CHARGERS
sweat off my ballz,3,sweat off my ballz-3,12,STEELERS
CashMoneyVatos,4,CashMoneyVatos-4,24,RAIDERS
LEMON WATER,7,LEMON WATER-7,12,STEELERS
sweat off my ballz,4,sweat off my ballz-4,12,STEELERS
CASHOUTKING,1,CASHOUTKING-1,20,LIONS
LEMON WATER,8,LEMON WATER-8,6,JAGUARS
sweat off my ballz,5,sweat off my ballz-5,6,JAGUARS
CASHPOT,1,CASHPOT-1,6,JAGUARS
lenjos,1,lenjos-1,22,CHARGERS
sweat off my ballz,6,sweat off my ballz-6,6,JAGUARS
CASHPOT,2,CASHPOT-2,6,JAGUARS
lenjos,10,lenjos-10,22,CHARGERS
sweat off my ballz,7,sweat off my ballz-7,6,JAGUARS
CASHPOT,3,CASHPOT-3,6,JAGUARS
lenjos,2,lenjos-2,24,RAIDERS
sweat off my ballz,8,sweat off my ballz-8,26,EAGLES
CASHPOT,4,CASHPOT-4,6,JAGUARS
lenjos,3,lenjos-3,6,JAGUARS
sweat off my ballz,9,sweat off my ballz-9,26,EAGLES
CASHPOT,5,CASHPOT-5,6,JAGUARS
lenjos,4,lenjos-4,22,CHARGERS
SWEET CITA,1,SWEET CITA-1,6,JAGUARS
CASINO GUYS,1,CASINO GUYS-1,22,CHARGERS
lenjos,5,lenjos-5,20,LIONS
Sweet Lips USA,1,Sweet Lips USA-1,12,STEELERS
CASINO MONEY,1,CASINO MONEY-1,6,JAGUARS
lenjos,6,lenjos-6,20,LIONS
SWEETPEA24,1,SWEETPEA24-1,6,JAGUARS
CASSIE TREAT FUND,1,CASSIE TREAT FUND-1,26,EAGLES
lenjos,7,lenjos-7,6,JAGUARS
swickem,1,swickem-1,6,JAGUARS
CASTAWAYS,1,CASTAWAYS-1,22,CHARGERS
lenjos,8,lenjos-8,6,JAGUARS
swickem,2,swickem-2,22,CHARGERS
CASTAWAYS,2,CASTAWAYS-2,22,CHARGERS
lenjos,9,lenjos-9,6,JAGUARS
SWINNY43,1,SWINNY43-1,22,CHARGERS
CASTAWAYS,3,CASTAWAYS-3,22,CHARGERS
LENNY & MIC,1,LENNY & MIC-1,20,LIONS
SYCAMORE HICKS,1,SYCAMORE HICKS-1,12,STEELERS
CASTAWAYS,4,CASTAWAYS-4,22,CHARGERS
LENNY & MIC,2,LENNY & MIC-2,22,CHARGERS
sympathy,1,sympathy-1,22,CHARGERS
CASTAWAYS,5,CASTAWAYS-5,22,CHARGERS
LEROY BICKERSTAFF,1,LEROY BICKERSTAFF-1,22,CHARGERS
sympathy,10,sympathy-10,22,CHARGERS
CASTAWAYS,6,CASTAWAYS-6,22,CHARGERS
LEROY BICKERSTAFF,2,LEROY BICKERSTAFF-2,6,JAGUARS
sympathy,2,sympathy-2,22,CHARGERS
CASTAWAYS,7,CASTAWAYS-7,6,JAGUARS
LEROY BICKERSTAFF,3,LEROY BICKERSTAFF-3,6,JAGUARS
sympathy,3,sympathy-3,22,CHARGERS
CASTAWAYS,8,CASTAWAYS-8,6,JAGUARS
LEROY BICKERSTAFF,4,LEROY BICKERSTAFF-4,6,JAGUARS
sympathy,4,sympathy-4,22,CHARGERS
CASTAWAYS,9,CASTAWAYS-9,22,CHARGERS
LESA,1,LESA-1,22,CHARGERS
sympathy,5,sympathy-5,22,CHARGERS
CASTING TOWER,1,CASTING TOWER-1,22,CHARGERS
LESA,2,LESA-2,6,JAGUARS
sympathy,6,sympathy-6,22,CHARGERS
CASTING TOWER,2,CASTING TOWER-2,6,JAGUARS
LESA,3,LESA-3,12,STEELERS
sympathy,7,sympathy-7,22,CHARGERS
CASTING TOWER,3,CASTING TOWER-3,22,CHARGERS
LESTER FANBELT,1,LESTER FANBELT-1,22,CHARGERS
sympathy,8,sympathy-8,22,CHARGERS
CASTING TOWER,4,CASTING TOWER-4,6,JAGUARS
LESTER FANBELT,2,LESTER FANBELT-2,22,CHARGERS
sympathy,9,sympathy-9,22,CHARGERS
CASTING TOWER,5,CASTING TOWER-5,22,CHARGERS
LESTER FANBELT,3,LESTER FANBELT-3,6,JAGUARS
SYNDICATE,1,SYNDICATE-1,12,STEELERS
CASTING TOWER,6,CASTING TOWER-6,22,CHARGERS
LESTER FANBELT,4,LESTER FANBELT-4,6,JAGUARS
SYNDICATE,2,SYNDICATE-2,22,CHARGERS
CATALINA CREW 26,1,CATALINA CREW 26-1,6,JAGUARS
LESTER FANBELT,5,LESTER FANBELT-5,20,LIONS
t & e sundai fundai,1,t & e sundai fundai-1,22,CHARGERS
Catch Me If You Can,1,Catch Me If You Can-1,22,CHARGERS
LESTER FANBELT,6,LESTER FANBELT-6,6,JAGUARS
t & e sundai fundai,2,t & e sundai fundai-2,22,CHARGERS
CATDADLES,1,CATDADLES-1,6,JAGUARS
LET IT RIDE,1,LET IT RIDE-1,6,JAGUARS
T&A HOLDINGS LLC,1,T&A HOLDINGS LLC-1,22,CHARGERS
CATEGORY 5,1,CATEGORY 5-1,6,JAGUARS
LET IT RIDE,2,LET IT RIDE-2,24,RAIDERS
T&A HOLDINGS LLC,2,T&A HOLDINGS LLC-2,18,TITANS
CATEGORY 5,2,CATEGORY 5-2,12,STEELERS
Let's enjoy this,1,Let's enjoy this-1,22,CHARGERS
T&A HOLDINGS LLC,3,T&A HOLDINGS LLC-3,24,RAIDERS
CATEGORY 5,3,CATEGORY 5-3,22,CHARGERS
Let's Go,1,Let's Go-1,6,JAGUARS
T-2000,1,T-2000-1,20,LIONS
CAUSA J,1,CAUSA J-1,12,STEELERS
Let's Go,2,Let's Go-2,8,BENGALS
T-2000,2,T-2000-2,6,JAGUARS
CAUSA J,10,CAUSA J-10,22,CHARGERS
Let's Go,3,Let's Go-3,12,STEELERS
T-2000,3,T-2000-3,22,CHARGERS
CAUSA J,2,CAUSA J-2,6,JAGUARS
Let's Go,4,Let's Go-4,22,CHARGERS
T-2000,4,T-2000-4,6,JAGUARS
CAUSA J,3,CAUSA J-3,6,JAGUARS
Let's Go,5,Let's Go-5,28,VIKINGS
T-2000,5,T-2000-5,12,STEELERS
CAUSA J,4,CAUSA J-4,22,CHARGERS
Let's Go,6,Let's Go-6,22,CHARGERS
T-2000,6,T-2000-6,6,JAGUARS
CAUSA J,5,CAUSA J-5,6,JAGUARS
Let's Go,7,Let's Go-7,12,STEELERS
T-2000,7,T-2000-7,12,STEELERS
CAUSA J,6,CAUSA J-6,12,STEELERS
Let's Go,8,Let's Go-8,6,JAGUARS
T-2000,8,T-2000-8,6,JAGUARS
CAUSA J,7,CAUSA J-7,24,RAIDERS
let's rodeo,1,let's rodeo-1,6,JAGUARS
T-2000,9,T-2000-9,24,RAIDERS
CAUSA J,8,CAUSA J-8,6,JAGUARS
let's rodeo,2,let's rodeo-2,22,CHARGERS
T-BONE,1,T-BONE-1,24,RAIDERS
CAUSA J,9,CAUSA J-9,22,CHARGERS
let's rodeo,3,let's rodeo-3,12,STEELERS
T-BONE93,1,T-BONE93-1,6,JAGUARS
CAVEMAN6470,1,CAVEMAN6470-1,22,CHARGERS
let's rodeo,4,let's rodeo-4,22,CHARGERS
T-BONE93,10,T-BONE93-10,22,CHARGERS
CAVEMAN6470,10,CAVEMAN6470-10,26,EAGLES
let's rodeo,5,let's rodeo-5,12,STEELERS
T-BONE93,2,T-BONE93-2,6,JAGUARS
CAVEMAN6470,2,CAVEMAN6470-2,6,JAGUARS
LETS GO JEFF,1,LETS GO JEFF-1,20,LIONS
T-BONE93,3,T-BONE93-3,6,JAGUARS
CAVEMAN6470,3,CAVEMAN6470-3,12,STEELERS
LETS GO JEFF,2,LETS GO JEFF-2,9,RAVENS
T-BONE93,4,T-BONE93-4,6,JAGUARS
CAVEMAN6470,4,CAVEMAN6470-4,12,STEELERS
LETS GO JEFF,3,LETS GO JEFF-3,22,CHARGERS
T-BONE93,5,T-BONE93-5,6,JAGUARS
CAVEMAN6470,5,CAVEMAN6470-5,12,STEELERS
LETS GO MELVY!,1,LETS GO MELVY!-1,12,STEELERS
T-BONE93,6,T-BONE93-6,22,CHARGERS
CAVEMAN6470,6,CAVEMAN6470-6,12,STEELERS
LETSGOCANES,1,LETSGOCANES-1,12,STEELERS
T-BONE93,7,T-BONE93-7,22,CHARGERS
CAVEMAN6470,7,CAVEMAN6470-7,24,RAIDERS
LETSWIN23!,1,LETSWIN23!-1,6,JAGUARS
T-BONE93,8,T-BONE93-8,22,CHARGERS
CAVEMAN6470,8,CAVEMAN6470-8,26,EAGLES
LETSWIN23!,2,LETSWIN23!-2,22,CHARGERS
T-BONE93,9,T-BONE93-9,22,CHARGERS
CAVEMAN6470,9,CAVEMAN6470-9,26,EAGLES
LEX MARKS THE SPOT,1,LEX MARKS THE SPOT-1,6,JAGUARS
T-REX,1,T-REX-1,6,JAGUARS
caw caw,1,caw caw-1,12,STEELERS
LFG CREW #3,1,LFG CREW #3-1,21,CARDINALS
T-REX,2,T-REX-2,22,CHARGERS
caw caw,2,caw caw-2,22,CHARGERS
LFG CREW #3,10,LFG CREW #3-10,18,TITANS
T-REX,3,T-REX-3,6,JAGUARS
CBAM,1,CBAM-1,6,JAGUARS
LFG CREW #3,2,LFG CREW #3-2,11,FALCONS
T-REX,4,T-REX-4,6,JAGUARS
Cblucky,1,Cblucky-1,24,RAIDERS
LFG CREW #3,3,LFG CREW #3-3,20,LIONS
T-REX,5,T-REX-5,22,CHARGERS
Cblucky,2,Cblucky-2,24,RAIDERS
LFG CREW #3,4,LFG CREW #3-4,20,LIONS
T-REX,6,T-REX-6,22,CHARGERS
Cblucky,3,Cblucky-3,24,RAIDERS
LFG CREW #3,5,LFG CREW #3-5,20,LIONS
T-REX,7,T-REX-7,6,JAGUARS
Cblucky,4,Cblucky-4,24,RAIDERS
LFG CREW #3,6,LFG CREW #3-6,6,JAGUARS
T-REX,8,T-REX-8,12,STEELERS
Cblucky,5,Cblucky-5,22,CHARGERS
LFG CREW #3,7,LFG CREW #3-7,6,JAGUARS
T-REX,9,T-REX-9,22,CHARGERS
CBRANCHEN,1,CBRANCHEN-1,22,CHARGERS
LFG CREW #3,8,LFG CREW #3-8,22,CHARGERS
T3,1,T3-1,6,JAGUARS
CBRANCHEN,10,CBRANCHEN-10,22,CHARGERS
LFG CREW #3,9,LFG CREW #3-9,22,CHARGERS
T3,2,T3-2,20,LIONS
CBRANCHEN,2,CBRANCHEN-2,22,CHARGERS
LFG CREW 2,1,LFG CREW 2-1,6,JAGUARS
T3,3,T3-3,12,STEELERS
CBRANCHEN,3,CBRANCHEN-3,22,CHARGERS
LFG CREW 2,10,LFG CREW 2-10,6,JAGUARS
TA2,1,TA2-1,6,JAGUARS
CBRANCHEN,4,CBRANCHEN-4,22,CHARGERS
LFG CREW 2,2,LFG CREW 2-2,6,JAGUARS
TABLE4ONE,1,TABLE4ONE-1,24,RAIDERS
CBRANCHEN,5,CBRANCHEN-5,22,CHARGERS
LFG CREW 2,3,LFG CREW 2-3,22,CHARGERS
TABLE4ONE,2,TABLE4ONE-2,24,RAIDERS
CBRANCHEN,6,CBRANCHEN-6,22,CHARGERS
LFG CREW 2,4,LFG CREW 2-4,22,CHARGERS
TABLE4ONE,3,TABLE4ONE-3,24,RAIDERS
CBRANCHEN,7,CBRANCHEN-7,22,CHARGERS
LFG CREW 2,5,LFG CREW 2-5,12,STEELERS
TABLE4ONE,4,TABLE4ONE-4,6,JAGUARS
CBRANCHEN,8,CBRANCHEN-8,22,CHARGERS
LFG CREW 2,6,LFG CREW 2-6,12,STEELERS
TABLE4ONE,5,TABLE4ONE-5,22,CHARGERS
CBRANCHEN,9,CBRANCHEN-9,22,CHARGERS
LFG CREW 2,7,LFG CREW 2-7,12,STEELERS
TABLE4ONE,6,TABLE4ONE-6,6,JAGUARS
CBUSGREEK,1,CBUSGREEK-1,6,JAGUARS
LFG CREW 2,8,LFG CREW 2-8,6,JAGUARS
TACKLINGDUMMIES22,1,TACKLINGDUMMIES22-1,6,JAGUARS
CBUSGREEK,10,CBUSGREEK-10,12,STEELERS
LFG CREW 2,9,LFG CREW 2-9,6,JAGUARS
TACO TOWN 22,1,TACO TOWN 22-1,6,JAGUARS
CBUSGREEK,2,CBUSGREEK-2,22,CHARGERS
LFG CREW,1,LFG CREW-1,20,LIONS
TaDaniea TisAnglias,1,TaDaniea TisAnglias-1,22,CHARGERS
CBUSGREEK,3,CBUSGREEK-3,24,RAIDERS
LFG CREW,10,LFG CREW-10,28,VIKINGS
TaDaniea TisAnglias,2,TaDaniea TisAnglias-2,8,BENGALS
CBUSGREEK,4,CBUSGREEK-4,12,STEELERS
LFG CREW,2,LFG CREW-2,20,LIONS
TaDaniea TisAnglias,3,TaDaniea TisAnglias-3,18,TITANS
CBUSGREEK,5,CBUSGREEK-5,6,JAGUARS
LFG CREW,3,LFG CREW-3,20,LIONS
TaDaniea TisAnglias,4,TaDaniea TisAnglias-4,22,CHARGERS
CBUSGREEK,6,CBUSGREEK-6,22,CHARGERS
LFG CREW,4,LFG CREW-4,20,LIONS
TaDaniea TisAnglias,5,TaDaniea TisAnglias-5,8,BENGALS
CBUSGREEK,7,CBUSGREEK-7,18,TITANS
LFG CREW,5,LFG CREW-5,20,LIONS
TaDaniea TisAnglias,6,TaDaniea TisAnglias-6,18,TITANS
CBUSGREEK,8,CBUSGREEK-8,12,STEELERS
LFG CREW,6,LFG CREW-6,20,LIONS
TaDaniea TisAnglias,7,TaDaniea TisAnglias-7,9,RAVENS
CBUSGREEK,9,CBUSGREEK-9,24,RAIDERS
LFG CREW,7,LFG CREW-7,16,PANTHERS
TaDaniea TisAnglias,8,TaDaniea TisAnglias-8,24,RAIDERS
CCB BIANCO,1,CCB BIANCO-1,22,CHARGERS
LFG CREW,8,LFG CREW-8,28,VIKINGS
TaDaniea TisAnglias,9,TaDaniea TisAnglias-9,22,CHARGERS
CCB BIANCO,10,CCB BIANCO-10,24,RAIDERS
LFG CREW,9,LFG CREW-9,28,VIKINGS
TAGS,1,TAGS-1,22,CHARGERS
CCB BIANCO,2,CCB BIANCO-2,22,CHARGERS
LFG,1,LFG-1,22,CHARGERS
TAIKOS,1,TAIKOS-1,6,JAGUARS
CCB BIANCO,3,CCB BIANCO-3,22,CHARGERS
LFG,10,LFG-10,12,STEELERS
TAIKOS,2,TAIKOS-2,22,CHARGERS
CCB BIANCO,4,CCB BIANCO-4,22,CHARGERS
LFG,2,LFG-2,12,STEELERS
TAIL PARTY,1,TAIL PARTY-1,22,CHARGERS
CCB BIANCO,5,CCB BIANCO-5,12,STEELERS
LFG,3,LFG-3,22,CHARGERS
TAIL PARTY,2,TAIL PARTY-2,6,JAGUARS
CCB BIANCO,6,CCB BIANCO-6,12,STEELERS
LFG,4,LFG-4,6,JAGUARS
TAIL PARTY,3,TAIL PARTY-3,12,STEELERS
CCB BIANCO,7,CCB BIANCO-7,12,STEELERS
LFG,5,LFG-5,22,CHARGERS
TAIL PARTY,4,TAIL PARTY-4,6,JAGUARS
CCB BIANCO,8,CCB BIANCO-8,24,RAIDERS
LFG,6,LFG-6,12,STEELERS
TAIL PARTY,5,TAIL PARTY-5,6,JAGUARS
CCB BIANCO,9,CCB BIANCO-9,24,RAIDERS
LFG,7,LFG-7,22,CHARGERS
TAIL PARTY,6,TAIL PARTY-6,12,STEELERS
CCBOYZZ,1,CCBOYZZ-1,22,CHARGERS
LFG,8,LFG-8,6,JAGUARS
TAIL PARTY,7,TAIL PARTY-7,22,CHARGERS
CCBOYZZ,2,CCBOYZZ-2,6,JAGUARS
LFG,9,LFG-9,22,CHARGERS
TAIL PARTY,8,TAIL PARTY-8,6,JAGUARS
CCBOYZZ,3,CCBOYZZ-3,6,JAGUARS
LFG27,1,LFG27-1,6,JAGUARS
TAILYNN,1,TAILYNN-1,6,JAGUARS
CCBOYZZ,4,CCBOYZZ-4,12,STEELERS
Lhee Thomas,1,Lhee Thomas-1,6,JAGUARS
TAILYNN,2,TAILYNN-2,12,STEELERS
CCBOYZZ,5,CCBOYZZ-5,24,RAIDERS
LICHITA,1,LICHITA-1,20,LIONS
TAILYNN,3,TAILYNN-3,22,CHARGERS
CCFL WINNERS,1,CCFL WINNERS-1,6,JAGUARS
LICHITA,2,LICHITA-2,22,CHARGERS
TAILYNN,4,TAILYNN-4,22,CHARGERS
CCJMD,1,CCJMD-1,22,CHARGERS
LICHITA,3,LICHITA-3,6,JAGUARS
TAKE THE OVER,1,TAKE THE OVER-1,6,JAGUARS
CCO DEGENS,1,CCO DEGENS-1,12,STEELERS
LIFEOFRILEY,1,LIFEOFRILEY-1,6,JAGUARS
TAKE THE OVER,10,TAKE THE OVER-10,22,CHARGERS
CCO DEGENS,2,CCO DEGENS-2,6,JAGUARS
LIGHTHOUSE,1,LIGHTHOUSE-1,6,JAGUARS
TAKE THE OVER,2,TAKE THE OVER-2,6,JAGUARS
CCO DEGENS,3,CCO DEGENS-3,6,JAGUARS
LIGHTHOUSE,2,LIGHTHOUSE-2,6,JAGUARS
TAKE THE OVER,3,TAKE THE OVER-3,22,CHARGERS
CCO DEGENS,4,CCO DEGENS-4,22,CHARGERS
LIGHTHOUSE,3,LIGHTHOUSE-3,6,JAGUARS
TAKE THE OVER,4,TAKE THE OVER-4,6,JAGUARS
CCO DEGENS,5,CCO DEGENS-5,22,CHARGERS
LIGHTHOUSE,4,LIGHTHOUSE-4,22,CHARGERS
TAKE THE OVER,5,TAKE THE OVER-5,22,CHARGERS
CCO DEGENS,6,CCO DEGENS-6,6,JAGUARS
LIGHTNING DEGENS,1,LIGHTNING DEGENS-1,22,CHARGERS
TAKE THE OVER,6,TAKE THE OVER-6,6,JAGUARS
CCT,1,CCT-1,6,JAGUARS
LIGHTNING,1,LIGHTNING-1,6,JAGUARS
TAKE THE OVER,7,TAKE THE OVER-7,6,JAGUARS
CCT,2,CCT-2,20,LIONS
LIGHTNING,2,LIGHTNING-2,22,CHARGERS
TAKE THE OVER,8,TAKE THE OVER-8,6,JAGUARS
CCWISHBONE,1,CCWISHBONE-1,8,BENGALS
LIGHTNING,3,LIGHTNING-3,22,CHARGERS
TAKE THE OVER,9,TAKE THE OVER-9,20,LIONS
CCWISHBONE,2,CCWISHBONE-2,8,BENGALS
LIGHTNING,4,LIGHTNING-4,6,JAGUARS
TAKEN BY SPROLES,1,TAKEN BY SPROLES-1,22,CHARGERS
CCWISHBONE,3,CCWISHBONE-3,8,BENGALS
LIGHTNING,5,LIGHTNING-5,22,CHARGERS
Taking Another Shot,1,Taking Another Shot-1,12,STEELERS
CCWISHBONE,4,CCWISHBONE-4,8,BENGALS
LIGHTNINGMAGNUM,1,LIGHTNINGMAGNUM-1,22,CHARGERS
TALENTWISE,1,TALENTWISE-1,6,JAGUARS
CD ALLIANCE,1,CD ALLIANCE-1,22,CHARGERS
LIGHTNINGMAGNUM,2,LIGHTNINGMAGNUM-2,26,EAGLES
TALLAHASSEETALL,1,TALLAHASSEETALL-1,6,JAGUARS
CD ALLIANCE,2,CD ALLIANCE-2,22,CHARGERS
LIGHTS OUT,1,LIGHTS OUT-1,8,BENGALS
TALLAHASSEETALL,10,TALLAHASSEETALL-10,22,CHARGERS
CD ALLIANCE,3,CD ALLIANCE-3,6,JAGUARS
LIGHTS OUT,2,LIGHTS OUT-2,8,BENGALS
TALLAHASSEETALL,2,TALLAHASSEETALL-2,6,JAGUARS
CD ALLIANCE,4,CD ALLIANCE-4,6,JAGUARS
LIGHTS OUT,3,LIGHTS OUT-3,4,RAMS
TALLAHASSEETALL,3,TALLAHASSEETALL-3,6,JAGUARS
CD ALLIANCE,5,CD ALLIANCE-5,12,STEELERS
LIGHTS OUT,4,LIGHTS OUT-4,6,JAGUARS
TALLAHASSEETALL,4,TALLAHASSEETALL-4,6,JAGUARS
CDL,1,CDL-1,22,CHARGERS
LIGHTS OUT,5,LIGHTS OUT-5,6,JAGUARS
TALLAHASSEETALL,5,TALLAHASSEETALL-5,6,JAGUARS
CDLOL,1,CDLOL-1,6,JAGUARS
LIGHTSOUT2184,1,LIGHTSOUT2184-1,8,BENGALS
TALLAHASSEETALL,6,TALLAHASSEETALL-6,22,CHARGERS
CDLP,1,CDLP-1,22,CHARGERS
LIGMA 2026,1,LIGMA 2026-1,6,JAGUARS
TALLAHASSEETALL,7,TALLAHASSEETALL-7,22,CHARGERS
CDLP,2,CDLP-2,12,STEELERS
LIKE A BOSS,1,LIKE A BOSS-1,22,CHARGERS
TALLAHASSEETALL,8,TALLAHASSEETALL-8,22,CHARGERS
CDLP,3,CDLP-3,6,JAGUARS
LIKE A BOSS,2,LIKE A BOSS-2,6,JAGUARS
TALLAHASSEETALL,9,TALLAHASSEETALL-9,22,CHARGERS
cdrews14,1,cdrews14-1,12,STEELERS
LIL DEB,1,LIL DEB-1,20,LIONS
TALLEY'S III,1,TALLEY'S III-1,22,CHARGERS
cdrews14,2,cdrews14-2,12,STEELERS
LIMIT DOWN,1,LIMIT DOWN-1,6,JAGUARS
TALLEY'S III,2,TALLEY'S III-2,20,LIONS
CDS SAJA BOYZ 2026,1,CDS SAJA BOYZ 2026-1,12,STEELERS
LIMIT DOWN,2,LIMIT DOWN-2,22,CHARGERS
TALLEY'S III,3,TALLEY'S III-3,26,EAGLES
CDSPORTS,1,CDSPORTS-1,22,CHARGERS
LIN DYNASTY,1,LIN DYNASTY-1,22,CHARGERS
TALLEY'S III,4,TALLEY'S III-4,22,CHARGERS
CDSPORTS,10,CDSPORTS-10,12,STEELERS
LIN DYNASTY,2,LIN DYNASTY-2,6,JAGUARS
TALLEY'S III,5,TALLEY'S III-5,12,STEELERS
CDSPORTS,2,CDSPORTS-2,6,JAGUARS
LIN DYNASTY,3,LIN DYNASTY-3,26,EAGLES
TALLEY'S III,6,TALLEY'S III-6,22,CHARGERS
CDSPORTS,3,CDSPORTS-3,6,JAGUARS
LINCOLN ROMEO,1,LINCOLN ROMEO-1,22,CHARGERS
TALLEY'S III,7,TALLEY'S III-7,22,CHARGERS
CDSPORTS,4,CDSPORTS-4,6,JAGUARS
Lincolnlog,1,Lincolnlog-1,22,CHARGERS
TALLEY'S III,8,TALLEY'S III-8,6,JAGUARS
CDSPORTS,5,CDSPORTS-5,6,JAGUARS
LINCS POP,1,LINCS POP-1,6,JAGUARS
TALLEY'S III,9,TALLEY'S III-9,12,STEELERS
CDSPORTS,6,CDSPORTS-6,6,JAGUARS
LINDSAYCANTLER,1,LINDSAYCANTLER-1,22,CHARGERS
TALLEY'S,1,TALLEY'S-1,24,RAIDERS
CDSPORTS,7,CDSPORTS-7,6,JAGUARS
LINDSAYCANTLER,10,LINDSAYCANTLER-10,12,STEELERS
TALLEY'S,10,TALLEY'S-10,22,CHARGERS
CDSPORTS,8,CDSPORTS-8,12,STEELERS
LINDSAYCANTLER,2,LINDSAYCANTLER-2,22,CHARGERS
TALLEY'S,2,TALLEY'S-2,22,CHARGERS
CDSPORTS,9,CDSPORTS-9,12,STEELERS
LINDSAYCANTLER,3,LINDSAYCANTLER-3,22,CHARGERS
TALLEY'S,3,TALLEY'S-3,20,LIONS
CDV,1,CDV-1,22,CHARGERS
LINDSAYCANTLER,4,LINDSAYCANTLER-4,22,CHARGERS
TALLEY'S,4,TALLEY'S-4,6,JAGUARS
CDV,2,CDV-2,6,JAGUARS
LINDSAYCANTLER,5,LINDSAYCANTLER-5,6,JAGUARS
TALLEY'S,5,TALLEY'S-5,6,JAGUARS
CedarLane,1,CedarLane-1,22,CHARGERS
LINDSAYCANTLER,6,LINDSAYCANTLER-6,6,JAGUARS
TALLEY'S,6,TALLEY'S-6,22,CHARGERS
CEEDEEZNUTZ,1,CEEDEEZNUTZ-1,22,CHARGERS
LINDSAYCANTLER,7,LINDSAYCANTLER-7,6,JAGUARS
TALLEY'S,7,TALLEY'S-7,6,JAGUARS
CEEZUS60,1,CEEZUS60-1,8,BENGALS
LINDSAYCANTLER,8,LINDSAYCANTLER-8,12,STEELERS
TALLEY'S,8,TALLEY'S-8,6,JAGUARS
CELBAR7,1,CELBAR7-1,20,LIONS
LINDSAYCANTLER,9,LINDSAYCANTLER-9,12,STEELERS
TALLEY'S,9,TALLEY'S-9,6,JAGUARS
CELBAR7,10,CELBAR7-10,20,LIONS
Liner 22,1,Liner 22-1,15,BEARS
TALLEY'STOO,1,TALLEY'STOO-1,22,CHARGERS
CELBAR7,2,CELBAR7-2,20,LIONS
Linetto,1,Linetto-1,6,JAGUARS
TALLEY'STOO,10,TALLEY'STOO-10,6,JAGUARS
CELBAR7,3,CELBAR7-3,20,LIONS
LINKY BEACH,1,LINKY BEACH-1,6,JAGUARS
TALLEY'STOO,2,TALLEY'STOO-2,6,JAGUARS
CELBAR7,4,CELBAR7-4,20,LIONS
LintSanity,1,LintSanity-1,22,CHARGERS
TALLEY'STOO,3,TALLEY'STOO-3,26,EAGLES
CELBAR7,5,CELBAR7-5,20,LIONS
LintSanity,2,LintSanity-2,12,STEELERS
TALLEY'STOO,4,TALLEY'STOO-4,6,JAGUARS
CELBAR7,6,CELBAR7-6,20,LIONS
LISTENER,1,LISTENER-1,22,CHARGERS
TALLEY'STOO,5,TALLEY'STOO-5,22,CHARGERS
CELBAR7,7,CELBAR7-7,20,LIONS
LISTENER,2,LISTENER-2,6,JAGUARS
TALLEY'STOO,6,TALLEY'STOO-6,22,CHARGERS
CELBAR7,8,CELBAR7-8,20,LIONS
LISTENER,3,LISTENER-3,24,RAIDERS
TALLEY'STOO,7,TALLEY'STOO-7,22,CHARGERS
CELBAR7,9,CELBAR7-9,20,LIONS
LISTENER,4,LISTENER-4,6,JAGUARS
TALLEY'STOO,8,TALLEY'STOO-8,22,CHARGERS
CENTRAL PICKEM,1,CENTRAL PICKEM-1,22,CHARGERS
LISTENER,5,LISTENER-5,22,CHARGERS
TALLEY'STOO,9,TALLEY'STOO-9,6,JAGUARS
CENTRAL PICKEM,2,CENTRAL PICKEM-2,22,CHARGERS
LITTLE APPLE,1,LITTLE APPLE-1,20,LIONS
TALLY SURVIVORS,1,TALLY SURVIVORS-1,22,CHARGERS
CENTRAL PICKEM,3,CENTRAL PICKEM-3,22,CHARGERS
LITTLE APPLE,2,LITTLE APPLE-2,22,CHARGERS
TALLY SURVIVORS,10,TALLY SURVIVORS-10,6,JAGUARS
CENTRAL PICKEM,4,CENTRAL PICKEM-4,22,CHARGERS
LITTLE APPLE,3,LITTLE APPLE-3,6,JAGUARS
TALLY SURVIVORS,2,TALLY SURVIVORS-2,22,CHARGERS
CFA 2EZ,1,CFA 2EZ-1,6,JAGUARS
LITTLE BROTHER,1,LITTLE BROTHER-1,22,CHARGERS
TALLY SURVIVORS,3,TALLY SURVIVORS-3,22,CHARGERS
CFA 2EZ,10,CFA 2EZ-10,24,RAIDERS
LITTLEPICKSHEET,1,LITTLEPICKSHEET-1,6,JAGUARS
TALLY SURVIVORS,4,TALLY SURVIVORS-4,22,CHARGERS
CFA 2EZ,2,CFA 2EZ-2,6,JAGUARS
LITTLEPICKSHEET,2,LITTLEPICKSHEET-2,6,JAGUARS
TALLY SURVIVORS,5,TALLY SURVIVORS-5,22,CHARGERS
CFA 2EZ,3,CFA 2EZ-3,6,JAGUARS
LITTLEPICKSHEET,3,LITTLEPICKSHEET-3,28,VIKINGS
TALLY SURVIVORS,6,TALLY SURVIVORS-6,6,JAGUARS
CFA 2EZ,4,CFA 2EZ-4,6,JAGUARS
LITTLEPICKSHEET,4,LITTLEPICKSHEET-4,22,CHARGERS
TALLY SURVIVORS,7,TALLY SURVIVORS-7,6,JAGUARS
CFA 2EZ,5,CFA 2EZ-5,12,STEELERS
LITTLEPICKSHEET,5,LITTLEPICKSHEET-5,24,RAIDERS
TALLY SURVIVORS,8,TALLY SURVIVORS-8,6,JAGUARS
CFA 2EZ,6,CFA 2EZ-6,12,STEELERS
Litty,1,Litty-1,22,CHARGERS
TALLY SURVIVORS,9,TALLY SURVIVORS-9,6,JAGUARS
CFA 2EZ,7,CFA 2EZ-7,18,TITANS
Litty,2,Litty-2,22,CHARGERS
Talon Edge,1,Talon Edge-1,6,JAGUARS
CFA 2EZ,8,CFA 2EZ-8,18,TITANS
LITTYFOOT,1,LITTYFOOT-1,6,JAGUARS
TAM TAM,1,TAM TAM-1,2,SEAHAWKS
CFA 2EZ,9,CFA 2EZ-9,24,RAIDERS
LIV TESSER,1,LIV TESSER-1,6,JAGUARS
TAM TAM,2,TAM TAM-2,2,SEAHAWKS
cfs warriors,1,cfs warriors-1,22,CHARGERS
LIV TESSER,2,LIV TESSER-2,22,CHARGERS
TAM TAM,3,TAM TAM-3,2,SEAHAWKS
cfs warriors,2,cfs warriors-2,6,JAGUARS
LIVE LAUGH LOSE,1,LIVE LAUGH LOSE-1,20,LIONS
TAMAN0124,1,TAMAN0124-1,6,JAGUARS
cfs warriors,3,cfs warriors-3,22,CHARGERS
livekingsports,1,livekingsports-1,22,CHARGERS
TAMAN0124,10,TAMAN0124-10,6,JAGUARS
cfs warriors,4,cfs warriors-4,22,CHARGERS
livekingsports,10,livekingsports-10,22,CHARGERS
TAMAN0124,2,TAMAN0124-2,6,JAGUARS
cfs warriors,5,cfs warriors-5,24,RAIDERS
livekingsports,2,livekingsports-2,22,CHARGERS
TAMAN0124,3,TAMAN0124-3,6,JAGUARS
cfs warriors,6,cfs warriors-6,22,CHARGERS
livekingsports,3,livekingsports-3,22,CHARGERS
TAMAN0124,4,TAMAN0124-4,6,JAGUARS
"CFZ, INC",1,"CFZ, INC-1",6,JAGUARS
livekingsports,4,livekingsports-4,22,CHARGERS
TAMAN0124,5,TAMAN0124-5,6,JAGUARS
CGAR18,1,CGAR18-1,22,CHARGERS
livekingsports,5,livekingsports-5,22,CHARGERS
TAMAN0124,6,TAMAN0124-6,6,JAGUARS
CH BALLERS,1,CH BALLERS-1,22,CHARGERS
livekingsports,6,livekingsports-6,22,CHARGERS
TAMAN0124,7,TAMAN0124-7,6,JAGUARS
CHAD ONE,1,CHAD ONE-1,6,JAGUARS
livekingsports,7,livekingsports-7,22,CHARGERS
TAMAN0124,8,TAMAN0124-8,6,JAGUARS
CHAD ONE,2,CHAD ONE-2,22,CHARGERS
livekingsports,8,livekingsports-8,22,CHARGERS
TAMAN0124,9,TAMAN0124-9,6,JAGUARS
CHAD ONE,3,CHAD ONE-3,22,CHARGERS
livekingsports,9,livekingsports-9,22,CHARGERS
tammy 4 win,1,tammy 4 win-1,22,CHARGERS
CHAD ONE,4,CHAD ONE-4,6,JAGUARS
LIVEMEAT3214,1,LIVEMEAT3214-1,22,CHARGERS
tammy 4 win,2,tammy 4 win-2,6,JAGUARS
CHAD ONE,5,CHAD ONE-5,22,CHARGERS
LIVEMEAT3214,10,LIVEMEAT3214-10,22,CHARGERS
Tampa  Boys,1,Tampa  Boys-1,12,STEELERS
CHADTHEDAD,1,CHADTHEDAD-1,6,JAGUARS
LIVEMEAT3214,2,LIVEMEAT3214-2,22,CHARGERS
TAMPABAY1,1,TAMPABAY1-1,20,LIONS
CHADTHEDAD,2,CHADTHEDAD-2,12,STEELERS
LIVEMEAT3214,3,LIVEMEAT3214-3,6,JAGUARS
TAMPABAY1,10,TAMPABAY1-10,22,CHARGERS
CHAIRTHROWER,1,CHAIRTHROWER-1,6,JAGUARS
LIVEMEAT3214,4,LIVEMEAT3214-4,24,RAIDERS
TAMPABAY1,2,TAMPABAY1-2,6,JAGUARS
CHAIRTHROWER,10,CHAIRTHROWER-10,18,TITANS
LIVEMEAT3214,5,LIVEMEAT3214-5,20,LIONS
TAMPABAY1,3,TAMPABAY1-3,20,LIONS
CHAIRTHROWER,2,CHAIRTHROWER-2,6,JAGUARS
LIVEMEAT3214,6,LIVEMEAT3214-6,24,RAIDERS
TAMPABAY1,4,TAMPABAY1-4,17,JETS
CHAIRTHROWER,3,CHAIRTHROWER-3,6,JAGUARS
LIVEMEAT3214,7,LIVEMEAT3214-7,6,JAGUARS
TAMPABAY1,5,TAMPABAY1-5,20,LIONS
CHAIRTHROWER,4,CHAIRTHROWER-4,6,JAGUARS
LIVEMEAT3214,8,LIVEMEAT3214-8,6,JAGUARS
TAMPABAY1,6,TAMPABAY1-6,6,JAGUARS
CHAIRTHROWER,5,CHAIRTHROWER-5,22,CHARGERS
LIVEMEAT3214,9,LIVEMEAT3214-9,22,CHARGERS
TAMPABAY1,7,TAMPABAY1-7,17,JETS
CHAIRTHROWER,6,CHAIRTHROWER-6,22,CHARGERS
LLCTYLER,1,LLCTYLER-1,22,CHARGERS
TAMPABAY1,8,TAMPABAY1-8,6,JAGUARS
CHAIRTHROWER,7,CHAIRTHROWER-7,6,JAGUARS
LLCTYLER,10,LLCTYLER-10,22,CHARGERS
TAMPABAY1,9,TAMPABAY1-9,6,JAGUARS
CHAIRTHROWER,8,CHAIRTHROWER-8,22,CHARGERS
LLCTYLER,2,LLCTYLER-2,22,CHARGERS
TAMPABAYHUSTLE,1,TAMPABAYHUSTLE-1,22,CHARGERS
CHAIRTHROWER,9,CHAIRTHROWER-9,17,JETS
LLCTYLER,3,LLCTYLER-3,22,CHARGERS
TAMPABAYHUSTLE,10,TAMPABAYHUSTLE-10,6,JAGUARS
chalk merchants,1,chalk merchants-1,6,JAGUARS
LLCTYLER,4,LLCTYLER-4,22,CHARGERS
TAMPABAYHUSTLE,2,TAMPABAYHUSTLE-2,22,CHARGERS
chalk merchants,10,chalk merchants-10,6,JAGUARS
LLCTYLER,5,LLCTYLER-5,22,CHARGERS
TAMPABAYHUSTLE,3,TAMPABAYHUSTLE-3,22,CHARGERS
chalk merchants,2,chalk merchants-2,6,JAGUARS
LLCTYLER,6,LLCTYLER-6,22,CHARGERS
TAMPABAYHUSTLE,4,TAMPABAYHUSTLE-4,22,CHARGERS
chalk merchants,3,chalk merchants-3,6,JAGUARS
LLCTYLER,7,LLCTYLER-7,22,CHARGERS
TAMPABAYHUSTLE,5,TAMPABAYHUSTLE-5,22,CHARGERS
chalk merchants,4,chalk merchants-4,6,JAGUARS
LLCTYLER,8,LLCTYLER-8,22,CHARGERS
TAMPABAYHUSTLE,6,TAMPABAYHUSTLE-6,6,JAGUARS
chalk merchants,5,chalk merchants-5,6,JAGUARS
LLCTYLER,9,LLCTYLER-9,22,CHARGERS
TAMPABAYHUSTLE,7,TAMPABAYHUSTLE-7,6,JAGUARS
chalk merchants,6,chalk merchants-6,6,JAGUARS
LMU2027,1,LMU2027-1,6,JAGUARS
TAMPABAYHUSTLE,8,TAMPABAYHUSTLE-8,6,JAGUARS
chalk merchants,7,chalk merchants-7,6,JAGUARS
LMU2027,2,LMU2027-2,24,RAIDERS
TAMPABAYHUSTLE,9,TAMPABAYHUSTLE-9,6,JAGUARS
chalk merchants,8,chalk merchants-8,6,JAGUARS
LMU2027,3,LMU2027-3,12,STEELERS
TAMTAM,1,TAMTAM-1,20,LIONS
chalk merchants,9,chalk merchants-9,6,JAGUARS
LMU2027,4,LMU2027-4,12,STEELERS
TAMTAM,10,TAMTAM-10,9,RAVENS
CHALKY MCGEE,1,CHALKY MCGEE-1,12,STEELERS
LN27,1,LN27-1,22,CHARGERS
TAMTAM,2,TAMTAM-2,20,LIONS
CHALKY MCGEE,2,CHALKY MCGEE-2,6,JAGUARS
LN27,10,LN27-10,20,LIONS
TAMTAM,3,TAMTAM-3,20,LIONS
CHAM-WOW88,1,CHAM-WOW88-1,22,CHARGERS
LN27,2,LN27-2,22,CHARGERS
TAMTAM,4,TAMTAM-4,20,LIONS
CHAM-WOW88,10,CHAM-WOW88-10,22,CHARGERS
LN27,3,LN27-3,22,CHARGERS
TAMTAM,5,TAMTAM-5,26,EAGLES
CHAM-WOW88,2,CHAM-WOW88-2,22,CHARGERS
LN27,4,LN27-4,22,CHARGERS
TAMTAM,6,TAMTAM-6,26,EAGLES
CHAM-WOW88,3,CHAM-WOW88-3,22,CHARGERS
LN27,5,LN27-5,22,CHARGERS
TAMTAM,7,TAMTAM-7,26,EAGLES
CHAM-WOW88,4,CHAM-WOW88-4,22,CHARGERS
LN27,6,LN27-6,22,CHARGERS
TAMTAM,8,TAMTAM-8,9,RAVENS
CHAM-WOW88,5,CHAM-WOW88-5,22,CHARGERS
LN27,7,LN27-7,22,CHARGERS
TAMTAM,9,TAMTAM-9,9,RAVENS
CHAM-WOW88,6,CHAM-WOW88-6,22,CHARGERS
LN27,8,LN27-8,22,CHARGERS
TAMU 11,1,TAMU 11-1,12,STEELERS
CHAM-WOW88,7,CHAM-WOW88-7,22,CHARGERS
LN27,9,LN27-9,20,LIONS
TAMU 11,2,TAMU 11-2,6,JAGUARS
CHAM-WOW88,8,CHAM-WOW88-8,22,CHARGERS
LOBELLO30507,1,LOBELLO30507-1,12,STEELERS
TAMU 11,3,TAMU 11-3,6,JAGUARS
CHAM-WOW88,9,CHAM-WOW88-9,22,CHARGERS
LOBSTER BENNY,1,LOBSTER BENNY-1,12,STEELERS
TAMU 11,4,TAMU 11-4,22,CHARGERS
CHAMP,1,CHAMP-1,6,JAGUARS
LOBSTER BENNY,2,LOBSTER BENNY-2,22,CHARGERS
TAMU 11,5,TAMU 11-5,22,CHARGERS
CHAMP,10,CHAMP-10,28,VIKINGS
LOBSTER CLAWS,1,LOBSTER CLAWS-1,6,JAGUARS
TAMU 11,6,TAMU 11-6,6,JAGUARS
CHAMP,2,CHAMP-2,6,JAGUARS
LOBSTER CLAWS,2,LOBSTER CLAWS-2,6,JAGUARS
TandC,1,TandC-1,12,STEELERS
CHAMP,3,CHAMP-3,6,JAGUARS
LOBSTER CLAWS,3,LOBSTER CLAWS-3,22,CHARGERS
TandC,2,TandC-2,6,JAGUARS
CHAMP,4,CHAMP-4,6,JAGUARS
LOCAL  AM,1,LOCAL  AM-1,4,RAMS
TANGO 98,1,TANGO 98-1,6,JAGUARS
CHAMP,5,CHAMP-5,6,JAGUARS
LOCAL  AM,2,LOCAL  AM-2,6,JAGUARS
TANKO DESTRUCTO,1,TANKO DESTRUCTO-1,20,LIONS
CHAMP,6,CHAMP-6,20,LIONS
LOCAL  AM,3,LOCAL  AM-3,22,CHARGERS
TANKO DESTRUCTO,10,TANKO DESTRUCTO-10,8,BENGALS
CHAMP,7,CHAMP-7,20,LIONS
LOCAL  AM,4,LOCAL  AM-4,6,JAGUARS
TANKO DESTRUCTO,2,TANKO DESTRUCTO-2,6,JAGUARS
CHAMP,8,CHAMP-8,20,LIONS
LOCAL  AM,5,LOCAL  AM-5,6,JAGUARS
TANKO DESTRUCTO,3,TANKO DESTRUCTO-3,12,STEELERS
CHAMP,9,CHAMP-9,28,VIKINGS
LOCAL  AM,6,LOCAL  AM-6,22,CHARGERS
TANKO DESTRUCTO,4,TANKO DESTRUCTO-4,12,STEELERS
CHAMP13,1,CHAMP13-1,6,JAGUARS
LOCAL  AM,7,LOCAL  AM-7,24,RAIDERS
TANKO DESTRUCTO,5,TANKO DESTRUCTO-5,22,CHARGERS
CHAMP13,10,CHAMP13-10,24,RAIDERS
LOCAL  AM,8,LOCAL  AM-8,22,CHARGERS
TANKO DESTRUCTO,6,TANKO DESTRUCTO-6,22,CHARGERS
CHAMP13,2,CHAMP13-2,6,JAGUARS
LOCH'S ONLY,1,LOCH'S ONLY-1,6,JAGUARS
TANKO DESTRUCTO,7,TANKO DESTRUCTO-7,6,JAGUARS
CHAMP13,3,CHAMP13-3,6,JAGUARS
LOCH'S ONLY,2,LOCH'S ONLY-2,22,CHARGERS
TANKO DESTRUCTO,8,TANKO DESTRUCTO-8,22,CHARGERS
CHAMP13,4,CHAMP13-4,20,LIONS
LOCHNESS,1,LOCHNESS-1,12,STEELERS
TANKO DESTRUCTO,9,TANKO DESTRUCTO-9,12,STEELERS
CHAMP13,5,CHAMP13-5,20,LIONS
LOCKEM UP RICHIE,1,LOCKEM UP RICHIE-1,24,RAIDERS
TANNIS NE 1,1,TANNIS NE 1-1,22,CHARGERS
CHAMP13,6,CHAMP13-6,20,LIONS
LOCKEM UP RICHIE,2,LOCKEM UP RICHIE-2,12,STEELERS
TAPOUT59,1,TAPOUT59-1,6,JAGUARS
CHAMP13,7,CHAMP13-7,22,CHARGERS
LOCTUSONE,1,LOCTUSONE-1,22,CHARGERS
TAPOUT59,2,TAPOUT59-2,6,JAGUARS
CHAMP13,8,CHAMP13-8,22,CHARGERS
LOCTUSONE,10,LOCTUSONE-10,6,JAGUARS
TAPOUT59,3,TAPOUT59-3,2,SEAHAWKS
CHAMP13,9,CHAMP13-9,22,CHARGERS
LOCTUSONE,2,LOCTUSONE-2,6,JAGUARS
TAPOUT59,4,TAPOUT59-4,26,EAGLES
CHAMPA BAY,1,CHAMPA BAY-1,22,CHARGERS
LOCTUSONE,3,LOCTUSONE-3,6,JAGUARS
TAPOUT59,5,TAPOUT59-5,22,CHARGERS
CHAMPA BAY,2,CHAMPA BAY-2,6,JAGUARS
LOCTUSONE,4,LOCTUSONE-4,22,CHARGERS
TAPOUT59,6,TAPOUT59-6,24,RAIDERS
CHAMPA BAY,3,CHAMPA BAY-3,12,STEELERS
LOCTUSONE,5,LOCTUSONE-5,22,CHARGERS
TAPPEDOUTATWALLYS,1,TAPPEDOUTATWALLYS-1,22,CHARGERS
CHAMPAGNE MIRAGE,1,CHAMPAGNE MIRAGE-1,6,JAGUARS
LOCTUSONE,6,LOCTUSONE-6,6,JAGUARS
tarheels,1,tarheels-1,6,JAGUARS
CHAMPION ICEMAN,1,CHAMPION ICEMAN-1,30,GIANTS
LOCTUSONE,7,LOCTUSONE-7,22,CHARGERS
tarheels,2,tarheels-2,22,CHARGERS
CHANDLER36,1,CHANDLER36-1,12,STEELERS
LOCTUSONE,8,LOCTUSONE-8,12,STEELERS
Tarheels316,1,Tarheels316-1,12,STEELERS
Chaos,1,Chaos-1,6,JAGUARS
LOCTUSONE,9,LOCTUSONE-9,22,CHARGERS
Tarheels316,2,Tarheels316-2,12,STEELERS
Chaos,2,Chaos-2,12,STEELERS
LODGETROTTERS,1,LODGETROTTERS-1,6,JAGUARS
TAROK,1,TAROK-1,22,CHARGERS
Chaos,3,Chaos-3,22,CHARGERS
LOGAN FIELDS,1,LOGAN FIELDS-1,6,JAGUARS
TAROK,2,TAROK-2,22,CHARGERS
Chappel27,1,Chappel27-1,24,RAIDERS
LOGAN FIELDS,10,LOGAN FIELDS-10,22,CHARGERS
TAROK,3,TAROK-3,22,CHARGERS
Charch,1,Charch-1,12,STEELERS
LOGAN FIELDS,2,LOGAN FIELDS-2,6,JAGUARS
TAROK,4,TAROK-4,6,JAGUARS
CHARLES$1,1,CHARLES$1-1,12,STEELERS
LOGAN FIELDS,3,LOGAN FIELDS-3,6,JAGUARS
TAROK,5,TAROK-5,6,JAGUARS
CHARLOTTE,1,CHARLOTTE-1,15,BEARS
LOGAN FIELDS,4,LOGAN FIELDS-4,20,LIONS
TAROK,6,TAROK-6,22,CHARGERS
CHARLOTTE,10,CHARLOTTE-10,6,JAGUARS
LOGAN FIELDS,5,LOGAN FIELDS-5,20,LIONS
TARTAN ARMY,1,TARTAN ARMY-1,22,CHARGERS
CHARLOTTE,2,CHARLOTTE-2,29,COWBOYS
LOGAN FIELDS,6,LOGAN FIELDS-6,20,LIONS
TATER TOTS,1,TATER TOTS-1,12,STEELERS
CHARLOTTE,3,CHARLOTTE-3,12,STEELERS
LOGAN FIELDS,7,LOGAN FIELDS-7,12,STEELERS
TATER TOTS,2,TATER TOTS-2,12,STEELERS
CHARLOTTE,4,CHARLOTTE-4,20,LIONS
LOGAN FIELDS,8,LOGAN FIELDS-8,22,CHARGERS
TATERTOT,1,TATERTOT-1,6,JAGUARS
CHARLOTTE,5,CHARLOTTE-5,26,EAGLES
LOGAN FIELDS,9,LOGAN FIELDS-9,22,CHARGERS
TATERTOT,10,TATERTOT-10,6,JAGUARS
CHARLOTTE,6,CHARLOTTE-6,22,CHARGERS
LOGAN JAMES,1,LOGAN JAMES-1,6,JAGUARS
TATERTOT,2,TATERTOT-2,6,JAGUARS
CHARLOTTE,7,CHARLOTTE-7,22,CHARGERS
Lohrnado,1,Lohrnado-1,24,RAIDERS
TATERTOT,3,TATERTOT-3,6,JAGUARS
CHARLOTTE,8,CHARLOTTE-8,8,BENGALS
Lohrnado,2,Lohrnado-2,24,RAIDERS
TATERTOT,4,TATERTOT-4,6,JAGUARS
CHARLOTTE,9,CHARLOTTE-9,6,JAGUARS
Lohrnado,3,Lohrnado-3,20,LIONS
TATERTOT,5,TATERTOT-5,6,JAGUARS
CHARM CITY CAPPERS,1,CHARM CITY CAPPERS-1,22,CHARGERS
Lohrnado,4,Lohrnado-4,6,JAGUARS
TATERTOT,6,TATERTOT-6,6,JAGUARS
CHARM CITY CAPPERS,2,CHARM CITY CAPPERS-2,12,STEELERS
LOLA'S PAPA,1,LOLA'S PAPA-1,6,JAGUARS
TATERTOT,7,TATERTOT-7,6,JAGUARS
CHARM CITY CAPPERS,3,CHARM CITY CAPPERS-3,26,EAGLES
LOLA'S PAPA,2,LOLA'S PAPA-2,12,STEELERS
TATERTOT,8,TATERTOT-8,6,JAGUARS
CHARM CITY CAPPERS,4,CHARM CITY CAPPERS-4,22,CHARGERS
LOLA'S PAPA,3,LOLA'S PAPA-3,26,EAGLES
TATERTOT,9,TATERTOT-9,6,JAGUARS
CHARM CITY CAPPERS,5,CHARM CITY CAPPERS-5,6,JAGUARS
LOLALEGACYPICKS,1,LOLALEGACYPICKS-1,12,STEELERS
Tauren Uapart,1,Tauren Uapart-1,6,JAGUARS
CHASE CHASE 555,1,CHASE CHASE 555-1,20,LIONS
LOLALEGACYPICKS,2,LOLALEGACYPICKS-2,6,JAGUARS
Tauren Uapart,10,Tauren Uapart-10,26,EAGLES
CHASE CHASE 555,2,CHASE CHASE 555-2,22,CHARGERS
LOLALEGACYPICKS,3,LOLALEGACYPICKS-3,22,CHARGERS
Tauren Uapart,2,Tauren Uapart-2,6,JAGUARS
CHASERS,1,CHASERS-1,6,JAGUARS
LOLALEGACYPICKS,4,LOLALEGACYPICKS-4,26,EAGLES
Tauren Uapart,3,Tauren Uapart-3,6,JAGUARS
CHASERS,2,CHASERS-2,22,CHARGERS
LOLALEGACYPICKS,5,LOLALEGACYPICKS-5,20,LIONS
Tauren Uapart,4,Tauren Uapart-4,22,CHARGERS
CHASING 23,1,CHASING 23-1,12,STEELERS
LOLASWEEKEND,1,LOLASWEEKEND-1,22,CHARGERS
Tauren Uapart,5,Tauren Uapart-5,22,CHARGERS
CHASING 23,2,CHASING 23-2,22,CHARGERS
LOLASWEEKEND,2,LOLASWEEKEND-2,12,STEELERS
Tauren Uapart,6,Tauren Uapart-6,20,LIONS
Chat GPT Made,1,Chat GPT Made-1,22,CHARGERS
LOLO9,1,LOLO9-1,24,RAIDERS
Tauren Uapart,7,Tauren Uapart-7,20,LIONS
Chat GPT Made,2,Chat GPT Made-2,12,STEELERS
LOLO9,2,LOLO9-2,6,JAGUARS
Tauren Uapart,8,Tauren Uapart-8,12,STEELERS
CHAZMAN,1,CHAZMAN-1,22,CHARGERS
LOLO9,3,LOLO9-3,22,CHARGERS
Tauren Uapart,9,Tauren Uapart-9,24,RAIDERS
CHAZMAN,2,CHAZMAN-2,22,CHARGERS
LONDON CANT LOSE 13,1,LONDON CANT LOSE 13-1,6,JAGUARS
TAURUS86,1,TAURUS86-1,22,CHARGERS
CHAZMAN,3,CHAZMAN-3,6,JAGUARS
LONDON CANT LOSE 13,10,LONDON CANT LOSE 13-10,26,EAGLES
TAURUS86,2,TAURUS86-2,6,JAGUARS
CHAZMAN,4,CHAZMAN-4,22,CHARGERS
LONDON CANT LOSE 13,2,LONDON CANT LOSE 13-2,6,JAGUARS
TAURUS86,3,TAURUS86-3,20,LIONS
CHAZMAN,5,CHAZMAN-5,22,CHARGERS
LONDON CANT LOSE 13,3,LONDON CANT LOSE 13-3,6,JAGUARS
TAX IMPLICATIONS,1,TAX IMPLICATIONS-1,22,CHARGERS
CHAZMAN,6,CHAZMAN-6,22,CHARGERS
LONDON CANT LOSE 13,4,LONDON CANT LOSE 13-4,22,CHARGERS
TAX IMPLICATIONS,2,TAX IMPLICATIONS-2,6,JAGUARS
CHAZZREINHOLD,1,CHAZZREINHOLD-1,24,RAIDERS
LONDON CANT LOSE 13,5,LONDON CANT LOSE 13-5,22,CHARGERS
TAX IMPLICATIONS,3,TAX IMPLICATIONS-3,22,CHARGERS
CHAZZREINHOLD,10,CHAZZREINHOLD-10,20,LIONS
LONDON CANT LOSE 13,6,LONDON CANT LOSE 13-6,20,LIONS
TAZO ROKA,1,TAZO ROKA-1,12,STEELERS
CHAZZREINHOLD,2,CHAZZREINHOLD-2,24,RAIDERS
LONDON CANT LOSE 13,7,LONDON CANT LOSE 13-7,20,LIONS
TBAG,1,TBAG-1,12,STEELERS
CHAZZREINHOLD,3,CHAZZREINHOLD-3,24,RAIDERS
LONDON CANT LOSE 13,8,LONDON CANT LOSE 13-8,12,STEELERS
TBARE,1,TBARE-1,24,RAIDERS
CHAZZREINHOLD,4,CHAZZREINHOLD-4,24,RAIDERS
LONDON CANT LOSE 13,9,LONDON CANT LOSE 13-9,12,STEELERS
TBARE,2,TBARE-2,6,JAGUARS
CHAZZREINHOLD,5,CHAZZREINHOLD-5,24,RAIDERS
LONDON,1,LONDON-1,20,LIONS
TBARE,3,TBARE-3,22,CHARGERS
CHAZZREINHOLD,6,CHAZZREINHOLD-6,24,RAIDERS
LONDON,2,LONDON-2,22,CHARGERS
TBD OF AZ,1,TBD OF AZ-1,6,JAGUARS
CHAZZREINHOLD,7,CHAZZREINHOLD-7,24,RAIDERS
LONE PALM GOLF,1,LONE PALM GOLF-1,20,LIONS
TC1,1,TC1-1,6,JAGUARS
CHAZZREINHOLD,8,CHAZZREINHOLD-8,24,RAIDERS
LONE PALM GOLF,2,LONE PALM GOLF-2,22,CHARGERS
TC1,10,TC1-10,22,CHARGERS
CHAZZREINHOLD,9,CHAZZREINHOLD-9,20,LIONS
LONE PALM GOLF,3,LONE PALM GOLF-3,12,STEELERS
TC1,2,TC1-2,6,JAGUARS
CHEAPPROP BETS,1,CHEAPPROP BETS-1,22,CHARGERS
LONE PALM GOLF,4,LONE PALM GOLF-4,6,JAGUARS
TC1,3,TC1-3,6,JAGUARS
CHEAPPROP BETS,2,CHEAPPROP BETS-2,6,JAGUARS
LONE PALM GOLF,5,LONE PALM GOLF-5,29,COWBOYS
TC1,4,TC1-4,6,JAGUARS
CHEATERS,1,CHEATERS-1,22,CHARGERS
lone star degens,1,lone star degens-1,12,STEELERS
TC1,5,TC1-5,6,JAGUARS
CHECLIVESINWHEATLAND,1,CHECLIVESINWHEATLAND-1,12,STEELERS
lone star degens,2,lone star degens-2,22,CHARGERS
TC1,6,TC1-6,6,JAGUARS
CHECLIVESINWHEATLAND,2,CHECLIVESINWHEATLAND-2,6,JAGUARS
Lone Wolf,1,Lone Wolf-1,12,STEELERS
TC1,7,TC1-7,24,RAIDERS
CHECLIVESINWHEATLAND,3,CHECLIVESINWHEATLAND-3,20,LIONS
Lone Wolf,2,Lone Wolf-2,12,STEELERS
TC1,8,TC1-8,24,RAIDERS
CHECLIVESINWHEATLAND,4,CHECLIVESINWHEATLAND-4,22,CHARGERS
LONESOME HIGHWAY,1,LONESOME HIGHWAY-1,22,CHARGERS
TC1,9,TC1-9,22,CHARGERS
CHECLIVESINWHEATLAND,5,CHECLIVESINWHEATLAND-5,22,CHARGERS
LONESOME HIGHWAY,10,LONESOME HIGHWAY-10,6,JAGUARS
tcalvert,1,tcalvert-1,22,CHARGERS
CHEDDAR RAPIDS,1,CHEDDAR RAPIDS-1,22,CHARGERS
LONESOME HIGHWAY,2,LONESOME HIGHWAY-2,22,CHARGERS
Tcbbb,1,Tcbbb-1,2,SEAHAWKS
cheddarhead,1,cheddarhead-1,6,JAGUARS
LONESOME HIGHWAY,3,LONESOME HIGHWAY-3,22,CHARGERS
Tcbbb,2,Tcbbb-2,6,JAGUARS
chedo,1,chedo-1,22,CHARGERS
LONESOME HIGHWAY,4,LONESOME HIGHWAY-4,22,CHARGERS
Tcbbb,3,Tcbbb-3,6,JAGUARS
chedo,2,chedo-2,22,CHARGERS
LONESOME HIGHWAY,5,LONESOME HIGHWAY-5,22,CHARGERS
TCHADUNC,1,TCHADUNC-1,12,STEELERS
chedo,3,chedo-3,22,CHARGERS
LONESOME HIGHWAY,6,LONESOME HIGHWAY-6,6,JAGUARS
TCHADUNC,2,TCHADUNC-2,22,CHARGERS
chedo,4,chedo-4,6,JAGUARS
LONESOME HIGHWAY,7,LONESOME HIGHWAY-7,6,JAGUARS
TD TOMMY,1,TD TOMMY-1,22,CHARGERS
chedo,5,chedo-5,6,JAGUARS
LONESOME HIGHWAY,8,LONESOME HIGHWAY-8,6,JAGUARS
TD_EP_2026,1,TD_EP_2026-1,12,STEELERS
chedo,6,chedo-6,6,JAGUARS
LONESOME HIGHWAY,9,LONESOME HIGHWAY-9,6,JAGUARS
TD_EP_2026,2,TD_EP_2026-2,22,CHARGERS
CHEEKO,1,CHEEKO-1,22,CHARGERS
LONGO,1,LONGO-1,12,STEELERS
TD_EP_2026,3,TD_EP_2026-3,6,JAGUARS
CHEEKO,2,CHEEKO-2,22,CHARGERS
LONGO,2,LONGO-2,12,STEELERS
TD_EP_2026,4,TD_EP_2026-4,12,STEELERS
cheese n crackers,1,cheese n crackers-1,22,CHARGERS
LONGO,3,LONGO-3,12,STEELERS
TD_EP_2026,5,TD_EP_2026-5,24,RAIDERS
cheese n crackers,2,cheese n crackers-2,6,JAGUARS
LONGSHOTHERO23,1,LONGSHOTHERO23-1,6,JAGUARS
TD_EP_2026,6,TD_EP_2026-6,24,RAIDERS
cheese n crackers,3,cheese n crackers-3,12,STEELERS
LONGSHOTHERO23,2,LONGSHOTHERO23-2,22,CHARGERS
TDFOUR,1,TDFOUR-1,22,CHARGERS
cheese n crackers,4,cheese n crackers-4,24,RAIDERS
LONGSHOTHERO23,3,LONGSHOTHERO23-3,22,CHARGERS
TDSH LOVE ITT,1,TDSH LOVE ITT-1,6,JAGUARS
Cheesecake,1,Cheesecake-1,8,BENGALS
LOOK MA NO HANDS,1,LOOK MA NO HANDS-1,12,STEELERS
TDSH LOVE ITT,2,TDSH LOVE ITT-2,6,JAGUARS
Cheesecake,10,Cheesecake-10,20,LIONS
LOOK MA NO HANDS,10,LOOK MA NO HANDS-10,24,RAIDERS
tdw 9750,1,tdw 9750-1,22,CHARGERS
Cheesecake,2,Cheesecake-2,8,BENGALS
LOOK MA NO HANDS,2,LOOK MA NO HANDS-2,6,JAGUARS
tdw 9750,10,tdw 9750-10,12,STEELERS
Cheesecake,3,Cheesecake-3,8,BENGALS
LOOK MA NO HANDS,3,LOOK MA NO HANDS-3,12,STEELERS
tdw 9750,2,tdw 9750-2,22,CHARGERS
Cheesecake,4,Cheesecake-4,8,BENGALS
LOOK MA NO HANDS,4,LOOK MA NO HANDS-4,6,JAGUARS
tdw 9750,3,tdw 9750-3,22,CHARGERS
Cheesecake,5,Cheesecake-5,8,BENGALS
LOOK MA NO HANDS,5,LOOK MA NO HANDS-5,24,RAIDERS
tdw 9750,4,tdw 9750-4,6,JAGUARS
Cheesecake,6,Cheesecake-6,20,LIONS
LOOK MA NO HANDS,6,LOOK MA NO HANDS-6,6,JAGUARS
tdw 9750,5,tdw 9750-5,6,JAGUARS
Cheesecake,7,Cheesecake-7,20,LIONS
LOOK MA NO HANDS,7,LOOK MA NO HANDS-7,22,CHARGERS
tdw 9750,6,tdw 9750-6,6,JAGUARS
Cheesecake,8,Cheesecake-8,20,LIONS
LOOK MA NO HANDS,8,LOOK MA NO HANDS-8,6,JAGUARS
tdw 9750,7,tdw 9750-7,20,LIONS
Cheesecake,9,Cheesecake-9,20,LIONS
LOOK MA NO HANDS,9,LOOK MA NO HANDS-9,12,STEELERS
tdw 9750,8,tdw 9750-8,20,LIONS
CHEESEHEADS13,1,CHEESEHEADS13-1,22,CHARGERS
looking2trick,1,looking2trick-1,12,STEELERS
tdw 9750,9,tdw 9750-9,26,EAGLES
CHEESEHEADS13,2,CHEESEHEADS13-2,12,STEELERS
looking2trick,2,looking2trick-2,12,STEELERS
TEAM 1SFG,1,TEAM 1SFG-1,6,JAGUARS
CHEESEHEADS13,3,CHEESEHEADS13-3,6,JAGUARS
looking2trick,3,looking2trick-3,6,JAGUARS
Team Aiden + Friends,1,Team Aiden + Friends-1,6,JAGUARS
CHEESY WINNER,1,CHEESY WINNER-1,6,JAGUARS
looking2trick,4,looking2trick-4,22,CHARGERS
TEAM AMERICA TAKE 2,1,TEAM AMERICA TAKE 2-1,12,STEELERS
CHEEZ,1,CHEEZ-1,20,LIONS
looking2trick,5,looking2trick-5,20,LIONS
TEAM AMERICA TAKE 2,2,TEAM AMERICA TAKE 2-2,6,JAGUARS
CHEEZ,2,CHEEZ-2,22,CHARGERS
looking2trick,6,looking2trick-6,22,CHARGERS
TEAM AMERICA TAKE 2,3,TEAM AMERICA TAKE 2-3,6,JAGUARS
CHEFPAULYOUNG,1,CHEFPAULYOUNG-1,6,JAGUARS
lookwhatumademepick,1,lookwhatumademepick-1,12,STEELERS
TEAM AMERICA TAKE 2,4,TEAM AMERICA TAKE 2-4,22,CHARGERS
CHEFPAULYOUNG,10,CHEFPAULYOUNG-10,6,JAGUARS
lookwhatumademepick,10,lookwhatumademepick-10,12,STEELERS
TEAM AMERICA TAKE 2,5,TEAM AMERICA TAKE 2-5,22,CHARGERS
CHEFPAULYOUNG,2,CHEFPAULYOUNG-2,6,JAGUARS
lookwhatumademepick,2,lookwhatumademepick-2,12,STEELERS
TEAM AMERICA TAKE 2,6,TEAM AMERICA TAKE 2-6,12,STEELERS
CHEFPAULYOUNG,3,CHEFPAULYOUNG-3,22,CHARGERS
lookwhatumademepick,3,lookwhatumademepick-3,12,STEELERS
TEAM BATMAN,1,TEAM BATMAN-1,12,STEELERS
CHEFPAULYOUNG,4,CHEFPAULYOUNG-4,22,CHARGERS
lookwhatumademepick,4,lookwhatumademepick-4,12,STEELERS
TEAM BATMAN,2,TEAM BATMAN-2,22,CHARGERS
CHEFPAULYOUNG,5,CHEFPAULYOUNG-5,24,RAIDERS
lookwhatumademepick,5,lookwhatumademepick-5,12,STEELERS
TEAM BCRKO,1,TEAM BCRKO-1,22,CHARGERS
CHEFPAULYOUNG,6,CHEFPAULYOUNG-6,12,STEELERS
lookwhatumademepick,6,lookwhatumademepick-6,12,STEELERS
TEAM BCRKO,10,TEAM BCRKO-10,6,JAGUARS
CHEFPAULYOUNG,7,CHEFPAULYOUNG-7,22,CHARGERS
lookwhatumademepick,7,lookwhatumademepick-7,12,STEELERS
TEAM BCRKO,2,TEAM BCRKO-2,22,CHARGERS
CHEFPAULYOUNG,8,CHEFPAULYOUNG-8,6,JAGUARS
lookwhatumademepick,8,lookwhatumademepick-8,12,STEELERS
TEAM BCRKO,3,TEAM BCRKO-3,22,CHARGERS
CHEFPAULYOUNG,9,CHEFPAULYOUNG-9,22,CHARGERS
lookwhatumademepick,9,lookwhatumademepick-9,12,STEELERS
TEAM BCRKO,4,TEAM BCRKO-4,22,CHARGERS
CHEFSTEF,1,CHEFSTEF-1,24,RAIDERS
LOOSHLE,1,LOOSHLE-1,6,JAGUARS
TEAM BCRKO,5,TEAM BCRKO-5,22,CHARGERS
CHELITA13,1,CHELITA13-1,12,STEELERS
LOOSHLE,2,LOOSHLE-2,6,JAGUARS
TEAM BCRKO,6,TEAM BCRKO-6,22,CHARGERS
CHELITA13,10,CHELITA13-10,12,STEELERS
LORD RAIDER,1,LORD RAIDER-1,22,CHARGERS
TEAM BCRKO,7,TEAM BCRKO-7,22,CHARGERS
CHELITA13,2,CHELITA13-2,12,STEELERS
LORD RAIDER,2,LORD RAIDER-2,6,JAGUARS
TEAM BCRKO,8,TEAM BCRKO-8,22,CHARGERS
CHELITA13,3,CHELITA13-3,12,STEELERS
LOS 3 HERMANOS,1,LOS 3 HERMANOS-1,22,CHARGERS
TEAM BCRKO,9,TEAM BCRKO-9,22,CHARGERS
CHELITA13,4,CHELITA13-4,12,STEELERS
LOS BREMELOS,1,LOS BREMELOS-1,6,JAGUARS
TEAM BEANO,1,TEAM BEANO-1,22,CHARGERS
CHELITA13,5,CHELITA13-5,12,STEELERS
los charros,1,los charros-1,22,CHARGERS
TEAM BIG GAME,1,TEAM BIG GAME-1,6,JAGUARS
CHELITA13,6,CHELITA13-6,12,STEELERS
los charros,2,los charros-2,22,CHARGERS
TEAM BIG GAME,10,TEAM BIG GAME-10,6,JAGUARS
CHELITA13,7,CHELITA13-7,12,STEELERS
LOS GALLOS II,1,LOS GALLOS II-1,22,CHARGERS
TEAM BIG GAME,2,TEAM BIG GAME-2,6,JAGUARS
CHELITA13,8,CHELITA13-8,12,STEELERS
LOS GATOS LOCOS,1,LOS GATOS LOCOS-1,22,CHARGERS
TEAM BIG GAME,3,TEAM BIG GAME-3,6,JAGUARS
CHELITA13,9,CHELITA13-9,12,STEELERS
LOS GATOS LOCOS,10,LOS GATOS LOCOS-10,12,STEELERS
TEAM BIG GAME,4,TEAM BIG GAME-4,6,JAGUARS
CHELSEA 17,1,CHELSEA 17-1,22,CHARGERS
LOS GATOS LOCOS,2,LOS GATOS LOCOS-2,22,CHARGERS
TEAM BIG GAME,5,TEAM BIG GAME-5,6,JAGUARS
CHELSEA 17,2,CHELSEA 17-2,26,EAGLES
LOS GATOS LOCOS,3,LOS GATOS LOCOS-3,22,CHARGERS
TEAM BIG GAME,6,TEAM BIG GAME-6,6,JAGUARS
CHEROKEE88,1,CHEROKEE88-1,22,CHARGERS
LOS GATOS LOCOS,4,LOS GATOS LOCOS-4,22,CHARGERS
TEAM BIG GAME,7,TEAM BIG GAME-7,6,JAGUARS
cherrygirl,1,cherrygirl-1,6,JAGUARS
LOS GATOS LOCOS,5,LOS GATOS LOCOS-5,22,CHARGERS
TEAM BIG GAME,8,TEAM BIG GAME-8,6,JAGUARS
cherrygirl,10,cherrygirl-10,4,RAMS
LOS GATOS LOCOS,6,LOS GATOS LOCOS-6,12,STEELERS
TEAM BIG GAME,9,TEAM BIG GAME-9,6,JAGUARS
cherrygirl,2,cherrygirl-2,22,CHARGERS
LOS GATOS LOCOS,7,LOS GATOS LOCOS-7,12,STEELERS
Team BJ,1,Team BJ-1,6,JAGUARS
cherrygirl,3,cherrygirl-3,6,JAGUARS
LOS GATOS LOCOS,8,LOS GATOS LOCOS-8,12,STEELERS
Team BJ,10,Team BJ-10,20,LIONS
cherrygirl,4,cherrygirl-4,20,LIONS
LOS GATOS LOCOS,9,LOS GATOS LOCOS-9,12,STEELERS
Team BJ,2,Team BJ-2,6,JAGUARS
cherrygirl,5,cherrygirl-5,22,CHARGERS
LOSCHILIGUAROS,1,LOSCHILIGUAROS-1,22,CHARGERS
Team BJ,3,Team BJ-3,6,JAGUARS
cherrygirl,6,cherrygirl-6,22,CHARGERS
LOSCHILIGUAROS,2,LOSCHILIGUAROS-2,22,CHARGERS
Team BJ,4,Team BJ-4,22,CHARGERS
cherrygirl,7,cherrygirl-7,26,EAGLES
LOSCHILIGUAROS,3,LOSCHILIGUAROS-3,6,JAGUARS
Team BJ,5,Team BJ-5,22,CHARGERS
cherrygirl,8,cherrygirl-8,22,CHARGERS
LOSCHILIGUAROS,4,LOSCHILIGUAROS-4,6,JAGUARS
Team BJ,6,Team BJ-6,22,CHARGERS
cherrygirl,9,cherrygirl-9,29,COWBOYS
LOSCHILIGUAROS,5,LOSCHILIGUAROS-5,12,STEELERS
Team BJ,7,Team BJ-7,22,CHARGERS
CHESHIRE COLTS,1,CHESHIRE COLTS-1,22,CHARGERS
LOSERS LOSE,1,LOSERS LOSE-1,6,JAGUARS
Team BJ,8,Team BJ-8,12,STEELERS
CHESHIRE COLTS,10,CHESHIRE COLTS-10,20,LIONS
LOSERS LOSE,2,LOSERS LOSE-2,22,CHARGERS
Team BJ,9,Team BJ-9,12,STEELERS
CHESHIRE COLTS,2,CHESHIRE COLTS-2,20,LIONS
LOU & SIR,1,LOU & SIR-1,6,JAGUARS
Team Blackjack,1,Team Blackjack-1,6,JAGUARS
CHESHIRE COLTS,3,CHESHIRE COLTS-3,22,CHARGERS
LOU LOU MILLION,1,LOU LOU MILLION-1,22,CHARGERS
Team Blackjack,2,Team Blackjack-2,6,JAGUARS
CHESHIRE COLTS,4,CHESHIRE COLTS-4,22,CHARGERS
LOU LOU MILLION,10,LOU LOU MILLION-10,22,CHARGERS
TEAM BOOTLEGGERS,1,TEAM BOOTLEGGERS-1,22,CHARGERS
CHESHIRE COLTS,5,CHESHIRE COLTS-5,20,LIONS
LOU LOU MILLION,2,LOU LOU MILLION-2,22,CHARGERS
TEAM BUBBA,1,TEAM BUBBA-1,6,JAGUARS
CHESHIRE COLTS,6,CHESHIRE COLTS-6,20,LIONS
LOU LOU MILLION,3,LOU LOU MILLION-3,22,CHARGERS
TEAM BUBBA,10,TEAM BUBBA-10,15,BEARS
CHESHIRE COLTS,7,CHESHIRE COLTS-7,6,JAGUARS
LOU LOU MILLION,4,LOU LOU MILLION-4,22,CHARGERS
TEAM BUBBA,2,TEAM BUBBA-2,6,JAGUARS
CHESHIRE COLTS,8,CHESHIRE COLTS-8,22,CHARGERS
LOU LOU MILLION,5,LOU LOU MILLION-5,22,CHARGERS
TEAM BUBBA,3,TEAM BUBBA-3,6,JAGUARS
CHESHIRE COLTS,9,CHESHIRE COLTS-9,20,LIONS
LOU LOU MILLION,6,LOU LOU MILLION-6,22,CHARGERS
TEAM BUBBA,4,TEAM BUBBA-4,24,RAIDERS
CHESNEY'S CREW,1,CHESNEY'S CREW-1,12,STEELERS
LOU LOU MILLION,7,LOU LOU MILLION-7,22,CHARGERS
TEAM BUBBA,5,TEAM BUBBA-5,24,RAIDERS
CHESNEY'S CREW,2,CHESNEY'S CREW-2,6,JAGUARS
LOU LOU MILLION,8,LOU LOU MILLION-8,22,CHARGERS
TEAM BUBBA,6,TEAM BUBBA-6,6,JAGUARS
CHESNEY'S CREW,3,CHESNEY'S CREW-3,22,CHARGERS
LOU LOU MILLION,9,LOU LOU MILLION-9,22,CHARGERS
TEAM BUBBA,7,TEAM BUBBA-7,17,JETS
CHESTER COPPERPOT,1,CHESTER COPPERPOT-1,22,CHARGERS
LOUIE260,1,LOUIE260-1,6,JAGUARS
TEAM BUBBA,8,TEAM BUBBA-8,32,CHIEFS
chez,1,chez-1,22,CHARGERS
LOUIE260,2,LOUIE260-2,22,CHARGERS
TEAM BUBBA,9,TEAM BUBBA-9,6,JAGUARS
chez,2,chez-2,6,JAGUARS
LOUIEDIAMOND.COM,1,LOUIEDIAMOND.COM-1,6,JAGUARS
TEAM CHEWY,1,TEAM CHEWY-1,4,RAMS
chez,3,chez-3,22,CHARGERS
LOUISVILLELIP,1,LOUISVILLELIP-1,6,JAGUARS
TEAM CHEWY,10,TEAM CHEWY-10,20,LIONS
CHICAGO MADE,1,CHICAGO MADE-1,12,STEELERS
LOUISVILLELIP,10,LOUISVILLELIP-10,12,STEELERS
TEAM CHEWY,2,TEAM CHEWY-2,4,RAMS
CHICAGOKEV,1,CHICAGOKEV-1,6,JAGUARS
LOUISVILLELIP,2,LOUISVILLELIP-2,6,JAGUARS
TEAM CHEWY,3,TEAM CHEWY-3,4,RAMS
CHICHUMPS,1,CHICHUMPS-1,6,JAGUARS
LOUISVILLELIP,3,LOUISVILLELIP-3,6,JAGUARS
TEAM CHEWY,4,TEAM CHEWY-4,4,RAMS
CHICHUMPS,2,CHICHUMPS-2,22,CHARGERS
LOUISVILLELIP,4,LOUISVILLELIP-4,6,JAGUARS
TEAM CHEWY,5,TEAM CHEWY-5,20,LIONS
chicken dinner,1,chicken dinner-1,6,JAGUARS
LOUISVILLELIP,5,LOUISVILLELIP-5,12,STEELERS
TEAM CHEWY,6,TEAM CHEWY-6,20,LIONS
CHICKEN SANDWICH,1,CHICKEN SANDWICH-1,6,JAGUARS
LOUISVILLELIP,6,LOUISVILLELIP-6,12,STEELERS
TEAM CHEWY,7,TEAM CHEWY-7,20,LIONS
CHICKEN SANDWICH,2,CHICKEN SANDWICH-2,12,STEELERS
LOUISVILLELIP,7,LOUISVILLELIP-7,12,STEELERS
TEAM CHEWY,8,TEAM CHEWY-8,20,LIONS
CHICKEN SANDWICH,3,CHICKEN SANDWICH-3,12,STEELERS
LOUISVILLELIP,8,LOUISVILLELIP-8,12,STEELERS
TEAM CHEWY,9,TEAM CHEWY-9,20,LIONS
CHICOS BONITOS,1,CHICOS BONITOS-1,6,JAGUARS
LOUISVILLELIP,9,LOUISVILLELIP-9,12,STEELERS
TEAM CHIEFROYALS,1,TEAM CHIEFROYALS-1,6,JAGUARS
CHIEF BADI,1,CHIEF BADI-1,6,JAGUARS
LOVE HURTS,1,LOVE HURTS-1,22,CHARGERS
Team Chitown,1,Team Chitown-1,26,EAGLES
CHIEF BADI,2,CHIEF BADI-2,12,STEELERS
LOVE HURTS,2,LOVE HURTS-2,22,CHARGERS
TEAM CLARK,1,TEAM CLARK-1,12,STEELERS
CHIEF PADEL OFFICER,1,CHIEF PADEL OFFICER-1,22,CHARGERS
LOVE HURTS,3,LOVE HURTS-3,12,STEELERS
TEAM CLARK,2,TEAM CLARK-2,22,CHARGERS
CHIEF PADEL OFFICER,10,CHIEF PADEL OFFICER-10,22,CHARGERS
LOVE HURTS,4,LOVE HURTS-4,6,JAGUARS
TEAM COHEN,1,TEAM COHEN-1,6,JAGUARS
CHIEF PADEL OFFICER,2,CHIEF PADEL OFFICER-2,22,CHARGERS
Love My Baxter,1,Love My Baxter-1,26,EAGLES
TEAM COHEN,2,TEAM COHEN-2,22,CHARGERS
CHIEF PADEL OFFICER,3,CHIEF PADEL OFFICER-3,22,CHARGERS
Love My Baxter,10,Love My Baxter-10,26,EAGLES
TEAM COHEN,3,TEAM COHEN-3,22,CHARGERS
CHIEF PADEL OFFICER,4,CHIEF PADEL OFFICER-4,22,CHARGERS
Love My Baxter,2,Love My Baxter-2,26,EAGLES
Team Collins,1,Team Collins-1,22,CHARGERS
CHIEF PADEL OFFICER,5,CHIEF PADEL OFFICER-5,22,CHARGERS
Love My Baxter,3,Love My Baxter-3,26,EAGLES
Team Collins,2,Team Collins-2,24,RAIDERS
CHIEF PADEL OFFICER,6,CHIEF PADEL OFFICER-6,22,CHARGERS
Love My Baxter,4,Love My Baxter-4,26,EAGLES
TEAM COOP,1,TEAM COOP-1,22,CHARGERS
CHIEF PADEL OFFICER,7,CHIEF PADEL OFFICER-7,22,CHARGERS
Love My Baxter,5,Love My Baxter-5,26,EAGLES
TEAM DELCO,1,TEAM DELCO-1,22,CHARGERS
CHIEF PADEL OFFICER,8,CHIEF PADEL OFFICER-8,22,CHARGERS
Love My Baxter,6,Love My Baxter-6,26,EAGLES
TEAM DELCO,2,TEAM DELCO-2,6,JAGUARS
CHIEF PADEL OFFICER,9,CHIEF PADEL OFFICER-9,22,CHARGERS
Love My Baxter,7,Love My Baxter-7,26,EAGLES
TEAM DEVITO,1,TEAM DEVITO-1,22,CHARGERS
CHIEF ROCKER,1,CHIEF ROCKER-1,6,JAGUARS
Love My Baxter,8,Love My Baxter-8,26,EAGLES
TEAM DEVITO,2,TEAM DEVITO-2,22,CHARGERS
CHIEF ROCKER,2,CHIEF ROCKER-2,24,RAIDERS
Love My Baxter,9,Love My Baxter-9,26,EAGLES
TEAM DEVITO,3,TEAM DEVITO-3,6,JAGUARS
CHIEFCAT2,1,CHIEFCAT2-1,22,CHARGERS
LOVECRFT13,1,LOVECRFT13-1,20,LIONS
TEAM DEVITO,4,TEAM DEVITO-4,6,JAGUARS
Chiefs Rule!,1,Chiefs Rule!-1,22,CHARGERS
LOVECRFT13,10,LOVECRFT13-10,20,LIONS
TEAM DEVITO,5,TEAM DEVITO-5,12,STEELERS
CHIEFSAL,1,CHIEFSAL-1,6,JAGUARS
LOVECRFT13,2,LOVECRFT13-2,20,LIONS
TEAM DEVITO,6,TEAM DEVITO-6,22,CHARGERS
CHIEFSAL,2,CHIEFSAL-2,6,JAGUARS
LOVECRFT13,3,LOVECRFT13-3,20,LIONS
TEAM DEVITO,7,TEAM DEVITO-7,22,CHARGERS
CHIEFSAL,3,CHIEFSAL-3,6,JAGUARS
LOVECRFT13,4,LOVECRFT13-4,20,LIONS
TEAM DEVITO,8,TEAM DEVITO-8,22,CHARGERS
CHIEFSAL,4,CHIEFSAL-4,22,CHARGERS
LOVECRFT13,5,LOVECRFT13-5,20,LIONS
TEAM DINGER,1,TEAM DINGER-1,12,STEELERS
CHILLKOOTPASSENJOYER,1,CHILLKOOTPASSENJOYER-1,22,CHARGERS
LOVECRFT13,6,LOVECRFT13-6,20,LIONS
TEAM DINGER,2,TEAM DINGER-2,6,JAGUARS
CHILLKOOTPASSENJOYER,2,CHILLKOOTPASSENJOYER-2,22,CHARGERS
LOVECRFT13,7,LOVECRFT13-7,20,LIONS
TEAM DINGER,3,TEAM DINGER-3,6,JAGUARS
CHILLKOOTPASSENJOYER,3,CHILLKOOTPASSENJOYER-3,6,JAGUARS
LOVECRFT13,8,LOVECRFT13-8,20,LIONS
TEAM DLP,1,TEAM DLP-1,6,JAGUARS
CHILLKOOTPASSENJOYER,4,CHILLKOOTPASSENJOYER-4,20,LIONS
LOVECRFT13,9,LOVECRFT13-9,20,LIONS
TEAM DLP,2,TEAM DLP-2,15,BEARS
CHINARIDERS,1,CHINARIDERS-1,22,CHARGERS
LOVETHEMLARGE,1,LOVETHEMLARGE-1,20,LIONS
team dolan,1,team dolan-1,22,CHARGERS
CHINARIDERS,10,CHINARIDERS-10,6,JAGUARS
LOVEYIAYIAANDPAPOU,1,LOVEYIAYIAANDPAPOU-1,24,RAIDERS
team dolan,2,team dolan-2,6,JAGUARS
CHINARIDERS,2,CHINARIDERS-2,22,CHARGERS
LOVEYIAYIAANDPAPOU,2,LOVEYIAYIAANDPAPOU-2,12,STEELERS
TEAM DRIZZY,1,TEAM DRIZZY-1,6,JAGUARS
CHINARIDERS,3,CHINARIDERS-3,6,JAGUARS
LOVEYIAYIAANDPAPOU,3,LOVEYIAYIAANDPAPOU-3,12,STEELERS
TEAM DRIZZY,2,TEAM DRIZZY-2,12,STEELERS
CHINARIDERS,4,CHINARIDERS-4,6,JAGUARS
LOVIN BEAUTIFUL,1,LOVIN BEAUTIFUL-1,6,JAGUARS
Team Ducky,1,Team Ducky-1,6,JAGUARS
CHINARIDERS,5,CHINARIDERS-5,6,JAGUARS
LOVIN BEAUTIFUL,2,LOVIN BEAUTIFUL-2,12,STEELERS
TEAM FRASER,1,TEAM FRASER-1,22,CHARGERS
CHINARIDERS,6,CHINARIDERS-6,12,STEELERS
LOYALTY TEE,1,LOYALTY TEE-1,20,LIONS
TEAM FRASER,2,TEAM FRASER-2,6,JAGUARS
CHINARIDERS,7,CHINARIDERS-7,22,CHARGERS
LOYALTY TEE,2,LOYALTY TEE-2,6,JAGUARS
TEAM FRASER,3,TEAM FRASER-3,22,CHARGERS
CHINARIDERS,8,CHINARIDERS-8,22,CHARGERS
LOYALTY TEE,3,LOYALTY TEE-3,29,COWBOYS
TEAM G,1,TEAM G-1,22,CHARGERS
CHINARIDERS,9,CHINARIDERS-9,22,CHARGERS
LOYALTY TEE,4,LOYALTY TEE-4,6,JAGUARS
TEAM G,10,TEAM G-10,24,RAIDERS
CHINESEYEAROFTHEBOY,1,CHINESEYEAROFTHEBOY-1,18,TITANS
LPC888,1,LPC888-1,6,JAGUARS
TEAM G,2,TEAM G-2,22,CHARGERS
CHIP CHAIR,1,CHIP CHAIR-1,22,CHARGERS
LPC888,2,LPC888-2,22,CHARGERS
TEAM G,3,TEAM G-3,22,CHARGERS
CHIP CHAIR,10,CHIP CHAIR-10,6,JAGUARS
LPC888,3,LPC888-3,22,CHARGERS
TEAM G,4,TEAM G-4,6,JAGUARS
CHIP CHAIR,2,CHIP CHAIR-2,22,CHARGERS
LPC888,4,LPC888-4,20,LIONS
TEAM G,5,TEAM G-5,6,JAGUARS
CHIP CHAIR,3,CHIP CHAIR-3,22,CHARGERS
LPC888,5,LPC888-5,6,JAGUARS
TEAM G,6,TEAM G-6,6,JAGUARS
CHIP CHAIR,4,CHIP CHAIR-4,22,CHARGERS
LPC888,6,LPC888-6,20,LIONS
TEAM G,7,TEAM G-7,6,JAGUARS
CHIP CHAIR,5,CHIP CHAIR-5,22,CHARGERS
LR5336,1,LR5336-1,22,CHARGERS
TEAM G,8,TEAM G-8,22,CHARGERS
CHIP CHAIR,6,CHIP CHAIR-6,6,JAGUARS
lrdslazr,1,lrdslazr-1,6,JAGUARS
TEAM G,9,TEAM G-9,22,CHARGERS
CHIP CHAIR,7,CHIP CHAIR-7,6,JAGUARS
lrdslazr,10,lrdslazr-10,6,JAGUARS
TEAM GFY,1,TEAM GFY-1,22,CHARGERS
CHIP CHAIR,8,CHIP CHAIR-8,6,JAGUARS
lrdslazr,2,lrdslazr-2,6,JAGUARS
TEAM GL,1,TEAM GL-1,6,JAGUARS
CHIP CHAIR,9,CHIP CHAIR-9,6,JAGUARS
lrdslazr,3,lrdslazr-3,6,JAGUARS
TEAM GLOVER,1,TEAM GLOVER-1,6,JAGUARS
CHIPHI,1,CHIPHI-1,22,CHARGERS
lrdslazr,4,lrdslazr-4,6,JAGUARS
TEAM GLOVER,2,TEAM GLOVER-2,6,JAGUARS
CHIPS AHOY,1,CHIPS AHOY-1,6,JAGUARS
lrdslazr,5,lrdslazr-5,6,JAGUARS
TEAM GLOVER,3,TEAM GLOVER-3,20,LIONS
CHIPS JONES 3,1,CHIPS JONES 3-1,22,CHARGERS
lrdslazr,6,lrdslazr-6,6,JAGUARS
TEAM GLOVER,4,TEAM GLOVER-4,22,CHARGERS
CHKR WAGER CLUB,1,CHKR WAGER CLUB-1,22,CHARGERS
lrdslazr,7,lrdslazr-7,6,JAGUARS
TEAM GLOVER,5,TEAM GLOVER-5,6,JAGUARS
CHKR WAGER CLUB,2,CHKR WAGER CLUB-2,20,LIONS
lrdslazr,8,lrdslazr-8,6,JAGUARS
TEAM GLOVER,6,TEAM GLOVER-6,22,CHARGERS
CHKR WAGER CLUB,3,CHKR WAGER CLUB-3,6,JAGUARS
lrdslazr,9,lrdslazr-9,6,JAGUARS
Team Gruden,1,Team Gruden-1,6,JAGUARS
CHKR WAGER CLUB,4,CHKR WAGER CLUB-4,6,JAGUARS
LT Panthers,1,LT Panthers-1,22,CHARGERS
Team Gruden,10,Team Gruden-10,6,JAGUARS
CHKR WAGER CLUB,5,CHKR WAGER CLUB-5,22,CHARGERS
LTRAIN,1,LTRAIN-1,22,CHARGERS
Team Gruden,2,Team Gruden-2,12,STEELERS
Chongsline,1,Chongsline-1,6,JAGUARS
LU,1,LU-1,15,BEARS
Team Gruden,3,Team Gruden-3,6,JAGUARS
CHOO,1,CHOO-1,22,CHARGERS
LU,2,LU-2,6,JAGUARS
Team Gruden,4,Team Gruden-4,20,LIONS
CHOO,10,CHOO-10,12,STEELERS
LU,3,LU-3,22,CHARGERS
Team Gruden,5,Team Gruden-5,22,CHARGERS
CHOO,2,CHOO-2,22,CHARGERS
LU,4,LU-4,26,EAGLES
Team Gruden,6,Team Gruden-6,22,CHARGERS
CHOO,3,CHOO-3,22,CHARGERS
LUBE AND MOVE,1,LUBE AND MOVE-1,6,JAGUARS
Team Gruden,7,Team Gruden-7,6,JAGUARS
CHOO,4,CHOO-4,22,CHARGERS
LUBE AND MOVE,10,LUBE AND MOVE-10,6,JAGUARS
Team Gruden,8,Team Gruden-8,22,CHARGERS
CHOO,5,CHOO-5,6,JAGUARS
LUBE AND MOVE,2,LUBE AND MOVE-2,6,JAGUARS
Team Gruden,9,Team Gruden-9,26,EAGLES
CHOO,6,CHOO-6,6,JAGUARS
LUBE AND MOVE,3,LUBE AND MOVE-3,6,JAGUARS
TEAM GUS,1,TEAM GUS-1,12,STEELERS
CHOO,7,CHOO-7,6,JAGUARS
LUBE AND MOVE,4,LUBE AND MOVE-4,6,JAGUARS
TEAM HECKLE & JECKLE,1,TEAM HECKLE & JECKLE-1,22,CHARGERS
CHOO,8,CHOO-8,12,STEELERS
LUBE AND MOVE,5,LUBE AND MOVE-5,22,CHARGERS
TEAM HOOPER FAMILY,1,TEAM HOOPER FAMILY-1,6,JAGUARS
CHOO,9,CHOO-9,12,STEELERS
LUBE AND MOVE,6,LUBE AND MOVE-6,22,CHARGERS
TEAM ICECREAM,1,TEAM ICECREAM-1,29,COWBOYS
Choose Wisely,1,Choose Wisely-1,20,LIONS
LUBE AND MOVE,7,LUBE AND MOVE-7,22,CHARGERS
TEAM INSANITY,1,TEAM INSANITY-1,6,JAGUARS
Choose Wisely,10,Choose Wisely-10,6,JAGUARS
LUBE AND MOVE,8,LUBE AND MOVE-8,20,LIONS
TEAM K.E.N.T.,1,TEAM K.E.N.T.-1,22,CHARGERS
Choose Wisely,2,Choose Wisely-2,20,LIONS
LUBE AND MOVE,9,LUBE AND MOVE-9,6,JAGUARS
TEAM LUCKY 50TH,1,TEAM LUCKY 50TH-1,6,JAGUARS
Choose Wisely,3,Choose Wisely-3,6,JAGUARS
LUBE AND TUBE,1,LUBE AND TUBE-1,12,STEELERS
TEAM MANIAC,1,TEAM MANIAC-1,12,STEELERS
Choose Wisely,4,Choose Wisely-4,6,JAGUARS
LUBE AND TUBE,2,LUBE AND TUBE-2,22,CHARGERS
TEAM MANIAC,2,TEAM MANIAC-2,22,CHARGERS
Choose Wisely,5,Choose Wisely-5,22,CHARGERS
LUBE AND TUBE,3,LUBE AND TUBE-3,6,JAGUARS
TEAM MEATBALL,1,TEAM MEATBALL-1,6,JAGUARS
Choose Wisely,6,Choose Wisely-6,12,STEELERS
LUBE AND TUBE,4,LUBE AND TUBE-4,6,JAGUARS
TEAM MEATBALL,2,TEAM MEATBALL-2,12,STEELERS
Choose Wisely,7,Choose Wisely-7,22,CHARGERS
Luckey 7,1,Luckey 7-1,20,LIONS
TEAM MEATBALL,3,TEAM MEATBALL-3,22,CHARGERS
Choose Wisely,8,Choose Wisely-8,24,RAIDERS
Luckey 7,2,Luckey 7-2,24,RAIDERS
team medina,1,team medina-1,6,JAGUARS
Choose Wisely,9,Choose Wisely-9,24,RAIDERS
Luckey 7,3,Luckey 7-3,12,STEELERS
TEAM MESSIAH,1,TEAM MESSIAH-1,12,STEELERS
CHOPPERS,1,CHOPPERS-1,22,CHARGERS
Luckey 7,4,Luckey 7-4,22,CHARGERS
TEAM MF AND FIDI,1,TEAM MF AND FIDI-1,8,BENGALS
CHOPPERS,2,CHOPPERS-2,6,JAGUARS
Luckey 7,5,Luckey 7-5,6,JAGUARS
TEAM MF AND FIDI,2,TEAM MF AND FIDI-2,9,RAVENS
CHOPPERS,3,CHOPPERS-3,24,RAIDERS
Luckey 7,6,Luckey 7-6,12,STEELERS
TEAM MF AND FIDI,3,TEAM MF AND FIDI-3,24,RAIDERS
CHOPPERS,4,CHOPPERS-4,8,BENGALS
Luckey 7,7,Luckey 7-7,12,STEELERS
TEAM MONEYTAKER,1,TEAM MONEYTAKER-1,6,JAGUARS
CHOSEN ONE,1,CHOSEN ONE-1,22,CHARGERS
LUCKY 13,1,LUCKY 13-1,6,JAGUARS
TEAM MONEYTAKER,10,TEAM MONEYTAKER-10,24,RAIDERS
CHOSEN ONE,2,CHOSEN ONE-2,22,CHARGERS
LUCKY 13,10,LUCKY 13-10,20,LIONS
TEAM MONEYTAKER,2,TEAM MONEYTAKER-2,6,JAGUARS
CHOSEN ONE,3,CHOSEN ONE-3,12,STEELERS
LUCKY 13,2,LUCKY 13-2,6,JAGUARS
TEAM MONEYTAKER,3,TEAM MONEYTAKER-3,8,BENGALS
CHOSEN ONE,4,CHOSEN ONE-4,6,JAGUARS
LUCKY 13,3,LUCKY 13-3,6,JAGUARS
TEAM MONEYTAKER,4,TEAM MONEYTAKER-4,8,BENGALS
chowchowbear,1,chowchowbear-1,9,RAVENS
LUCKY 13,4,LUCKY 13-4,6,JAGUARS
TEAM MONEYTAKER,5,TEAM MONEYTAKER-5,17,JETS
chowchowbear,2,chowchowbear-2,29,COWBOYS
LUCKY 13,5,LUCKY 13-5,22,CHARGERS
TEAM MONEYTAKER,6,TEAM MONEYTAKER-6,6,JAGUARS
chowchowbear,3,chowchowbear-3,15,BEARS
LUCKY 13,6,LUCKY 13-6,22,CHARGERS
TEAM MONEYTAKER,7,TEAM MONEYTAKER-7,8,BENGALS
chowchowbear,4,chowchowbear-4,20,LIONS
LUCKY 13,7,LUCKY 13-7,22,CHARGERS
TEAM MONEYTAKER,8,TEAM MONEYTAKER-8,24,RAIDERS
CHOWS HOUSE,1,CHOWS HOUSE-1,6,JAGUARS
LUCKY 13,8,LUCKY 13-8,22,CHARGERS
TEAM MONEYTAKER,9,TEAM MONEYTAKER-9,6,JAGUARS
CHRIS THE GREEK,1,CHRIS THE GREEK-1,22,CHARGERS
LUCKY 13,9,LUCKY 13-9,20,LIONS
TEAM MORGAN,1,TEAM MORGAN-1,12,STEELERS
CHRIS02,1,CHRIS02-1,6,JAGUARS
LUCKY CHARMS,1,LUCKY CHARMS-1,22,CHARGERS
TEAM MORGAN,10,TEAM MORGAN-10,6,JAGUARS
ChrisAky,1,ChrisAky-1,6,JAGUARS
Lucky Logic,1,Lucky Logic-1,22,CHARGERS
TEAM MORGAN,2,TEAM MORGAN-2,12,STEELERS
ChrisAky,2,ChrisAky-2,22,CHARGERS
Lucky Logic,2,Lucky Logic-2,22,CHARGERS
TEAM MORGAN,3,TEAM MORGAN-3,22,CHARGERS
ChrisAky,3,ChrisAky-3,6,JAGUARS
Lucky Logic,3,Lucky Logic-3,22,CHARGERS
TEAM MORGAN,4,TEAM MORGAN-4,6,JAGUARS
CHRISPECOS,1,CHRISPECOS-1,22,CHARGERS
Lucky Logic,4,Lucky Logic-4,6,JAGUARS
TEAM MORGAN,5,TEAM MORGAN-5,22,CHARGERS
CHRISPECOS,2,CHRISPECOS-2,6,JAGUARS
Lucky Logic,5,Lucky Logic-5,6,JAGUARS
TEAM MORGAN,6,TEAM MORGAN-6,6,JAGUARS
CHRISTIAN FELLOWSHIP,1,CHRISTIAN FELLOWSHIP-1,6,JAGUARS
LUCKY LUCIANA,1,LUCKY LUCIANA-1,6,JAGUARS
TEAM MORGAN,7,TEAM MORGAN-7,22,CHARGERS
CHRISTIAN FELLOWSHIP,2,CHRISTIAN FELLOWSHIP-2,22,CHARGERS
LUCKY LUCIANA,10,LUCKY LUCIANA-10,22,CHARGERS
TEAM MORGAN,8,TEAM MORGAN-8,22,CHARGERS
CHRISTOPHERDAVIS,1,CHRISTOPHERDAVIS-1,6,JAGUARS
LUCKY LUCIANA,2,LUCKY LUCIANA-2,6,JAGUARS
TEAM MORGAN,9,TEAM MORGAN-9,6,JAGUARS
CHRISTOPHERDAVIS,2,CHRISTOPHERDAVIS-2,6,JAGUARS
LUCKY LUCIANA,3,LUCKY LUCIANA-3,12,STEELERS
TEAM MUSH,1,TEAM MUSH-1,6,JAGUARS
CHRISTOPHERDAVIS,3,CHRISTOPHERDAVIS-3,6,JAGUARS
LUCKY LUCIANA,4,LUCKY LUCIANA-4,12,STEELERS
TEAM PROTIRIN IA,1,TEAM PROTIRIN IA-1,6,JAGUARS
CHRISTOPHERDAVIS,4,CHRISTOPHERDAVIS-4,22,CHARGERS
LUCKY LUCIANA,5,LUCKY LUCIANA-5,12,STEELERS
TEAM RAINS,1,TEAM RAINS-1,6,JAGUARS
Christy Bros,1,Christy Bros-1,20,LIONS
LUCKY LUCIANA,6,LUCKY LUCIANA-6,22,CHARGERS
TEAM RAINS,2,TEAM RAINS-2,24,RAIDERS
CHUBBS PETERSON,1,CHUBBS PETERSON-1,20,LIONS
LUCKY LUCIANA,7,LUCKY LUCIANA-7,22,CHARGERS
TEAM RAVISLOE,1,TEAM RAVISLOE-1,6,JAGUARS
CHUBBS PETERSON,2,CHUBBS PETERSON-2,22,CHARGERS
LUCKY LUCIANA,8,LUCKY LUCIANA-8,22,CHARGERS
TEAM RAVISLOE,10,TEAM RAVISLOE-10,20,LIONS
CHUBBS PETERSON,3,CHUBBS PETERSON-3,6,JAGUARS
LUCKY LUCIANA,9,LUCKY LUCIANA-9,22,CHARGERS
TEAM RAVISLOE,2,TEAM RAVISLOE-2,6,JAGUARS
CHUBBS PETERSON,4,CHUBBS PETERSON-4,22,CHARGERS
LUCKY LUCY PEARL,1,LUCKY LUCY PEARL-1,24,RAIDERS
TEAM RAVISLOE,3,TEAM RAVISLOE-3,6,JAGUARS
CHUCK ROAST,1,CHUCK ROAST-1,6,JAGUARS
LUCKY LUCY PEARL,2,LUCKY LUCY PEARL-2,22,CHARGERS
TEAM RAVISLOE,4,TEAM RAVISLOE-4,6,JAGUARS
CHUCK ROAST,10,CHUCK ROAST-10,12,STEELERS
lucky lunatics 2,1,lucky lunatics 2-1,22,CHARGERS
TEAM RAVISLOE,5,TEAM RAVISLOE-5,22,CHARGERS
CHUCK ROAST,2,CHUCK ROAST-2,6,JAGUARS
lucky lunatics,1,lucky lunatics-1,6,JAGUARS
TEAM RAVISLOE,6,TEAM RAVISLOE-6,22,CHARGERS
CHUCK ROAST,3,CHUCK ROAST-3,12,STEELERS
LUCKY ZEBRA,1,LUCKY ZEBRA-1,22,CHARGERS
TEAM RAVISLOE,7,TEAM RAVISLOE-7,22,CHARGERS
CHUCK ROAST,4,CHUCK ROAST-4,26,EAGLES
LUCKY ZEBRA,2,LUCKY ZEBRA-2,22,CHARGERS
TEAM RAVISLOE,8,TEAM RAVISLOE-8,22,CHARGERS
CHUCK ROAST,5,CHUCK ROAST-5,26,EAGLES
LUCKY ZEBRA,3,LUCKY ZEBRA-3,6,JAGUARS
TEAM RAVISLOE,9,TEAM RAVISLOE-9,20,LIONS
CHUCK ROAST,6,CHUCK ROAST-6,6,JAGUARS
LUCKY ZEBRA,4,LUCKY ZEBRA-4,6,JAGUARS
TEAM ROCKET RIP,1,TEAM ROCKET RIP-1,22,CHARGERS
CHUCK ROAST,7,CHUCK ROAST-7,6,JAGUARS
LUCKY ZEBRA,5,LUCKY ZEBRA-5,12,STEELERS
TEAM RODGERS,1,TEAM RODGERS-1,6,JAGUARS
CHUCK ROAST,8,CHUCK ROAST-8,6,JAGUARS
LUCKY7,1,LUCKY7-1,6,JAGUARS
TEAM RODGERS,2,TEAM RODGERS-2,20,LIONS
CHUCK ROAST,9,CHUCK ROAST-9,6,JAGUARS
LuckyHorseshoe4547,1,LuckyHorseshoe4547-1,12,STEELERS
team royale,1,team royale-1,26,EAGLES
chuck,1,chuck-1,6,JAGUARS
LUCKYLANNY,1,LUCKYLANNY-1,6,JAGUARS
team royale,2,team royale-2,12,STEELERS
chuck,2,chuck-2,22,CHARGERS
LUCKYLANNY,10,LUCKYLANNY-10,18,TITANS
team royale,3,team royale-3,22,CHARGERS
chuck,3,chuck-3,18,TITANS
LUCKYLANNY,2,LUCKYLANNY-2,22,CHARGERS
team royale,4,team royale-4,6,JAGUARS
CHUCLCVRLA,1,CHUCLCVRLA-1,24,RAIDERS
LUCKYLANNY,3,LUCKYLANNY-3,24,RAIDERS
team royale,5,team royale-5,6,JAGUARS
chunkie wins,1,chunkie wins-1,20,LIONS
LUCKYLANNY,4,LUCKYLANNY-4,6,JAGUARS
TEAM RUMMY,1,TEAM RUMMY-1,6,JAGUARS
chunkie wins,10,chunkie wins-10,24,RAIDERS
LUCKYLANNY,5,LUCKYLANNY-5,22,CHARGERS
TEAM RUMMY,10,TEAM RUMMY-10,20,LIONS
chunkie wins,2,chunkie wins-2,8,BENGALS
LUCKYLANNY,6,LUCKYLANNY-6,6,JAGUARS
TEAM RUMMY,2,TEAM RUMMY-2,20,LIONS
chunkie wins,3,chunkie wins-3,8,BENGALS
LUCKYLANNY,7,LUCKYLANNY-7,22,CHARGERS
TEAM RUMMY,3,TEAM RUMMY-3,6,JAGUARS
chunkie wins,4,chunkie wins-4,8,BENGALS
LUCKYLANNY,8,LUCKYLANNY-8,6,JAGUARS
TEAM RUMMY,4,TEAM RUMMY-4,22,CHARGERS
chunkie wins,5,chunkie wins-5,8,BENGALS
LUCKYLANNY,9,LUCKYLANNY-9,22,CHARGERS
TEAM RUMMY,5,TEAM RUMMY-5,6,JAGUARS
chunkie wins,6,chunkie wins-6,8,BENGALS
LUCKYLEO,1,LUCKYLEO-1,29,COWBOYS
TEAM RUMMY,6,TEAM RUMMY-6,22,CHARGERS
chunkie wins,7,chunkie wins-7,8,BENGALS
LUCKYLEO,2,LUCKYLEO-2,9,RAVENS
TEAM RUMMY,7,TEAM RUMMY-7,22,CHARGERS
chunkie wins,8,chunkie wins-8,18,TITANS
LUCKYLEO,3,LUCKYLEO-3,6,JAGUARS
TEAM RUMMY,8,TEAM RUMMY-8,22,CHARGERS
chunkie wins,9,chunkie wins-9,24,RAIDERS
LUCKYLEO,4,LUCKYLEO-4,6,JAGUARS
TEAM RUMMY,9,TEAM RUMMY-9,6,JAGUARS
CHUNKY MONKEY,1,CHUNKY MONKEY-1,6,JAGUARS
LUCKYLEO,5,LUCKYLEO-5,12,STEELERS
team sandy,1,team sandy-1,6,JAGUARS
CHUNKY MONKEY,10,CHUNKY MONKEY-10,12,STEELERS
LUCKYLEPS,1,LUCKYLEPS-1,22,CHARGERS
Team Sara,1,Team Sara-1,6,JAGUARS
CHUNKY MONKEY,2,CHUNKY MONKEY-2,6,JAGUARS
LUCKYLEPS,2,LUCKYLEPS-2,6,JAGUARS
Team Sara,2,Team Sara-2,6,JAGUARS
CHUNKY MONKEY,3,CHUNKY MONKEY-3,6,JAGUARS
LUCKYLEPS,3,LUCKYLEPS-3,24,RAIDERS
Team Sara,3,Team Sara-3,6,JAGUARS
CHUNKY MONKEY,4,CHUNKY MONKEY-4,6,JAGUARS
LUCKYLEPS,4,LUCKYLEPS-4,18,TITANS
Team Sara,4,Team Sara-4,22,CHARGERS
CHUNKY MONKEY,5,CHUNKY MONKEY-5,6,JAGUARS
LUCKYLILY,1,LUCKYLILY-1,24,RAIDERS
Team Sara,5,Team Sara-5,24,RAIDERS
CHUNKY MONKEY,6,CHUNKY MONKEY-6,6,JAGUARS
LUCKYLILY,2,LUCKYLILY-2,22,CHARGERS
TEAM STARAVECKA,1,TEAM STARAVECKA-1,6,JAGUARS
CHUNKY MONKEY,7,CHUNKY MONKEY-7,12,STEELERS
LUCKYLILY,3,LUCKYLILY-3,22,CHARGERS
TEAM STARAVECKA,2,TEAM STARAVECKA-2,22,CHARGERS
CHUNKY MONKEY,8,CHUNKY MONKEY-8,12,STEELERS
luckynotgood,1,luckynotgood-1,22,CHARGERS
TEAM TAIWAN,1,TEAM TAIWAN-1,22,CHARGERS
CHUNKY MONKEY,9,CHUNKY MONKEY-9,12,STEELERS
luckynotgood,2,luckynotgood-2,6,JAGUARS
TEAM TAIWAN,2,TEAM TAIWAN-2,22,CHARGERS
Cic-26,1,Cic-26-1,6,JAGUARS
LUCKYONE,1,LUCKYONE-1,6,JAGUARS
TEAM TAIWAN,3,TEAM TAIWAN-3,6,JAGUARS
Cic-26,2,Cic-26-2,22,CHARGERS
LUCKYONE,10,LUCKYONE-10,6,JAGUARS
TEAM TANK,1,TEAM TANK-1,6,JAGUARS
cici,1,cici-1,12,STEELERS
LUCKYONE,2,LUCKYONE-2,6,JAGUARS
team team,1,team team-1,22,CHARGERS
cici,10,cici-10,6,JAGUARS
LUCKYONE,3,LUCKYONE-3,6,JAGUARS
team team,2,team team-2,22,CHARGERS
cici,2,cici-2,12,STEELERS
LUCKYONE,4,LUCKYONE-4,6,JAGUARS
TEAM TR2837,1,TEAM TR2837-1,6,JAGUARS
cici,3,cici-3,12,STEELERS
LUCKYONE,5,LUCKYONE-5,6,JAGUARS
TEAM TRIFLEX,1,TEAM TRIFLEX-1,22,CHARGERS
cici,4,cici-4,12,STEELERS
LUCKYONE,6,LUCKYONE-6,6,JAGUARS
TEAM TRIFLEX,2,TEAM TRIFLEX-2,12,STEELERS
cici,5,cici-5,12,STEELERS
LUCKYONE,7,LUCKYONE-7,6,JAGUARS
TEAM TURTLE,1,TEAM TURTLE-1,12,STEELERS
cici,6,cici-6,6,JAGUARS
LUCKYONE,8,LUCKYONE-8,6,JAGUARS
Team White Tie,1,Team White Tie-1,6,JAGUARS
cici,7,cici-7,6,JAGUARS
LUCKYONE,9,LUCKYONE-9,6,JAGUARS
Team White Tie,10,Team White Tie-10,6,JAGUARS
cici,8,cici-8,6,JAGUARS
LUCKYS DEAD CRAB,1,LUCKYS DEAD CRAB-1,22,CHARGERS
Team White Tie,2,Team White Tie-2,22,CHARGERS
cici,9,cici-9,6,JAGUARS
LUCKYS DEAD CRAB,2,LUCKYS DEAD CRAB-2,22,CHARGERS
Team White Tie,3,Team White Tie-3,22,CHARGERS
CIII,1,CIII-1,22,CHARGERS
LUCKYSBARFRIENDS,1,LUCKYSBARFRIENDS-1,6,JAGUARS
Team White Tie,4,Team White Tie-4,6,JAGUARS
CIII,2,CIII-2,6,JAGUARS
LUCKYTEE12,1,LUCKYTEE12-1,6,JAGUARS
Team White Tie,5,Team White Tie-5,22,CHARGERS
CINCY RED ROSES,1,CINCY RED ROSES-1,22,CHARGERS
LUCKYTEE12,10,LUCKYTEE12-10,9,RAVENS
Team White Tie,6,Team White Tie-6,6,JAGUARS
CINCY RED ROSES,2,CINCY RED ROSES-2,6,JAGUARS
LUCKYTEE12,2,LUCKYTEE12-2,22,CHARGERS
Team White Tie,7,Team White Tie-7,22,CHARGERS
CINCYKIDS,1,CINCYKIDS-1,22,CHARGERS
LUCKYTEE12,3,LUCKYTEE12-3,6,JAGUARS
Team White Tie,8,Team White Tie-8,6,JAGUARS
CINCYWEATHERSUCKS,1,CINCYWEATHERSUCKS-1,22,CHARGERS
LUCKYTEE12,4,LUCKYTEE12-4,12,STEELERS
Team White Tie,9,Team White Tie-9,22,CHARGERS
CINNAMONSUNDAY,1,CINNAMONSUNDAY-1,6,JAGUARS
LUCKYTEE12,5,LUCKYTEE12-5,22,CHARGERS
TEAMKEY,1,TEAMKEY-1,12,STEELERS
CINNAMONSUNDAY,2,CINNAMONSUNDAY-2,6,JAGUARS
LUCKYTEE12,6,LUCKYTEE12-6,22,CHARGERS
TEAMPIZZA,1,TEAMPIZZA-1,6,JAGUARS
CINNAMONSUNDAY,3,CINNAMONSUNDAY-3,6,JAGUARS
LUCKYTEE12,7,LUCKYTEE12-7,6,JAGUARS
TEAMPIZZA,10,TEAMPIZZA-10,26,EAGLES
CINNAMONSUNDAY,4,CINNAMONSUNDAY-4,6,JAGUARS
LUCKYTEE12,8,LUCKYTEE12-8,20,LIONS
TEAMPIZZA,2,TEAMPIZZA-2,6,JAGUARS
CINNAMONSUNDAY,5,CINNAMONSUNDAY-5,6,JAGUARS
LUCKYTEE12,9,LUCKYTEE12-9,8,BENGALS
TEAMPIZZA,3,TEAMPIZZA-3,6,JAGUARS
CINNAMONSUNDAY,6,CINNAMONSUNDAY-6,6,JAGUARS
LUCY,1,LUCY-1,12,STEELERS
TEAMPIZZA,4,TEAMPIZZA-4,22,CHARGERS
CINNAMONSUNDAY,7,CINNAMONSUNDAY-7,6,JAGUARS
LUDINI,1,LUDINI-1,12,STEELERS
TEAMPIZZA,5,TEAMPIZZA-5,22,CHARGERS
CIRCA DEEZ NUGGIES,1,CIRCA DEEZ NUGGIES-1,6,JAGUARS
lue boys,1,lue boys-1,20,LIONS
TEAMPIZZA,6,TEAMPIZZA-6,22,CHARGERS
CIRCA DEEZ NUGGIES,2,CIRCA DEEZ NUGGIES-2,6,JAGUARS
lue boys,2,lue boys-2,6,JAGUARS
TEAMPIZZA,7,TEAMPIZZA-7,26,EAGLES
CIRCA DEEZ NUGGIES,3,CIRCA DEEZ NUGGIES-3,6,JAGUARS
lue boys,3,lue boys-3,22,CHARGERS
TEAMPIZZA,8,TEAMPIZZA-8,24,RAIDERS
CIRCA JERK,1,CIRCA JERK-1,22,CHARGERS
lue boys,4,lue boys-4,12,STEELERS
TEAMPIZZA,9,TEAMPIZZA-9,12,STEELERS
CIRCA JERK,2,CIRCA JERK-2,22,CHARGERS
LUFFY,1,LUFFY-1,12,STEELERS
TEAMSAUCE,1,TEAMSAUCE-1,22,CHARGERS
CIRCA JERK,3,CIRCA JERK-3,6,JAGUARS
LUFFY,2,LUFFY-2,6,JAGUARS
TEAMSAUCE,2,TEAMSAUCE-2,22,CHARGERS
CIRCA JERK,4,CIRCA JERK-4,6,JAGUARS
LULA,1,LULA-1,12,STEELERS
TEAMSAUCE,3,TEAMSAUCE-3,6,JAGUARS
CIRCA JERK,5,CIRCA JERK-5,12,STEELERS
LULA,10,LULA-10,20,LIONS
TEAMSAUCE,4,TEAMSAUCE-4,6,JAGUARS
CIRCA JERK,6,CIRCA JERK-6,20,LIONS
LULA,2,LULA-2,12,STEELERS
TEAMSAUCE,5,TEAMSAUCE-5,12,STEELERS
CIRCA JERK2,1,CIRCA JERK2-1,6,JAGUARS
LULA,3,LULA-3,12,STEELERS
TEAMSAUCE,6,TEAMSAUCE-6,12,STEELERS
CIRCA JERKZ,1,CIRCA JERKZ-1,20,LIONS
LULA,4,LULA-4,24,RAIDERS
TeamTrendar,1,TeamTrendar-1,6,JAGUARS
CIRCA JERKZ,2,CIRCA JERKZ-2,22,CHARGERS
LULA,5,LULA-5,24,RAIDERS
TEARDROP,1,TEARDROP-1,22,CHARGERS
CIRCA JERKZ,3,CIRCA JERKZ-3,22,CHARGERS
LULA,6,LULA-6,24,RAIDERS
TEBOWTIME,1,TEBOWTIME-1,20,LIONS
CIRCA JERKZ,4,CIRCA JERKZ-4,6,JAGUARS
LULA,7,LULA-7,22,CHARGERS
TEDDY & THE BOYS,1,TEDDY & THE BOYS-1,22,CHARGERS
CIRCA JERKZ,5,CIRCA JERKZ-5,6,JAGUARS
LULA,8,LULA-8,22,CHARGERS
TEDDY & THE BOYS,2,TEDDY & THE BOYS-2,22,CHARGERS
CIRCA JERKZ,6,CIRCA JERKZ-6,22,CHARGERS
LULA,9,LULA-9,22,CHARGERS
TEDDY & THE BOYS,3,TEDDY & THE BOYS-3,22,CHARGERS
CIRCA LAST CALL,1,CIRCA LAST CALL-1,20,LIONS
LULING TEXAS,1,LULING TEXAS-1,22,CHARGERS
TEDDY & THE BOYS,4,TEDDY & THE BOYS-4,6,JAGUARS
CIRCA LAST CALL,2,CIRCA LAST CALL-2,12,STEELERS
LULING TEXAS,10,LULING TEXAS-10,26,EAGLES
TEDDY & THE BOYS,5,TEDDY & THE BOYS-5,6,JAGUARS
CIRCA LAST CALL,3,CIRCA LAST CALL-3,20,LIONS
LULING TEXAS,2,LULING TEXAS-2,22,CHARGERS
TEDDY & THE BOYS,6,TEDDY & THE BOYS-6,20,LIONS
CIRCA LAST CALL,4,CIRCA LAST CALL-4,22,CHARGERS
LULING TEXAS,3,LULING TEXAS-3,22,CHARGERS
TEDDY & THE BOYS,7,TEDDY & THE BOYS-7,12,STEELERS
CIRCA SIZED,1,CIRCA SIZED-1,6,JAGUARS
LULING TEXAS,4,LULING TEXAS-4,22,CHARGERS
Teddy Bear,1,Teddy Bear-1,12,STEELERS
CIRCA SIZED,2,CIRCA SIZED-2,6,JAGUARS
LULING TEXAS,5,LULING TEXAS-5,22,CHARGERS
Teddy Bear,10,Teddy Bear-10,12,STEELERS
CIRCA SIZED,3,CIRCA SIZED-3,6,JAGUARS
LULING TEXAS,6,LULING TEXAS-6,6,JAGUARS
Teddy Bear,2,Teddy Bear-2,12,STEELERS
CIRCA SIZED,4,CIRCA SIZED-4,12,STEELERS
LULING TEXAS,7,LULING TEXAS-7,26,EAGLES
Teddy Bear,3,Teddy Bear-3,12,STEELERS
CIRCA SIZED,5,CIRCA SIZED-5,12,STEELERS
LULING TEXAS,8,LULING TEXAS-8,22,CHARGERS
Teddy Bear,4,Teddy Bear-4,12,STEELERS
Circa Specs,1,Circa Specs-1,12,STEELERS
LULING TEXAS,9,LULING TEXAS-9,6,JAGUARS
Teddy Bear,5,Teddy Bear-5,12,STEELERS
Circa Specs,2,Circa Specs-2,22,CHARGERS
lulu,1,lulu-1,6,JAGUARS
Teddy Bear,6,Teddy Bear-6,12,STEELERS
Circa Specs,3,Circa Specs-3,22,CHARGERS
lulu,10,lulu-10,6,JAGUARS
Teddy Bear,7,Teddy Bear-7,12,STEELERS
Circa Specs,4,Circa Specs-4,6,JAGUARS
lulu,2,lulu-2,6,JAGUARS
Teddy Bear,8,Teddy Bear-8,12,STEELERS
CircaJerks,1,CircaJerks-1,12,STEELERS
lulu,3,lulu-3,6,JAGUARS
Teddy Bear,9,Teddy Bear-9,12,STEELERS
CIRCAmcised,1,CIRCAmcised-1,24,RAIDERS
lulu,4,lulu-4,6,JAGUARS
teddysspecial,1,teddysspecial-1,20,LIONS
CIRCAmcised,10,CIRCAmcised-10,12,STEELERS
lulu,5,lulu-5,6,JAGUARS
teddysspecial,2,teddysspecial-2,22,CHARGERS
CIRCAmcised,2,CIRCAmcised-2,20,LIONS
lulu,6,lulu-6,6,JAGUARS
teddysspecial,3,teddysspecial-3,22,CHARGERS
CIRCAmcised,3,CIRCAmcised-3,6,JAGUARS
lulu,7,lulu-7,6,JAGUARS
teddysspecial,4,teddysspecial-4,22,CHARGERS
CIRCAmcised,4,CIRCAmcised-4,12,STEELERS
lulu,8,lulu-8,6,JAGUARS
teddysspecial,5,teddysspecial-5,22,CHARGERS
CIRCAmcised,5,CIRCAmcised-5,12,STEELERS
lulu,9,lulu-9,6,JAGUARS
TEDK,1,TEDK-1,6,JAGUARS
CIRCAmcised,6,CIRCAmcised-6,22,CHARGERS
lump lump,1,lump lump-1,6,JAGUARS
TEDK,2,TEDK-2,20,LIONS
CIRCAmcised,7,CIRCAmcised-7,6,JAGUARS
lump lump,2,lump lump-2,20,LIONS
TEE'S DS,1,TEE'S DS-1,6,JAGUARS
CIRCAmcised,8,CIRCAmcised-8,18,TITANS
lump lump,3,lump lump-3,22,CHARGERS
TEE'S DS,2,TEE'S DS-2,6,JAGUARS
CIRCAmcised,9,CIRCAmcised-9,20,LIONS
lump lump,4,lump lump-4,12,STEELERS
TEEJAYDEE,1,TEEJAYDEE-1,6,JAGUARS
circathewagons,1,circathewagons-1,22,CHARGERS
lump lump,5,lump lump-5,6,JAGUARS
TEEJAYDEE,2,TEEJAYDEE-2,20,LIONS
circathewagons,2,circathewagons-2,22,CHARGERS
LUNA 2 2026,1,LUNA 2 2026-1,12,STEELERS
TEK 001,1,TEK 001-1,6,JAGUARS
circathewagons,3,circathewagons-3,6,JAGUARS
LUNA 2026,1,LUNA 2026-1,6,JAGUARS
TEK 001,2,TEK 001-2,20,LIONS
circathewagons,4,circathewagons-4,12,STEELERS
LUNA 2026,10,LUNA 2026-10,22,CHARGERS
TELEPORTATIONEXISTS,1,TELEPORTATIONEXISTS-1,6,JAGUARS
circathewagons,5,circathewagons-5,12,STEELERS
LUNA 2026,2,LUNA 2026-2,6,JAGUARS
TELFAIRPUNTINGCOACH,1,TELFAIRPUNTINGCOACH-1,26,EAGLES
CIRCAWAUKEGANWINNER,1,CIRCAWAUKEGANWINNER-1,6,JAGUARS
LUNA 2026,3,LUNA 2026-3,6,JAGUARS
TELFAIRPUNTINGCOACH,2,TELFAIRPUNTINGCOACH-2,12,STEELERS
CIRCLE THE WAGONS,1,CIRCLE THE WAGONS-1,6,JAGUARS
LUNA 2026,4,LUNA 2026-4,6,JAGUARS
TELLURIDEMIKE,1,TELLURIDEMIKE-1,6,JAGUARS
circlethewagons,1,circlethewagons-1,6,JAGUARS
LUNA 2026,5,LUNA 2026-5,6,JAGUARS
TELLURIDEMIKE,2,TELLURIDEMIKE-2,24,RAIDERS
circlethewagons,2,circlethewagons-2,22,CHARGERS
LUNA 2026,6,LUNA 2026-6,22,CHARGERS
TELLURIDEMIKE,3,TELLURIDEMIKE-3,18,TITANS
circlethewagons,3,circlethewagons-3,22,CHARGERS
LUNA 2026,7,LUNA 2026-7,22,CHARGERS
ten the hard way,1,ten the hard way-1,26,EAGLES
CIRCUS MASTER,1,CIRCUS MASTER-1,12,STEELERS
LUNA 2026,8,LUNA 2026-8,22,CHARGERS
ten the hard way,10,ten the hard way-10,24,RAIDERS
CIRCUS MASTER,2,CIRCUS MASTER-2,12,STEELERS
LUNA 2026,9,LUNA 2026-9,22,CHARGERS
ten the hard way,2,ten the hard way-2,22,CHARGERS
CIRCUS MASTER,3,CIRCUS MASTER-3,28,VIKINGS
LUNA$GUIDO,1,LUNA$GUIDO-1,6,JAGUARS
ten the hard way,3,ten the hard way-3,24,RAIDERS
CIRCUS MASTER,4,CIRCUS MASTER-4,17,JETS
LUNA$GUIDO,2,LUNA$GUIDO-2,22,CHARGERS
ten the hard way,4,ten the hard way-4,6,JAGUARS
CITADELSG,1,CITADELSG-1,20,LIONS
LUNA$GUIDO,3,LUNA$GUIDO-3,6,JAGUARS
ten the hard way,5,ten the hard way-5,6,JAGUARS
CITADELSG,10,CITADELSG-10,20,LIONS
LUNA$GUIDO,4,LUNA$GUIDO-4,22,CHARGERS
ten the hard way,6,ten the hard way-6,6,JAGUARS
CITADELSG,2,CITADELSG-2,20,LIONS
LUNA$GUIDO,5,LUNA$GUIDO-5,22,CHARGERS
ten the hard way,7,ten the hard way-7,6,JAGUARS
CITADELSG,3,CITADELSG-3,20,LIONS
LUNA$GUIDO,6,LUNA$GUIDO-6,22,CHARGERS
ten the hard way,8,ten the hard way-8,22,CHARGERS
CITADELSG,4,CITADELSG-4,20,LIONS
LUNA$GUIDO,7,LUNA$GUIDO-7,6,JAGUARS
ten the hard way,9,ten the hard way-9,22,CHARGERS
CITADELSG,5,CITADELSG-5,20,LIONS
LUNA$GUIDO,8,LUNA$GUIDO-8,6,JAGUARS
ten yard fight,1,ten yard fight-1,12,STEELERS
CITADELSG,6,CITADELSG-6,20,LIONS
LUNATIC FARMER,1,LUNATIC FARMER-1,6,JAGUARS
TENTOZEN,1,TENTOZEN-1,6,JAGUARS
CITADELSG,7,CITADELSG-7,20,LIONS
LUNATIC FARMER,10,LUNATIC FARMER-10,22,CHARGERS
TEQUILA & COOKIES,1,TEQUILA & COOKIES-1,12,STEELERS
CITADELSG,8,CITADELSG-8,20,LIONS
LUNATIC FARMER,2,LUNATIC FARMER-2,6,JAGUARS
TERMINATOR,1,TERMINATOR-1,26,EAGLES
CITADELSG,9,CITADELSG-9,20,LIONS
LUNATIC FARMER,3,LUNATIC FARMER-3,6,JAGUARS
TERRIBLE PURPOSE,1,TERRIBLE PURPOSE-1,22,CHARGERS
CITIZENSURGEON,1,CITIZENSURGEON-1,6,JAGUARS
LUNATIC FARMER,4,LUNATIC FARMER-4,6,JAGUARS
terry,1,terry-1,22,CHARGERS
CITY SURVIVOR,1,CITY SURVIVOR-1,22,CHARGERS
LUNATIC FARMER,5,LUNATIC FARMER-5,22,CHARGERS
terry,10,terry-10,22,CHARGERS
CITY SURVIVOR,2,CITY SURVIVOR-2,12,STEELERS
LUNATIC FARMER,6,LUNATIC FARMER-6,22,CHARGERS
terry,2,terry-2,22,CHARGERS
CITY SURVIVOR,3,CITY SURVIVOR-3,22,CHARGERS
LUNATIC FARMER,7,LUNATIC FARMER-7,22,CHARGERS
terry,3,terry-3,22,CHARGERS
CITY SURVIVOR,4,CITY SURVIVOR-4,22,CHARGERS
LUNATIC FARMER,8,LUNATIC FARMER-8,22,CHARGERS
terry,4,terry-4,22,CHARGERS
CITY SURVIVOR,5,CITY SURVIVOR-5,6,JAGUARS
LUNATIC FARMER,9,LUNATIC FARMER-9,22,CHARGERS
terry,5,terry-5,22,CHARGERS
CJ'S ITALIAN ICE,1,CJ'S ITALIAN ICE-1,22,CHARGERS
"LUSH,ITCH+2WE",1,"LUSH,ITCH+2WE-1",12,STEELERS
terry,6,terry-6,22,CHARGERS
CJ'S ITALIAN ICE,10,CJ'S ITALIAN ICE-10,22,CHARGERS
"LUSH,ITCH+2WE",2,"LUSH,ITCH+2WE-2",24,RAIDERS
terry,7,terry-7,22,CHARGERS
CJ'S ITALIAN ICE,2,CJ'S ITALIAN ICE-2,22,CHARGERS
LUTZ THE REPORTER,1,LUTZ THE REPORTER-1,28,VIKINGS
terry,8,terry-8,22,CHARGERS
CJ'S ITALIAN ICE,3,CJ'S ITALIAN ICE-3,22,CHARGERS
LUTZ THE REPORTER,2,LUTZ THE REPORTER-2,12,STEELERS
terry,9,terry-9,22,CHARGERS
CJ'S ITALIAN ICE,4,CJ'S ITALIAN ICE-4,22,CHARGERS
LUXE,1,LUXE-1,12,STEELERS
Terry-OS,1,Terry-OS-1,24,RAIDERS
CJ'S ITALIAN ICE,5,CJ'S ITALIAN ICE-5,22,CHARGERS
LUXURY LUX,1,LUXURY LUX-1,6,JAGUARS
Terry-OS,10,Terry-OS-10,22,CHARGERS
CJ'S ITALIAN ICE,6,CJ'S ITALIAN ICE-6,22,CHARGERS
LV HUSKER PWR 26,1,LV HUSKER PWR 26-1,22,CHARGERS
Terry-OS,2,Terry-OS-2,24,RAIDERS
CJ'S ITALIAN ICE,7,CJ'S ITALIAN ICE-7,22,CHARGERS
LV INDY,1,LV INDY-1,22,CHARGERS
Terry-OS,3,Terry-OS-3,24,RAIDERS
CJ'S ITALIAN ICE,8,CJ'S ITALIAN ICE-8,22,CHARGERS
LV/NV,1,LV/NV-1,22,CHARGERS
Terry-OS,4,Terry-OS-4,24,RAIDERS
CJ'S ITALIAN ICE,9,CJ'S ITALIAN ICE-9,22,CHARGERS
LVCC,1,LVCC-1,12,STEELERS
Terry-OS,5,Terry-OS-5,24,RAIDERS
CJS100,1,CJS100-1,6,JAGUARS
LVCC,2,LVCC-2,6,JAGUARS
Terry-OS,6,Terry-OS-6,15,BEARS
CJS100,10,CJS100-10,26,EAGLES
LVCC,3,LVCC-3,12,STEELERS
Terry-OS,7,Terry-OS-7,6,JAGUARS
CJS100,2,CJS100-2,6,JAGUARS
LVCC,4,LVCC-4,24,RAIDERS
Terry-OS,8,Terry-OS-8,6,JAGUARS
CJS100,3,CJS100-3,6,JAGUARS
LVCC,5,LVCC-5,22,CHARGERS
Terry-OS,9,Terry-OS-9,22,CHARGERS
CJS100,4,CJS100-4,22,CHARGERS
LVHOOSIER,1,LVHOOSIER-1,6,JAGUARS
TEXAS DEGENERATES,1,TEXAS DEGENERATES-1,6,JAGUARS
CJS100,5,CJS100-5,22,CHARGERS
LVNut,1,LVNut-1,22,CHARGERS
TEXAS DEGENERATES,2,TEXAS DEGENERATES-2,6,JAGUARS
CJS100,6,CJS100-6,22,CHARGERS
LVNut,2,LVNut-2,22,CHARGERS
TEXAS DEGENERATES,3,TEXAS DEGENERATES-3,22,CHARGERS
CJS100,7,CJS100-7,20,LIONS
LVNut,3,LVNut-3,22,CHARGERS
TEXAS DEGENERATES,4,TEXAS DEGENERATES-4,22,CHARGERS
CJS100,8,CJS100-8,12,STEELERS
LVNut,4,LVNut-4,22,CHARGERS
TEXAS DEGENERATES,5,TEXAS DEGENERATES-5,20,LIONS
CJS100,9,CJS100-9,24,RAIDERS
LVNut,5,LVNut-5,22,CHARGERS
TEXAS DEGENERATES,6,TEXAS DEGENERATES-6,24,RAIDERS
CJSS,1,CJSS-1,12,STEELERS
LVP,1,LVP-1,28,VIKINGS
TEXAS HOOSIERS,1,TEXAS HOOSIERS-1,12,STEELERS
CJSS,2,CJSS-2,22,CHARGERS
LYNDARNIO,1,LYNDARNIO-1,6,JAGUARS
TEXAS HOOSIERS,2,TEXAS HOOSIERS-2,20,LIONS
CJSS,3,CJSS-3,24,RAIDERS
LYNDARNIO,10,LYNDARNIO-10,20,LIONS
TEXAS HOOSIERS,3,TEXAS HOOSIERS-3,12,STEELERS
CKAND2T'S,1,CKAND2T'S-1,20,LIONS
LYNDARNIO,2,LYNDARNIO-2,6,JAGUARS
TEXAS PIRATES,1,TEXAS PIRATES-1,6,JAGUARS
CKL,1,CKL-1,24,RAIDERS
LYNDARNIO,3,LYNDARNIO-3,6,JAGUARS
TEXAS PIRATES,2,TEXAS PIRATES-2,6,JAGUARS
CKL,10,CKL-10,12,STEELERS
LYNDARNIO,4,LYNDARNIO-4,6,JAGUARS
TEXAS PIRATES,3,TEXAS PIRATES-3,12,STEELERS
CKL,2,CKL-2,24,RAIDERS
LYNDARNIO,5,LYNDARNIO-5,6,JAGUARS
TEXAS PIRATES,4,TEXAS PIRATES-4,12,STEELERS
CKL,3,CKL-3,24,RAIDERS
LYNDARNIO,6,LYNDARNIO-6,6,JAGUARS
TEXAS PIRATES,5,TEXAS PIRATES-5,26,EAGLES
CKL,4,CKL-4,28,VIKINGS
LYNDARNIO,7,LYNDARNIO-7,6,JAGUARS
TEXAS PIRATES,6,TEXAS PIRATES-6,22,CHARGERS
CKL,5,CKL-5,12,STEELERS
LYNDARNIO,8,LYNDARNIO-8,6,JAGUARS
TEXAS STRONG,1,TEXAS STRONG-1,6,JAGUARS
CKL,6,CKL-6,12,STEELERS
LYNDARNIO,9,LYNDARNIO-9,26,EAGLES
TEXAS TAKEOVER,1,TEXAS TAKEOVER-1,20,LIONS
CKL,7,CKL-7,12,STEELERS
LYS2026Z,1,LYS2026Z-1,22,CHARGERS
TEXAS WAS YOU,1,TEXAS WAS YOU-1,22,CHARGERS
CKL,8,CKL-8,12,STEELERS
LYS2026Z,10,LYS2026Z-10,12,STEELERS
TEXASDOLLY777,1,TEXASDOLLY777-1,22,CHARGERS
CKL,9,CKL-9,12,STEELERS
LYS2026Z,2,LYS2026Z-2,22,CHARGERS
TEXASDOLLY777,10,TEXASDOLLY777-10,20,LIONS
CKSJFG,1,CKSJFG-1,6,JAGUARS
LYS2026Z,3,LYS2026Z-3,6,JAGUARS
TEXASDOLLY777,2,TEXASDOLLY777-2,22,CHARGERS
CKT SYNDICATE,1,CKT SYNDICATE-1,22,CHARGERS
LYS2026Z,4,LYS2026Z-4,6,JAGUARS
TEXASDOLLY777,3,TEXASDOLLY777-3,22,CHARGERS
CKT SYNDICATE,2,CKT SYNDICATE-2,12,STEELERS
LYS2026Z,5,LYS2026Z-5,20,LIONS
TEXASDOLLY777,4,TEXASDOLLY777-4,22,CHARGERS
CKT SYNDICATE,3,CKT SYNDICATE-3,6,JAGUARS
LYS2026Z,6,LYS2026Z-6,20,LIONS
TEXASDOLLY777,5,TEXASDOLLY777-5,6,JAGUARS
CLAIRES COLLEGE FUND,1,CLAIRES COLLEGE FUND-1,6,JAGUARS
LYS2026Z,7,LYS2026Z-7,24,RAIDERS
TEXASDOLLY777,6,TEXASDOLLY777-6,6,JAGUARS
CLAIRES COLLEGE FUND,2,CLAIRES COLLEGE FUND-2,12,STEELERS
LYS2026Z,8,LYS2026Z-8,24,RAIDERS
TEXASDOLLY777,7,TEXASDOLLY777-7,12,STEELERS
CLAIRES COLLEGE FUND,3,CLAIRES COLLEGE FUND-3,22,CHARGERS
LYS2026Z,9,LYS2026Z-9,28,VIKINGS
TEXASDOLLY777,8,TEXASDOLLY777-8,12,STEELERS
CLAIRES COLLEGE FUND,4,CLAIRES COLLEGE FUND-4,20,LIONS
M M CLUB,1,M M CLUB-1,12,STEELERS
TEXASDOLLY777,9,TEXASDOLLY777-9,20,LIONS
CLAN WOOD,1,CLAN WOOD-1,22,CHARGERS
M.D.K,1,M.D.K-1,22,CHARGERS
TEXASPILL,1,TEXASPILL-1,6,JAGUARS
CLARKSIDEOFTHEMOON,1,CLARKSIDEOFTHEMOON-1,22,CHARGERS
M.D.K,10,M.D.K-10,18,TITANS
TFRAZ,1,TFRAZ-1,6,JAGUARS
CLARKSIDEOFTHEMOON,2,CLARKSIDEOFTHEMOON-2,6,JAGUARS
M.D.K,2,M.D.K-2,22,CHARGERS
TGA81,1,TGA81-1,12,STEELERS
CLARKSIDEOFTHEMOON,3,CLARKSIDEOFTHEMOON-3,22,CHARGERS
M.D.K,3,M.D.K-3,22,CHARGERS
TGA81,2,TGA81-2,24,RAIDERS
CLAUDE,1,CLAUDE-1,6,JAGUARS
M.D.K,4,M.D.K-4,6,JAGUARS
TGILLY23,1,TGILLY23-1,22,CHARGERS
CLAYBORNETAYLOR,1,CLAYBORNETAYLOR-1,22,CHARGERS
M.D.K,5,M.D.K-5,6,JAGUARS
Th3calm,1,Th3calm-1,6,JAGUARS
CLE,1,CLE-1,20,LIONS
M.D.K,6,M.D.K-6,6,JAGUARS
Th3calm,2,Th3calm-2,6,JAGUARS
CLE,2,CLE-2,6,JAGUARS
M.D.K,7,M.D.K-7,12,STEELERS
Th3calm,3,Th3calm-3,6,JAGUARS
CLE,3,CLE-3,12,STEELERS
M.D.K,8,M.D.K-8,12,STEELERS
Th3calm,4,Th3calm-4,12,STEELERS
CLE,4,CLE-4,12,STEELERS
M.D.K,9,M.D.K-9,24,RAIDERS
Th3calm,5,Th3calm-5,12,STEELERS
CLE,5,CLE-5,22,CHARGERS
M.MAYBACH,1,M.MAYBACH-1,6,JAGUARS
THA DRAFT GOD,1,THA DRAFT GOD-1,6,JAGUARS
CLE,6,CLE-6,6,JAGUARS
M.MAYBACH,2,M.MAYBACH-2,6,JAGUARS
THANK YOUR MOTHER,1,THANK YOUR MOTHER-1,20,LIONS
CLE,7,CLE-7,22,CHARGERS
M.MAYBACH,3,M.MAYBACH-3,12,STEELERS
THANK YOUR MOTHER,2,THANK YOUR MOTHER-2,22,CHARGERS
CLE,8,CLE-8,12,STEELERS
M.MAYBACH,4,M.MAYBACH-4,24,RAIDERS
THANK YOUR MOTHER,3,THANK YOUR MOTHER-3,22,CHARGERS
CLEARWATER DUDE,1,CLEARWATER DUDE-1,12,STEELERS
M.MAYBACH,5,M.MAYBACH-5,18,TITANS
THANK YOUR MOTHER,4,THANK YOUR MOTHER-4,22,CHARGERS
CLEARWATER DUDE,2,CLEARWATER DUDE-2,22,CHARGERS
M.T.B.T.T.F.,1,M.T.B.T.T.F.-1,12,STEELERS
THANK YOUR MOTHER,5,THANK YOUR MOTHER-5,22,CHARGERS
CLEARWATER DUDE,3,CLEARWATER DUDE-3,6,JAGUARS
M.T.B.T.T.F.,2,M.T.B.T.T.F.-2,12,STEELERS
THANKSGIVING MASSACR,1,THANKSGIVING MASSACR-1,29,COWBOYS
CLEFKOF1969,1,CLEFKOF1969-1,6,JAGUARS
MA64,1,MA64-1,12,STEELERS
THANKSGIVING MASSACR,2,THANKSGIVING MASSACR-2,12,STEELERS
CLEFKOF1969,2,CLEFKOF1969-2,12,STEELERS
MA64,2,MA64-2,6,JAGUARS
THAT GRAZING TABLE,1,THAT GRAZING TABLE-1,26,EAGLES
CLEMSON RULES,1,CLEMSON RULES-1,22,CHARGERS
MAAAD STUDIOS,1,MAAAD STUDIOS-1,6,JAGUARS
THAT GRAZING TABLE,10,THAT GRAZING TABLE-10,26,EAGLES
CLEVELAND CIRCLES,1,CLEVELAND CIRCLES-1,6,JAGUARS
MAAAD STUDIOS,10,MAAAD STUDIOS-10,6,JAGUARS
THAT GRAZING TABLE,2,THAT GRAZING TABLE-2,26,EAGLES
CLEVELAND CIRCLES,2,CLEVELAND CIRCLES-2,6,JAGUARS
MAAAD STUDIOS,2,MAAAD STUDIOS-2,6,JAGUARS
THAT GRAZING TABLE,3,THAT GRAZING TABLE-3,26,EAGLES
CLEVELAND CIRCLES,3,CLEVELAND CIRCLES-3,6,JAGUARS
MAAAD STUDIOS,3,MAAAD STUDIOS-3,6,JAGUARS
THAT GRAZING TABLE,4,THAT GRAZING TABLE-4,26,EAGLES
CLEVELAND CIRCLES,4,CLEVELAND CIRCLES-4,22,CHARGERS
MAAAD STUDIOS,4,MAAAD STUDIOS-4,6,JAGUARS
THAT GRAZING TABLE,5,THAT GRAZING TABLE-5,26,EAGLES
CLEVELAND CIRCLES,5,CLEVELAND CIRCLES-5,22,CHARGERS
MAAAD STUDIOS,5,MAAAD STUDIOS-5,6,JAGUARS
THAT GRAZING TABLE,6,THAT GRAZING TABLE-6,26,EAGLES
CLEVELAND CIRCLES,6,CLEVELAND CIRCLES-6,22,CHARGERS
MAAAD STUDIOS,6,MAAAD STUDIOS-6,6,JAGUARS
THAT GRAZING TABLE,7,THAT GRAZING TABLE-7,26,EAGLES
CLEVELAND CIRCLES,7,CLEVELAND CIRCLES-7,24,RAIDERS
MAAAD STUDIOS,7,MAAAD STUDIOS-7,6,JAGUARS
THAT GRAZING TABLE,8,THAT GRAZING TABLE-8,26,EAGLES
CLEVELAND CIRCLES,8,CLEVELAND CIRCLES-8,24,RAIDERS
MAAAD STUDIOS,8,MAAAD STUDIOS-8,6,JAGUARS
THAT GRAZING TABLE,9,THAT GRAZING TABLE-9,26,EAGLES
CLEVELAND CONSORTIUM,1,CLEVELAND CONSORTIUM-1,22,CHARGERS
MAAAD STUDIOS,9,MAAAD STUDIOS-9,6,JAGUARS
THAT GUY FROM LULA,1,THAT GUY FROM LULA-1,22,CHARGERS
CLEVELAND CONSORTIUM,2,CLEVELAND CONSORTIUM-2,22,CHARGERS
MAC 216,1,MAC 216-1,6,JAGUARS
THAT'S ME,1,THAT'S ME-1,6,JAGUARS
CLEVELAND CONSORTIUM,3,CLEVELAND CONSORTIUM-3,6,JAGUARS
Mac N Dozer,1,Mac N Dozer-1,6,JAGUARS
THATS HOW,1,THATS HOW-1,6,JAGUARS
CLEVELAND STEAMERS,1,CLEVELAND STEAMERS-1,12,STEELERS
MAC,1,MAC-1,6,JAGUARS
THE 3 AMIGOS,1,THE 3 AMIGOS-1,6,JAGUARS
CLEVELAND STEAMERS,2,CLEVELAND STEAMERS-2,24,RAIDERS
MACCA24,1,MACCA24-1,22,CHARGERS
THE 3 AMIGOS,2,THE 3 AMIGOS-2,12,STEELERS
CLEVTA,1,CLEVTA-1,22,CHARGERS
MACCA24,2,MACCA24-2,22,CHARGERS
THE 3 AMIGOS,3,THE 3 AMIGOS-3,24,RAIDERS
CLEVTA,2,CLEVTA-2,12,STEELERS
MACCA24,3,MACCA24-3,24,RAIDERS
THE 4 AMISH DEGENS,1,THE 4 AMISH DEGENS-1,12,STEELERS
CLEVTA,3,CLEVTA-3,22,CHARGERS
Macdiesel,1,Macdiesel-1,6,JAGUARS
The A Team,1,The A Team-1,22,CHARGERS
CLEVTA,4,CLEVTA-4,22,CHARGERS
MACH2,1,MACH2-1,22,CHARGERS
The Accountant,1,The Accountant-1,6,JAGUARS
CLEVTA,5,CLEVTA-5,12,STEELERS
MACIAS15,1,MACIAS15-1,6,JAGUARS
THE ALL,1,THE ALL-1,26,EAGLES
CLEWMANIA,1,CLEWMANIA-1,6,JAGUARS
MACIAS15,2,MACIAS15-2,12,STEELERS
THE ALL,2,THE ALL-2,22,CHARGERS
CLEWMANIA,2,CLEWMANIA-2,12,STEELERS
MACIAS15,3,MACIAS15-3,22,CHARGERS
THE ANGRY BEAVERS,1,THE ANGRY BEAVERS-1,22,CHARGERS
CLIPICKS,1,CLIPICKS-1,22,CHARGERS
Mack Money,1,Mack Money-1,3,49ERS
THE ARK,1,THE ARK-1,12,STEELERS
CLIPICKS,2,CLIPICKS-2,6,JAGUARS
MAD DOG 0311,1,MAD DOG 0311-1,24,RAIDERS
THE ART OF LOSING,1,THE ART OF LOSING-1,22,CHARGERS
Clocker,1,Clocker-1,6,JAGUARS
MAD JAX,1,MAD JAX-1,22,CHARGERS
THE BABADOOK,1,THE BABADOOK-1,12,STEELERS
Clocker,2,Clocker-2,12,STEELERS
MAD JAX,2,MAD JAX-2,6,JAGUARS
THE BABADOOK,2,THE BABADOOK-2,20,LIONS
CLOQ,1,CLOQ-1,24,RAIDERS
MAD JAX,3,MAD JAX-3,12,STEELERS
THE BABADOOK,3,THE BABADOOK-3,6,JAGUARS
CLOUD 76,1,CLOUD 76-1,20,LIONS
MAD PARLAY PIRATES,1,MAD PARLAY PIRATES-1,3,49ERS
THE BABADOOK,4,THE BABADOOK-4,12,STEELERS
CLOWNPUTER,1,CLOWNPUTER-1,22,CHARGERS
MAD RUSSIAN,1,MAD RUSSIAN-1,18,TITANS
THE BALLR,1,THE BALLR-1,24,RAIDERS
CLOWNPUTER,2,CLOWNPUTER-2,22,CHARGERS
MAD RUSSIAN,10,MAD RUSSIAN-10,22,CHARGERS
THE BALLR,10,THE BALLR-10,24,RAIDERS
CLUB 0S0,1,CLUB 0S0-1,12,STEELERS
MAD RUSSIAN,2,MAD RUSSIAN-2,12,STEELERS
THE BALLR,2,THE BALLR-2,24,RAIDERS
CLUB 0S0,10,CLUB 0S0-10,17,JETS
MAD RUSSIAN,3,MAD RUSSIAN-3,12,STEELERS
THE BALLR,3,THE BALLR-3,24,RAIDERS
CLUB 0S0,2,CLUB 0S0-2,12,STEELERS
MAD RUSSIAN,4,MAD RUSSIAN-4,6,JAGUARS
THE BALLR,4,THE BALLR-4,24,RAIDERS
CLUB 0S0,3,CLUB 0S0-3,12,STEELERS
MAD RUSSIAN,5,MAD RUSSIAN-5,6,JAGUARS
THE BALLR,5,THE BALLR-5,24,RAIDERS
CLUB 0S0,4,CLUB 0S0-4,12,STEELERS
MAD RUSSIAN,6,MAD RUSSIAN-6,6,JAGUARS
THE BALLR,6,THE BALLR-6,24,RAIDERS
CLUB 0S0,5,CLUB 0S0-5,6,JAGUARS
MAD RUSSIAN,7,MAD RUSSIAN-7,6,JAGUARS
THE BALLR,7,THE BALLR-7,24,RAIDERS
CLUB 0S0,6,CLUB 0S0-6,6,JAGUARS
MAD RUSSIAN,8,MAD RUSSIAN-8,22,CHARGERS
THE BALLR,8,THE BALLR-8,24,RAIDERS
CLUB 0S0,7,CLUB 0S0-7,6,JAGUARS
MAD RUSSIAN,9,MAD RUSSIAN-9,22,CHARGERS
THE BALLR,9,THE BALLR-9,24,RAIDERS
CLUB 0S0,8,CLUB 0S0-8,6,JAGUARS
MADAY,1,MADAY-1,22,CHARGERS
THE BERNMEISTER,1,THE BERNMEISTER-1,22,CHARGERS
CLUB 0S0,9,CLUB 0S0-9,24,RAIDERS
MADBOOTSZOEBUB,1,MADBOOTSZOEBUB-1,22,CHARGERS
THE BERNMEISTER,2,THE BERNMEISTER-2,6,JAGUARS
CLUB 432,1,CLUB 432-1,22,CHARGERS
MADBOOTSZOEBUB,2,MADBOOTSZOEBUB-2,6,JAGUARS
The Big Bamboo,1,The Big Bamboo-1,6,JAGUARS
CLUB ROY,1,CLUB ROY-1,22,CHARGERS
MADCOW,1,MADCOW-1,12,STEELERS
THE BIG BANANAS,1,THE BIG BANANAS-1,22,CHARGERS
CLUB313,1,CLUB313-1,26,EAGLES
MADD CAY & CO,1,MADD CAY & CO-1,6,JAGUARS
THE BIG BANANAS,2,THE BIG BANANAS-2,6,JAGUARS
CLUB313,10,CLUB313-10,24,RAIDERS
MAdDOG,1,MAdDOG-1,22,CHARGERS
THE BIG BANANAS,3,THE BIG BANANAS-3,22,CHARGERS
CLUB313,2,CLUB313-2,26,EAGLES
MAdDOG,10,MAdDOG-10,12,STEELERS
THE BIG FISH 716,1,THE BIG FISH 716-1,6,JAGUARS
CLUB313,3,CLUB313-3,6,JAGUARS
MAdDOG,2,MAdDOG-2,22,CHARGERS
THE BIG SIX,1,THE BIG SIX-1,20,LIONS
CLUB313,4,CLUB313-4,6,JAGUARS
MAdDOG,3,MAdDOG-3,22,CHARGERS
THE BIG SIX,2,THE BIG SIX-2,20,LIONS
CLUB313,5,CLUB313-5,6,JAGUARS
MAdDOG,4,MAdDOG-4,22,CHARGERS
THE BIG SIX,3,THE BIG SIX-3,6,JAGUARS
CLUB313,6,CLUB313-6,12,STEELERS
MAdDOG,5,MAdDOG-5,22,CHARGERS
THE BIG SIX,4,THE BIG SIX-4,6,JAGUARS
CLUB313,7,CLUB313-7,12,STEELERS
MAdDOG,6,MAdDOG-6,6,JAGUARS
THE BIG SIX,5,THE BIG SIX-5,22,CHARGERS
CLUB313,8,CLUB313-8,22,CHARGERS
MAdDOG,7,MAdDOG-7,6,JAGUARS
THE BIG SIX,6,THE BIG SIX-6,22,CHARGERS
CLUB313,9,CLUB313-9,22,CHARGERS
MAdDOG,8,MAdDOG-8,6,JAGUARS
THE BIG TUNA,1,THE BIG TUNA-1,6,JAGUARS
CLUBKID312,1,CLUBKID312-1,22,CHARGERS
MAdDOG,9,MAdDOG-9,12,STEELERS
THE BISTRO EFFECT,1,THE BISTRO EFFECT-1,22,CHARGERS
CLUBKID312,2,CLUBKID312-2,6,JAGUARS
MADDOG2388,1,MADDOG2388-1,22,CHARGERS
the bkn,1,the bkn-1,6,JAGUARS
CluckN4Kicks,1,CluckN4Kicks-1,22,CHARGERS
MADDOG2388,2,MADDOG2388-2,6,JAGUARS
THE BLACK DEVIL,1,THE BLACK DEVIL-1,26,EAGLES
CluckN4Kicks,2,CluckN4Kicks-2,6,JAGUARS
MADDOG2388,3,MADDOG2388-3,12,STEELERS
THE BLACK DEVIL,2,THE BLACK DEVIL-2,22,CHARGERS
CLUELESS,1,CLUELESS-1,12,STEELERS
MADEINTAIWAN,1,MADEINTAIWAN-1,12,STEELERS
THE BLACK DEVIL,3,THE BLACK DEVIL-3,22,CHARGERS
CLUELESS,2,CLUELESS-2,6,JAGUARS
MADEINTAIWAN,10,MADEINTAIWAN-10,12,STEELERS
THE BLACK DEVIL,4,THE BLACK DEVIL-4,6,JAGUARS
clyde-frog,1,clyde-frog-1,6,JAGUARS
MADEINTAIWAN,2,MADEINTAIWAN-2,12,STEELERS
THE BLENDER,1,THE BLENDER-1,20,LIONS
clyde-frog,2,clyde-frog-2,22,CHARGERS
MADEINTAIWAN,3,MADEINTAIWAN-3,12,STEELERS
THE BLENDER,2,THE BLENDER-2,12,STEELERS
CMacbets,1,CMacbets-1,6,JAGUARS
MADEINTAIWAN,4,MADEINTAIWAN-4,12,STEELERS
THE BLENDER,3,THE BLENDER-3,24,RAIDERS
CMacbets,10,CMacbets-10,6,JAGUARS
MADEINTAIWAN,5,MADEINTAIWAN-5,12,STEELERS
THE BLENDER,4,THE BLENDER-4,12,STEELERS
CMacbets,2,CMacbets-2,6,JAGUARS
MADEINTAIWAN,6,MADEINTAIWAN-6,12,STEELERS
THE BLENDER,5,THE BLENDER-5,15,BEARS
CMacbets,3,CMacbets-3,6,JAGUARS
MADEINTAIWAN,7,MADEINTAIWAN-7,12,STEELERS
THE BLENDER,6,THE BLENDER-6,26,EAGLES
CMacbets,4,CMacbets-4,6,JAGUARS
MADEINTAIWAN,8,MADEINTAIWAN-8,12,STEELERS
THE BOARDROOM,1,THE BOARDROOM-1,22,CHARGERS
CMacbets,5,CMacbets-5,6,JAGUARS
MADEINTAIWAN,9,MADEINTAIWAN-9,12,STEELERS
THE BOARDROOM,2,THE BOARDROOM-2,6,JAGUARS
CMacbets,6,CMacbets-6,6,JAGUARS
MADISON BEER,1,MADISON BEER-1,22,CHARGERS
THE BOARDROOM,3,THE BOARDROOM-3,22,CHARGERS
CMacbets,7,CMacbets-7,6,JAGUARS
MADISON BEER,2,MADISON BEER-2,12,STEELERS
the boys#1,1,the boys#1-1,12,STEELERS
CMacbets,8,CMacbets-8,6,JAGUARS
MADJAC,1,MADJAC-1,24,RAIDERS
the boys#1,10,the boys#1-10,22,CHARGERS
CMacbets,9,CMacbets-9,6,JAGUARS
MADJAC,2,MADJAC-2,12,STEELERS
the boys#1,2,the boys#1-2,20,LIONS
CMALAMUT,1,CMALAMUT-1,6,JAGUARS
MADJAC,3,MADJAC-3,12,STEELERS
the boys#1,3,the boys#1-3,24,RAIDERS
CMAMOULELIS,1,CMAMOULELIS-1,6,JAGUARS
MADJAC,4,MADJAC-4,6,JAGUARS
the boys#1,4,the boys#1-4,22,CHARGERS
CMAMOULELIS,2,CMAMOULELIS-2,12,STEELERS
MADJAC,5,MADJAC-5,17,JETS
the boys#1,5,the boys#1-5,6,JAGUARS
CMAMOULELIS,3,CMAMOULELIS-3,22,CHARGERS
MADMAN CLUB,1,MADMAN CLUB-1,12,STEELERS
the boys#1,6,the boys#1-6,6,JAGUARS
CMASE,1,CMASE-1,6,JAGUARS
MADMAN CLUB,2,MADMAN CLUB-2,6,JAGUARS
the boys#1,7,the boys#1-7,22,CHARGERS
CMASE,10,CMASE-10,24,RAIDERS
MADMAX,1,MADMAX-1,6,JAGUARS
the boys#1,8,the boys#1-8,12,STEELERS
CMASE,2,CMASE-2,6,JAGUARS
MADMAX,2,MADMAX-2,6,JAGUARS
the boys#1,9,the boys#1-9,6,JAGUARS
CMASE,3,CMASE-3,6,JAGUARS
MADMAX,3,MADMAX-3,12,STEELERS
the boys,1,the boys-1,22,CHARGERS
CMASE,4,CMASE-4,6,JAGUARS
MADMAX,4,MADMAX-4,12,STEELERS
the boys,2,the boys-2,22,CHARGERS
CMASE,5,CMASE-5,22,CHARGERS
MADMAX,5,MADMAX-5,22,CHARGERS
the boys,3,the boys-3,12,STEELERS
CMASE,6,CMASE-6,22,CHARGERS
Maebeamillionaire,1,Maebeamillionaire-1,6,JAGUARS
the boys,4,the boys-4,6,JAGUARS
CMASE,7,CMASE-7,22,CHARGERS
MAGA BROS,1,MAGA BROS-1,22,CHARGERS
THE BRAINTRUST,1,THE BRAINTRUST-1,22,CHARGERS
CMASE,8,CMASE-8,22,CHARGERS
MAGA BROS,10,MAGA BROS-10,23,DOLPHINS
THE BRAINTRUST,2,THE BRAINTRUST-2,22,CHARGERS
CMASE,9,CMASE-9,24,RAIDERS
MAGA BROS,2,MAGA BROS-2,22,CHARGERS
THE BUDS BLITZ,1,THE BUDS BLITZ-1,12,STEELERS
CMD,1,CMD-1,26,EAGLES
MAGA BROS,3,MAGA BROS-3,22,CHARGERS
THE BULGARIAN BANDIT,1,THE BULGARIAN BANDIT-1,22,CHARGERS
CMONEY,1,CMONEY-1,12,STEELERS
MAGA BROS,4,MAGA BROS-4,20,LIONS
THE CARBOHYDRATES,1,THE CARBOHYDRATES-1,6,JAGUARS
CMONEY,2,CMONEY-2,6,JAGUARS
MAGA BROS,5,MAGA BROS-5,20,LIONS
THE CATHOLICS,1,THE CATHOLICS-1,6,JAGUARS
CMONEY,3,CMONEY-3,12,STEELERS
MAGA BROS,6,MAGA BROS-6,20,LIONS
THE CHOPSHOP,1,THE CHOPSHOP-1,6,JAGUARS
Cnc321AllIn,1,Cnc321AllIn-1,22,CHARGERS
MAGA BROS,7,MAGA BROS-7,6,JAGUARS
THE CHOPSHOP,2,THE CHOPSHOP-2,6,JAGUARS
Cnc321AllIn,2,Cnc321AllIn-2,6,JAGUARS
MAGA BROS,8,MAGA BROS-8,6,JAGUARS
THE CHOSEN WON-S,1,THE CHOSEN WON-S-1,22,CHARGERS
Cnc321AllIn,3,Cnc321AllIn-3,24,RAIDERS
MAGA BROS,9,MAGA BROS-9,6,JAGUARS
THE CINCINNATI KID,1,THE CINCINNATI KID-1,6,JAGUARS
COACH GENEHAMM,1,COACH GENEHAMM-1,12,STEELERS
MAGIAMONI,1,MAGIAMONI-1,26,EAGLES
THE CLAIRVOYANT,1,THE CLAIRVOYANT-1,6,JAGUARS
COACH GENEHAMM,2,COACH GENEHAMM-2,6,JAGUARS
MAGIAMONI,2,MAGIAMONI-2,6,JAGUARS
THE CLAIRVOYANT,2,THE CLAIRVOYANT-2,6,JAGUARS
COACH GENEHAMM,3,COACH GENEHAMM-3,26,EAGLES
MAGIC 8 BALL SAYS,1,MAGIC 8 BALL SAYS-1,22,CHARGERS
THE CLAIRVOYANT,3,THE CLAIRVOYANT-3,12,STEELERS
COACH GENEHAMM,4,COACH GENEHAMM-4,22,CHARGERS
MAGIC 8 BALL SAYS,2,MAGIC 8 BALL SAYS-2,6,JAGUARS
THE CLAIRVOYANT,4,THE CLAIRVOYANT-4,12,STEELERS
COACH GENEHAMM,5,COACH GENEHAMM-5,22,CHARGERS
MAGIC 8 BALL SAYS,3,MAGIC 8 BALL SAYS-3,20,LIONS
THE CLAIRVOYANT,5,THE CLAIRVOYANT-5,12,STEELERS
COACH711,1,COACH711-1,20,LIONS
MAGICMAN13,1,MAGICMAN13-1,22,CHARGERS
THE CLAIRVOYANT,6,THE CLAIRVOYANT-6,22,CHARGERS
Coast 2 Coast,1,Coast 2 Coast-1,12,STEELERS
MAGICMAN13,2,MAGICMAN13-2,20,LIONS
THE CLARK HORSE,1,THE CLARK HORSE-1,12,STEELERS
COBEEZ,1,COBEEZ-1,20,LIONS
MAGICMUSCLEMIKE,1,MAGICMUSCLEMIKE-1,22,CHARGERS
The Clown Clan,1,The Clown Clan-1,17,JETS
COBEEZ,2,COBEEZ-2,29,COWBOYS
MAGICMUSCLEMIKE,2,MAGICMUSCLEMIKE-2,22,CHARGERS
The Clown Clan,2,The Clown Clan-2,24,RAIDERS
COBEEZ,3,COBEEZ-3,12,STEELERS
MAGICMUSCLEMIKE,3,MAGICMUSCLEMIKE-3,22,CHARGERS
The Clown Clan,3,The Clown Clan-3,12,STEELERS
COBEEZ,4,COBEEZ-4,22,CHARGERS
MAGICMUSCLEMIKE,4,MAGICMUSCLEMIKE-4,6,JAGUARS
The Clown Clan,4,The Clown Clan-4,22,CHARGERS
COBIA SPORTS,1,COBIA SPORTS-1,22,CHARGERS
MAGICMUSCLEMIKE,5,MAGICMUSCLEMIKE-5,6,JAGUARS
The Clown Clan,5,The Clown Clan-5,26,EAGLES
COBIA SPORTS,2,COBIA SPORTS-2,22,CHARGERS
MAGICMUSCLEMIKE,6,MAGICMUSCLEMIKE-6,6,JAGUARS
The Clown Clan,6,The Clown Clan-6,28,VIKINGS
COBIA SPORTS,3,COBIA SPORTS-3,12,STEELERS
MAGUFF,1,MAGUFF-1,22,CHARGERS
The Clown Clan,7,The Clown Clan-7,22,CHARGERS
COBIA SPORTS,4,COBIA SPORTS-4,6,JAGUARS
MAGUFF,2,MAGUFF-2,22,CHARGERS
The Clown Clan,8,The Clown Clan-8,26,EAGLES
COBRAKAI,1,COBRAKAI-1,20,LIONS
MAHOMIESKC,1,MAHOMIESKC-1,22,CHARGERS
THE COLOMBIAN,1,THE COLOMBIAN-1,22,CHARGERS
COBRAKAI,2,COBRAKAI-2,20,LIONS
MAHONING VALLEY KID,1,MAHONING VALLEY KID-1,6,JAGUARS
THE COLOMBIAN,2,THE COLOMBIAN-2,6,JAGUARS
COBRAKAI,3,COBRAKAI-3,20,LIONS
MAHONING VALLEY KID,2,MAHONING VALLEY KID-2,22,CHARGERS
THE COLOMBIAN,3,THE COLOMBIAN-3,22,CHARGERS
COBRAKAI,4,COBRAKAI-4,22,CHARGERS
MAIN DRAIN,1,MAIN DRAIN-1,12,STEELERS
THE COLOMBIAN,4,THE COLOMBIAN-4,26,EAGLES
COBRAKAI,5,COBRAKAI-5,6,JAGUARS
MAIN DRAIN,2,MAIN DRAIN-2,6,JAGUARS
THE COMMONWEALTH,1,THE COMMONWEALTH-1,22,CHARGERS
COCESARYUME,1,COCESARYUME-1,12,STEELERS
MAIN DRAIN,3,MAIN DRAIN-3,22,CHARGERS
THE COMMONWEALTH,2,THE COMMONWEALTH-2,12,STEELERS
COCESARYUME,10,COCESARYUME-10,12,STEELERS
MAIN DRAIN,4,MAIN DRAIN-4,22,CHARGERS
THE COMMONWEALTH,3,THE COMMONWEALTH-3,24,RAIDERS
COCESARYUME,2,COCESARYUME-2,6,JAGUARS
MAJESTIC GOAT,1,MAJESTIC GOAT-1,22,CHARGERS
THE COMMONWEALTH,4,THE COMMONWEALTH-4,20,LIONS
COCESARYUME,3,COCESARYUME-3,20,LIONS
MAJESTIC GOAT,10,MAJESTIC GOAT-10,12,STEELERS
THE COMMONWEALTH,5,THE COMMONWEALTH-5,22,CHARGERS
COCESARYUME,4,COCESARYUME-4,22,CHARGERS
MAJESTIC GOAT,2,MAJESTIC GOAT-2,22,CHARGERS
THE COMMONWEALTH,6,THE COMMONWEALTH-6,6,JAGUARS
COCESARYUME,5,COCESARYUME-5,22,CHARGERS
MAJESTIC GOAT,3,MAJESTIC GOAT-3,22,CHARGERS
THE COMMONWEALTH,7,THE COMMONWEALTH-7,6,JAGUARS
COCESARYUME,6,COCESARYUME-6,6,JAGUARS
MAJESTIC GOAT,4,MAJESTIC GOAT-4,6,JAGUARS
THE COMMONWEALTH,8,THE COMMONWEALTH-8,6,JAGUARS
COCESARYUME,7,COCESARYUME-7,20,LIONS
MAJESTIC GOAT,5,MAJESTIC GOAT-5,6,JAGUARS
THE COMPOUND,1,THE COMPOUND-1,20,LIONS
COCESARYUME,8,COCESARYUME-8,20,LIONS
MAJESTIC GOAT,6,MAJESTIC GOAT-6,6,JAGUARS
THE COMPOUND,10,THE COMPOUND-10,6,JAGUARS
COCESARYUME,9,COCESARYUME-9,6,JAGUARS
MAJESTIC GOAT,7,MAJESTIC GOAT-7,20,LIONS
THE COMPOUND,2,THE COMPOUND-2,20,LIONS
COCO DA MONKEY,1,COCO DA MONKEY-1,6,JAGUARS
MAJESTIC GOAT,8,MAJESTIC GOAT-8,20,LIONS
THE COMPOUND,3,THE COMPOUND-3,6,JAGUARS
COCO DA MONKEY,10,COCO DA MONKEY-10,22,CHARGERS
MAJESTIC GOAT,9,MAJESTIC GOAT-9,26,EAGLES
THE COMPOUND,4,THE COMPOUND-4,6,JAGUARS
COCO DA MONKEY,2,COCO DA MONKEY-2,6,JAGUARS
Make it to week 4,1,Make it to week 4-1,22,CHARGERS
THE COMPOUND,5,THE COMPOUND-5,6,JAGUARS
COCO DA MONKEY,3,COCO DA MONKEY-3,6,JAGUARS
MAKNMONEYMAN,1,MAKNMONEYMAN-1,6,JAGUARS
THE COMPOUND,6,THE COMPOUND-6,6,JAGUARS
COCO DA MONKEY,4,COCO DA MONKEY-4,6,JAGUARS
MAKS DADDY,1,MAKS DADDY-1,6,JAGUARS
THE COMPOUND,7,THE COMPOUND-7,6,JAGUARS
COCO DA MONKEY,5,COCO DA MONKEY-5,6,JAGUARS
MAKS DADDY,2,MAKS DADDY-2,22,CHARGERS
THE COMPOUND,8,THE COMPOUND-8,6,JAGUARS
COCO DA MONKEY,6,COCO DA MONKEY-6,22,CHARGERS
MAKS DADDY,3,MAKS DADDY-3,12,STEELERS
THE COMPOUND,9,THE COMPOUND-9,6,JAGUARS
COCO DA MONKEY,7,COCO DA MONKEY-7,22,CHARGERS
MAKS DADDY,4,MAKS DADDY-4,24,RAIDERS
THE CONDOR XS,1,THE CONDOR XS-1,20,LIONS
COCO DA MONKEY,8,COCO DA MONKEY-8,22,CHARGERS
MAKS DADDY,5,MAKS DADDY-5,6,JAGUARS
THE COOLER,1,THE COOLER-1,22,CHARGERS
COCO DA MONKEY,9,COCO DA MONKEY-9,22,CHARGERS
MAKS DADDY,6,MAKS DADDY-6,12,STEELERS
THE COOLER,2,THE COOLER-2,6,JAGUARS
COCO LOCO,1,COCO LOCO-1,22,CHARGERS
MAKS DADDY,7,MAKS DADDY-7,26,EAGLES
THE COOLER,3,THE COOLER-3,22,CHARGERS
COCO LOCO,2,COCO LOCO-2,22,CHARGERS
MALAKA 98675,1,MALAKA 98675-1,24,RAIDERS
THE COOLER,4,THE COOLER-4,6,JAGUARS
COCO LOCO,3,COCO LOCO-3,12,STEELERS
MALAKA 98675,2,MALAKA 98675-2,12,STEELERS
THE COOLER,5,THE COOLER-5,22,CHARGERS
COCO LOCO,4,COCO LOCO-4,6,JAGUARS
MALAKA 98675,3,MALAKA 98675-3,22,CHARGERS
THE COOLER,6,THE COOLER-6,6,JAGUARS
CODA,1,CODA-1,22,CHARGERS
MALOLEY1,1,MALOLEY1-1,22,CHARGERS
The Coopster,1,The Coopster-1,22,CHARGERS
Code 6 Charles,1,Code 6 Charles-1,12,STEELERS
MALOWE,1,MALOWE-1,22,CHARGERS
The Coopster,2,The Coopster-2,22,CHARGERS
Code 6 Charles,2,Code 6 Charles-2,6,JAGUARS
MALOWE,10,MALOWE-10,6,JAGUARS
The Coopster,3,The Coopster-3,6,JAGUARS
CODEMAN,1,CODEMAN-1,22,CHARGERS
MALOWE,2,MALOWE-2,22,CHARGERS
The Crew 26,1,The Crew 26-1,22,CHARGERS
CODEMAN,10,CODEMAN-10,22,CHARGERS
MALOWE,3,MALOWE-3,22,CHARGERS
The Crew 26,2,The Crew 26-2,6,JAGUARS
CODEMAN,2,CODEMAN-2,22,CHARGERS
MALOWE,4,MALOWE-4,22,CHARGERS
The Crew,1,The Crew-1,22,CHARGERS
CODEMAN,3,CODEMAN-3,22,CHARGERS
MALOWE,5,MALOWE-5,12,STEELERS
The Crew,2,The Crew-2,22,CHARGERS
CODEMAN,4,CODEMAN-4,22,CHARGERS
MALOWE,6,MALOWE-6,12,STEELERS
The Crew,3,The Crew-3,12,STEELERS
CODEMAN,5,CODEMAN-5,22,CHARGERS
MALOWE,7,MALOWE-7,12,STEELERS
The Crew,4,The Crew-4,22,CHARGERS
CODEMAN,6,CODEMAN-6,22,CHARGERS
MALOWE,8,MALOWE-8,12,STEELERS
The Crew,5,The Crew-5,6,JAGUARS
CODEMAN,7,CODEMAN-7,22,CHARGERS
MALOWE,9,MALOWE-9,6,JAGUARS
The Crew,6,The Crew-6,12,STEELERS
CODEMAN,8,CODEMAN-8,22,CHARGERS
MAMA SHARK,1,MAMA SHARK-1,22,CHARGERS
The Dam Fund,1,The Dam Fund-1,12,STEELERS
CODEMAN,9,CODEMAN-9,22,CHARGERS
MAMA SHARK,10,MAMA SHARK-10,4,RAMS
The Dam Fund,10,The Dam Fund-10,24,RAIDERS
CODY CECI FAN 123,1,CODY CECI FAN 123-1,22,CHARGERS
MAMA SHARK,2,MAMA SHARK-2,22,CHARGERS
The Dam Fund,2,The Dam Fund-2,12,STEELERS
CODY CECI FAN 123,10,CODY CECI FAN 123-10,22,CHARGERS
MAMA SHARK,3,MAMA SHARK-3,22,CHARGERS
The Dam Fund,3,The Dam Fund-3,12,STEELERS
CODY CECI FAN 123,2,CODY CECI FAN 123-2,22,CHARGERS
MAMA SHARK,4,MAMA SHARK-4,6,JAGUARS
The Dam Fund,4,The Dam Fund-4,12,STEELERS
CODY CECI FAN 123,3,CODY CECI FAN 123-3,22,CHARGERS
MAMA SHARK,5,MAMA SHARK-5,6,JAGUARS
The Dam Fund,5,The Dam Fund-5,12,STEELERS
CODY CECI FAN 123,4,CODY CECI FAN 123-4,22,CHARGERS
MAMA SHARK,6,MAMA SHARK-6,6,JAGUARS
The Dam Fund,6,The Dam Fund-6,6,JAGUARS
CODY CECI FAN 123,5,CODY CECI FAN 123-5,22,CHARGERS
MAMA SHARK,7,MAMA SHARK-7,26,EAGLES
The Dam Fund,7,The Dam Fund-7,8,BENGALS
CODY CECI FAN 123,6,CODY CECI FAN 123-6,22,CHARGERS
MAMA SHARK,8,MAMA SHARK-8,26,EAGLES
The Dam Fund,8,The Dam Fund-8,9,RAVENS
CODY CECI FAN 123,7,CODY CECI FAN 123-7,22,CHARGERS
MAMA SHARK,9,MAMA SHARK-9,4,RAMS
The Dam Fund,9,The Dam Fund-9,22,CHARGERS
CODY CECI FAN 123,8,CODY CECI FAN 123-8,22,CHARGERS
MAMA SHARK2,1,MAMA SHARK2-1,22,CHARGERS
THE DAWN,1,THE DAWN-1,22,CHARGERS
CODY CECI FAN 123,9,CODY CECI FAN 123-9,22,CHARGERS
MAMA SHARK2,2,MAMA SHARK2-2,6,JAGUARS
THE DAWN,2,THE DAWN-2,17,JETS
CODY7BRANDON,1,CODY7BRANDON-1,12,STEELERS
MAMARUE'S DREAM,1,MAMARUE'S DREAM-1,22,CHARGERS
The Don,1,The Don-1,22,CHARGERS
CODY7BRANDON,10,CODY7BRANDON-10,12,STEELERS
MAMATOLDMENOTTO,1,MAMATOLDMENOTTO-1,20,LIONS
The Don,2,The Don-2,20,LIONS
CODY7BRANDON,2,CODY7BRANDON-2,12,STEELERS
MAMATOLDMENOTTO,2,MAMATOLDMENOTTO-2,6,JAGUARS
The Don,3,The Don-3,6,JAGUARS
CODY7BRANDON,3,CODY7BRANDON-3,12,STEELERS
MAMBA 222,1,MAMBA 222-1,6,JAGUARS
The Don,4,The Don-4,6,JAGUARS
CODY7BRANDON,4,CODY7BRANDON-4,12,STEELERS
MAMBA 222,2,MAMBA 222-2,8,BENGALS
The Doodle Dynasty,1,The Doodle Dynasty-1,6,JAGUARS
CODY7BRANDON,5,CODY7BRANDON-5,12,STEELERS
MAMBA 222,3,MAMBA 222-3,24,RAIDERS
The Doodle Dynasty,2,The Doodle Dynasty-2,22,CHARGERS
CODY7BRANDON,6,CODY7BRANDON-6,12,STEELERS
MAMBA 222,4,MAMBA 222-4,6,JAGUARS
The Doodle Dynasty,3,The Doodle Dynasty-3,24,RAIDERS
CODY7BRANDON,7,CODY7BRANDON-7,12,STEELERS
MAMBA 222,5,MAMBA 222-5,22,CHARGERS
The Doodle Dynasty,4,The Doodle Dynasty-4,22,CHARGERS
CODY7BRANDON,8,CODY7BRANDON-8,12,STEELERS
MAMBA 222,6,MAMBA 222-6,6,JAGUARS
The Doodle Dynasty,5,The Doodle Dynasty-5,6,JAGUARS
CODY7BRANDON,9,CODY7BRANDON-9,12,STEELERS
MAMBA 222,7,MAMBA 222-7,12,STEELERS
The Doodle Dynasty,6,The Doodle Dynasty-6,18,TITANS
COINFLIPPER,1,COINFLIPPER-1,20,LIONS
Mamba,1,Mamba-1,20,LIONS
THE DREW CARRIE SHOW,1,THE DREW CARRIE SHOW-1,12,STEELERS
COINFLIPPER,10,COINFLIPPER-10,12,STEELERS
Mamba,2,Mamba-2,20,LIONS
THE DREW CARRIE SHOW,2,THE DREW CARRIE SHOW-2,6,JAGUARS
COINFLIPPER,2,COINFLIPPER-2,20,LIONS
Mamba,3,Mamba-3,22,CHARGERS
THE DROP,1,THE DROP-1,12,STEELERS
COINFLIPPER,3,COINFLIPPER-3,20,LIONS
Mamba,4,Mamba-4,22,CHARGERS
THE DROP,10,THE DROP-10,22,CHARGERS
COINFLIPPER,4,COINFLIPPER-4,20,LIONS
Mamba,5,Mamba-5,26,EAGLES
THE DROP,2,THE DROP-2,12,STEELERS
COINFLIPPER,5,COINFLIPPER-5,20,LIONS
Mamba,6,Mamba-6,6,JAGUARS
THE DROP,3,THE DROP-3,12,STEELERS
COINFLIPPER,6,COINFLIPPER-6,20,LIONS
MANAMOBILE,1,MANAMOBILE-1,6,JAGUARS
THE DROP,4,THE DROP-4,6,JAGUARS
COINFLIPPER,7,COINFLIPPER-7,12,STEELERS
MANANDWIFI,1,MANANDWIFI-1,12,STEELERS
THE DROP,5,THE DROP-5,6,JAGUARS
COINFLIPPER,8,COINFLIPPER-8,12,STEELERS
MANGO FAM,1,MANGO FAM-1,22,CHARGERS
THE DROP,6,THE DROP-6,6,JAGUARS
COINFLIPPER,9,COINFLIPPER-9,12,STEELERS
MANIFEST,1,MANIFEST-1,12,STEELERS
THE DROP,7,THE DROP-7,22,CHARGERS
COJONES,1,COJONES-1,12,STEELERS
MANIFESTING WINNERS,1,MANIFESTING WINNERS-1,17,JETS
THE DROP,8,THE DROP-8,20,LIONS
COJONES,2,COJONES-2,22,CHARGERS
MANIFESTING WINNERS,10,MANIFESTING WINNERS-10,6,JAGUARS
THE DROP,9,THE DROP-9,22,CHARGERS
COJONES,3,COJONES-3,6,JAGUARS
MANIFESTING WINNERS,2,MANIFESTING WINNERS-2,20,LIONS
The Duck Knight,1,The Duck Knight-1,22,CHARGERS
COLDBEAR,1,COLDBEAR-1,22,CHARGERS
MANIFESTING WINNERS,3,MANIFESTING WINNERS-3,22,CHARGERS
THE DUCK,1,THE DUCK-1,12,STEELERS
COLLEGE FUND,1,COLLEGE FUND-1,24,RAIDERS
MANIFESTING WINNERS,4,MANIFESTING WINNERS-4,22,CHARGERS
THE DUCK,10,THE DUCK-10,24,RAIDERS
COLLEGE FUND,2,COLLEGE FUND-2,22,CHARGERS
MANIFESTING WINNERS,5,MANIFESTING WINNERS-5,22,CHARGERS
THE DUCK,2,THE DUCK-2,12,STEELERS
COLLEGE FUND,3,COLLEGE FUND-3,22,CHARGERS
MANIFESTING WINNERS,6,MANIFESTING WINNERS-6,6,JAGUARS
THE DUCK,3,THE DUCK-3,24,RAIDERS
COLLEGE FUND,4,COLLEGE FUND-4,12,STEELERS
MANIFESTING WINNERS,7,MANIFESTING WINNERS-7,6,JAGUARS
THE DUCK,4,THE DUCK-4,12,STEELERS
COLLEGE FUND,5,COLLEGE FUND-5,22,CHARGERS
MANIFESTING WINNERS,8,MANIFESTING WINNERS-8,6,JAGUARS
THE DUCK,5,THE DUCK-5,6,JAGUARS
COLONIE.RAIDERS,1,COLONIE.RAIDERS-1,6,JAGUARS
MANIFESTING WINNERS,9,MANIFESTING WINNERS-9,6,JAGUARS
THE DUCK,6,THE DUCK-6,22,CHARGERS
COLONIE.RAIDERS,2,COLONIE.RAIDERS-2,6,JAGUARS
MANNINGMAFIA,1,MANNINGMAFIA-1,12,STEELERS
THE DUCK,7,THE DUCK-7,12,STEELERS
COLONIE.RAIDERS,3,COLONIE.RAIDERS-3,6,JAGUARS
MANNINGMAFIA,2,MANNINGMAFIA-2,12,STEELERS
THE DUCK,8,THE DUCK-8,6,JAGUARS
COLONIE.RAIDERS,4,COLONIE.RAIDERS-4,6,JAGUARS
MANNINGMAFIA,3,MANNINGMAFIA-3,6,JAGUARS
THE DUCK,9,THE DUCK-9,22,CHARGERS
COLONIE.RAIDERS,5,COLONIE.RAIDERS-5,12,STEELERS
MANSE,1,MANSE-1,22,CHARGERS
THE DUDE ABIDES,1,THE DUDE ABIDES-1,6,JAGUARS
COLONIE.RAIDERS,6,COLONIE.RAIDERS-6,12,STEELERS
MANSE,2,MANSE-2,12,STEELERS
THE DUDE ABIDES,2,THE DUDE ABIDES-2,22,CHARGERS
COLONIE.RAIDERS,7,COLONIE.RAIDERS-7,22,CHARGERS
MANSE,3,MANSE-3,6,JAGUARS
THE DUKES OF HASERT,1,THE DUKES OF HASERT-1,6,JAGUARS
COLONIE.RAIDERS,8,COLONIE.RAIDERS-8,24,RAIDERS
MANSE,4,MANSE-4,6,JAGUARS
THE DUKES OF HASERT,2,THE DUKES OF HASERT-2,12,STEELERS
Color of Money,1,Color of Money-1,12,STEELERS
MANSE,5,MANSE-5,24,RAIDERS
THE DUKES OF HASERT,3,THE DUKES OF HASERT-3,18,TITANS
COLORADO DEGENERATES,1,COLORADO DEGENERATES-1,22,CHARGERS
MANSE,6,MANSE-6,6,JAGUARS
THE ENEMY WITHIN,1,THE ENEMY WITHIN-1,6,JAGUARS
COLORADO DEGENERATES,2,COLORADO DEGENERATES-2,22,CHARGERS
MANTLE SURVIVOR,1,MANTLE SURVIVOR-1,22,CHARGERS
THE ENEMY WITHIN,10,THE ENEMY WITHIN-10,12,STEELERS
COLORADO DEGENERATES,3,COLORADO DEGENERATES-3,22,CHARGERS
MANTY ALUMNI,1,MANTY ALUMNI-1,6,JAGUARS
THE ENEMY WITHIN,2,THE ENEMY WITHIN-2,6,JAGUARS
COLORADO DEGENERATES,4,COLORADO DEGENERATES-4,22,CHARGERS
MANTY ALUMNI,2,MANTY ALUMNI-2,22,CHARGERS
THE ENEMY WITHIN,3,THE ENEMY WITHIN-3,6,JAGUARS
COLORADO DEGENERATES,5,COLORADO DEGENERATES-5,6,JAGUARS
MANTY ALUMNI,3,MANTY ALUMNI-3,22,CHARGERS
THE ENEMY WITHIN,4,THE ENEMY WITHIN-4,12,STEELERS
COLORADO DEGENERATES,6,COLORADO DEGENERATES-6,6,JAGUARS
MANTY ALUMNI,4,MANTY ALUMNI-4,20,LIONS
THE ENEMY WITHIN,5,THE ENEMY WITHIN-5,22,CHARGERS
COLORADO DEGENERATES,7,COLORADO DEGENERATES-7,6,JAGUARS
MANZIEL OIL CORP,1,MANZIEL OIL CORP-1,22,CHARGERS
THE ENEMY WITHIN,6,THE ENEMY WITHIN-6,6,JAGUARS
COLORADO DEGENERATES,8,COLORADO DEGENERATES-8,6,JAGUARS
MANZIEL OIL CORP,2,MANZIEL OIL CORP-2,12,STEELERS
THE ENEMY WITHIN,7,THE ENEMY WITHIN-7,22,CHARGERS
COLT 45'S,1,COLT 45'S-1,12,STEELERS
Maple,1,Maple-1,22,CHARGERS
THE ENEMY WITHIN,8,THE ENEMY WITHIN-8,6,JAGUARS
COLTON PLACE 925,1,COLTON PLACE 925-1,22,CHARGERS
Maple,10,Maple-10,6,JAGUARS
THE ENEMY WITHIN,9,THE ENEMY WITHIN-9,6,JAGUARS
Colucci23,1,Colucci23-1,12,STEELERS
Maple,2,Maple-2,22,CHARGERS
THE FACTOR,1,THE FACTOR-1,20,LIONS
Colucci23,2,Colucci23-2,12,STEELERS
Maple,3,Maple-3,22,CHARGERS
THE FACTOR,10,THE FACTOR-10,24,RAIDERS
Colucci23,3,Colucci23-3,22,CHARGERS
Maple,4,Maple-4,22,CHARGERS
THE FACTOR,2,THE FACTOR-2,20,LIONS
Colucci23,4,Colucci23-4,22,CHARGERS
Maple,5,Maple-5,12,STEELERS
THE FACTOR,3,THE FACTOR-3,20,LIONS
Colucci23,5,Colucci23-5,6,JAGUARS
Maple,6,Maple-6,12,STEELERS
THE FACTOR,4,THE FACTOR-4,6,JAGUARS
Colucci23,6,Colucci23-6,6,JAGUARS
Maple,7,Maple-7,12,STEELERS
THE FACTOR,5,THE FACTOR-5,6,JAGUARS
Colucci23,7,Colucci23-7,24,RAIDERS
Maple,8,Maple-8,12,STEELERS
THE FACTOR,6,THE FACTOR-6,6,JAGUARS
Colucci23,8,Colucci23-8,24,RAIDERS
Maple,9,Maple-9,6,JAGUARS
THE FACTOR,7,THE FACTOR-7,22,CHARGERS
Colucci23,9,Colucci23-9,22,CHARGERS
Mappin,1,Mappin-1,22,CHARGERS
THE FACTOR,8,THE FACTOR-8,22,CHARGERS
COLUMBIA BLUES,1,COLUMBIA BLUES-1,24,RAIDERS
Mappin,10,Mappin-10,6,JAGUARS
THE FACTOR,9,THE FACTOR-9,22,CHARGERS
Comanche Cash,1,Comanche Cash-1,6,JAGUARS
Mappin,2,Mappin-2,22,CHARGERS
THE FALLS,1,THE FALLS-1,6,JAGUARS
Comanche Cash,2,Comanche Cash-2,20,LIONS
Mappin,3,Mappin-3,22,CHARGERS
THE FALLS,2,THE FALLS-2,22,CHARGERS
Combo Cabal,1,Combo Cabal-1,20,LIONS
Mappin,4,Mappin-4,22,CHARGERS
THE FALLS,3,THE FALLS-3,26,EAGLES
Combo Cabal,10,Combo Cabal-10,12,STEELERS
Mappin,5,Mappin-5,22,CHARGERS
THE FALLS,4,THE FALLS-4,6,JAGUARS
Combo Cabal,2,Combo Cabal-2,20,LIONS
Mappin,6,Mappin-6,22,CHARGERS
the fan 965,1,the fan 965-1,6,JAGUARS
Combo Cabal,3,Combo Cabal-3,6,JAGUARS
Mappin,7,Mappin-7,6,JAGUARS
THE FARM,1,THE FARM-1,22,CHARGERS
Combo Cabal,4,Combo Cabal-4,6,JAGUARS
Mappin,8,Mappin-8,6,JAGUARS
THE FARM,2,THE FARM-2,6,JAGUARS
Combo Cabal,5,Combo Cabal-5,6,JAGUARS
Mappin,9,Mappin-9,6,JAGUARS
THE FARM,3,THE FARM-3,22,CHARGERS
Combo Cabal,6,Combo Cabal-6,22,CHARGERS
MARAUDER81,1,MARAUDER81-1,6,JAGUARS
THE FARM,4,THE FARM-4,22,CHARGERS
Combo Cabal,7,Combo Cabal-7,22,CHARGERS
MARCMARK,1,MARCMARK-1,6,JAGUARS
THE FEDERATION,1,THE FEDERATION-1,22,CHARGERS
Combo Cabal,8,Combo Cabal-8,22,CHARGERS
MARGRAVE,1,MARGRAVE-1,6,JAGUARS
THE FEDERATION,2,THE FEDERATION-2,6,JAGUARS
Combo Cabal,9,Combo Cabal-9,12,STEELERS
MARGRAVE,2,MARGRAVE-2,12,STEELERS
THE FEDERATION,3,THE FEDERATION-3,12,STEELERS
COME OUT 7,1,COME OUT 7-1,6,JAGUARS
MARGRAVE,3,MARGRAVE-3,22,CHARGERS
THE FOUNDATION,1,THE FOUNDATION-1,6,JAGUARS
COME OUT 7,10,COME OUT 7-10,6,JAGUARS
MARIPIE12,1,MARIPIE12-1,12,STEELERS
THE FOUNDATION,2,THE FOUNDATION-2,12,STEELERS
COME OUT 7,2,COME OUT 7-2,6,JAGUARS
MARIPIE12,10,MARIPIE12-10,12,STEELERS
THE FOUR HORSEMEN,1,THE FOUR HORSEMEN-1,22,CHARGERS
COME OUT 7,3,COME OUT 7-3,6,JAGUARS
MARIPIE12,2,MARIPIE12-2,12,STEELERS
THE FOUR HORSEMEN,2,THE FOUR HORSEMEN-2,22,CHARGERS
COME OUT 7,4,COME OUT 7-4,6,JAGUARS
MARIPIE12,3,MARIPIE12-3,12,STEELERS
THE FOUR HORSEMEN,3,THE FOUR HORSEMEN-3,6,JAGUARS
COME OUT 7,5,COME OUT 7-5,6,JAGUARS
MARIPIE12,4,MARIPIE12-4,12,STEELERS
THE FOUR HORSEMEN,4,THE FOUR HORSEMEN-4,6,JAGUARS
COME OUT 7,6,COME OUT 7-6,6,JAGUARS
MARIPIE12,5,MARIPIE12-5,12,STEELERS
THE FRANCHISE,1,THE FRANCHISE-1,22,CHARGERS
COME OUT 7,7,COME OUT 7-7,6,JAGUARS
MARIPIE12,6,MARIPIE12-6,12,STEELERS
THE FURNACE,1,THE FURNACE-1,12,STEELERS
COME OUT 7,8,COME OUT 7-8,6,JAGUARS
MARIPIE12,7,MARIPIE12-7,12,STEELERS
The G.B.U.,1,The G.B.U.-1,22,CHARGERS
COME OUT 7,9,COME OUT 7-9,6,JAGUARS
MARIPIE12,8,MARIPIE12-8,12,STEELERS
The Garbage Rollers,1,The Garbage Rollers-1,6,JAGUARS
COMINGUNDONE,1,COMINGUNDONE-1,20,LIONS
MARIPIE12,9,MARIPIE12-9,12,STEELERS
THE GIFT,1,THE GIFT-1,22,CHARGERS
COMINGUNDONE,2,COMINGUNDONE-2,26,EAGLES
MARITIME DS,1,MARITIME DS-1,22,CHARGERS
THE GIFT,2,THE GIFT-2,22,CHARGERS
COMMANDERZIM,1,COMMANDERZIM-1,6,JAGUARS
MARITIME DS,10,MARITIME DS-10,12,STEELERS
THE GIFT,3,THE GIFT-3,6,JAGUARS
CONCHISHESHESYA,1,CONCHISHESHESYA-1,22,CHARGERS
MARITIME DS,2,MARITIME DS-2,22,CHARGERS
THE GIFT,4,THE GIFT-4,17,JETS
CONCRETEMIKEFL,1,CONCRETEMIKEFL-1,6,JAGUARS
MARITIME DS,3,MARITIME DS-3,12,STEELERS
THE GIFTED FISH,1,THE GIFTED FISH-1,22,CHARGERS
CONCRETEMIKEFL,2,CONCRETEMIKEFL-2,24,RAIDERS
MARITIME DS,4,MARITIME DS-4,12,STEELERS
THE GINSKIES,1,THE GINSKIES-1,18,TITANS
CONEHO CLOWNS,1,CONEHO CLOWNS-1,22,CHARGERS
MARITIME DS,5,MARITIME DS-5,12,STEELERS
THE GOAT MAN,1,THE GOAT MAN-1,6,JAGUARS
CONEHO CLOWNS,2,CONEHO CLOWNS-2,22,CHARGERS
MARITIME DS,6,MARITIME DS-6,12,STEELERS
THE GOAT MAN,2,THE GOAT MAN-2,12,STEELERS
CONEHO CLOWNS,3,CONEHO CLOWNS-3,6,JAGUARS
MARITIME DS,7,MARITIME DS-7,12,STEELERS
THE GOAT MAN,3,THE GOAT MAN-3,22,CHARGERS
CONEHO CLOWNS,4,CONEHO CLOWNS-4,8,BENGALS
MARITIME DS,8,MARITIME DS-8,12,STEELERS
THE GOAT MAN,4,THE GOAT MAN-4,22,CHARGERS
CONEHO CLOWNS,5,CONEHO CLOWNS-5,20,LIONS
MARITIME DS,9,MARITIME DS-9,12,STEELERS
The Goat,1,The Goat-1,6,JAGUARS
CONEHO CLOWNS,6,CONEHO CLOWNS-6,12,STEELERS
MARK IT 8 DUDE,1,MARK IT 8 DUDE-1,6,JAGUARS
The Goat,2,The Goat-2,12,STEELERS
CONFIDENCIAL BILLS,1,CONFIDENCIAL BILLS-1,12,STEELERS
MARK IT 8 DUDE,10,MARK IT 8 DUDE-10,6,JAGUARS
The Gold Rush,1,The Gold Rush-1,6,JAGUARS
CONFIDENCIAL BILLS,10,CONFIDENCIAL BILLS-10,6,JAGUARS
MARK IT 8 DUDE,2,MARK IT 8 DUDE-2,6,JAGUARS
The Gold Rush,2,The Gold Rush-2,20,LIONS
CONFIDENCIAL BILLS,2,CONFIDENCIAL BILLS-2,12,STEELERS
MARK IT 8 DUDE,3,MARK IT 8 DUDE-3,6,JAGUARS
The Gold Rush,3,The Gold Rush-3,22,CHARGERS
CONFIDENCIAL BILLS,3,CONFIDENCIAL BILLS-3,12,STEELERS
MARK IT 8 DUDE,4,MARK IT 8 DUDE-4,6,JAGUARS
THE GOONIES,1,THE GOONIES-1,12,STEELERS
CONFIDENCIAL BILLS,4,CONFIDENCIAL BILLS-4,24,RAIDERS
MARK IT 8 DUDE,5,MARK IT 8 DUDE-5,6,JAGUARS
THE GRIMSBY HITMEN,1,THE GRIMSBY HITMEN-1,22,CHARGERS
CONFIDENCIAL BILLS,5,CONFIDENCIAL BILLS-5,24,RAIDERS
MARK IT 8 DUDE,6,MARK IT 8 DUDE-6,6,JAGUARS
THE HAMMOND HUNKS,1,THE HAMMOND HUNKS-1,12,STEELERS
CONFIDENCIAL BILLS,6,CONFIDENCIAL BILLS-6,24,RAIDERS
MARK IT 8 DUDE,7,MARK IT 8 DUDE-7,6,JAGUARS
THE HONDO 5,1,THE HONDO 5-1,22,CHARGERS
CONFIDENCIAL BILLS,7,CONFIDENCIAL BILLS-7,26,EAGLES
MARK IT 8 DUDE,8,MARK IT 8 DUDE-8,6,JAGUARS
THE HOUSTON DEGENS,1,THE HOUSTON DEGENS-1,18,TITANS
CONFIDENCIAL BILLS,8,CONFIDENCIAL BILLS-8,26,EAGLES
MARK IT 8 DUDE,9,MARK IT 8 DUDE-9,6,JAGUARS
THE HOWLING MAN,1,THE HOWLING MAN-1,12,STEELERS
CONFIDENCIAL BILLS,9,CONFIDENCIAL BILLS-9,8,BENGALS
MarkDustinDoug,1,MarkDustinDoug-1,6,JAGUARS
THE HOWLING MAN,2,THE HOWLING MAN-2,24,RAIDERS
CONNAN,1,CONNAN-1,22,CHARGERS
MARKLUNA2008,1,MARKLUNA2008-1,6,JAGUARS
THE HUDDLE,1,THE HUDDLE-1,26,EAGLES
CONNAN,10,CONNAN-10,22,CHARGERS
MARKO BOYS,1,MARKO BOYS-1,22,CHARGERS
THE HUDDLE,2,THE HUDDLE-2,12,STEELERS
CONNAN,2,CONNAN-2,22,CHARGERS
MARKY MARK 27,1,MARKY MARK 27-1,22,CHARGERS
THE HUDDLE,3,THE HUDDLE-3,12,STEELERS
CONNAN,3,CONNAN-3,22,CHARGERS
MARKY MARK14,1,MARKY MARK14-1,24,RAIDERS
THE HUDDLE,4,THE HUDDLE-4,12,STEELERS
CONNAN,4,CONNAN-4,22,CHARGERS
MARKY MARK14,2,MARKY MARK14-2,6,JAGUARS
THE HUDDLE,5,THE HUDDLE-5,12,STEELERS
CONNAN,5,CONNAN-5,22,CHARGERS
MARKYMARK,1,MARKYMARK-1,22,CHARGERS
THE INTANGIBLES,1,THE INTANGIBLES-1,18,TITANS
CONNAN,6,CONNAN-6,22,CHARGERS
MARKYMARK,2,MARKYMARK-2,22,CHARGERS
THE INTANGIBLES,2,THE INTANGIBLES-2,18,TITANS
CONNAN,7,CONNAN-7,22,CHARGERS
MARKYMARK,3,MARKYMARK-3,6,JAGUARS
THE INTANGIBLES,3,THE INTANGIBLES-3,18,TITANS
CONNAN,8,CONNAN-8,22,CHARGERS
MARKYMARK,4,MARKYMARK-4,6,JAGUARS
THE INTANGIBLES,4,THE INTANGIBLES-4,24,RAIDERS
CONNAN,9,CONNAN-9,22,CHARGERS
MARKYMARK,5,MARKYMARK-5,6,JAGUARS
THE INTANGIBLES,5,THE INTANGIBLES-5,24,RAIDERS
CONNMAN,1,CONNMAN-1,12,STEELERS
MARLOWE,1,MARLOWE-1,6,JAGUARS
THE INTANGIBLES,6,THE INTANGIBLES-6,24,RAIDERS
CONNMAN,10,CONNMAN-10,20,LIONS
MARLOWE,2,MARLOWE-2,22,CHARGERS
THE JERSEY 5,1,THE JERSEY 5-1,6,JAGUARS
CONNMAN,2,CONNMAN-2,12,STEELERS
MARLYNMAX,1,MARLYNMAX-1,22,CHARGERS
THE JOHNSON'S,1,THE JOHNSON'S-1,24,RAIDERS
CONNMAN,3,CONNMAN-3,12,STEELERS
MARPLE SYRUP,1,MARPLE SYRUP-1,22,CHARGERS
THE JOHNSON'S,2,THE JOHNSON'S-2,20,LIONS
CONNMAN,4,CONNMAN-4,12,STEELERS
MARPLE SYRUP,10,MARPLE SYRUP-10,12,STEELERS
THE JOHNSON'S,3,THE JOHNSON'S-3,12,STEELERS
CONNMAN,5,CONNMAN-5,22,CHARGERS
MARPLE SYRUP,2,MARPLE SYRUP-2,22,CHARGERS
THE JOHNSON'S,4,THE JOHNSON'S-4,22,CHARGERS
CONNMAN,6,CONNMAN-6,22,CHARGERS
MARPLE SYRUP,3,MARPLE SYRUP-3,22,CHARGERS
THE JOHNSON'S,5,THE JOHNSON'S-5,6,JAGUARS
CONNMAN,7,CONNMAN-7,22,CHARGERS
MARPLE SYRUP,4,MARPLE SYRUP-4,22,CHARGERS
THE JOKERS,1,THE JOKERS-1,22,CHARGERS
CONNMAN,8,CONNMAN-8,6,JAGUARS
MARPLE SYRUP,5,MARPLE SYRUP-5,22,CHARGERS
THE JOKERS,2,THE JOKERS-2,22,CHARGERS
CONNMAN,9,CONNMAN-9,6,JAGUARS
MARPLE SYRUP,6,MARPLE SYRUP-6,22,CHARGERS
THE JOKERS,3,THE JOKERS-3,22,CHARGERS
CONQUERING HEROS,1,CONQUERING HEROS-1,22,CHARGERS
MARPLE SYRUP,7,MARPLE SYRUP-7,12,STEELERS
THE KAHUNA,1,THE KAHUNA-1,6,JAGUARS
CONQUERING HEROS,10,CONQUERING HEROS-10,12,STEELERS
MARPLE SYRUP,8,MARPLE SYRUP-8,12,STEELERS
THE KAHUNA,2,THE KAHUNA-2,20,LIONS
CONQUERING HEROS,2,CONQUERING HEROS-2,22,CHARGERS
MARPLE SYRUP,9,MARPLE SYRUP-9,12,STEELERS
The Kid 4,1,The Kid 4-1,22,CHARGERS
CONQUERING HEROS,3,CONQUERING HEROS-3,22,CHARGERS
MARQJHOLE,1,MARQJHOLE-1,18,TITANS
The Kid,1,The Kid-1,6,JAGUARS
CONQUERING HEROS,4,CONQUERING HEROS-4,6,JAGUARS
MARQJHOLE,10,MARQJHOLE-10,6,JAGUARS
The Kid,2,The Kid-2,22,CHARGERS
CONQUERING HEROS,5,CONQUERING HEROS-5,6,JAGUARS
MARQJHOLE,2,MARQJHOLE-2,24,RAIDERS
The Kid,3,The Kid-3,24,RAIDERS
CONQUERING HEROS,6,CONQUERING HEROS-6,20,LIONS
MARQJHOLE,3,MARQJHOLE-3,18,TITANS
The Kid,4,The Kid-4,6,JAGUARS
CONQUERING HEROS,7,CONQUERING HEROS-7,20,LIONS
MARQJHOLE,4,MARQJHOLE-4,24,RAIDERS
THE KY GODFATHER,1,THE KY GODFATHER-1,6,JAGUARS
CONQUERING HEROS,8,CONQUERING HEROS-8,12,STEELERS
MARQJHOLE,5,MARQJHOLE-5,22,CHARGERS
THE KY GODFATHER,2,THE KY GODFATHER-2,12,STEELERS
CONQUERING HEROS,9,CONQUERING HEROS-9,12,STEELERS
MARQJHOLE,6,MARQJHOLE-6,6,JAGUARS
THE LADBLOKES,1,THE LADBLOKES-1,6,JAGUARS
CONRAD HARRIGAN,1,CONRAD HARRIGAN-1,22,CHARGERS
MARQJHOLE,7,MARQJHOLE-7,18,TITANS
THE LANDSHARKS,1,THE LANDSHARKS-1,22,CHARGERS
CONRAD HARRIGAN,2,CONRAD HARRIGAN-2,6,JAGUARS
MARQJHOLE,8,MARQJHOLE-8,24,RAIDERS
THE LANDSHARKS,2,THE LANDSHARKS-2,6,JAGUARS
CONRAD HARRIGAN,3,CONRAD HARRIGAN-3,22,CHARGERS
MARQJHOLE,9,MARQJHOLE-9,6,JAGUARS
The Last Great Hope,1,The Last Great Hope-1,6,JAGUARS
CONRAD HARRIGAN,4,CONRAD HARRIGAN-4,6,JAGUARS
MARTIN FUNKHOUSER,1,MARTIN FUNKHOUSER-1,8,BENGALS
The Last Great Hope,10,The Last Great Hope-10,26,EAGLES
CONRAD HARRIGAN,5,CONRAD HARRIGAN-5,12,STEELERS
MARTIN FUNKHOUSER,2,MARTIN FUNKHOUSER-2,24,RAIDERS
The Last Great Hope,2,The Last Great Hope-2,6,JAGUARS
CONRAD HARRIGAN,6,CONRAD HARRIGAN-6,12,STEELERS
MARTIN FUNKHOUSER,3,MARTIN FUNKHOUSER-3,22,CHARGERS
The Last Great Hope,3,The Last Great Hope-3,6,JAGUARS
CONRAD HARRIGAN,7,CONRAD HARRIGAN-7,18,TITANS
MARTY PARTY,1,MARTY PARTY-1,6,JAGUARS
The Last Great Hope,4,The Last Great Hope-4,6,JAGUARS
CONRAD HARRIGAN,8,CONRAD HARRIGAN-8,22,CHARGERS
Marvelous Mark,1,Marvelous Mark-1,6,JAGUARS
The Last Great Hope,5,The Last Great Hope-5,6,JAGUARS
CONTAINER BOYS,1,CONTAINER BOYS-1,12,STEELERS
Marvelous Mark,2,Marvelous Mark-2,22,CHARGERS
The Last Great Hope,6,The Last Great Hope-6,26,EAGLES
CONTORTED KIELBASAS,1,CONTORTED KIELBASAS-1,22,CHARGERS
Marvelous Mark,3,Marvelous Mark-3,12,STEELERS
The Last Great Hope,7,The Last Great Hope-7,26,EAGLES
CONTORTED KIELBASAS,2,CONTORTED KIELBASAS-2,6,JAGUARS
MARY BETH,1,MARY BETH-1,6,JAGUARS
The Last Great Hope,8,The Last Great Hope-8,26,EAGLES
Contrarian,1,Contrarian-1,6,JAGUARS
MARY BETH,10,MARY BETH-10,18,TITANS
The Last Great Hope,9,The Last Great Hope-9,26,EAGLES
Contrarian,2,Contrarian-2,6,JAGUARS
MARY BETH,2,MARY BETH-2,22,CHARGERS
THE LAST SAMURAI,1,THE LAST SAMURAI-1,22,CHARGERS
Contrarian,3,Contrarian-3,6,JAGUARS
MARY BETH,3,MARY BETH-3,23,DOLPHINS
THE LAWYER,1,THE LAWYER-1,22,CHARGERS
Conway,1,Conway-1,12,STEELERS
MARY BETH,4,MARY BETH-4,23,DOLPHINS
THE LAWYER,10,THE LAWYER-10,12,STEELERS
Conway,10,Conway-10,8,BENGALS
MARY BETH,5,MARY BETH-5,24,RAIDERS
THE LAWYER,2,THE LAWYER-2,22,CHARGERS
Conway,2,Conway-2,12,STEELERS
MARY BETH,6,MARY BETH-6,24,RAIDERS
THE LAWYER,3,THE LAWYER-3,22,CHARGERS
Conway,3,Conway-3,12,STEELERS
MARY BETH,7,MARY BETH-7,17,JETS
THE LAWYER,4,THE LAWYER-4,22,CHARGERS
Conway,4,Conway-4,12,STEELERS
MARY BETH,8,MARY BETH-8,17,JETS
THE LAWYER,5,THE LAWYER-5,22,CHARGERS
Conway,5,Conway-5,12,STEELERS
MARY BETH,9,MARY BETH-9,18,TITANS
THE LAWYER,6,THE LAWYER-6,6,JAGUARS
Conway,6,Conway-6,12,STEELERS
MARYLAND CREW 26,1,MARYLAND CREW 26-1,22,CHARGERS
THE LAWYER,7,THE LAWYER-7,6,JAGUARS
Conway,7,Conway-7,8,BENGALS
MARYLAND CREW 26,2,MARYLAND CREW 26-2,22,CHARGERS
THE LAWYER,8,THE LAWYER-8,20,LIONS
Conway,8,Conway-8,8,BENGALS
MARYLAND CREW 26,3,MARYLAND CREW 26-3,6,JAGUARS
THE LAWYER,9,THE LAWYER-9,20,LIONS
Conway,9,Conway-9,8,BENGALS
MAS TECATE,1,MAS TECATE-1,6,JAGUARS
THE LOCAL LEGENDS,1,THE LOCAL LEGENDS-1,22,CHARGERS
COOL DADS CLUB,1,COOL DADS CLUB-1,12,STEELERS
MAS TEQUILA,1,MAS TEQUILA-1,6,JAGUARS
THE LOOTERS,1,THE LOOTERS-1,22,CHARGERS
COOL DADS CLUB,2,COOL DADS CLUB-2,12,STEELERS
MAS TEQUILA,10,MAS TEQUILA-10,22,CHARGERS
THE LOOTERS,10,THE LOOTERS-10,6,JAGUARS
COOL DADS CLUB,3,COOL DADS CLUB-3,6,JAGUARS
MAS TEQUILA,2,MAS TEQUILA-2,6,JAGUARS
THE LOOTERS,2,THE LOOTERS-2,24,RAIDERS
COOL DADS CLUB,4,COOL DADS CLUB-4,6,JAGUARS
MAS TEQUILA,3,MAS TEQUILA-3,6,JAGUARS
THE LOOTERS,3,THE LOOTERS-3,22,CHARGERS
COOL DADS CLUB,5,COOL DADS CLUB-5,6,JAGUARS
MAS TEQUILA,4,MAS TEQUILA-4,12,STEELERS
THE LOOTERS,4,THE LOOTERS-4,26,EAGLES
COOL DAT AZZ,1,COOL DAT AZZ-1,22,CHARGERS
MAS TEQUILA,5,MAS TEQUILA-5,12,STEELERS
THE LOOTERS,5,THE LOOTERS-5,22,CHARGERS
COOL DAT AZZ,2,COOL DAT AZZ-2,6,JAGUARS
MAS TEQUILA,6,MAS TEQUILA-6,12,STEELERS
THE LOOTERS,6,THE LOOTERS-6,6,JAGUARS
COOL DAT AZZ,3,COOL DAT AZZ-3,2,SEAHAWKS
MAS TEQUILA,7,MAS TEQUILA-7,12,STEELERS
THE LOOTERS,7,THE LOOTERS-7,6,JAGUARS
COOL DAT AZZ,4,COOL DAT AZZ-4,22,CHARGERS
MAS TEQUILA,8,MAS TEQUILA-8,24,RAIDERS
THE LOOTERS,8,THE LOOTERS-8,26,EAGLES
COOL DAT AZZ,5,COOL DAT AZZ-5,24,RAIDERS
MAS TEQUILA,9,MAS TEQUILA-9,22,CHARGERS
THE LOOTERS,9,THE LOOTERS-9,6,JAGUARS
COOLROCKERDUDE,1,COOLROCKERDUDE-1,6,JAGUARS
MASH AND SURVIVE,1,MASH AND SURVIVE-1,20,LIONS
The Luck of Riley,1,The Luck of Riley-1,22,CHARGERS
COOLROCKERDUDE,2,COOLROCKERDUDE-2,6,JAGUARS
MASHED POTATOES,1,MASHED POTATOES-1,6,JAGUARS
The Luck of Riley,2,The Luck of Riley-2,6,JAGUARS
COOLROCKERDUDE,3,COOLROCKERDUDE-3,22,CHARGERS
MASHED POTATOES,2,MASHED POTATOES-2,6,JAGUARS
The Luck of Riley,3,The Luck of Riley-3,20,LIONS
COOLROCKERDUDE,4,COOLROCKERDUDE-4,22,CHARGERS
massholes,1,massholes-1,22,CHARGERS
THE LUCKBOXES,1,THE LUCKBOXES-1,6,JAGUARS
COOLROCKERDUDE,5,COOLROCKERDUDE-5,22,CHARGERS
massholes,2,massholes-2,22,CHARGERS
THE LUD-HAMMERS,1,THE LUD-HAMMERS-1,12,STEELERS
COOLROCKERDUDE,6,COOLROCKERDUDE-6,12,STEELERS
massholes,3,massholes-3,6,JAGUARS
THE LUD-HAMMERS,2,THE LUD-HAMMERS-2,6,JAGUARS
COORS ORIGINALS,1,COORS ORIGINALS-1,6,JAGUARS
massholes,4,massholes-4,12,STEELERS
THE MAD GENIUS,1,THE MAD GENIUS-1,22,CHARGERS
COORS ORIGINALS,2,COORS ORIGINALS-2,6,JAGUARS
MASSISONE,1,MASSISONE-1,6,JAGUARS
The Magic Skol Bus,1,The Magic Skol Bus-1,6,JAGUARS
COORS ORIGINALS,3,COORS ORIGINALS-3,12,STEELERS
MASTA DON,1,MASTA DON-1,20,LIONS
THE MONEY IS MINE,1,THE MONEY IS MINE-1,6,JAGUARS
CORE FORE,1,CORE FORE-1,22,CHARGERS
MASTERBAITERS,1,MASTERBAITERS-1,20,LIONS
THE MONEY IS MINE,10,THE MONEY IS MINE-10,6,JAGUARS
corky415,1,corky415-1,22,CHARGERS
MASTERCHEEF,1,MASTERCHEEF-1,6,JAGUARS
THE MONEY IS MINE,2,THE MONEY IS MINE-2,6,JAGUARS
Corn Jackets,1,Corn Jackets-1,6,JAGUARS
MASTERCHEEF,2,MASTERCHEEF-2,12,STEELERS
THE MONEY IS MINE,3,THE MONEY IS MINE-3,6,JAGUARS
CORN STARS,1,CORN STARS-1,6,JAGUARS
MASTERMIND,1,MASTERMIND-1,22,CHARGERS
THE MONEY IS MINE,4,THE MONEY IS MINE-4,6,JAGUARS
CORN STARS,2,CORN STARS-2,12,STEELERS
MASTERMIND,2,MASTERMIND-2,6,JAGUARS
THE MONEY IS MINE,5,THE MONEY IS MINE-5,6,JAGUARS
CORNFED PICKS,1,CORNFED PICKS-1,6,JAGUARS
MASTERMIND,3,MASTERMIND-3,26,EAGLES
THE MONEY IS MINE,6,THE MONEY IS MINE-6,6,JAGUARS
Corona Time,1,Corona Time-1,22,CHARGERS
MASTERT15,1,MASTERT15-1,6,JAGUARS
THE MONEY IS MINE,7,THE MONEY IS MINE-7,6,JAGUARS
CORTILENOS,1,CORTILENOS-1,6,JAGUARS
MASTERT15,2,MASTERT15-2,22,CHARGERS
THE MONEY IS MINE,8,THE MONEY IS MINE-8,6,JAGUARS
CORTILENOS,2,CORTILENOS-2,12,STEELERS
MASTERT15,3,MASTERT15-3,6,JAGUARS
THE MONEY IS MINE,9,THE MONEY IS MINE-9,6,JAGUARS
CORVETTER65,1,CORVETTER65-1,22,CHARGERS
MASTRO,1,MASTRO-1,24,RAIDERS
THE MOTHERLODE,1,THE MOTHERLODE-1,22,CHARGERS
CORVETTER65,2,CORVETTER65-2,12,STEELERS
MATCH'EM HI LO,1,MATCH'EM HI LO-1,6,JAGUARS
THE MOTHERLODE,2,THE MOTHERLODE-2,22,CHARGERS
CORVETTER65,3,CORVETTER65-3,26,EAGLES
MATCH'EM HI LO,2,MATCH'EM HI LO-2,6,JAGUARS
THE MUFFIN MAN,1,THE MUFFIN MAN-1,6,JAGUARS
COSMOKRAMERSURVIVOR,1,COSMOKRAMERSURVIVOR-1,12,STEELERS
MATCH'EM HI LO,3,MATCH'EM HI LO-3,22,CHARGERS
THE MUFFIN MAN,10,THE MUFFIN MAN-10,22,CHARGERS
COSMOKRAMERSURVIVOR,2,COSMOKRAMERSURVIVOR-2,12,STEELERS
MATCH'EM HI LO,4,MATCH'EM HI LO-4,22,CHARGERS
THE MUFFIN MAN,2,THE MUFFIN MAN-2,6,JAGUARS
COSMOKRAMERSURVIVOR,3,COSMOKRAMERSURVIVOR-3,22,CHARGERS
MATCH'EM HI LO,5,MATCH'EM HI LO-5,24,RAIDERS
THE MUFFIN MAN,3,THE MUFFIN MAN-3,6,JAGUARS
COTX,1,COTX-1,6,JAGUARS
MATCH'EM HI LO,6,MATCH'EM HI LO-6,6,JAGUARS
THE MUFFIN MAN,4,THE MUFFIN MAN-4,6,JAGUARS
COTX,2,COTX-2,6,JAGUARS
MATCH'EM HI LO,7,MATCH'EM HI LO-7,12,STEELERS
THE MUFFIN MAN,5,THE MUFFIN MAN-5,22,CHARGERS
COTX,3,COTX-3,12,STEELERS
Mathematically Alive,1,Mathematically Alive-1,6,JAGUARS
THE MUFFIN MAN,6,THE MUFFIN MAN-6,22,CHARGERS
Count De Monet,1,Count De Monet-1,22,CHARGERS
Mathematically Alive,10,Mathematically Alive-10,6,JAGUARS
THE MUFFIN MAN,7,THE MUFFIN MAN-7,22,CHARGERS
Count De Monet,2,Count De Monet-2,6,JAGUARS
Mathematically Alive,2,Mathematically Alive-2,6,JAGUARS
THE MUFFIN MAN,8,THE MUFFIN MAN-8,22,CHARGERS
COUNT DE MONET2,1,COUNT DE MONET2-1,6,JAGUARS
Mathematically Alive,3,Mathematically Alive-3,6,JAGUARS
THE MUFFIN MAN,9,THE MUFFIN MAN-9,22,CHARGERS
COUNT DE MONET2,2,COUNT DE MONET2-2,22,CHARGERS
Mathematically Alive,4,Mathematically Alive-4,6,JAGUARS
THE NESTZ,1,THE NESTZ-1,20,LIONS
COUNTY CLUB CHAMP,1,COUNTY CLUB CHAMP-1,12,STEELERS
Mathematically Alive,5,Mathematically Alive-5,6,JAGUARS
THE NESTZ,2,THE NESTZ-2,22,CHARGERS
COUNTY CLUB CHAMP,2,COUNTY CLUB CHAMP-2,6,JAGUARS
Mathematically Alive,6,Mathematically Alive-6,6,JAGUARS
The Nightman Cometh,1,The Nightman Cometh-1,24,RAIDERS
COUNTY CLUB CHAMP,3,COUNTY CLUB CHAMP-3,24,RAIDERS
Mathematically Alive,7,Mathematically Alive-7,6,JAGUARS
THE NORTHERN CLUB,1,THE NORTHERN CLUB-1,22,CHARGERS
Courtesy Flush,1,Courtesy Flush-1,6,JAGUARS
Mathematically Alive,8,Mathematically Alive-8,6,JAGUARS
THE NORTHERN CLUB,2,THE NORTHERN CLUB-2,22,CHARGERS
COUTINHO ENTERPRISES,1,COUTINHO ENTERPRISES-1,6,JAGUARS
Mathematically Alive,9,Mathematically Alive-9,6,JAGUARS
THE NORTHERN CLUB,3,THE NORTHERN CLUB-3,6,JAGUARS
COVER CITY SPORTS,1,COVER CITY SPORTS-1,26,EAGLES
MATRYOSHKA,1,MATRYOSHKA-1,20,LIONS
THE NORTHERN CLUB,4,THE NORTHERN CLUB-4,20,LIONS
COVER CITY SPORTS,2,COVER CITY SPORTS-2,26,EAGLES
MATRYOSHKA,10,MATRYOSHKA-10,20,LIONS
THE NUT HUT,1,THE NUT HUT-1,22,CHARGERS
COVER CITY SPORTS,3,COVER CITY SPORTS-3,12,STEELERS
MATRYOSHKA,2,MATRYOSHKA-2,20,LIONS
THE NUT HUT,2,THE NUT HUT-2,22,CHARGERS
COVER CITY SPORTS,4,COVER CITY SPORTS-4,12,STEELERS
MATRYOSHKA,3,MATRYOSHKA-3,20,LIONS
THE NUT HUT,3,THE NUT HUT-3,6,JAGUARS
Covers 615,1,Covers 615-1,22,CHARGERS
MATRYOSHKA,4,MATRYOSHKA-4,20,LIONS
THE OTHER GUYS,1,THE OTHER GUYS-1,6,JAGUARS
Covers 615,10,Covers 615-10,12,STEELERS
MATRYOSHKA,5,MATRYOSHKA-5,20,LIONS
THE OUTSIDERS,1,THE OUTSIDERS-1,22,CHARGERS
Covers 615,2,Covers 615-2,22,CHARGERS
MATRYOSHKA,6,MATRYOSHKA-6,20,LIONS
THE OUTSIDERS,2,THE OUTSIDERS-2,6,JAGUARS
Covers 615,3,Covers 615-3,22,CHARGERS
MATRYOSHKA,7,MATRYOSHKA-7,20,LIONS
THE PARTY BOYS,1,THE PARTY BOYS-1,6,JAGUARS
Covers 615,4,Covers 615-4,22,CHARGERS
MATRYOSHKA,8,MATRYOSHKA-8,20,LIONS
THE PHOENIX OUTFIT,1,THE PHOENIX OUTFIT-1,6,JAGUARS
Covers 615,5,Covers 615-5,22,CHARGERS
MATRYOSHKA,9,MATRYOSHKA-9,20,LIONS
THE PHOENIX OUTFIT,2,THE PHOENIX OUTFIT-2,22,CHARGERS
Covers 615,6,Covers 615-6,22,CHARGERS
MATT-JOE,1,MATT-JOE-1,6,JAGUARS
the prophet,1,the prophet-1,15,BEARS
Covers 615,7,Covers 615-7,6,JAGUARS
MATT-JOE,2,MATT-JOE-2,22,CHARGERS
the prophet,2,the prophet-2,6,JAGUARS
Covers 615,8,Covers 615-8,6,JAGUARS
MATT123,1,MATT123-1,6,JAGUARS
the prophet,3,the prophet-3,22,CHARGERS
Covers 615,9,Covers 615-9,12,STEELERS
MATTADORS,1,MATTADORS-1,22,CHARGERS
the prophet,4,the prophet-4,22,CHARGERS
COVINCE,1,COVINCE-1,6,JAGUARS
MATTADORS,2,MATTADORS-2,6,JAGUARS
the prophet,5,the prophet-5,6,JAGUARS
COVINCE,2,COVINCE-2,20,LIONS
mattg1983,1,mattg1983-1,6,JAGUARS
the prophet,6,the prophet-6,12,STEELERS
COVINCE,3,COVINCE-3,22,CHARGERS
mattg1983,10,mattg1983-10,6,JAGUARS
THE RABBITS FOOT,1,THE RABBITS FOOT-1,26,EAGLES
COWBOY MAFIA,1,COWBOY MAFIA-1,12,STEELERS
mattg1983,2,mattg1983-2,6,JAGUARS
THE RABBITS FOOT,10,THE RABBITS FOOT-10,22,CHARGERS
COWBOY MAFIA,2,COWBOY MAFIA-2,20,LIONS
mattg1983,3,mattg1983-3,6,JAGUARS
THE RABBITS FOOT,2,THE RABBITS FOOT-2,20,LIONS
COWBOYBRONCO,1,COWBOYBRONCO-1,12,STEELERS
mattg1983,4,mattg1983-4,6,JAGUARS
THE RABBITS FOOT,3,THE RABBITS FOOT-3,20,LIONS
COWBOYBRONCO,2,COWBOYBRONCO-2,22,CHARGERS
mattg1983,5,mattg1983-5,6,JAGUARS
THE RABBITS FOOT,4,THE RABBITS FOOT-4,20,LIONS
COWBOYS,1,COWBOYS-1,6,JAGUARS
mattg1983,6,mattg1983-6,6,JAGUARS
THE RABBITS FOOT,5,THE RABBITS FOOT-5,6,JAGUARS
COWBOYS477,1,COWBOYS477-1,12,STEELERS
mattg1983,7,mattg1983-7,6,JAGUARS
THE RABBITS FOOT,6,THE RABBITS FOOT-6,6,JAGUARS
COWPHINS13,1,COWPHINS13-1,22,CHARGERS
mattg1983,8,mattg1983-8,6,JAGUARS
THE RABBITS FOOT,7,THE RABBITS FOOT-7,6,JAGUARS
Coxie26,1,Coxie26-1,6,JAGUARS
mattg1983,9,mattg1983-9,6,JAGUARS
THE RABBITS FOOT,8,THE RABBITS FOOT-8,22,CHARGERS
Coxie26,2,Coxie26-2,12,STEELERS
mattlanta,1,mattlanta-1,22,CHARGERS
THE RABBITS FOOT,9,THE RABBITS FOOT-9,22,CHARGERS
Coxie26,3,Coxie26-3,22,CHARGERS
MATTS BRAIN TRUST,1,MATTS BRAIN TRUST-1,20,LIONS
THE REAVES FAMILY,1,THE REAVES FAMILY-1,6,JAGUARS
Coxie26,4,Coxie26-4,26,EAGLES
MattyDice,1,MattyDice-1,6,JAGUARS
THE RED LION,1,THE RED LION-1,22,CHARGERS
Coxie26,5,Coxie26-5,28,VIKINGS
MATZO BALL BUSTERS,1,MATZO BALL BUSTERS-1,24,RAIDERS
THE RED LION,10,THE RED LION-10,6,JAGUARS
COYOTE GMEN,1,COYOTE GMEN-1,6,JAGUARS
MAUI,1,MAUI-1,20,LIONS
THE RED LION,2,THE RED LION-2,22,CHARGERS
COYOTE GMEN,2,COYOTE GMEN-2,12,STEELERS
Maverick,1,Maverick-1,22,CHARGERS
THE RED LION,3,THE RED LION-3,6,JAGUARS
CPA DEGEN,1,CPA DEGEN-1,6,JAGUARS
Maverick,2,Maverick-2,22,CHARGERS
THE RED LION,4,THE RED LION-4,6,JAGUARS
CPA DEGEN,2,CPA DEGEN-2,12,STEELERS
Maverick,3,Maverick-3,20,LIONS
THE RED LION,5,THE RED LION-5,6,JAGUARS
CPAROO,1,CPAROO-1,12,STEELERS
Maverick,4,Maverick-4,20,LIONS
THE RED LION,6,THE RED LION-6,6,JAGUARS
CPAROO,10,CPAROO-10,12,STEELERS
Maverick,5,Maverick-5,6,JAGUARS
THE RED LION,7,THE RED LION-7,6,JAGUARS
CPAROO,2,CPAROO-2,6,JAGUARS
Maverick,6,Maverick-6,6,JAGUARS
THE RED LION,8,THE RED LION-8,6,JAGUARS
CPAROO,3,CPAROO-3,12,STEELERS
Maverick,7,Maverick-7,24,RAIDERS
THE RED LION,9,THE RED LION-9,6,JAGUARS
CPAROO,4,CPAROO-4,12,STEELERS
Maverick,8,Maverick-8,24,RAIDERS
THE REGULARS,1,THE REGULARS-1,6,JAGUARS
CPAROO,5,CPAROO-5,12,STEELERS
MAX UNITS,1,MAX UNITS-1,22,CHARGERS
THE RETRIEVERS,1,THE RETRIEVERS-1,22,CHARGERS
CPAROO,6,CPAROO-6,22,CHARGERS
MAX UNITS,2,MAX UNITS-2,22,CHARGERS
THE RUNAWAYS,1,THE RUNAWAYS-1,22,CHARGERS
CPAROO,7,CPAROO-7,12,STEELERS
MAX UNITS,3,MAX UNITS-3,22,CHARGERS
THE RUNAWAYS,2,THE RUNAWAYS-2,6,JAGUARS
CPAROO,8,CPAROO-8,12,STEELERS
MAX UNITS,4,MAX UNITS-4,22,CHARGERS
THE RUNAWAYS,3,THE RUNAWAYS-3,12,STEELERS
CPAROO,9,CPAROO-9,12,STEELERS
MAX UNITS,5,MAX UNITS-5,6,JAGUARS
THE RUNNING BEARS,1,THE RUNNING BEARS-1,12,STEELERS
CPENTRACK@GMAIL.COM,1,CPENTRACK@GMAIL.COM-1,22,CHARGERS
MAX UNITS,6,MAX UNITS-6,6,JAGUARS
THE RUNNING BEARS,2,THE RUNNING BEARS-2,15,BEARS
CPJG,1,CPJG-1,6,JAGUARS
MAX UNITS,7,MAX UNITS-7,12,STEELERS
THE RUNNING BEARS,3,THE RUNNING BEARS-3,24,RAIDERS
CPTCONSORTIUM,1,CPTCONSORTIUM-1,6,JAGUARS
MAX-EV-Sports,1,MAX-EV-Sports-1,22,CHARGERS
THE SCHEMATIC ADV,1,THE SCHEMATIC ADV-1,20,LIONS
CPTCONSORTIUM,2,CPTCONSORTIUM-2,22,CHARGERS
MAXIMUS RETARDUS,1,MAXIMUS RETARDUS-1,6,JAGUARS
THE SHARKS,1,THE SHARKS-1,22,CHARGERS
CQLMS,1,CQLMS-1,22,CHARGERS
MAXIMUS RETARDUS,2,MAXIMUS RETARDUS-2,22,CHARGERS
THE SHARKS,2,THE SHARKS-2,22,CHARGERS
CRANKY BASTIDS,1,CRANKY BASTIDS-1,6,JAGUARS
MAXNELSON,1,MAXNELSON-1,12,STEELERS
THE SHARKS,3,THE SHARKS-3,22,CHARGERS
CRANKY BASTIDS,2,CRANKY BASTIDS-2,22,CHARGERS
Maxy-Millions,1,Maxy-Millions-1,6,JAGUARS
THE SHARKS,4,THE SHARKS-4,6,JAGUARS
CRANKY BASTIDS,3,CRANKY BASTIDS-3,12,STEELERS
Maxy-Millions,2,Maxy-Millions-2,12,STEELERS
THE SHARKS,5,THE SHARKS-5,6,JAGUARS
CRAPZ LIFE,1,CRAPZ LIFE-1,22,CHARGERS
MAYA9$,1,MAYA9$-1,22,CHARGERS
THE SHARKS,6,THE SHARKS-6,12,STEELERS
CRAWHYDE,1,CRAWHYDE-1,6,JAGUARS
MAYA9$,2,MAYA9$-2,22,CHARGERS
THE SHARKS,7,THE SHARKS-7,12,STEELERS
CRAWHYDE,2,CRAWHYDE-2,8,BENGALS
MAYBACH,1,MAYBACH-1,22,CHARGERS
THE SHARKS,8,THE SHARKS-8,12,STEELERS
CRAWHYDE,3,CRAWHYDE-3,12,STEELERS
MAYBACH,10,MAYBACH-10,6,JAGUARS
THE SHARKS,9,THE SHARKS-9,24,RAIDERS
CRAWHYDE,4,CRAWHYDE-4,22,CHARGERS
MAYBACH,2,MAYBACH-2,22,CHARGERS
THE SHARP SQUARE,1,THE SHARP SQUARE-1,12,STEELERS
CRAWHYDE,5,CRAWHYDE-5,6,JAGUARS
MAYBACH,3,MAYBACH-3,22,CHARGERS
the shaved ducks,1,the shaved ducks-1,22,CHARGERS
CRAWHYDE,6,CRAWHYDE-6,12,STEELERS
MAYBACH,4,MAYBACH-4,22,CHARGERS
the shaved ducks,2,the shaved ducks-2,6,JAGUARS
CRAWHYDE,7,CRAWHYDE-7,22,CHARGERS
MAYBACH,5,MAYBACH-5,6,JAGUARS
the shovel dude,1,the shovel dude-1,6,JAGUARS
CRAWHYDE,8,CRAWHYDE-8,6,JAGUARS
MAYBACH,6,MAYBACH-6,6,JAGUARS
THE SKZA,1,THE SKZA-1,12,STEELERS
CRAWHYDE,9,CRAWHYDE-9,22,CHARGERS
MAYBACH,7,MAYBACH-7,6,JAGUARS
THE SKZA,2,THE SKZA-2,6,JAGUARS
CRAZY CANUCKS,1,CRAZY CANUCKS-1,22,CHARGERS
MAYBACH,8,MAYBACH-8,6,JAGUARS
the sme's,1,the sme's-1,6,JAGUARS
CRAZY CANUCKS,10,CRAZY CANUCKS-10,22,CHARGERS
MAYBACH,9,MAYBACH-9,6,JAGUARS
THE SMOOVE'S,1,THE SMOOVE'S-1,12,STEELERS
CRAZY CANUCKS,2,CRAZY CANUCKS-2,22,CHARGERS
MAYBETOMORROW,1,MAYBETOMORROW-1,6,JAGUARS
THE SMOOVE'S,2,THE SMOOVE'S-2,12,STEELERS
CRAZY CANUCKS,3,CRAZY CANUCKS-3,22,CHARGERS
MAYBETOMORROW,10,MAYBETOMORROW-10,23,DOLPHINS
THE SPEWY DEWEYS,1,THE SPEWY DEWEYS-1,12,STEELERS
CRAZY CANUCKS,4,CRAZY CANUCKS-4,22,CHARGERS
MAYBETOMORROW,2,MAYBETOMORROW-2,6,JAGUARS
THE SPEWY DEWEYS,10,THE SPEWY DEWEYS-10,22,CHARGERS
CRAZY CANUCKS,5,CRAZY CANUCKS-5,22,CHARGERS
MAYBETOMORROW,3,MAYBETOMORROW-3,6,JAGUARS
THE SPEWY DEWEYS,2,THE SPEWY DEWEYS-2,12,STEELERS
CRAZY CANUCKS,6,CRAZY CANUCKS-6,22,CHARGERS
MAYBETOMORROW,4,MAYBETOMORROW-4,6,JAGUARS
THE SPEWY DEWEYS,3,THE SPEWY DEWEYS-3,12,STEELERS
CRAZY CANUCKS,7,CRAZY CANUCKS-7,22,CHARGERS
MAYBETOMORROW,5,MAYBETOMORROW-5,6,JAGUARS
THE SPEWY DEWEYS,4,THE SPEWY DEWEYS-4,12,STEELERS
CRAZY CANUCKS,8,CRAZY CANUCKS-8,22,CHARGERS
MAYBETOMORROW,6,MAYBETOMORROW-6,20,LIONS
THE SPEWY DEWEYS,5,THE SPEWY DEWEYS-5,12,STEELERS
CRAZY CANUCKS,9,CRAZY CANUCKS-9,22,CHARGERS
MAYBETOMORROW,7,MAYBETOMORROW-7,20,LIONS
THE SPEWY DEWEYS,6,THE SPEWY DEWEYS-6,22,CHARGERS
CRAZY TRAIN,1,CRAZY TRAIN-1,6,JAGUARS
MAYBETOMORROW,8,MAYBETOMORROW-8,12,STEELERS
THE SPEWY DEWEYS,7,THE SPEWY DEWEYS-7,22,CHARGERS
CRAZY TRAIN,2,CRAZY TRAIN-2,24,RAIDERS
MAYBETOMORROW,9,MAYBETOMORROW-9,18,TITANS
THE SPEWY DEWEYS,8,THE SPEWY DEWEYS-8,22,CHARGERS
CRAZY24,1,CRAZY24-1,22,CHARGERS
MAYE BE DRAKE,1,MAYE BE DRAKE-1,6,JAGUARS
THE SPEWY DEWEYS,9,THE SPEWY DEWEYS-9,22,CHARGERS
CRAZY24,2,CRAZY24-2,22,CHARGERS
MAYFLOWER MAVERICKS,1,MAYFLOWER MAVERICKS-1,20,LIONS
THE SPORTS HANGOVER,1,THE SPORTS HANGOVER-1,22,CHARGERS
CRAZY24,3,CRAZY24-3,12,STEELERS
MAYFLOWER MAVERICKS,10,MAYFLOWER MAVERICKS-10,22,CHARGERS
The Squeeze,1,The Squeeze-1,6,JAGUARS
CRAZY24,4,CRAZY24-4,26,EAGLES
MAYFLOWER MAVERICKS,2,MAYFLOWER MAVERICKS-2,20,LIONS
THE SQUIRRELS,1,THE SQUIRRELS-1,6,JAGUARS
CRAZY24,5,CRAZY24-5,6,JAGUARS
MAYFLOWER MAVERICKS,3,MAYFLOWER MAVERICKS-3,6,JAGUARS
THE SQUIRRELS,2,THE SQUIRRELS-2,12,STEELERS
CRAZY24,6,CRAZY24-6,18,TITANS
MAYFLOWER MAVERICKS,4,MAYFLOWER MAVERICKS-4,6,JAGUARS
The Strike Team,1,The Strike Team-1,6,JAGUARS
CRAZY24,7,CRAZY24-7,6,JAGUARS
MAYFLOWER MAVERICKS,5,MAYFLOWER MAVERICKS-5,22,CHARGERS
The Strike Team,2,The Strike Team-2,22,CHARGERS
CRE8,1,CRE8-1,6,JAGUARS
MAYFLOWER MAVERICKS,6,MAYFLOWER MAVERICKS-6,6,JAGUARS
The Strike Team,3,The Strike Team-3,22,CHARGERS
CRE8,2,CRE8-2,22,CHARGERS
MAYFLOWER MAVERICKS,7,MAYFLOWER MAVERICKS-7,6,JAGUARS
The Strike Team,4,The Strike Team-4,6,JAGUARS
CRE8,3,CRE8-3,6,JAGUARS
MAYFLOWER MAVERICKS,8,MAYFLOWER MAVERICKS-8,6,JAGUARS
The Strike Team,5,The Strike Team-5,6,JAGUARS
CREATE,1,CREATE-1,22,CHARGERS
MAYFLOWER MAVERICKS,9,MAYFLOWER MAVERICKS-9,22,CHARGERS
THE STRING,1,THE STRING-1,6,JAGUARS
CREATE,2,CREATE-2,22,CHARGERS
MAYFLOWER MOVERS,1,MAYFLOWER MOVERS-1,24,RAIDERS
THE STRING,2,THE STRING-2,22,CHARGERS
CREATE,3,CREATE-3,22,CHARGERS
MAYFLOWER MOVERS,2,MAYFLOWER MOVERS-2,6,JAGUARS
THE STRING,3,THE STRING-3,26,EAGLES
CREATE,4,CREATE-4,12,STEELERS
MAYFLOWERMAVRICKS II,1,MAYFLOWERMAVRICKS II-1,6,JAGUARS
THE STRUGGLE,1,THE STRUGGLE-1,22,CHARGERS
CREATE,5,CREATE-5,6,JAGUARS
MAYFLOWERMAVRICKS II,2,MAYFLOWERMAVRICKS II-2,6,JAGUARS
THE SWARM,1,THE SWARM-1,22,CHARGERS
CREEK ELITE,1,CREEK ELITE-1,22,CHARGERS
MAYFLOWERMAVRICKS II,3,MAYFLOWERMAVRICKS II-3,6,JAGUARS
THE SWARM,2,THE SWARM-2,22,CHARGERS
CREEK ELITE,2,CREEK ELITE-2,22,CHARGERS
MAYHEM SPORTS,1,MAYHEM SPORTS-1,12,STEELERS
THE SYNDICATE!,1,THE SYNDICATE!-1,22,CHARGERS
CREEK ELITE,3,CREEK ELITE-3,22,CHARGERS
MAYHEM SPORTS,2,MAYHEM SPORTS-2,6,JAGUARS
THE SYNDICATE!,2,THE SYNDICATE!-2,22,CHARGERS
CREEPINGDETH,1,CREEPINGDETH-1,6,JAGUARS
MAYHEM SPORTS,3,MAYHEM SPORTS-3,12,STEELERS
THE SYNDICATE!,3,THE SYNDICATE!-3,6,JAGUARS
CREEPINGDETH,2,CREEPINGDETH-2,22,CHARGERS
MAYHEM SPORTS,4,MAYHEM SPORTS-4,24,RAIDERS
the syndicate,1,the syndicate-1,22,CHARGERS
CREMASTERREFLEX,1,CREMASTERREFLEX-1,6,JAGUARS
MAZALNY,1,MAZALNY-1,2,SEAHAWKS
the syndicate,2,the syndicate-2,12,STEELERS
CREMASTERREFLEX,2,CREMASTERREFLEX-2,20,LIONS
MAZALNY,2,MAZALNY-2,29,COWBOYS
the syndicate,3,the syndicate-3,24,RAIDERS
CREMASTERREFLEX,3,CREMASTERREFLEX-3,22,CHARGERS
MAZALNY,3,MAZALNY-3,20,LIONS
the tall guy,1,the tall guy-1,23,DOLPHINS
CREMASTERREFLEX,4,CREMASTERREFLEX-4,15,BEARS
MAZALNY,4,MAZALNY-4,20,LIONS
the tall guy,2,the tall guy-2,23,DOLPHINS
crew dwoo's,1,crew dwoo's-1,6,JAGUARS
MAZALNY,5,MAZALNY-5,20,LIONS
the tall guy,3,the tall guy-3,23,DOLPHINS
Cribbage King,1,Cribbage King-1,6,JAGUARS
MAZALNY,6,MAZALNY-6,20,LIONS
the tall guy,4,the tall guy-4,23,DOLPHINS
CRICKRAT,1,CRICKRAT-1,22,CHARGERS
MAZALNY,7,MAZALNY-7,12,STEELERS
the tall guy,5,the tall guy-5,24,RAIDERS
CRICKRAT,2,CRICKRAT-2,22,CHARGERS
MAZALNY,8,MAZALNY-8,12,STEELERS
the tall guy,6,the tall guy-6,24,RAIDERS
CRICKRAT,3,CRICKRAT-3,20,LIONS
MAZALNY,9,MAZALNY-9,12,STEELERS
the tall guy,7,the tall guy-7,24,RAIDERS
CRICKRAT,4,CRICKRAT-4,6,JAGUARS
"MB+BROS,INC.",1,"MB+BROS,INC.-1",6,JAGUARS
the tall guy,8,the tall guy-8,24,RAIDERS
CRIH SURVIVES,1,CRIH SURVIVES-1,2,SEAHAWKS
"MB+BROS,INC.",10,"MB+BROS,INC.-10",22,CHARGERS
THE THREE AMIGOS,1,THE THREE AMIGOS-1,12,STEELERS
CRIH SURVIVES,2,CRIH SURVIVES-2,6,JAGUARS
"MB+BROS,INC.",2,"MB+BROS,INC.-2",6,JAGUARS
THE THREE AMIGOS,2,THE THREE AMIGOS-2,22,CHARGERS
CRIMINAL LAWYERS,1,CRIMINAL LAWYERS-1,12,STEELERS
"MB+BROS,INC.",3,"MB+BROS,INC.-3",6,JAGUARS
THE THREE AMIGOS,3,THE THREE AMIGOS-3,22,CHARGERS
CRIMINAL LAWYERS,2,CRIMINAL LAWYERS-2,24,RAIDERS
"MB+BROS,INC.",4,"MB+BROS,INC.-4",22,CHARGERS
THE THREE AMIGOS,4,THE THREE AMIGOS-4,22,CHARGERS
crimson docs,1,crimson docs-1,22,CHARGERS
"MB+BROS,INC.",5,"MB+BROS,INC.-5",6,JAGUARS
THE TRI HARDERS,1,THE TRI HARDERS-1,26,EAGLES
crimson docs,10,crimson docs-10,22,CHARGERS
"MB+BROS,INC.",6,"MB+BROS,INC.-6",6,JAGUARS
THE TX SYNDICATE,1,THE TX SYNDICATE-1,6,JAGUARS
crimson docs,2,crimson docs-2,6,JAGUARS
"MB+BROS,INC.",7,"MB+BROS,INC.-7",22,CHARGERS
THE TX SYNDICATE,2,THE TX SYNDICATE-2,22,CHARGERS
crimson docs,3,crimson docs-3,6,JAGUARS
"MB+BROS,INC.",8,"MB+BROS,INC.-8",22,CHARGERS
THE U,1,THE U-1,22,CHARGERS
crimson docs,4,crimson docs-4,6,JAGUARS
"MB+BROS,INC.",9,"MB+BROS,INC.-9",6,JAGUARS
THE U,2,THE U-2,22,CHARGERS
crimson docs,5,crimson docs-5,22,CHARGERS
"MB-BRO$,INC.",1,"MB-BRO$,INC.-1",22,CHARGERS
THE U,3,THE U-3,6,JAGUARS
crimson docs,6,crimson docs-6,6,JAGUARS
"MB-BRO$,INC.",2,"MB-BRO$,INC.-2",6,JAGUARS
THE U,4,THE U-4,22,CHARGERS
crimson docs,7,crimson docs-7,6,JAGUARS
"MB-BRO$,INC.",3,"MB-BRO$,INC.-3",24,RAIDERS
THE U,5,THE U-5,22,CHARGERS
crimson docs,8,crimson docs-8,22,CHARGERS
"MB-TIKI BROS,INC.",1,"MB-TIKI BROS,INC.-1",6,JAGUARS
THE U,6,THE U-6,24,RAIDERS
crimson docs,9,crimson docs-9,6,JAGUARS
"MB-TIKI BROS,INC.",2,"MB-TIKI BROS,INC.-2",20,LIONS
THE U,7,THE U-7,8,BENGALS
CRIMSON VORTEX,1,CRIMSON VORTEX-1,26,EAGLES
"MB-TIKI BROS,INC.",3,"MB-TIKI BROS,INC.-3",22,CHARGERS
THE U,8,THE U-8,6,JAGUARS
CRIMSON VORTEX,10,CRIMSON VORTEX-10,22,CHARGERS
"MB-TIKI BROS,INC.",4,"MB-TIKI BROS,INC.-4",22,CHARGERS
THE U,9,THE U-9,12,STEELERS
CRIMSON VORTEX,2,CRIMSON VORTEX-2,26,EAGLES
"MB-TIKI BROS,INC.",5,"MB-TIKI BROS,INC.-5",6,JAGUARS
THE VAN BUREN BOYS,1,THE VAN BUREN BOYS-1,6,JAGUARS
CRIMSON VORTEX,3,CRIMSON VORTEX-3,26,EAGLES
"MB-TIKI BROS,INC.",6,"MB-TIKI BROS,INC.-6",22,CHARGERS
THE VICTORS,1,THE VICTORS-1,22,CHARGERS
CRIMSON VORTEX,4,CRIMSON VORTEX-4,12,STEELERS
MB1115,1,MB1115-1,6,JAGUARS
THE VICTORS,10,THE VICTORS-10,6,JAGUARS
CRIMSON VORTEX,5,CRIMSON VORTEX-5,12,STEELERS
MB1115,2,MB1115-2,22,CHARGERS
THE VICTORS,2,THE VICTORS-2,22,CHARGERS
CRIMSON VORTEX,6,CRIMSON VORTEX-6,12,STEELERS
mbarney6969,1,mbarney6969-1,6,JAGUARS
THE VICTORS,3,THE VICTORS-3,22,CHARGERS
CRIMSON VORTEX,7,CRIMSON VORTEX-7,12,STEELERS
MBEACH,1,MBEACH-1,22,CHARGERS
THE VICTORS,4,THE VICTORS-4,6,JAGUARS
CRIMSON VORTEX,8,CRIMSON VORTEX-8,12,STEELERS
MBEACH,2,MBEACH-2,6,JAGUARS
THE VICTORS,5,THE VICTORS-5,6,JAGUARS
CRIMSON VORTEX,9,CRIMSON VORTEX-9,20,LIONS
MBEACH,3,MBEACH-3,24,RAIDERS
THE VICTORS,6,THE VICTORS-6,20,LIONS
CRISPY,1,CRISPY-1,22,CHARGERS
MBJ1876,1,MBJ1876-1,6,JAGUARS
THE VICTORS,7,THE VICTORS-7,20,LIONS
CRISPY,10,CRISPY-10,6,JAGUARS
MBJ1876,2,MBJ1876-2,12,STEELERS
THE VICTORS,8,THE VICTORS-8,12,STEELERS
CRISPY,2,CRISPY-2,22,CHARGERS
MBSMidgetsandDwarfs,1,MBSMidgetsandDwarfs-1,22,CHARGERS
THE VICTORS,9,THE VICTORS-9,12,STEELERS
CRISPY,3,CRISPY-3,22,CHARGERS
MBSMidgetsandDwarfs,2,MBSMidgetsandDwarfs-2,6,JAGUARS
THE VILLAGES PROPHET,1,THE VILLAGES PROPHET-1,20,LIONS
CRISPY,4,CRISPY-4,22,CHARGERS
MBSMidgetsandDwarfs,3,MBSMidgetsandDwarfs-3,22,CHARGERS
the water boys,1,the water boys-1,12,STEELERS
CRISPY,5,CRISPY-5,12,STEELERS
MBSMidgetsandDwarfs,4,MBSMidgetsandDwarfs-4,6,JAGUARS
the water boys,2,the water boys-2,22,CHARGERS
CRISPY,6,CRISPY-6,12,STEELERS
MC,1,MC-1,22,CHARGERS
THE WEAK LINK,1,THE WEAK LINK-1,20,LIONS
CRISPY,7,CRISPY-7,12,STEELERS
MC,2,MC-2,22,CHARGERS
THE WEAK LINK,2,THE WEAK LINK-2,24,RAIDERS
CRISPY,8,CRISPY-8,24,RAIDERS
MC,3,MC-3,15,BEARS
THE WEATHERMAN,1,THE WEATHERMAN-1,12,STEELERS
CRISPY,9,CRISPY-9,24,RAIDERS
MC,4,MC-4,15,BEARS
THE WIND,1,THE WIND-1,22,CHARGERS
CRITTER,1,CRITTER-1,22,CHARGERS
MC,5,MC-5,6,JAGUARS
THE WIND,2,THE WIND-2,6,JAGUARS
CRITTER,10,CRITTER-10,12,STEELERS
MC,6,MC-6,6,JAGUARS
THE WIND,3,THE WIND-3,12,STEELERS
CRITTER,2,CRITTER-2,6,JAGUARS
MCB2,1,MCB2-1,18,TITANS
THE WINNER,1,THE WINNER-1,22,CHARGERS
CRITTER,3,CRITTER-3,22,CHARGERS
MCB2,2,MCB2-2,6,JAGUARS
THE WINNER,10,THE WINNER-10,20,LIONS
CRITTER,4,CRITTER-4,22,CHARGERS
MCB2,3,MCB2-3,6,JAGUARS
THE WINNER,2,THE WINNER-2,22,CHARGERS
CRITTER,5,CRITTER-5,22,CHARGERS
MCB2,4,MCB2-4,6,JAGUARS
THE WINNER,3,THE WINNER-3,22,CHARGERS
CRITTER,6,CRITTER-6,22,CHARGERS
MCB2,5,MCB2-5,6,JAGUARS
THE WINNER,4,THE WINNER-4,22,CHARGERS
CRITTER,7,CRITTER-7,22,CHARGERS
MCB2,6,MCB2-6,6,JAGUARS
THE WINNER,5,THE WINNER-5,22,CHARGERS
CRITTER,8,CRITTER-8,26,EAGLES
MCB2,7,MCB2-7,22,CHARGERS
THE WINNER,6,THE WINNER-6,12,STEELERS
CRITTER,9,CRITTER-9,6,JAGUARS
MCBELLSTROM,1,MCBELLSTROM-1,22,CHARGERS
THE WINNER,7,THE WINNER-7,12,STEELERS
CROSBY,1,CROSBY-1,22,CHARGERS
MCBELLSTROM,2,MCBELLSTROM-2,6,JAGUARS
THE WINNER,8,THE WINNER-8,12,STEELERS
CROSSFIRE HURRICANE,1,CROSSFIRE HURRICANE-1,6,JAGUARS
McBerry,1,McBerry-1,6,JAGUARS
THE WINNER,9,THE WINNER-9,24,RAIDERS
CROUCHERJD,1,CROUCHERJD-1,2,SEAHAWKS
McBerry,2,McBerry-2,22,CHARGERS
THE4BROKES,1,THE4BROKES-1,22,CHARGERS
CROUCHERJD,10,CROUCHERJD-10,24,RAIDERS
MCCOMMAS,1,MCCOMMAS-1,22,CHARGERS
THE4BROKES,2,THE4BROKES-2,22,CHARGERS
CROUCHERJD,2,CROUCHERJD-2,2,SEAHAWKS
MCCOMMAS,2,MCCOMMAS-2,22,CHARGERS
THE4BROKES,3,THE4BROKES-3,22,CHARGERS
CROUCHERJD,3,CROUCHERJD-3,4,RAMS
MCCOMMAS,3,MCCOMMAS-3,6,JAGUARS
THE4BROKES,4,THE4BROKES-4,6,JAGUARS
CROUCHERJD,4,CROUCHERJD-4,4,RAMS
MCCOMMAS,4,MCCOMMAS-4,24,RAIDERS
THE4BROKES,5,THE4BROKES-5,6,JAGUARS
CROUCHERJD,5,CROUCHERJD-5,12,STEELERS
MCCOMMAS,5,MCCOMMAS-5,6,JAGUARS
THEABSOLUTEGOVERNORS,1,THEABSOLUTEGOVERNORS-1,22,CHARGERS
CROUCHERJD,6,CROUCHERJD-6,12,STEELERS
MCCOY11,1,MCCOY11-1,12,STEELERS
THEABSOLUTEGOVERNORS,10,THEABSOLUTEGOVERNORS-10,12,STEELERS
CROUCHERJD,7,CROUCHERJD-7,12,STEELERS
McDStew,1,McDStew-1,6,JAGUARS
THEABSOLUTEGOVERNORS,2,THEABSOLUTEGOVERNORS-2,22,CHARGERS
CROUCHERJD,8,CROUCHERJD-8,12,STEELERS
MCGAFF,1,MCGAFF-1,22,CHARGERS
THEABSOLUTEGOVERNORS,3,THEABSOLUTEGOVERNORS-3,22,CHARGERS
CROUCHERJD,9,CROUCHERJD-9,24,RAIDERS
McLovin,1,McLovin-1,12,STEELERS
THEABSOLUTEGOVERNORS,4,THEABSOLUTEGOVERNORS-4,22,CHARGERS
Crowd Favorite,1,Crowd Favorite-1,22,CHARGERS
McLovin69,1,McLovin69-1,22,CHARGERS
THEABSOLUTEGOVERNORS,5,THEABSOLUTEGOVERNORS-5,6,JAGUARS
Crowd Favorite,10,Crowd Favorite-10,20,LIONS
McLovin69,10,McLovin69-10,6,JAGUARS
THEABSOLUTEGOVERNORS,6,THEABSOLUTEGOVERNORS-6,6,JAGUARS
Crowd Favorite,2,Crowd Favorite-2,22,CHARGERS
McLovin69,2,McLovin69-2,22,CHARGERS
THEABSOLUTEGOVERNORS,7,THEABSOLUTEGOVERNORS-7,6,JAGUARS
Crowd Favorite,3,Crowd Favorite-3,22,CHARGERS
McLovin69,3,McLovin69-3,22,CHARGERS
THEABSOLUTEGOVERNORS,8,THEABSOLUTEGOVERNORS-8,12,STEELERS
Crowd Favorite,4,Crowd Favorite-4,22,CHARGERS
McLovin69,4,McLovin69-4,22,CHARGERS
THEABSOLUTEGOVERNORS,9,THEABSOLUTEGOVERNORS-9,12,STEELERS
Crowd Favorite,5,Crowd Favorite-5,6,JAGUARS
McLovin69,5,McLovin69-5,22,CHARGERS
THEANSWER316,1,THEANSWER316-1,22,CHARGERS
Crowd Favorite,6,Crowd Favorite-6,6,JAGUARS
McLovin69,6,McLovin69-6,12,STEELERS
THEANSWER316,2,THEANSWER316-2,6,JAGUARS
Crowd Favorite,7,Crowd Favorite-7,6,JAGUARS
McLovin69,7,McLovin69-7,12,STEELERS
THEAUTUMNWIND,1,THEAUTUMNWIND-1,22,CHARGERS
Crowd Favorite,8,Crowd Favorite-8,12,STEELERS
McLovin69,8,McLovin69-8,12,STEELERS
THEBADINFLUENCER,1,THEBADINFLUENCER-1,22,CHARGERS
Crowd Favorite,9,Crowd Favorite-9,12,STEELERS
McLovin69,9,McLovin69-9,6,JAGUARS
THEBADINFLUENCER,2,THEBADINFLUENCER-2,12,STEELERS
crpc,1,crpc-1,12,STEELERS
MCMAHON&RODGERS,1,MCMAHON&RODGERS-1,12,STEELERS
THEBADINFLUENCER,3,THEBADINFLUENCER-3,26,EAGLES
crpc,2,crpc-2,8,BENGALS
MCMONIC123,1,MCMONIC123-1,22,CHARGERS
THEBADINFLUENCER,4,THEBADINFLUENCER-4,22,CHARGERS
crpc,3,crpc-3,12,STEELERS
MCMONIC123,2,MCMONIC123-2,6,JAGUARS
THEBADINFLUENCER,5,THEBADINFLUENCER-5,22,CHARGERS
crpc,4,crpc-4,29,COWBOYS
MCPICKS 261307,1,MCPICKS 261307-1,6,JAGUARS
THEBARK1,1,THEBARK1-1,6,JAGUARS
crpc,5,crpc-5,17,JETS
MCPICKS 261307,2,MCPICKS 261307-2,12,STEELERS
TheBestBettingShow,1,TheBestBettingShow-1,24,RAIDERS
CRUB APPEAL,1,CRUB APPEAL-1,6,JAGUARS
MCPREDICTS,1,MCPREDICTS-1,6,JAGUARS
thebighorse,1,thebighorse-1,6,JAGUARS
Cruces Duces,1,Cruces Duces-1,24,RAIDERS
MCPREDICTS,2,MCPREDICTS-2,12,STEELERS
THEBIGLEAGUES,1,THEBIGLEAGUES-1,22,CHARGERS
CRUSADERS,1,CRUSADERS-1,6,JAGUARS
MCPREDICTS,3,MCPREDICTS-3,22,CHARGERS
THECHEESEWHEELS,1,THECHEESEWHEELS-1,6,JAGUARS
CRUSHEMSPORTS,1,CRUSHEMSPORTS-1,12,STEELERS
MCPREDICTS,4,MCPREDICTS-4,28,VIKINGS
thechiropractor,1,thechiropractor-1,9,RAVENS
CRUSHEMSPORTS,10,CRUSHEMSPORTS-10,12,STEELERS
MCPREDICTS,5,MCPREDICTS-5,6,JAGUARS
THECOLLEGEOFMUSTARD,1,THECOLLEGEOFMUSTARD-1,22,CHARGERS
CRUSHEMSPORTS,2,CRUSHEMSPORTS-2,12,STEELERS
MCPREDICTS,6,MCPREDICTS-6,6,JAGUARS
THEDOCTOR,1,THEDOCTOR-1,12,STEELERS
CRUSHEMSPORTS,3,CRUSHEMSPORTS-3,12,STEELERS
MCPREDICTS,7,MCPREDICTS-7,6,JAGUARS
THEDOCTOR,2,THEDOCTOR-2,6,JAGUARS
CRUSHEMSPORTS,4,CRUSHEMSPORTS-4,12,STEELERS
MCPREDICTS,8,MCPREDICTS-8,6,JAGUARS
THEFOURHORSEMEN,1,THEFOURHORSEMEN-1,22,CHARGERS
CRUSHEMSPORTS,5,CRUSHEMSPORTS-5,12,STEELERS
mcsimes,1,mcsimes-1,22,CHARGERS
THEFRANCHISE,1,THEFRANCHISE-1,6,JAGUARS
CRUSHEMSPORTS,6,CRUSHEMSPORTS-6,12,STEELERS
MCSULLIVAN,1,MCSULLIVAN-1,6,JAGUARS
TheGoodBadAndUgly,1,TheGoodBadAndUgly-1,6,JAGUARS
CRUSHEMSPORTS,7,CRUSHEMSPORTS-7,12,STEELERS
MCUBED,1,MCUBED-1,22,CHARGERS
THEJRM3,1,THEJRM3-1,6,JAGUARS
CRUSHEMSPORTS,8,CRUSHEMSPORTS-8,12,STEELERS
MCVONGONGAG,1,MCVONGONGAG-1,6,JAGUARS
THEJRM3,2,THEJRM3-2,22,CHARGERS
CRUSHEMSPORTS,9,CRUSHEMSPORTS-9,12,STEELERS
md,1,md-1,22,CHARGERS
THEJRM3,3,THEJRM3-3,22,CHARGERS
CRUSHIN CHUBBIES,1,CRUSHIN CHUBBIES-1,12,STEELERS
md,2,md-2,22,CHARGERS
TheLegendsofCrozet,1,TheLegendsofCrozet-1,6,JAGUARS
CRUSTYOLEINKMAKER,1,CRUSTYOLEINKMAKER-1,22,CHARGERS
md,3,md-3,8,BENGALS
TheLegendsofCrozet,2,TheLegendsofCrozet-2,22,CHARGERS
CRUSTYOLEINKMAKER,2,CRUSTYOLEINKMAKER-2,22,CHARGERS
md,4,md-4,6,JAGUARS
THEMANYSNACKSGOD,1,THEMANYSNACKSGOD-1,6,JAGUARS
CRUSTYOLEINKMAKER,3,CRUSTYOLEINKMAKER-3,12,STEELERS
md,5,md-5,6,JAGUARS
THEMANYSNACKSGOD,2,THEMANYSNACKSGOD-2,6,JAGUARS
CRUZEIRO,1,CRUZEIRO-1,6,JAGUARS
md,6,md-6,12,STEELERS
THEMARATHONCONTINUES,1,THEMARATHONCONTINUES-1,12,STEELERS
CRUZEIRO,10,CRUZEIRO-10,6,JAGUARS
md,7,md-7,24,RAIDERS
THEMILHOUSEALWYSWINS,1,THEMILHOUSEALWYSWINS-1,6,JAGUARS
CRUZEIRO,2,CRUZEIRO-2,6,JAGUARS
MDSJJNTH,1,MDSJJNTH-1,22,CHARGERS
THEMILHOUSEALWYSWINS,10,THEMILHOUSEALWYSWINS-10,26,EAGLES
CRUZEIRO,3,CRUZEIRO-3,6,JAGUARS
MDZ3,1,MDZ3-1,6,JAGUARS
THEMILHOUSEALWYSWINS,2,THEMILHOUSEALWYSWINS-2,6,JAGUARS
CRUZEIRO,4,CRUZEIRO-4,6,JAGUARS
MDZ3,2,MDZ3-2,24,RAIDERS
THEMILHOUSEALWYSWINS,3,THEMILHOUSEALWYSWINS-3,6,JAGUARS
CRUZEIRO,5,CRUZEIRO-5,6,JAGUARS
MEADOWBROOKHOOLIGANS,1,MEADOWBROOKHOOLIGANS-1,20,LIONS
THEMILHOUSEALWYSWINS,4,THEMILHOUSEALWYSWINS-4,6,JAGUARS
CRUZEIRO,6,CRUZEIRO-6,6,JAGUARS
MEADOWBROOKHOOLIGANS,10,MEADOWBROOKHOOLIGANS-10,6,JAGUARS
THEMILHOUSEALWYSWINS,5,THEMILHOUSEALWYSWINS-5,20,LIONS
CRUZEIRO,7,CRUZEIRO-7,6,JAGUARS
MEADOWBROOKHOOLIGANS,2,MEADOWBROOKHOOLIGANS-2,6,JAGUARS
THEMILHOUSEALWYSWINS,6,THEMILHOUSEALWYSWINS-6,20,LIONS
CRUZEIRO,8,CRUZEIRO-8,6,JAGUARS
MEADOWBROOKHOOLIGANS,3,MEADOWBROOKHOOLIGANS-3,22,CHARGERS
THEMILHOUSEALWYSWINS,7,THEMILHOUSEALWYSWINS-7,12,STEELERS
CRUZEIRO,9,CRUZEIRO-9,6,JAGUARS
MEADOWBROOKHOOLIGANS,4,MEADOWBROOKHOOLIGANS-4,22,CHARGERS
THEMILHOUSEALWYSWINS,8,THEMILHOUSEALWYSWINS-8,12,STEELERS
CSC GROUP,1,CSC GROUP-1,6,JAGUARS
MEADOWBROOKHOOLIGANS,5,MEADOWBROOKHOOLIGANS-5,22,CHARGERS
THEMILHOUSEALWYSWINS,9,THEMILHOUSEALWYSWINS-9,24,RAIDERS
CSC GROUP,10,CSC GROUP-10,12,STEELERS
MEADOWBROOKHOOLIGANS,6,MEADOWBROOKHOOLIGANS-6,22,CHARGERS
THENJKID,1,THENJKID-1,22,CHARGERS
CSC GROUP,2,CSC GROUP-2,15,BEARS
MEADOWBROOKHOOLIGANS,7,MEADOWBROOKHOOLIGANS-7,6,JAGUARS
THENJKID,2,THENJKID-2,22,CHARGERS
CSC GROUP,3,CSC GROUP-3,24,RAIDERS
MEADOWBROOKHOOLIGANS,8,MEADOWBROOKHOOLIGANS-8,22,CHARGERS
THENJKID,3,THENJKID-3,22,CHARGERS
CSC GROUP,4,CSC GROUP-4,24,RAIDERS
MEADOWBROOKHOOLIGANS,9,MEADOWBROOKHOOLIGANS-9,22,CHARGERS
THENJKID,4,THENJKID-4,6,JAGUARS
CSC GROUP,5,CSC GROUP-5,12,STEELERS
MEADOWOO,1,MEADOWOO-1,12,STEELERS
THENJKID,5,THENJKID-5,22,CHARGERS
CSC GROUP,6,CSC GROUP-6,12,STEELERS
MEADOWOO,10,MEADOWOO-10,12,STEELERS
THENJKID,6,THENJKID-6,22,CHARGERS
CSC GROUP,7,CSC GROUP-7,12,STEELERS
MEADOWOO,2,MEADOWOO-2,12,STEELERS
THENJKID,7,THENJKID-7,22,CHARGERS
CSC GROUP,8,CSC GROUP-8,6,JAGUARS
MEADOWOO,3,MEADOWOO-3,12,STEELERS
THEREALSHARKATTACK,1,THEREALSHARKATTACK-1,24,RAIDERS
CSC GROUP,9,CSC GROUP-9,22,CHARGERS
MEADOWOO,4,MEADOWOO-4,12,STEELERS
THEREALSHARKATTACK,2,THEREALSHARKATTACK-2,6,JAGUARS
CSESCALATE,1,CSESCALATE-1,22,CHARGERS
MEADOWOO,5,MEADOWOO-5,12,STEELERS
THEREALSHARKATTACK,3,THEREALSHARKATTACK-3,22,CHARGERS
Csonka's Horde,1,Csonka's Horde-1,6,JAGUARS
MEADOWOO,6,MEADOWOO-6,12,STEELERS
THEREALSHARKATTACK,4,THEREALSHARKATTACK-4,6,JAGUARS
Csonka's Horde,2,Csonka's Horde-2,22,CHARGERS
MEADOWOO,7,MEADOWOO-7,12,STEELERS
THEREALSHARKATTACK,5,THEREALSHARKATTACK-5,22,CHARGERS
Csonka's Horde,3,Csonka's Horde-3,6,JAGUARS
MEADOWOO,8,MEADOWOO-8,12,STEELERS
THEREALSHARKATTACK,6,THEREALSHARKATTACK-6,22,CHARGERS
CT Fools,1,CT Fools-1,22,CHARGERS
MEADOWOO,9,MEADOWOO-9,12,STEELERS
THESAMDARNOLDSHOW,1,THESAMDARNOLDSHOW-1,6,JAGUARS
CT Fools,10,CT Fools-10,22,CHARGERS
MEALTICKET,1,MEALTICKET-1,22,CHARGERS
THESAMDARNOLDSHOW,2,THESAMDARNOLDSHOW-2,12,STEELERS
CT Fools,2,CT Fools-2,22,CHARGERS
MEALTICKET,2,MEALTICKET-2,6,JAGUARS
THESAMDARNOLDSHOW,3,THESAMDARNOLDSHOW-3,24,RAIDERS
CT Fools,3,CT Fools-3,22,CHARGERS
MEAN MACHINE,1,MEAN MACHINE-1,6,JAGUARS
THESANTAFEBOY,1,THESANTAFEBOY-1,6,JAGUARS
CT Fools,4,CT Fools-4,22,CHARGERS
MEAN MACHINE,2,MEAN MACHINE-2,12,STEELERS
THESANTAFEBOY,10,THESANTAFEBOY-10,26,EAGLES
CT Fools,5,CT Fools-5,22,CHARGERS
MEAN MACHINE,3,MEAN MACHINE-3,6,JAGUARS
THESANTAFEBOY,2,THESANTAFEBOY-2,6,JAGUARS
CT Fools,6,CT Fools-6,22,CHARGERS
MEAN MACHINE,4,MEAN MACHINE-4,22,CHARGERS
THESANTAFEBOY,3,THESANTAFEBOY-3,6,JAGUARS
CT Fools,7,CT Fools-7,22,CHARGERS
MEATBALL BROTHERS,1,MEATBALL BROTHERS-1,22,CHARGERS
THESANTAFEBOY,4,THESANTAFEBOY-4,6,JAGUARS
CT Fools,8,CT Fools-8,22,CHARGERS
MEATBALL BROTHERS,10,MEATBALL BROTHERS-10,24,RAIDERS
THESANTAFEBOY,5,THESANTAFEBOY-5,6,JAGUARS
CT Fools,9,CT Fools-9,22,CHARGERS
MEATBALL BROTHERS,2,MEATBALL BROTHERS-2,22,CHARGERS
THESANTAFEBOY,6,THESANTAFEBOY-6,6,JAGUARS
CTHAL296,1,CTHAL296-1,6,JAGUARS
MEATBALL BROTHERS,3,MEATBALL BROTHERS-3,22,CHARGERS
THESANTAFEBOY,7,THESANTAFEBOY-7,22,CHARGERS
CTHAL296,2,CTHAL296-2,6,JAGUARS
MEATBALL BROTHERS,4,MEATBALL BROTHERS-4,22,CHARGERS
THESANTAFEBOY,8,THESANTAFEBOY-8,12,STEELERS
CTHAL296,3,CTHAL296-3,12,STEELERS
MEATBALL BROTHERS,5,MEATBALL BROTHERS-5,6,JAGUARS
THESANTAFEBOY,9,THESANTAFEBOY-9,12,STEELERS
CTHAL296,4,CTHAL296-4,6,JAGUARS
MEATBALL BROTHERS,6,MEATBALL BROTHERS-6,6,JAGUARS
THEUNTOUCHABLETEXANS,1,THEUNTOUCHABLETEXANS-1,6,JAGUARS
CTOWN CHUCKS,1,CTOWN CHUCKS-1,6,JAGUARS
MEATBALL BROTHERS,7,MEATBALL BROTHERS-7,6,JAGUARS
THEUNTOUCHABLETEXANS,2,THEUNTOUCHABLETEXANS-2,12,STEELERS
CTOWN CHUCKS,10,CTOWN CHUCKS-10,12,STEELERS
MEATBALL BROTHERS,8,MEATBALL BROTHERS-8,6,JAGUARS
THEUNTOUCHABLETEXANS,3,THEUNTOUCHABLETEXANS-3,24,RAIDERS
CTOWN CHUCKS,2,CTOWN CHUCKS-2,6,JAGUARS
MEATBALL BROTHERS,9,MEATBALL BROTHERS-9,24,RAIDERS
THEWIN,1,THEWIN-1,20,LIONS
CTOWN CHUCKS,3,CTOWN CHUCKS-3,6,JAGUARS
MEATBALL MAMAS,1,MEATBALL MAMAS-1,6,JAGUARS
THEWIN,2,THEWIN-2,20,LIONS
CTOWN CHUCKS,4,CTOWN CHUCKS-4,22,CHARGERS
MEATBALL MAMAS,2,MEATBALL MAMAS-2,22,CHARGERS
THEWIN,3,THEWIN-3,22,CHARGERS
CTOWN CHUCKS,5,CTOWN CHUCKS-5,22,CHARGERS
MEATBALL MAMAS,3,MEATBALL MAMAS-3,22,CHARGERS
THEYEAR36,1,THEYEAR36-1,12,STEELERS
CTOWN CHUCKS,6,CTOWN CHUCKS-6,22,CHARGERS
MEATBALL MAMAS,4,MEATBALL MAMAS-4,6,JAGUARS
THEYEAR36,2,THEYEAR36-2,20,LIONS
CTOWN CHUCKS,7,CTOWN CHUCKS-7,22,CHARGERS
MEATBALL MAMAS,5,MEATBALL MAMAS-5,22,CHARGERS
THEYEAR36,3,THEYEAR36-3,6,JAGUARS
CTOWN CHUCKS,8,CTOWN CHUCKS-8,12,STEELERS
MEATBALLS,1,MEATBALLS-1,6,JAGUARS
THEYEAR36,4,THEYEAR36-4,12,STEELERS
CTOWN CHUCKS,9,CTOWN CHUCKS-9,12,STEELERS
MEATBALLS,2,MEATBALLS-2,12,STEELERS
THEYEAR36,5,THEYEAR36-5,12,STEELERS
CTOY,1,CTOY-1,6,JAGUARS
MEATBALLS,3,MEATBALLS-3,22,CHARGERS
THEYEAR36,6,THEYEAR36-6,12,STEELERS
CTOY,2,CTOY-2,12,STEELERS
MEATHEADS,1,MEATHEADS-1,22,CHARGERS
THEYEAR36,7,THEYEAR36-7,6,JAGUARS
CTRLATDEFEAT,1,CTRLATDEFEAT-1,22,CHARGERS
MEATHEADS,2,MEATHEADS-2,12,STEELERS
THEYEAR36,8,THEYEAR36-8,22,CHARGERS
CTRLATDEFEAT,2,CTRLATDEFEAT-2,6,JAGUARS
MEATHEADS,3,MEATHEADS-3,6,JAGUARS
THICK AS THIEVES,1,THICK AS THIEVES-1,20,LIONS
CTRLATDEFEAT,3,CTRLATDEFEAT-3,20,LIONS
MEATHEADS,4,MEATHEADS-4,6,JAGUARS
THICK SKIN THIN WEEN,1,THICK SKIN THIN WEEN-1,22,CHARGERS
CTRLATDEFEAT,4,CTRLATDEFEAT-4,12,STEELERS
MEATHEADS,5,MEATHEADS-5,22,CHARGERS
THILL TO WIN,1,THILL TO WIN-1,6,JAGUARS
CU@THECOUNTER,1,CU@THECOUNTER-1,12,STEELERS
MEDELLIN 4 LIFE,1,MEDELLIN 4 LIFE-1,12,STEELERS
THIN MAN,1,THIN MAN-1,6,JAGUARS
CUBANLINKS,1,CUBANLINKS-1,24,RAIDERS
medellin,1,medellin-1,26,EAGLES
THINK LIKE SAM,1,THINK LIKE SAM-1,17,JETS
CUBGRACE,1,CUBGRACE-1,22,CHARGERS
medellin,10,medellin-10,22,CHARGERS
THISISREALLYTHEYEAR,1,THISISREALLYTHEYEAR-1,22,CHARGERS
CUBGRACE,2,CUBGRACE-2,6,JAGUARS
medellin,2,medellin-2,20,LIONS
THISISREALLYTHEYEAR,2,THISISREALLYTHEYEAR-2,26,EAGLES
CUBGRACE,3,CUBGRACE-3,6,JAGUARS
medellin,3,medellin-3,20,LIONS
Thisones4u,1,Thisones4u-1,6,JAGUARS
CUE KENNY SMITH,1,CUE KENNY SMITH-1,24,RAIDERS
medellin,4,medellin-4,6,JAGUARS
Thisones4u,2,Thisones4u-2,12,STEELERS
CUE KENNY SMITH,2,CUE KENNY SMITH-2,12,STEELERS
medellin,5,medellin-5,6,JAGUARS
Thisones4u,3,Thisones4u-3,12,STEELERS
CUE KENNY SMITH,3,CUE KENNY SMITH-3,22,CHARGERS
medellin,6,medellin-6,6,JAGUARS
Thisones4u,4,Thisones4u-4,22,CHARGERS
CUE KENNY SMITH,4,CUE KENNY SMITH-4,22,CHARGERS
medellin,7,medellin-7,22,CHARGERS
Thisones4u,5,Thisones4u-5,24,RAIDERS
CUE KENNY SMITH,5,CUE KENNY SMITH-5,12,STEELERS
medellin,8,medellin-8,22,CHARGERS
THNKT,1,THNKT-1,2,SEAHAWKS
CUE KENNY SMITH,6,CUE KENNY SMITH-6,6,JAGUARS
medellin,9,medellin-9,22,CHARGERS
THNKT,2,THNKT-2,2,SEAHAWKS
CULTURE OF THE KING,1,CULTURE OF THE KING-1,20,LIONS
MEDIEVAL MOTORS,1,MEDIEVAL MOTORS-1,6,JAGUARS
THOARTERZ,1,THOARTERZ-1,6,JAGUARS
CULTURE OF THE KING,2,CULTURE OF THE KING-2,22,CHARGERS
MEDIEVAL MOTORS,2,MEDIEVAL MOTORS-2,22,CHARGERS
THOARTERZ,2,THOARTERZ-2,6,JAGUARS
CURLY Q LINK,1,CURLY Q LINK-1,12,STEELERS
Medley Boyz,1,Medley Boyz-1,22,CHARGERS
Three and Out,1,Three and Out-1,6,JAGUARS
CURT SMITH,1,CURT SMITH-1,12,STEELERS
MEGA V,1,MEGA V-1,22,CHARGERS
Three and Out,2,Three and Out-2,6,JAGUARS
CURT SMITH,2,CURT SMITH-2,22,CHARGERS
MEGA V,2,MEGA V-2,6,JAGUARS
THREE DONKEYS,1,THREE DONKEYS-1,12,STEELERS
CUSEBOY,1,CUSEBOY-1,14,TEXANS
MEGA V,3,MEGA V-3,6,JAGUARS
THREE DONKEYS,2,THREE DONKEYS-2,6,JAGUARS
CUSEBOY,10,CUSEBOY-10,4,RAMS
MEGAMBO,1,MEGAMBO-1,22,CHARGERS
THREE DONKEYS,3,THREE DONKEYS-3,22,CHARGERS
CUSEBOY,2,CUSEBOY-2,9,RAVENS
MEGAMBO,2,MEGAMBO-2,22,CHARGERS
THREE LITTLE BIRDS,1,THREE LITTLE BIRDS-1,22,CHARGERS
CUSEBOY,3,CUSEBOY-3,12,STEELERS
MEGAMBO,3,MEGAMBO-3,6,JAGUARS
THREE LITTLE BIRDS,2,THREE LITTLE BIRDS-2,20,LIONS
CUSEBOY,4,CUSEBOY-4,20,LIONS
MEGAMBO,4,MEGAMBO-4,22,CHARGERS
THREE LITTLE BIRDS,3,THREE LITTLE BIRDS-3,22,CHARGERS
CUSEBOY,5,CUSEBOY-5,6,JAGUARS
MEGAMBO,5,MEGAMBO-5,6,JAGUARS
THREE RED'S NUGGIES,1,THREE RED'S NUGGIES-1,6,JAGUARS
CUSEBOY,6,CUSEBOY-6,26,EAGLES
MEGAMBO,6,MEGAMBO-6,22,CHARGERS
THREE STOOGES,1,THREE STOOGES-1,6,JAGUARS
CUSEBOY,7,CUSEBOY-7,26,EAGLES
MEGATRAN,1,MEGATRAN-1,6,JAGUARS
THREE SWINGING PICKS,1,THREE SWINGING PICKS-1,6,JAGUARS
CUSEBOY,8,CUSEBOY-8,22,CHARGERS
MEGATRAN,2,MEGATRAN-2,22,CHARGERS
THREE SWINGING PICKS,10,THREE SWINGING PICKS-10,26,EAGLES
CUSEBOY,9,CUSEBOY-9,22,CHARGERS
MELON HEAD,1,MELON HEAD-1,6,JAGUARS
THREE SWINGING PICKS,2,THREE SWINGING PICKS-2,6,JAGUARS
cutdachedduh,1,cutdachedduh-1,20,LIONS
MELON HEAD,2,MELON HEAD-2,22,CHARGERS
THREE SWINGING PICKS,3,THREE SWINGING PICKS-3,6,JAGUARS
Cutthroat Trout,1,Cutthroat Trout-1,22,CHARGERS
MELONCRACKER,1,MELONCRACKER-1,6,JAGUARS
THREE SWINGING PICKS,4,THREE SWINGING PICKS-4,12,STEELERS
CV_STEEZZ,1,CV_STEEZZ-1,12,STEELERS
MELONCRACKER,2,MELONCRACKER-2,22,CHARGERS
THREE SWINGING PICKS,5,THREE SWINGING PICKS-5,12,STEELERS
CV_STEEZZ,2,CV_STEEZZ-2,6,JAGUARS
MELONCRACKER,3,MELONCRACKER-3,12,STEELERS
THREE SWINGING PICKS,6,THREE SWINGING PICKS-6,12,STEELERS
CWMG,1,CWMG-1,22,CHARGERS
MELONS,1,MELONS-1,22,CHARGERS
THREE SWINGING PICKS,7,THREE SWINGING PICKS-7,22,CHARGERS
CWMG,2,CWMG-2,12,STEELERS
MELONS,2,MELONS-2,8,BENGALS
THREE SWINGING PICKS,8,THREE SWINGING PICKS-8,22,CHARGERS
CWMG,3,CWMG-3,6,JAGUARS
MEMPHISSYN,1,MEMPHISSYN-1,6,JAGUARS
THREE SWINGING PICKS,9,THREE SWINGING PICKS-9,26,EAGLES
CWMG,4,CWMG-4,6,JAGUARS
MEMPHISSYN,2,MEMPHISSYN-2,6,JAGUARS
THREE TONS,1,THREE TONS-1,12,STEELERS
CWMG,5,CWMG-5,22,CHARGERS
Men Of Steele,1,Men Of Steele-1,6,JAGUARS
THREE TONS,2,THREE TONS-2,6,JAGUARS
CWMG,6,CWMG-6,22,CHARGERS
MEN WITHOUT BRAIN,1,MEN WITHOUT BRAIN-1,22,CHARGERS
Three-GS,1,Three-GS-1,6,JAGUARS
CWMG,7,CWMG-7,6,JAGUARS
MEN WITHOUT BRAIN,10,MEN WITHOUT BRAIN-10,24,RAIDERS
Three-GS,2,Three-GS-2,22,CHARGERS
CWMG,8,CWMG-8,22,CHARGERS
MEN WITHOUT BRAIN,2,MEN WITHOUT BRAIN-2,22,CHARGERS
THREELIONS F.C.,1,THREELIONS F.C.-1,22,CHARGERS
CY123,1,CY123-1,6,JAGUARS
MEN WITHOUT BRAIN,3,MEN WITHOUT BRAIN-3,22,CHARGERS
THREELIONS F.C.,2,THREELIONS F.C.-2,6,JAGUARS
CY123,2,CY123-2,22,CHARGERS
MEN WITHOUT BRAIN,4,MEN WITHOUT BRAIN-4,22,CHARGERS
THREELIONS F.C.,3,THREELIONS F.C.-3,6,JAGUARS
CYBERBOYS,1,CYBERBOYS-1,22,CHARGERS
MEN WITHOUT BRAIN,5,MEN WITHOUT BRAIN-5,22,CHARGERS
THREELIONS F.C.,4,THREELIONS F.C.-4,22,CHARGERS
CYBERBOYS,10,CYBERBOYS-10,26,EAGLES
MEN WITHOUT BRAIN,6,MEN WITHOUT BRAIN-6,6,JAGUARS
THREELIONS F.C.,5,THREELIONS F.C.-5,26,EAGLES
CYBERBOYS,2,CYBERBOYS-2,22,CHARGERS
MEN WITHOUT BRAIN,7,MEN WITHOUT BRAIN-7,6,JAGUARS
THREESOME,1,THREESOME-1,8,BENGALS
CYBERBOYS,3,CYBERBOYS-3,22,CHARGERS
MEN WITHOUT BRAIN,8,MEN WITHOUT BRAIN-8,6,JAGUARS
THREESOME,2,THREESOME-2,22,CHARGERS
CYBERBOYS,4,CYBERBOYS-4,22,CHARGERS
MEN WITHOUT BRAIN,9,MEN WITHOUT BRAIN-9,24,RAIDERS
THREESOME,3,THREESOME-3,24,RAIDERS
CYBERBOYS,5,CYBERBOYS-5,6,JAGUARS
MEN WITHOUT BRAINS,1,MEN WITHOUT BRAINS-1,22,CHARGERS
THROWBACKS2,1,THROWBACKS2-1,6,JAGUARS
CYBERBOYS,6,CYBERBOYS-6,6,JAGUARS
MEN WITHOUT BRAINS,10,MEN WITHOUT BRAINS-10,6,JAGUARS
THUNDER HAWK,1,THUNDER HAWK-1,22,CHARGERS
CYBERBOYS,7,CYBERBOYS-7,6,JAGUARS
MEN WITHOUT BRAINS,2,MEN WITHOUT BRAINS-2,24,RAIDERS
THUNDER HAWK,2,THUNDER HAWK-2,22,CHARGERS
CYBERBOYS,8,CYBERBOYS-8,6,JAGUARS
MEN WITHOUT BRAINS,3,MEN WITHOUT BRAINS-3,24,RAIDERS
THUNDER HAWK,3,THUNDER HAWK-3,6,JAGUARS
CYBERBOYS,9,CYBERBOYS-9,26,EAGLES
MEN WITHOUT BRAINS,4,MEN WITHOUT BRAINS-4,24,RAIDERS
THUNDER HAWK,4,THUNDER HAWK-4,22,CHARGERS
CYBERBOYZ,1,CYBERBOYZ-1,20,LIONS
MEN WITHOUT BRAINS,5,MEN WITHOUT BRAINS-5,22,CHARGERS
THUNDER HAWK,5,THUNDER HAWK-5,7,BUCS
CYBERBOYZ,10,CYBERBOYZ-10,9,RAVENS
MEN WITHOUT BRAINS,6,MEN WITHOUT BRAINS-6,22,CHARGERS
THUNDERUP,1,THUNDERUP-1,6,JAGUARS
CYBERBOYZ,2,CYBERBOYZ-2,20,LIONS
MEN WITHOUT BRAINS,7,MEN WITHOUT BRAINS-7,22,CHARGERS
THUNDERUP,2,THUNDERUP-2,22,CHARGERS
CYBERBOYZ,3,CYBERBOYZ-3,20,LIONS
MEN WITHOUT BRAINS,8,MEN WITHOUT BRAINS-8,22,CHARGERS
THUNDERUP,3,THUNDERUP-3,12,STEELERS
CYBERBOYZ,4,CYBERBOYZ-4,12,STEELERS
MEN WITHOUT BRAINS,9,MEN WITHOUT BRAINS-9,6,JAGUARS
TICKETS BY GUS,1,TICKETS BY GUS-1,22,CHARGERS
CYBERBOYZ,5,CYBERBOYZ-5,12,STEELERS
Mendoza1177,1,Mendoza1177-1,12,STEELERS
TICKETS BY GUS,10,TICKETS BY GUS-10,24,RAIDERS
CYBERBOYZ,6,CYBERBOYZ-6,12,STEELERS
MENGKE,1,MENGKE-1,22,CHARGERS
TICKETS BY GUS,2,TICKETS BY GUS-2,22,CHARGERS
CYBERBOYZ,7,CYBERBOYZ-7,12,STEELERS
MENTAL HANDICAPPERS,1,MENTAL HANDICAPPERS-1,12,STEELERS
TICKETS BY GUS,3,TICKETS BY GUS-3,22,CHARGERS
CYBERBOYZ,8,CYBERBOYZ-8,9,RAVENS
MENTAL HANDICAPPERS,2,MENTAL HANDICAPPERS-2,6,JAGUARS
TICKETS BY GUS,4,TICKETS BY GUS-4,22,CHARGERS
CYBERBOYZ,9,CYBERBOYZ-9,9,RAVENS
MENTAL HANDICAPPERS,3,MENTAL HANDICAPPERS-3,12,STEELERS
TICKETS BY GUS,5,TICKETS BY GUS-5,6,JAGUARS
CYCLONES07,1,CYCLONES07-1,6,JAGUARS
MENTAL HANDICAPPERS,4,MENTAL HANDICAPPERS-4,22,CHARGERS
TICKETS BY GUS,6,TICKETS BY GUS-6,6,JAGUARS
CYCLONES07,2,CYCLONES07-2,6,JAGUARS
MENTAL HANDICAPPERS,5,MENTAL HANDICAPPERS-5,6,JAGUARS
TICKETS BY GUS,7,TICKETS BY GUS-7,6,JAGUARS
CYGNUS X,1,CYGNUS X-1,20,LIONS
MENTAL HANDICAPPERS,6,MENTAL HANDICAPPERS-6,12,STEELERS
TICKETS BY GUS,8,TICKETS BY GUS-8,12,STEELERS
CYGNUS X,2,CYGNUS X-2,20,LIONS
MENTAL HANDICAPPERS,7,MENTAL HANDICAPPERS-7,12,STEELERS
TICKETS BY GUS,9,TICKETS BY GUS-9,12,STEELERS
CYGNUS X,3,CYGNUS X-3,6,JAGUARS
MENTAL HANDICAPPERS,8,MENTAL HANDICAPPERS-8,6,JAGUARS
TICKUTZ,1,TICKUTZ-1,24,RAIDERS
CYGNUS X,4,CYGNUS X-4,12,STEELERS
MENTAL HANDICAPPERS,9,MENTAL HANDICAPPERS-9,12,STEELERS
TICKUTZ,2,TICKUTZ-2,24,RAIDERS
D KELL,1,D KELL-1,22,CHARGERS
MERIDIAN FIRE,1,MERIDIAN FIRE-1,6,JAGUARS
TICKUTZ,3,TICKUTZ-3,6,JAGUARS
D LISTED,1,D LISTED-1,6,JAGUARS
MERIDIAN FIRE,10,MERIDIAN FIRE-10,20,LIONS
TICKUTZ,4,TICKUTZ-4,8,BENGALS
D LISTED,2,D LISTED-2,6,JAGUARS
MERIDIAN FIRE,2,MERIDIAN FIRE-2,6,JAGUARS
TICSCREW,1,TICSCREW-1,12,STEELERS
D LISTED,3,D LISTED-3,8,BENGALS
MERIDIAN FIRE,3,MERIDIAN FIRE-3,6,JAGUARS
TICSCREW,10,TICSCREW-10,22,CHARGERS
D LISTED,4,D LISTED-4,8,BENGALS
MERIDIAN FIRE,4,MERIDIAN FIRE-4,6,JAGUARS
TICSCREW,2,TICSCREW-2,6,JAGUARS
D LISTED,5,D LISTED-5,22,CHARGERS
MERIDIAN FIRE,5,MERIDIAN FIRE-5,6,JAGUARS
TICSCREW,3,TICSCREW-3,22,CHARGERS
D RAILERS,1,D RAILERS-1,6,JAGUARS
MERIDIAN FIRE,6,MERIDIAN FIRE-6,6,JAGUARS
TICSCREW,4,TICSCREW-4,22,CHARGERS
D RAILERS,2,D RAILERS-2,22,CHARGERS
MERIDIAN FIRE,7,MERIDIAN FIRE-7,20,LIONS
TICSCREW,5,TICSCREW-5,12,STEELERS
D RAILERS,3,D RAILERS-3,12,STEELERS
MERIDIAN FIRE,8,MERIDIAN FIRE-8,20,LIONS
TICSCREW,6,TICSCREW-6,6,JAGUARS
D WADE,1,D WADE-1,22,CHARGERS
MERIDIAN FIRE,9,MERIDIAN FIRE-9,20,LIONS
TICSCREW,7,TICSCREW-7,6,JAGUARS
D WADE,10,D WADE-10,24,RAIDERS
MERMAIDPARTY,1,MERMAIDPARTY-1,6,JAGUARS
TICSCREW,8,TICSCREW-8,15,BEARS
D WADE,2,D WADE-2,22,CHARGERS
MERMAIDPARTY,2,MERMAIDPARTY-2,6,JAGUARS
TICSCREW,9,TICSCREW-9,22,CHARGERS
D WADE,3,D WADE-3,22,CHARGERS
MERMAIDPARTY,3,MERMAIDPARTY-3,12,STEELERS
TIDEWATER ACE,1,TIDEWATER ACE-1,24,RAIDERS
D WADE,4,D WADE-4,22,CHARGERS
MERTY44,1,MERTY44-1,24,RAIDERS
TIGER 20,1,TIGER 20-1,6,JAGUARS
D WADE,5,D WADE-5,6,JAGUARS
MERTY44,10,MERTY44-10,22,CHARGERS
TIGER 20,10,TIGER 20-10,6,JAGUARS
D WADE,6,D WADE-6,6,JAGUARS
MERTY44,2,MERTY44-2,24,RAIDERS
TIGER 20,2,TIGER 20-2,6,JAGUARS
D WADE,7,D WADE-7,6,JAGUARS
MERTY44,3,MERTY44-3,24,RAIDERS
TIGER 20,3,TIGER 20-3,6,JAGUARS
D WADE,8,D WADE-8,6,JAGUARS
MERTY44,4,MERTY44-4,12,STEELERS
TIGER 20,4,TIGER 20-4,6,JAGUARS
D WADE,9,D WADE-9,12,STEELERS
MERTY44,5,MERTY44-5,12,STEELERS
TIGER 20,5,TIGER 20-5,6,JAGUARS
D&D,1,D&D-1,6,JAGUARS
MERTY44,6,MERTY44-6,12,STEELERS
TIGER 20,6,TIGER 20-6,6,JAGUARS
D&D,2,D&D-2,22,CHARGERS
MERTY44,7,MERTY44-7,22,CHARGERS
TIGER 20,7,TIGER 20-7,6,JAGUARS
D&D,3,D&D-3,6,JAGUARS
MERTY44,8,MERTY44-8,22,CHARGERS
TIGER 20,8,TIGER 20-8,6,JAGUARS
D&D,4,D&D-4,22,CHARGERS
MERTY44,9,MERTY44-9,22,CHARGERS
TIGER 20,9,TIGER 20-9,6,JAGUARS
D'MONEY690,1,D'MONEY690-1,22,CHARGERS
MERVILLE'S FINEST,1,MERVILLE'S FINEST-1,12,STEELERS
tigerman mccool,1,tigerman mccool-1,12,STEELERS
d-ash,1,d-ash-1,22,CHARGERS
MERVILLE'S FINEST,2,MERVILLE'S FINEST-2,6,JAGUARS
tigerman mccool,2,tigerman mccool-2,6,JAGUARS
d-ash,2,d-ash-2,12,STEELERS
MERVILLE'S FINEST,3,MERVILLE'S FINEST-3,12,STEELERS
tigerman mccool,3,tigerman mccool-3,22,CHARGERS
d-ash,3,d-ash-3,6,JAGUARS
MERVILLE'S FINEST,4,MERVILLE'S FINEST-4,12,STEELERS
tigerman mccool,4,tigerman mccool-4,6,JAGUARS
D-BILL,1,D-BILL-1,12,STEELERS
MERVILLE'S FINEST,5,MERVILLE'S FINEST-5,23,DOLPHINS
tigerman mccool,5,tigerman mccool-5,20,LIONS
D-BILL,2,D-BILL-2,6,JAGUARS
MERVILLE'S FINEST,6,MERVILLE'S FINEST-6,17,JETS
tigerman mccool,6,tigerman mccool-6,22,CHARGERS
D-BILL,3,D-BILL-3,24,RAIDERS
MESSENGER,1,MESSENGER-1,6,JAGUARS
TIGHTENDSDRIVEMENUTS,1,TIGHTENDSDRIVEMENUTS-1,22,CHARGERS
D-BILL,4,D-BILL-4,12,STEELERS
MESSENGER,2,MESSENGER-2,20,LIONS
TILLTHEEND,1,TILLTHEEND-1,6,JAGUARS
D-BILL,5,D-BILL-5,6,JAGUARS
MESSENGER,3,MESSENGER-3,22,CHARGERS
TILTED DUNC,1,TILTED DUNC-1,22,CHARGERS
D-BILL,6,D-BILL-6,20,LIONS
METBUCEE,1,METBUCEE-1,22,CHARGERS
TILTN,1,TILTN-1,6,JAGUARS
D. JOHNSON,1,D. JOHNSON-1,22,CHARGERS
METBUCEE,2,METBUCEE-2,12,STEELERS
Tim's Sunscreen,1,Tim's Sunscreen-1,22,CHARGERS
D. JOHNSON,2,D. JOHNSON-2,17,JETS
METBUCEE,3,METBUCEE-3,2,SEAHAWKS
Tim's Sunscreen,10,Tim's Sunscreen-10,6,JAGUARS
D.Q.DAN,1,D.Q.DAN-1,2,SEAHAWKS
METBUCEE,4,METBUCEE-4,2,SEAHAWKS
Tim's Sunscreen,2,Tim's Sunscreen-2,22,CHARGERS
D.Q.DAN,10,D.Q.DAN-10,24,RAIDERS
METS AND YANKEES,1,METS AND YANKEES-1,12,STEELERS
Tim's Sunscreen,3,Tim's Sunscreen-3,22,CHARGERS
D.Q.DAN,2,D.Q.DAN-2,2,SEAHAWKS
METS AND YANKEES,2,METS AND YANKEES-2,6,JAGUARS
Tim's Sunscreen,4,Tim's Sunscreen-4,22,CHARGERS
D.Q.DAN,3,D.Q.DAN-3,2,SEAHAWKS
METS SOONERS,1,METS SOONERS-1,6,JAGUARS
Tim's Sunscreen,5,Tim's Sunscreen-5,22,CHARGERS
D.Q.DAN,4,D.Q.DAN-4,6,JAGUARS
METS SOONERS,10,METS SOONERS-10,12,STEELERS
Tim's Sunscreen,6,Tim's Sunscreen-6,6,JAGUARS
D.Q.DAN,5,D.Q.DAN-5,6,JAGUARS
METS SOONERS,2,METS SOONERS-2,6,JAGUARS
Tim's Sunscreen,7,Tim's Sunscreen-7,6,JAGUARS
D.Q.DAN,6,D.Q.DAN-6,6,JAGUARS
METS SOONERS,3,METS SOONERS-3,6,JAGUARS
Tim's Sunscreen,8,Tim's Sunscreen-8,6,JAGUARS
D.Q.DAN,7,D.Q.DAN-7,22,CHARGERS
METS SOONERS,4,METS SOONERS-4,6,JAGUARS
Tim's Sunscreen,9,Tim's Sunscreen-9,6,JAGUARS
D.Q.DAN,8,D.Q.DAN-8,22,CHARGERS
METS SOONERS,5,METS SOONERS-5,6,JAGUARS
Timbers Picks #7,1,Timbers Picks #7-1,6,JAGUARS
D.Q.DAN,9,D.Q.DAN-9,22,CHARGERS
METS SOONERS,6,METS SOONERS-6,22,CHARGERS
TIMBO,1,TIMBO-1,18,TITANS
d2parts,1,d2parts-1,12,STEELERS
METS SOONERS,7,METS SOONERS-7,22,CHARGERS
TIMBO,2,TIMBO-2,6,JAGUARS
d2parts,2,d2parts-2,12,STEELERS
METS SOONERS,8,METS SOONERS-8,22,CHARGERS
Time to Kill,1,Time to Kill-1,12,STEELERS
DA BAUCE N' TUNA,1,DA BAUCE N' TUNA-1,2,SEAHAWKS
METS SOONERS,9,METS SOONERS-9,12,STEELERS
TIMMONS187,1,TIMMONS187-1,12,STEELERS
DA BAUCE N' TUNA,2,DA BAUCE N' TUNA-2,2,SEAHAWKS
MFL,1,MFL-1,12,STEELERS
TIMMYK08,1,TIMMYK08-1,6,JAGUARS
DA BAUCE N' TUNA,3,DA BAUCE N' TUNA-3,17,JETS
MFL,2,MFL-2,20,LIONS
TIMMYK08,2,TIMMYK08-2,22,CHARGERS
DA BEARS,1,DA BEARS-1,6,JAGUARS
MFL,3,MFL-3,6,JAGUARS
TIMMYK08,3,TIMMYK08-3,32,CHIEFS
DA BOYZZ,1,DA BOYZZ-1,6,JAGUARS
MFL,4,MFL-4,22,CHARGERS
TIMMYK08,4,TIMMYK08-4,22,CHARGERS
DA COMMISH,1,DA COMMISH-1,22,CHARGERS
MGHAMMER24,1,MGHAMMER24-1,6,JAGUARS
TIMMYPESOS,1,TIMMYPESOS-1,6,JAGUARS
DA CUDA,1,DA CUDA-1,22,CHARGERS
MH1,1,MH1-1,29,COWBOYS
TIMMYPESOS,2,TIMMYPESOS-2,22,CHARGERS
DA IRON SHEIKS,1,DA IRON SHEIKS-1,22,CHARGERS
MH1,2,MH1-2,8,BENGALS
timothe 1967,1,timothe 1967-1,6,JAGUARS
DA IRON SHEIKS,2,DA IRON SHEIKS-2,6,JAGUARS
MH1,3,MH1-3,6,JAGUARS
timothe 1967,2,timothe 1967-2,6,JAGUARS
DA IRON SHEIKS,3,DA IRON SHEIKS-3,12,STEELERS
MH1,4,MH1-4,18,TITANS
timothe 1967,3,timothe 1967-3,22,CHARGERS
DA IRON SHEIKS,4,DA IRON SHEIKS-4,22,CHARGERS
MH1,5,MH1-5,22,CHARGERS
timothe 1967,4,timothe 1967-4,20,LIONS
DA IRON SHEIKS,5,DA IRON SHEIKS-5,22,CHARGERS
MH1,6,MH1-6,24,RAIDERS
TIMSAMDB,1,TIMSAMDB-1,6,JAGUARS
DA PINK SLIPS,1,DA PINK SLIPS-1,6,JAGUARS
MH1,7,MH1-7,22,CHARGERS
TIMSAMDB,2,TIMSAMDB-2,20,LIONS
DA PINK SLIPS,2,DA PINK SLIPS-2,22,CHARGERS
MH1,8,MH1-8,6,JAGUARS
TIMSTER,1,TIMSTER-1,6,JAGUARS
DA PINK SLIPS,3,DA PINK SLIPS-3,22,CHARGERS
MIAJEAN1123,1,MIAJEAN1123-1,22,CHARGERS
TIMSTER,10,TIMSTER-10,26,EAGLES
DA PINK SLIPS,4,DA PINK SLIPS-4,6,JAGUARS
MIAJEAN1123,2,MIAJEAN1123-2,20,LIONS
TIMSTER,2,TIMSTER-2,6,JAGUARS
DA PINK SLIPS,5,DA PINK SLIPS-5,22,CHARGERS
MIAJEAN1123,3,MIAJEAN1123-3,26,EAGLES
TIMSTER,3,TIMSTER-3,6,JAGUARS
DA REGION OF BOOM!,1,DA REGION OF BOOM!-1,22,CHARGERS
MIAJEAN1123,4,MIAJEAN1123-4,12,STEELERS
TIMSTER,4,TIMSTER-4,15,BEARS
DA REGION OF BOOM!,2,DA REGION OF BOOM!-2,6,JAGUARS
MIAMI MAN,1,MIAMI MAN-1,24,RAIDERS
TIMSTER,5,TIMSTER-5,20,LIONS
DA REGION OF BOOM!,3,DA REGION OF BOOM!-3,6,JAGUARS
MIAMI MAN,10,MIAMI MAN-10,22,CHARGERS
TIMSTER,6,TIMSTER-6,22,CHARGERS
DA REGION OF BOOM!,4,DA REGION OF BOOM!-4,12,STEELERS
MIAMI MAN,2,MIAMI MAN-2,24,RAIDERS
TIMSTER,7,TIMSTER-7,22,CHARGERS
da water boyz,1,da water boyz-1,12,STEELERS
MIAMI MAN,3,MIAMI MAN-3,26,EAGLES
TIMSTER,8,TIMSTER-8,22,CHARGERS
da water boyz,2,da water boyz-2,22,CHARGERS
MIAMI MAN,4,MIAMI MAN-4,26,EAGLES
TIMSTER,9,TIMSTER-9,24,RAIDERS
DaBadDeeds,1,DaBadDeeds-1,6,JAGUARS
MIAMI MAN,5,MIAMI MAN-5,22,CHARGERS
tin caps,1,tin caps-1,12,STEELERS
DaBadDeeds,2,DaBadDeeds-2,12,STEELERS
MIAMI MAN,6,MIAMI MAN-6,22,CHARGERS
TinCityLefty,1,TinCityLefty-1,6,JAGUARS
DaBadDeeds,3,DaBadDeeds-3,22,CHARGERS
MIAMI MAN,7,MIAMI MAN-7,22,CHARGERS
TinCityLefty,2,TinCityLefty-2,6,JAGUARS
DABEARS3485,1,DABEARS3485-1,6,JAGUARS
MIAMI MAN,8,MIAMI MAN-8,22,CHARGERS
TinCityLefty,3,TinCityLefty-3,26,EAGLES
DABEARS3485,2,DABEARS3485-2,26,EAGLES
MIAMI MAN,9,MIAMI MAN-9,22,CHARGERS
TINMAN,1,TINMAN-1,6,JAGUARS
Dabulls,1,Dabulls-1,12,STEELERS
MIAPIA17,1,MIAPIA17-1,24,RAIDERS
TINYTEETHBIGBITE,1,TINYTEETHBIGBITE-1,20,LIONS
Dabulls,2,Dabulls-2,24,RAIDERS
MIC CLARK,1,MIC CLARK-1,6,JAGUARS
TINYTEETHBIGBITE,2,TINYTEETHBIGBITE-2,22,CHARGERS
DACALL,1,DACALL-1,22,CHARGERS
MIC CLARK,2,MIC CLARK-2,8,BENGALS
TIO RIO,1,TIO RIO-1,6,JAGUARS
DACE,1,DACE-1,12,STEELERS
MIC CLARK,3,MIC CLARK-3,6,JAGUARS
TIO RIO,2,TIO RIO-2,6,JAGUARS
DACE,2,DACE-2,20,LIONS
michael 823,1,michael 823-1,22,CHARGERS
TIO-DORO,1,TIO-DORO-1,24,RAIDERS
DACE,3,DACE-3,22,CHARGERS
michael 823,2,michael 823-2,22,CHARGERS
TIO-DORO,2,TIO-DORO-2,6,JAGUARS
DACE,4,DACE-4,24,RAIDERS
michael 823,3,michael 823-3,8,BENGALS
TIO-DORO,3,TIO-DORO-3,12,STEELERS
DACHI,1,DACHI-1,12,STEELERS
michael 823,4,michael 823-4,8,BENGALS
TipofdSpear,1,TipofdSpear-1,6,JAGUARS
DACHI,2,DACHI-2,6,JAGUARS
michael 823,5,michael 823-5,6,JAGUARS
TipofdSpear,2,TipofdSpear-2,22,CHARGERS
DACHUKA,1,DACHUKA-1,6,JAGUARS
michael 823,6,michael 823-6,6,JAGUARS
tips matter,1,tips matter-1,6,JAGUARS
DACHUKA,10,DACHUKA-10,6,JAGUARS
michael 823,7,michael 823-7,26,EAGLES
TITAN87,1,TITAN87-1,6,JAGUARS
DACHUKA,2,DACHUKA-2,6,JAGUARS
michael 823,8,michael 823-8,26,EAGLES
TITANIC DAVO,1,TITANIC DAVO-1,6,JAGUARS
DACHUKA,3,DACHUKA-3,6,JAGUARS
Michael Andrew,1,Michael Andrew-1,6,JAGUARS
TITANIUM KEN,1,TITANIUM KEN-1,24,RAIDERS
DACHUKA,4,DACHUKA-4,6,JAGUARS
Michael Andrew,2,Michael Andrew-2,22,CHARGERS
TITO BROS,1,TITO BROS-1,12,STEELERS
DACHUKA,5,DACHUKA-5,6,JAGUARS
MICHAEL G. FOSTER,1,MICHAEL G. FOSTER-1,6,JAGUARS
TITO BROS,2,TITO BROS-2,6,JAGUARS
DACHUKA,6,DACHUKA-6,6,JAGUARS
MICHAEL G. FOSTER,2,MICHAEL G. FOSTER-2,22,CHARGERS
TITO BROS,3,TITO BROS-3,6,JAGUARS
DACHUKA,7,DACHUKA-7,6,JAGUARS
MICHAEL G. FOSTER,3,MICHAEL G. FOSTER-3,20,LIONS
TITO BROS,4,TITO BROS-4,22,CHARGERS
DACHUKA,8,DACHUKA-8,6,JAGUARS
MICHAEL G. FOSTER,4,MICHAEL G. FOSTER-4,6,JAGUARS
TITO BROS,5,TITO BROS-5,22,CHARGERS
DACHUKA,9,DACHUKA-9,6,JAGUARS
MICHAEL G. FOSTER,5,MICHAEL G. FOSTER-5,27,PACKERS
TIVOLI,1,TIVOLI-1,20,LIONS
DAD,1,DAD-1,26,EAGLES
MICHAEL G. FOSTER,6,MICHAEL G. FOSTER-6,22,CHARGERS
TIVOLI,2,TIVOLI-2,6,JAGUARS
DADDY CRAIG RULES,1,DADDY CRAIG RULES-1,6,JAGUARS
MICHAEL P SYNDICATE,1,MICHAEL P SYNDICATE-1,12,STEELERS
TJ AND THE BEARS,1,TJ AND THE BEARS-1,6,JAGUARS
Daddy's Back,1,Daddy's Back-1,6,JAGUARS
MICHAEL P SYNDICATE,2,MICHAEL P SYNDICATE-2,26,EAGLES
TJ AND THE BEARS,2,TJ AND THE BEARS-2,6,JAGUARS
DADDY_FAT_SAX,1,DADDY_FAT_SAX-1,22,CHARGERS
MICHAEL17,1,MICHAEL17-1,20,LIONS
TJ AND THE BEARS,3,TJ AND THE BEARS-3,6,JAGUARS
DADDY_FAT_SAX,2,DADDY_FAT_SAX-2,22,CHARGERS
MICHAEL17,2,MICHAEL17-2,22,CHARGERS
TJ AND THE BEARS,4,TJ AND THE BEARS-4,20,LIONS
DADDY_FAT_SAX,3,DADDY_FAT_SAX-3,6,JAGUARS
Michaels11,1,Michaels11-1,6,JAGUARS
TJ AND THE BEARS,5,TJ AND THE BEARS-5,20,LIONS
DADDY_FAT_SAX,4,DADDY_FAT_SAX-4,12,STEELERS
MICHELIN'S MALARKEY,1,MICHELIN'S MALARKEY-1,6,JAGUARS
TJ AND THE BEARS,6,TJ AND THE BEARS-6,24,RAIDERS
DADS OF THE YEAR,1,DADS OF THE YEAR-1,22,CHARGERS
MICHELIN'S MALARKEY,2,MICHELIN'S MALARKEY-2,12,STEELERS
tjmfjl,1,tjmfjl-1,22,CHARGERS
DAEJONLOVE ALL STARS,1,DAEJONLOVE ALL STARS-1,6,JAGUARS
MICHELINMANBOY,1,MICHELINMANBOY-1,24,RAIDERS
tjmfjl,10,tjmfjl-10,24,RAIDERS
DAEJONLOVE ALL STARS,2,DAEJONLOVE ALL STARS-2,22,CHARGERS
MICHIGAN $HITKICKER$,1,MICHIGAN $HITKICKER$-1,12,STEELERS
tjmfjl,2,tjmfjl-2,22,CHARGERS
DaFatBois,1,DaFatBois-1,12,STEELERS
MICHIGAN $HITKICKER$,2,MICHIGAN $HITKICKER$-2,12,STEELERS
tjmfjl,3,tjmfjl-3,20,LIONS
DaFatBois,2,DaFatBois-2,12,STEELERS
MICHIGAN $HITKICKER$,3,MICHIGAN $HITKICKER$-3,12,STEELERS
tjmfjl,4,tjmfjl-4,20,LIONS
DaFatBois,3,DaFatBois-3,8,BENGALS
MICHIGAN $HITKICKER$,4,MICHIGAN $HITKICKER$-4,6,JAGUARS
tjmfjl,5,tjmfjl-5,20,LIONS
DaFatBois,4,DaFatBois-4,6,JAGUARS
MICHIGAN $HITKICKER$,5,MICHIGAN $HITKICKER$-5,22,CHARGERS
tjmfjl,6,tjmfjl-6,12,STEELERS
DAFKA,1,DAFKA-1,12,STEELERS
MICHIGAN CHAMPS,1,MICHIGAN CHAMPS-1,6,JAGUARS
tjmfjl,7,tjmfjl-7,12,STEELERS
DAFKA,2,DAFKA-2,20,LIONS
MICHIGAN CHAMPS,10,MICHIGAN CHAMPS-10,22,CHARGERS
tjmfjl,8,tjmfjl-8,12,STEELERS
DAGENERAL4150,1,DAGENERAL4150-1,8,BENGALS
MICHIGAN CHAMPS,2,MICHIGAN CHAMPS-2,6,JAGUARS
tjmfjl,9,tjmfjl-9,24,RAIDERS
DAGENERAL4150,10,DAGENERAL4150-10,20,LIONS
MICHIGAN CHAMPS,3,MICHIGAN CHAMPS-3,6,JAGUARS
TJS92,1,TJS92-1,22,CHARGERS
DAGENERAL4150,2,DAGENERAL4150-2,6,JAGUARS
MICHIGAN CHAMPS,4,MICHIGAN CHAMPS-4,6,JAGUARS
TKO,1,TKO-1,6,JAGUARS
DAGENERAL4150,3,DAGENERAL4150-3,20,LIONS
MICHIGAN CHAMPS,5,MICHIGAN CHAMPS-5,6,JAGUARS
TKO,2,TKO-2,24,RAIDERS
DAGENERAL4150,4,DAGENERAL4150-4,22,CHARGERS
MICHIGAN CHAMPS,6,MICHIGAN CHAMPS-6,22,CHARGERS
TLAW,1,TLAW-1,22,CHARGERS
DAGENERAL4150,5,DAGENERAL4150-5,8,BENGALS
MICHIGAN CHAMPS,7,MICHIGAN CHAMPS-7,22,CHARGERS
TLLISKING,1,TLLISKING-1,6,JAGUARS
DAGENERAL4150,6,DAGENERAL4150-6,6,JAGUARS
MICHIGAN CHAMPS,8,MICHIGAN CHAMPS-8,22,CHARGERS
TLLISKING,10,TLLISKING-10,26,EAGLES
DAGENERAL4150,7,DAGENERAL4150-7,20,LIONS
MICHIGAN CHAMPS,9,MICHIGAN CHAMPS-9,22,CHARGERS
TLLISKING,2,TLLISKING-2,6,JAGUARS
DAGENERAL4150,8,DAGENERAL4150-8,24,RAIDERS
MICHIGAN CHEATED,1,MICHIGAN CHEATED-1,22,CHARGERS
TLLISKING,3,TLLISKING-3,6,JAGUARS
DAGENERAL4150,9,DAGENERAL4150-9,6,JAGUARS
MICHIGAN CHEATED,2,MICHIGAN CHEATED-2,22,CHARGERS
TLLISKING,4,TLLISKING-4,6,JAGUARS
DAILY METAGAME,1,DAILY METAGAME-1,12,STEELERS
MICHIGAN CHEATED,3,MICHIGAN CHEATED-3,6,JAGUARS
TLLISKING,5,TLLISKING-5,12,STEELERS
DAK,1,DAK-1,22,CHARGERS
MICHIGAN CHEATED,4,MICHIGAN CHEATED-4,6,JAGUARS
TLLISKING,6,TLLISKING-6,12,STEELERS
DAK,2,DAK-2,22,CHARGERS
MICHIGAN CHEATED,5,MICHIGAN CHEATED-5,24,RAIDERS
TLLISKING,7,TLLISKING-7,22,CHARGERS
DAKOTA DEGENZ,1,DAKOTA DEGENZ-1,9,RAVENS
MICHIGAN CHEATED,6,MICHIGAN CHEATED-6,22,CHARGERS
TLLISKING,8,TLLISKING-8,20,LIONS
DAKOTA DEGENZ,2,DAKOTA DEGENZ-2,6,JAGUARS
MICHIGAN CHEATED,7,MICHIGAN CHEATED-7,6,JAGUARS
TLLISKING,9,TLLISKING-9,8,BENGALS
DAKOTA DEGENZ,3,DAKOTA DEGENZ-3,6,JAGUARS
MICHIGANDAN,1,MICHIGANDAN-1,6,JAGUARS
tlt,1,tlt-1,22,CHARGERS
DAKOTA DEGENZ,4,DAKOTA DEGENZ-4,20,LIONS
MICHIKM,1,MICHIKM-1,6,JAGUARS
tlt,2,tlt-2,22,CHARGERS
DAKOTA DEGENZ,5,DAKOTA DEGENZ-5,22,CHARGERS
MICHIKM,10,MICHIKM-10,20,LIONS
tlt,3,tlt-3,6,JAGUARS
DAKOTA DEGENZ,6,DAKOTA DEGENZ-6,12,STEELERS
MICHIKM,2,MICHIKM-2,6,JAGUARS
TLTG FOUR THE WIN,1,TLTG FOUR THE WIN-1,6,JAGUARS
DAKOTA DEGENZ,7,DAKOTA DEGENZ-7,22,CHARGERS
MICHIKM,3,MICHIKM-3,6,JAGUARS
TLTG FOUR THE WIN,2,TLTG FOUR THE WIN-2,12,STEELERS
DALLAS DRAKES,1,DALLAS DRAKES-1,6,JAGUARS
MICHIKM,4,MICHIKM-4,12,STEELERS
TLTG FOUR THE WIN,3,TLTG FOUR THE WIN-3,22,CHARGERS
DALLAS DRAKES,2,DALLAS DRAKES-2,6,JAGUARS
MICHIKM,5,MICHIKM-5,12,STEELERS
TMC,1,TMC-1,22,CHARGERS
DALLAS DRAKES,3,DALLAS DRAKES-3,12,STEELERS
MICHIKM,6,MICHIKM-6,22,CHARGERS
TMP213,1,TMP213-1,22,CHARGERS
dallas now-boys,1,dallas now-boys-1,22,CHARGERS
MICHIKM,7,MICHIKM-7,22,CHARGERS
TMT312,1,TMT312-1,12,STEELERS
dallas now-boys,2,dallas now-boys-2,6,JAGUARS
MICHIKM,8,MICHIKM-8,24,RAIDERS
TMT312,10,TMT312-10,18,TITANS
DALLAS,1,DALLAS-1,24,RAIDERS
MICHIKM,9,MICHIKM-9,2,SEAHAWKS
TMT312,2,TMT312-2,12,STEELERS
DALLAS,2,DALLAS-2,12,STEELERS
MICKEY MOUSE,1,MICKEY MOUSE-1,20,LIONS
TMT312,3,TMT312-3,12,STEELERS
DALLAS,3,DALLAS-3,6,JAGUARS
MICKEY MOUSE,10,MICKEY MOUSE-10,22,CHARGERS
TMT312,4,TMT312-4,12,STEELERS
DALLAS,4,DALLAS-4,12,STEELERS
MICKEY MOUSE,2,MICKEY MOUSE-2,20,LIONS
TMT312,5,TMT312-5,12,STEELERS
DALLAS,5,DALLAS-5,17,JETS
MICKEY MOUSE,3,MICKEY MOUSE-3,6,JAGUARS
TMT312,6,TMT312-6,22,CHARGERS
DALLAS,6,DALLAS-6,20,LIONS
MICKEY MOUSE,4,MICKEY MOUSE-4,6,JAGUARS
TMT312,7,TMT312-7,22,CHARGERS
DAM3TYM3,1,DAM3TYM3-1,6,JAGUARS
MICKEY MOUSE,5,MICKEY MOUSE-5,6,JAGUARS
TMT312,8,TMT312-8,18,TITANS
DAM3TYM3,10,DAM3TYM3-10,6,JAGUARS
MICKEY MOUSE,6,MICKEY MOUSE-6,6,JAGUARS
TMT312,9,TMT312-9,18,TITANS
DAM3TYM3,2,DAM3TYM3-2,6,JAGUARS
MICKEY MOUSE,7,MICKEY MOUSE-7,22,CHARGERS
TN CODLOCKS,1,TN CODLOCKS-1,20,LIONS
DAM3TYM3,3,DAM3TYM3-3,6,JAGUARS
MICKEY MOUSE,8,MICKEY MOUSE-8,22,CHARGERS
TNBM09,1,TNBM09-1,6,JAGUARS
DAM3TYM3,4,DAM3TYM3-4,6,JAGUARS
MICKEY MOUSE,9,MICKEY MOUSE-9,22,CHARGERS
TNTITTIES,1,TNTITTIES-1,18,TITANS
DAM3TYM3,5,DAM3TYM3-5,6,JAGUARS
Micki Magic,1,Micki Magic-1,6,JAGUARS
TNTITTIES,10,TNTITTIES-10,12,STEELERS
DAM3TYM3,6,DAM3TYM3-6,6,JAGUARS
Micki Magic,2,Micki Magic-2,22,CHARGERS
TNTITTIES,2,TNTITTIES-2,22,CHARGERS
DAM3TYM3,7,DAM3TYM3-7,6,JAGUARS
Micki Magic,3,Micki Magic-3,22,CHARGERS
TNTITTIES,3,TNTITTIES-3,22,CHARGERS
DAM3TYM3,8,DAM3TYM3-8,6,JAGUARS
MICKTHEBRICK,1,MICKTHEBRICK-1,12,STEELERS
TNTITTIES,4,TNTITTIES-4,20,LIONS
DAM3TYM3,9,DAM3TYM3-9,6,JAGUARS
MICKY'S CREW,1,MICKY'S CREW-1,22,CHARGERS
TNTITTIES,5,TNTITTIES-5,22,CHARGERS
DAMBROSE04,1,DAMBROSE04-1,22,CHARGERS
MICRO PENIX JR,1,MICRO PENIX JR-1,22,CHARGERS
TNTITTIES,6,TNTITTIES-6,22,CHARGERS
DAN LIGHTFOOT,1,DAN LIGHTFOOT-1,24,RAIDERS
Middies Mania,1,Middies Mania-1,22,CHARGERS
TNTITTIES,7,TNTITTIES-7,6,JAGUARS
DAN LIGHTFOOT,2,DAN LIGHTFOOT-2,12,STEELERS
Middies Mania,2,Middies Mania-2,6,JAGUARS
TNTITTIES,8,TNTITTIES-8,6,JAGUARS
DAN LIGHTFOOT,3,DAN LIGHTFOOT-3,15,BEARS
Middies Mania,3,Middies Mania-3,20,LIONS
TNTITTIES,9,TNTITTIES-9,6,JAGUARS
DAN LIGHTFOOT,4,DAN LIGHTFOOT-4,22,CHARGERS
Middies Mania,4,Middies Mania-4,22,CHARGERS
TOBACCO GOOSE 1,1,TOBACCO GOOSE 1-1,22,CHARGERS
DANF4488,1,DANF4488-1,12,STEELERS
Middies Mania,5,Middies Mania-5,22,CHARGERS
TOBACCO GOOSE 2,1,TOBACCO GOOSE 2-1,22,CHARGERS
DANF4488,10,DANF4488-10,24,RAIDERS
Middies Mania,6,Middies Mania-6,22,CHARGERS
Tobo Shooters,1,Tobo Shooters-1,22,CHARGERS
DANF4488,2,DANF4488-2,12,STEELERS
Middies Mania,7,Middies Mania-7,23,DOLPHINS
Tobo Shooters,2,Tobo Shooters-2,22,CHARGERS
DANF4488,3,DANF4488-3,12,STEELERS
Middies Mania,8,Middies Mania-8,12,STEELERS
Tobo Shooters,3,Tobo Shooters-3,20,LIONS
DANF4488,4,DANF4488-4,12,STEELERS
MIDDLE SISTER,1,MIDDLE SISTER-1,8,BENGALS
Tobo Shooters,4,Tobo Shooters-4,20,LIONS
DANF4488,5,DANF4488-5,6,JAGUARS
MIDDLE SISTER,10,MIDDLE SISTER-10,26,EAGLES
Tobo Shooters,5,Tobo Shooters-5,20,LIONS
DANF4488,6,DANF4488-6,6,JAGUARS
MIDDLE SISTER,2,MIDDLE SISTER-2,8,BENGALS
Tobo Shooters,6,Tobo Shooters-6,12,STEELERS
DANF4488,7,DANF4488-7,22,CHARGERS
MIDDLE SISTER,3,MIDDLE SISTER-3,8,BENGALS
todd d,1,todd d-1,22,CHARGERS
DANF4488,8,DANF4488-8,22,CHARGERS
MIDDLE SISTER,4,MIDDLE SISTER-4,8,BENGALS
todd d,2,todd d-2,6,JAGUARS
DANF4488,9,DANF4488-9,24,RAIDERS
MIDDLE SISTER,5,MIDDLE SISTER-5,8,BENGALS
todd d,3,todd d-3,26,EAGLES
DANGEROUS D,1,DANGEROUS D-1,22,CHARGERS
MIDDLE SISTER,6,MIDDLE SISTER-6,8,BENGALS
todd d,4,todd d-4,12,STEELERS
DANGEROUS D,2,DANGEROUS D-2,22,CHARGERS
MIDDLE SISTER,7,MIDDLE SISTER-7,26,EAGLES
Toddvada,1,Toddvada-1,22,CHARGERS
DANGEROUS D,3,DANGEROUS D-3,22,CHARGERS
MIDDLE SISTER,8,MIDDLE SISTER-8,26,EAGLES
Toddvada,10,Toddvada-10,12,STEELERS
DANGEROUS NIGHTS CRU,1,DANGEROUS NIGHTS CRU-1,6,JAGUARS
MIDDLE SISTER,9,MIDDLE SISTER-9,26,EAGLES
Toddvada,2,Toddvada-2,22,CHARGERS
DANI BOY,1,DANI BOY-1,12,STEELERS
MIDGET MENACE,1,MIDGET MENACE-1,22,CHARGERS
Toddvada,3,Toddvada-3,22,CHARGERS
DANI BOY,10,DANI BOY-10,12,STEELERS
MIDGET MENACE,2,MIDGET MENACE-2,22,CHARGERS
Toddvada,4,Toddvada-4,22,CHARGERS
DANI BOY,2,DANI BOY-2,12,STEELERS
MIDLAND MAD MEN,1,MIDLAND MAD MEN-1,6,JAGUARS
Toddvada,5,Toddvada-5,22,CHARGERS
DANI BOY,3,DANI BOY-3,12,STEELERS
MIDLAND MAD MEN,2,MIDLAND MAD MEN-2,22,CHARGERS
Toddvada,6,Toddvada-6,22,CHARGERS
DANI BOY,4,DANI BOY-4,12,STEELERS
MIDLAND MAD MEN,3,MIDLAND MAD MEN-3,12,STEELERS
Toddvada,7,Toddvada-7,6,JAGUARS
DANI BOY,5,DANI BOY-5,12,STEELERS
MIDLAND MAD MEN,4,MIDLAND MAD MEN-4,17,JETS
Toddvada,8,Toddvada-8,6,JAGUARS
DANI BOY,6,DANI BOY-6,12,STEELERS
midnight gang,1,midnight gang-1,8,BENGALS
Toddvada,9,Toddvada-9,20,LIONS
DANI BOY,7,DANI BOY-7,12,STEELERS
MIDNIGHT LUTE,1,MIDNIGHT LUTE-1,22,CHARGERS
TOILETPAPER84,1,TOILETPAPER84-1,24,RAIDERS
DANI BOY,8,DANI BOY-8,12,STEELERS
MIDNIGHT LUTE,10,MIDNIGHT LUTE-10,24,RAIDERS
TOILETPAPER84,2,TOILETPAPER84-2,12,STEELERS
DANI BOY,9,DANI BOY-9,12,STEELERS
MIDNIGHT LUTE,2,MIDNIGHT LUTE-2,22,CHARGERS
TOILETPAPER84,3,TOILETPAPER84-3,22,CHARGERS
DANIELS CREW,1,DANIELS CREW-1,22,CHARGERS
MIDNIGHT LUTE,3,MIDNIGHT LUTE-3,6,JAGUARS
TOILETPAPER84,4,TOILETPAPER84-4,22,CHARGERS
DANIELS CREW,2,DANIELS CREW-2,6,JAGUARS
MIDNIGHT LUTE,4,MIDNIGHT LUTE-4,6,JAGUARS
TOILETPAPER84,5,TOILETPAPER84-5,6,JAGUARS
DANIELS CREW,3,DANIELS CREW-3,22,CHARGERS
MIDNIGHT LUTE,5,MIDNIGHT LUTE-5,24,RAIDERS
TOILETPAPER84,6,TOILETPAPER84-6,20,LIONS
DANIELS CREW,4,DANIELS CREW-4,20,LIONS
MIDNIGHT LUTE,6,MIDNIGHT LUTE-6,22,CHARGERS
TOILETPAPER84,7,TOILETPAPER84-7,6,JAGUARS
DANIELS CREW,5,DANIELS CREW-5,22,CHARGERS
MIDNIGHT LUTE,7,MIDNIGHT LUTE-7,22,CHARGERS
TOILETPAPER84,8,TOILETPAPER84-8,15,BEARS
DANIELS CREW,6,DANIELS CREW-6,6,JAGUARS
MIDNIGHT LUTE,8,MIDNIGHT LUTE-8,22,CHARGERS
TOILETPAPER84,9,TOILETPAPER84-9,20,LIONS
DANNY BARBER,1,DANNY BARBER-1,22,CHARGERS
MIDNIGHT LUTE,9,MIDNIGHT LUTE-9,6,JAGUARS
TOJOE,1,TOJOE-1,20,LIONS
Dannyaggz,1,Dannyaggz-1,22,CHARGERS
MIDNIGHT RUN,1,MIDNIGHT RUN-1,6,JAGUARS
TOJOE,2,TOJOE-2,22,CHARGERS
Dannyaggz,10,Dannyaggz-10,22,CHARGERS
MIDTOWN,1,MIDTOWN-1,6,JAGUARS
TOJOE,3,TOJOE-3,6,JAGUARS
Dannyaggz,2,Dannyaggz-2,6,JAGUARS
MIDTOWN,2,MIDTOWN-2,22,CHARGERS
TOKYO BOB,1,TOKYO BOB-1,12,STEELERS
Dannyaggz,3,Dannyaggz-3,12,STEELERS
MIDTOWN,3,MIDTOWN-3,12,STEELERS
TOKYO BOB,2,TOKYO BOB-2,26,EAGLES
Dannyaggz,4,Dannyaggz-4,9,RAVENS
MIDTOWN,4,MIDTOWN-4,6,JAGUARS
TOKYO BOB,3,TOKYO BOB-3,22,CHARGERS
Dannyaggz,5,Dannyaggz-5,15,BEARS
Mighty Max and Bear,1,Mighty Max and Bear-1,6,JAGUARS
TOKYO BOB,4,TOKYO BOB-4,6,JAGUARS
Dannyaggz,6,Dannyaggz-6,6,JAGUARS
MIGHTY MOUSE 2026,1,MIGHTY MOUSE 2026-1,6,JAGUARS
TOKYO BOB,5,TOKYO BOB-5,22,CHARGERS
Dannyaggz,7,Dannyaggz-7,6,JAGUARS
MIGHTYFINE,1,MIGHTYFINE-1,8,BENGALS
TOKYO BOB,6,TOKYO BOB-6,6,JAGUARS
Dannyaggz,8,Dannyaggz-8,12,STEELERS
MIGHTYFINE,10,MIGHTYFINE-10,20,LIONS
TOKYO BOB,7,TOKYO BOB-7,22,CHARGERS
Dannyaggz,9,Dannyaggz-9,6,JAGUARS
MIGHTYFINE,2,MIGHTYFINE-2,8,BENGALS
TOKYO BOB,8,TOKYO BOB-8,22,CHARGERS
DANNYB21,1,DANNYB21-1,22,CHARGERS
MIGHTYFINE,3,MIGHTYFINE-3,8,BENGALS
TOM RIDGE,1,TOM RIDGE-1,22,CHARGERS
DANNYB21,2,DANNYB21-2,8,BENGALS
MIGHTYFINE,4,MIGHTYFINE-4,20,LIONS
TOM RIDGE,2,TOM RIDGE-2,6,JAGUARS
DANOGUEY,1,DANOGUEY-1,22,CHARGERS
MIGHTYFINE,5,MIGHTYFINE-5,20,LIONS
TOMAHAWK,1,TOMAHAWK-1,12,STEELERS
DANTHEBARD,1,DANTHEBARD-1,6,JAGUARS
MIGHTYFINE,6,MIGHTYFINE-6,20,LIONS
TOMBANA 0905,1,TOMBANA 0905-1,22,CHARGERS
DANTHEBARD,2,DANTHEBARD-2,22,CHARGERS
MIGHTYFINE,7,MIGHTYFINE-7,20,LIONS
TOMCAT,1,TOMCAT-1,22,CHARGERS
DANTHEBARD,3,DANTHEBARD-3,6,JAGUARS
MIGHTYFINE,8,MIGHTYFINE-8,20,LIONS
TOMCAT,2,TOMCAT-2,20,LIONS
DANTHEBARD,4,DANTHEBARD-4,20,LIONS
MIGHTYFINE,9,MIGHTYFINE-9,20,LIONS
TomKat,1,TomKat-1,6,JAGUARS
DANTHEBARD,5,DANTHEBARD-5,26,EAGLES
MightyMin,1,MightyMin-1,6,JAGUARS
TomKat,10,TomKat-10,12,STEELERS
DANTHEBARD,6,DANTHEBARD-6,22,CHARGERS
MightyMin,2,MightyMin-2,22,CHARGERS
TomKat,2,TomKat-2,6,JAGUARS
DANTHEBARD,7,DANTHEBARD-7,12,STEELERS
MIKA GAMBLES,1,MIKA GAMBLES-1,22,CHARGERS
TomKat,3,TomKat-3,6,JAGUARS
Dark Passenger,1,Dark Passenger-1,22,CHARGERS
MIKA GAMBLES,2,MIKA GAMBLES-2,6,JAGUARS
TomKat,4,TomKat-4,12,STEELERS
Dark Passenger,2,Dark Passenger-2,22,CHARGERS
MIKE & THE MANIAC,1,MIKE & THE MANIAC-1,22,CHARGERS
TomKat,5,TomKat-5,20,LIONS
Dark Passenger,3,Dark Passenger-3,20,LIONS
MIKE 2451,1,MIKE 2451-1,22,CHARGERS
TomKat,6,TomKat-6,6,JAGUARS
Dark Passenger,4,Dark Passenger-4,20,LIONS
MIKE 2451,2,MIKE 2451-2,20,LIONS
TomKat,7,TomKat-7,20,LIONS
Dark Passenger,5,Dark Passenger-5,12,STEELERS
MIKE AND DOUG,1,MIKE AND DOUG-1,6,JAGUARS
TomKat,8,TomKat-8,22,CHARGERS
Dark Passenger,6,Dark Passenger-6,12,STEELERS
MIKE CHICK,1,MIKE CHICK-1,6,JAGUARS
TomKat,9,TomKat-9,6,JAGUARS
Dark Passenger,7,Dark Passenger-7,29,COWBOYS
MIKE N BOB DOMINATE,1,MIKE N BOB DOMINATE-1,22,CHARGERS
TOMMDOGG,1,TOMMDOGG-1,22,CHARGERS
Dark Passenger,8,Dark Passenger-8,26,EAGLES
MIKE N BOB DOMINATE,2,MIKE N BOB DOMINATE-2,6,JAGUARS
TOMMY NORRIS,1,TOMMY NORRIS-1,12,STEELERS
Dark Passenger,9,Dark Passenger-9,28,VIKINGS
MIKE N BOB DOMINATE,3,MIKE N BOB DOMINATE-3,6,JAGUARS
TOMMY NORRIS,2,TOMMY NORRIS-2,6,JAGUARS
dark whale,1,dark whale-1,22,CHARGERS
mike o,1,mike o-1,2,SEAHAWKS
TOMMY NORRIS,3,TOMMY NORRIS-3,18,TITANS
dark whale,10,dark whale-10,22,CHARGERS
mike o,2,mike o-2,6,JAGUARS
TOMMYP,1,TOMMYP-1,22,CHARGERS
dark whale,2,dark whale-2,22,CHARGERS
mike o,3,mike o-3,12,STEELERS
TOMMYP,2,TOMMYP-2,22,CHARGERS
dark whale,3,dark whale-3,22,CHARGERS
mike o,4,mike o-4,24,RAIDERS
TOMMYRVISION,1,TOMMYRVISION-1,12,STEELERS
dark whale,4,dark whale-4,22,CHARGERS
mike o,5,mike o-5,6,JAGUARS
TOMMYRVISION,2,TOMMYRVISION-2,6,JAGUARS
dark whale,5,dark whale-5,22,CHARGERS
mike o,6,mike o-6,20,LIONS
TOMMYRVISION,3,TOMMYRVISION-3,22,CHARGERS
dark whale,6,dark whale-6,22,CHARGERS
mike o,7,mike o-7,24,RAIDERS
TOMOJOKER,1,TOMOJOKER-1,12,STEELERS
dark whale,7,dark whale-7,22,CHARGERS
MIKE STIG,1,MIKE STIG-1,22,CHARGERS
TOMOJOKER,2,TOMOJOKER-2,12,STEELERS
dark whale,8,dark whale-8,22,CHARGERS
MIKE STIG,2,MIKE STIG-2,20,LIONS
TOMOJOKER,3,TOMOJOKER-3,18,TITANS
dark whale,9,dark whale-9,22,CHARGERS
MIKE STIG,3,MIKE STIG-3,8,BENGALS
TOMOJOKER,4,TOMOJOKER-4,22,CHARGERS
DARKHORSE,1,DARKHORSE-1,22,CHARGERS
MIKE SUCKS,1,MIKE SUCKS-1,6,JAGUARS
TOMOJOKER,5,TOMOJOKER-5,22,CHARGERS
DARKHORSE,2,DARKHORSE-2,6,JAGUARS
MIKE TOMLINS DIARY,1,MIKE TOMLINS DIARY-1,6,JAGUARS
tonedflash,1,tonedflash-1,12,STEELERS
DARLA'S GANG,1,DARLA'S GANG-1,22,CHARGERS
MIKE_THURSTON,1,MIKE_THURSTON-1,22,CHARGERS
TONEVINO,1,TONEVINO-1,22,CHARGERS
DARLA'S GANG,10,DARLA'S GANG-10,6,JAGUARS
MIKEANDJOEWINS,1,MIKEANDJOEWINS-1,22,CHARGERS
TONIA,1,TONIA-1,6,JAGUARS
DARLA'S GANG,2,DARLA'S GANG-2,22,CHARGERS
MIKEANDJOEWINS,2,MIKEANDJOEWINS-2,6,JAGUARS
TONISLUCKY,1,TONISLUCKY-1,22,CHARGERS
DARLA'S GANG,3,DARLA'S GANG-3,22,CHARGERS
Mikebets.com,1,Mikebets.com-1,6,JAGUARS
TONISLUCKY,2,TONISLUCKY-2,22,CHARGERS
DARLA'S GANG,4,DARLA'S GANG-4,22,CHARGERS
MIKEBLUE,1,MIKEBLUE-1,6,JAGUARS
TONISLUCKY,3,TONISLUCKY-3,22,CHARGERS
DARLA'S GANG,5,DARLA'S GANG-5,6,JAGUARS
MIKEBLUE,10,MIKEBLUE-10,12,STEELERS
TONISLUCKY,4,TONISLUCKY-4,22,CHARGERS
DARLA'S GANG,6,DARLA'S GANG-6,6,JAGUARS
MIKEBLUE,2,MIKEBLUE-2,7,BUCS
TONISLUCKY,5,TONISLUCKY-5,6,JAGUARS
DARLA'S GANG,7,DARLA'S GANG-7,20,LIONS
MIKEBLUE,3,MIKEBLUE-3,22,CHARGERS
TONISLUCKY,6,TONISLUCKY-6,6,JAGUARS
DARLA'S GANG,8,DARLA'S GANG-8,20,LIONS
MIKEBLUE,4,MIKEBLUE-4,6,JAGUARS
Tony Dabears73,1,Tony Dabears73-1,6,JAGUARS
DARLA'S GANG,9,DARLA'S GANG-9,22,CHARGERS
MIKEBLUE,5,MIKEBLUE-5,18,TITANS
TONY SKINZ,1,TONY SKINZ-1,22,CHARGERS
Darnold Elite,1,Darnold Elite-1,22,CHARGERS
MIKEBLUE,6,MIKEBLUE-6,12,STEELERS
TONY T,1,TONY T-1,6,JAGUARS
Darnold Elite,2,Darnold Elite-2,12,STEELERS
MIKEBLUE,7,MIKEBLUE-7,22,CHARGERS
TONY THE ANT,1,TONY THE ANT-1,6,JAGUARS
DARROW CHAR RAGNAR,1,DARROW CHAR RAGNAR-1,22,CHARGERS
MIKEBLUE,8,MIKEBLUE-8,6,JAGUARS
TONY THE ANT,2,TONY THE ANT-2,12,STEELERS
DARROW CHAR RAGNAR,2,DARROW CHAR RAGNAR-2,22,CHARGERS
MIKEBLUE,9,MIKEBLUE-9,6,JAGUARS
TONY THE ANT,3,TONY THE ANT-3,22,CHARGERS
DARROW CHAR RAGNAR,3,DARROW CHAR RAGNAR-3,22,CHARGERS
MIKED19,1,MIKED19-1,6,JAGUARS
TONY THE ANT,4,TONY THE ANT-4,6,JAGUARS
DARROW CHAR RAGNAR,4,DARROW CHAR RAGNAR-4,12,STEELERS
MIKED19,2,MIKED19-2,22,CHARGERS
TONY.MOG,1,TONY.MOG-1,6,JAGUARS
DARROW CHAR RAGNAR,5,DARROW CHAR RAGNAR-5,24,RAIDERS
MIKEDEMAR,1,MIKEDEMAR-1,12,STEELERS
TONY.MOG,10,TONY.MOG-10,22,CHARGERS
DARROW CHAR RAGNAR,6,DARROW CHAR RAGNAR-6,6,JAGUARS
mikehome78,1,mikehome78-1,6,JAGUARS
TONY.MOG,2,TONY.MOG-2,6,JAGUARS
DART 4 LOU,1,DART 4 LOU-1,22,CHARGERS
mikehome78,2,mikehome78-2,6,JAGUARS
TONY.MOG,3,TONY.MOG-3,6,JAGUARS
DARTBOARD CAPPER,1,DARTBOARD CAPPER-1,6,JAGUARS
MIKEROB2477,1,MIKEROB2477-1,12,STEELERS
TONY.MOG,4,TONY.MOG-4,6,JAGUARS
DARTBOARD CAPPER,2,DARTBOARD CAPPER-2,12,STEELERS
MIKEROB2477,2,MIKEROB2477-2,12,STEELERS
TONY.MOG,5,TONY.MOG-5,6,JAGUARS
DARTZ,1,DARTZ-1,6,JAGUARS
MIKEROB2477,3,MIKEROB2477-3,17,JETS
TONY.MOG,6,TONY.MOG-6,12,STEELERS
DASH,1,DASH-1,22,CHARGERS
MIKEY B,1,MIKEY B-1,6,JAGUARS
TONY.MOG,7,TONY.MOG-7,12,STEELERS
DASH,2,DASH-2,12,STEELERS
MIKEY BIRDS,1,MIKEY BIRDS-1,6,JAGUARS
TONY.MOG,8,TONY.MOG-8,12,STEELERS
DASH,3,DASH-3,22,CHARGERS
MIKEY BIRDS,2,MIKEY BIRDS-2,12,STEELERS
TONY.MOG,9,TONY.MOG-9,22,CHARGERS
DASHING DACHSHUNDS,1,DASHING DACHSHUNDS-1,20,LIONS
MIKEY PROPS,1,MIKEY PROPS-1,12,STEELERS
tonyone savage,1,tonyone savage-1,20,LIONS
DASQUATUFF,1,DASQUATUFF-1,6,JAGUARS
MIKEY PROPS,2,MIKEY PROPS-2,6,JAGUARS
tonyone savage,2,tonyone savage-2,6,JAGUARS
DASQUATUFF,10,DASQUATUFF-10,6,JAGUARS
MIKEY PROPS,3,MIKEY PROPS-3,24,RAIDERS
tonyone savage,3,tonyone savage-3,12,STEELERS
DASQUATUFF,2,DASQUATUFF-2,6,JAGUARS
MIKEYS TITANS,1,MIKEYS TITANS-1,6,JAGUARS
TONYRAMON,1,TONYRAMON-1,22,CHARGERS
DASQUATUFF,3,DASQUATUFF-3,6,JAGUARS
MIKHAEEL,1,MIKHAEEL-1,22,CHARGERS
TOO BROKE JOHNS,1,TOO BROKE JOHNS-1,6,JAGUARS
DASQUATUFF,4,DASQUATUFF-4,6,JAGUARS
MIKHAEEL,10,MIKHAEEL-10,22,CHARGERS
TOOLSHED,1,TOOLSHED-1,22,CHARGERS
DASQUATUFF,5,DASQUATUFF-5,6,JAGUARS
MIKHAEEL,2,MIKHAEEL-2,22,CHARGERS
TOOMUCHICE,1,TOOMUCHICE-1,6,JAGUARS
DASQUATUFF,6,DASQUATUFF-6,6,JAGUARS
MIKHAEEL,3,MIKHAEEL-3,22,CHARGERS
TOOTH CRUSH,1,TOOTH CRUSH-1,24,RAIDERS
DASQUATUFF,7,DASQUATUFF-7,6,JAGUARS
MIKHAEEL,4,MIKHAEEL-4,22,CHARGERS
TOOTH CRUSH,2,TOOTH CRUSH-2,6,JAGUARS
DASQUATUFF,8,DASQUATUFF-8,6,JAGUARS
MIKHAEEL,5,MIKHAEEL-5,22,CHARGERS
TOOTH CRUSH,3,TOOTH CRUSH-3,8,BENGALS
DASQUATUFF,9,DASQUATUFF-9,6,JAGUARS
MIKHAEEL,6,MIKHAEEL-6,22,CHARGERS
TOOTH CRUSH,4,TOOTH CRUSH-4,18,TITANS
DAVE&RIGO7880,1,DAVE&RIGO7880-1,22,CHARGERS
MIKHAEEL,7,MIKHAEEL-7,22,CHARGERS
TOOTS AND SHOOTS,1,TOOTS AND SHOOTS-1,6,JAGUARS
DAVE&RIGO7880,2,DAVE&RIGO7880-2,22,CHARGERS
MIKHAEEL,8,MIKHAEEL-8,22,CHARGERS
TOOTS AND SHOOTS,2,TOOTS AND SHOOTS-2,20,LIONS
DAVE&RIGO7880,3,DAVE&RIGO7880-3,6,JAGUARS
MIKHAEEL,9,MIKHAEEL-9,22,CHARGERS
TOOTS AND SHOOTS,3,TOOTS AND SHOOTS-3,6,JAGUARS
DAVE&RIGO7880,4,DAVE&RIGO7880-4,20,LIONS
MIKIE'S,1,MIKIE'S-1,6,JAGUARS
TOOTS AND SHOOTS,4,TOOTS AND SHOOTS-4,6,JAGUARS
DAVE&RIGO7880,5,DAVE&RIGO7880-5,26,EAGLES
MIKIE'S,2,MIKIE'S-2,24,RAIDERS
TOOTS AND SHOOTS,5,TOOTS AND SHOOTS-5,22,CHARGERS
DAVE'S DEVILS,1,DAVE'S DEVILS-1,12,STEELERS
mikyb27,1,mikyb27-1,6,JAGUARS
TOP PICKS ANALYTICS,1,TOP PICKS ANALYTICS-1,22,CHARGERS
DAVE'S DEVILS,10,DAVE'S DEVILS-10,12,STEELERS
"MILA, CAPRI & ROMY",1,"MILA, CAPRI & ROMY-1",20,LIONS
TOP PICKS ANALYTICS,10,TOP PICKS ANALYTICS-10,12,STEELERS
DAVE'S DEVILS,2,DAVE'S DEVILS-2,12,STEELERS
"MILA, CAPRI & ROMY",10,"MILA, CAPRI & ROMY-10",18,TITANS
TOP PICKS ANALYTICS,2,TOP PICKS ANALYTICS-2,22,CHARGERS
DAVE'S DEVILS,3,DAVE'S DEVILS-3,12,STEELERS
"MILA, CAPRI & ROMY",2,"MILA, CAPRI & ROMY-2",20,LIONS
TOP PICKS ANALYTICS,3,TOP PICKS ANALYTICS-3,22,CHARGERS
DAVE'S DEVILS,4,DAVE'S DEVILS-4,12,STEELERS
"MILA, CAPRI & ROMY",3,"MILA, CAPRI & ROMY-3",20,LIONS
TOP PICKS ANALYTICS,4,TOP PICKS ANALYTICS-4,22,CHARGERS
DAVE'S DEVILS,5,DAVE'S DEVILS-5,12,STEELERS
"MILA, CAPRI & ROMY",4,"MILA, CAPRI & ROMY-4",20,LIONS
TOP PICKS ANALYTICS,5,TOP PICKS ANALYTICS-5,6,JAGUARS
DAVE'S DEVILS,6,DAVE'S DEVILS-6,12,STEELERS
"MILA, CAPRI & ROMY",5,"MILA, CAPRI & ROMY-5",20,LIONS
TOP PICKS ANALYTICS,6,TOP PICKS ANALYTICS-6,6,JAGUARS
DAVE'S DEVILS,7,DAVE'S DEVILS-7,12,STEELERS
"MILA, CAPRI & ROMY",6,"MILA, CAPRI & ROMY-6",22,CHARGERS
TOP PICKS ANALYTICS,7,TOP PICKS ANALYTICS-7,20,LIONS
DAVE'S DEVILS,8,DAVE'S DEVILS-8,6,JAGUARS
"MILA, CAPRI & ROMY",7,"MILA, CAPRI & ROMY-7",22,CHARGERS
TOP PICKS ANALYTICS,8,TOP PICKS ANALYTICS-8,20,LIONS
DAVE'S DEVILS,9,DAVE'S DEVILS-9,12,STEELERS
"MILA, CAPRI & ROMY",8,"MILA, CAPRI & ROMY-8",22,CHARGERS
TOP PICKS ANALYTICS,9,TOP PICKS ANALYTICS-9,26,EAGLES
DAVEG219,1,DAVEG219-1,12,STEELERS
"MILA, CAPRI & ROMY",9,"MILA, CAPRI & ROMY-9",6,JAGUARS
Top Shelf,1,Top Shelf-1,22,CHARGERS
DAVEG219,2,DAVEG219-2,12,STEELERS
MILE HIGH BURRITO,1,MILE HIGH BURRITO-1,6,JAGUARS
Top Shelf,2,Top Shelf-2,22,CHARGERS
DAVEG219,3,DAVEG219-3,6,JAGUARS
MILE HIGH PATS,1,MILE HIGH PATS-1,6,JAGUARS
Top Shelf,3,Top Shelf-3,22,CHARGERS
DAVEG219,4,DAVEG219-4,6,JAGUARS
MILE HIGH,1,MILE HIGH-1,6,JAGUARS
Top Shelf,4,Top Shelf-4,22,CHARGERS
DAVEG219,5,DAVEG219-5,22,CHARGERS
MILE HIGH,2,MILE HIGH-2,6,JAGUARS
Top Shelf,5,Top Shelf-5,6,JAGUARS
DAVEG219,6,DAVEG219-6,22,CHARGERS
MILEHIGHFLIGHTCLUB17,1,MILEHIGHFLIGHTCLUB17-1,12,STEELERS
TOPCAT,1,TOPCAT-1,6,JAGUARS
DAVEG219,7,DAVEG219-7,6,JAGUARS
Miles Bros,1,Miles Bros-1,22,CHARGERS
TOPCAT,2,TOPCAT-2,12,STEELERS
DAVEG219,8,DAVEG219-8,22,CHARGERS
Miles Bros,2,Miles Bros-2,22,CHARGERS
TOPDAWG,1,TOPDAWG-1,22,CHARGERS
DAVES LADIES,1,DAVES LADIES-1,6,JAGUARS
Miles Bros,3,Miles Bros-3,6,JAGUARS
TOPDAWG,2,TOPDAWG-2,6,JAGUARS
DAVETHECHAMP,1,DAVETHECHAMP-1,24,RAIDERS
Miles Bros,4,Miles Bros-4,6,JAGUARS
TOPDAWG,3,TOPDAWG-3,12,STEELERS
DAVETHECHAMP,2,DAVETHECHAMP-2,22,CHARGERS
MILES DRIVEN,1,MILES DRIVEN-1,6,JAGUARS
TOPPER POWER,1,TOPPER POWER-1,12,STEELERS
DAVETHECHAMP,3,DAVETHECHAMP-3,6,JAGUARS
MILES DRIVEN,2,MILES DRIVEN-2,20,LIONS
Tordillo,1,Tordillo-1,24,RAIDERS
DAVETHECHAMP,4,DAVETHECHAMP-4,6,JAGUARS
MILES DRIVEN,3,MILES DRIVEN-3,26,EAGLES
Tordillo,2,Tordillo-2,22,CHARGERS
DAVETHECHAMP,5,DAVETHECHAMP-5,12,STEELERS
MILES DRIVEN,4,MILES DRIVEN-4,12,STEELERS
TORENTO TRIFECTA,1,TORENTO TRIFECTA-1,22,CHARGERS
DAVETHECHAMP,6,DAVETHECHAMP-6,6,JAGUARS
MILES DRIVEN,5,MILES DRIVEN-5,6,JAGUARS
TORENTO TRIFECTA,2,TORENTO TRIFECTA-2,6,JAGUARS
DAVID AND ROY,1,DAVID AND ROY-1,6,JAGUARS
MILESB,1,MILESB-1,22,CHARGERS
TORGO,1,TORGO-1,22,CHARGERS
DAVID AND ROY,2,DAVID AND ROY-2,6,JAGUARS
MILKSHAKE 4590,1,MILKSHAKE 4590-1,6,JAGUARS
TORGO,10,TORGO-10,22,CHARGERS
DAVID AND ROY,3,DAVID AND ROY-3,22,CHARGERS
MILKSHAKE 4590,10,MILKSHAKE 4590-10,6,JAGUARS
TORGO,2,TORGO-2,22,CHARGERS
DAVID BARRY,1,DAVID BARRY-1,22,CHARGERS
MILKSHAKE 4590,2,MILKSHAKE 4590-2,6,JAGUARS
TORGO,3,TORGO-3,22,CHARGERS
DAVID1129,1,DAVID1129-1,6,JAGUARS
MILKSHAKE 4590,3,MILKSHAKE 4590-3,6,JAGUARS
TORGO,4,TORGO-4,22,CHARGERS
DAVIDISAFISH,1,DAVIDISAFISH-1,2,SEAHAWKS
MILKSHAKE 4590,4,MILKSHAKE 4590-4,6,JAGUARS
TORGO,5,TORGO-5,22,CHARGERS
DAVIDISAFISH,2,DAVIDISAFISH-2,2,SEAHAWKS
MILKSHAKE 4590,5,MILKSHAKE 4590-5,6,JAGUARS
TORGO,6,TORGO-6,22,CHARGERS
DAVIDISAFISH,3,DAVIDISAFISH-3,2,SEAHAWKS
MILKSHAKE 4590,6,MILKSHAKE 4590-6,6,JAGUARS
TORGO,7,TORGO-7,22,CHARGERS
Davis B,1,Davis B-1,6,JAGUARS
MILKSHAKE 4590,7,MILKSHAKE 4590-7,6,JAGUARS
TORGO,8,TORGO-8,22,CHARGERS
DAWG POUND,1,DAWG POUND-1,20,LIONS
MILKSHAKE 4590,8,MILKSHAKE 4590-8,6,JAGUARS
TORGO,9,TORGO-9,22,CHARGERS
DAWG POUND,10,DAWG POUND-10,26,EAGLES
MILKSHAKE 4590,9,MILKSHAKE 4590-9,6,JAGUARS
TOROK9R,1,TOROK9R-1,6,JAGUARS
DAWG POUND,2,DAWG POUND-2,20,LIONS
MILLDOG,1,MILLDOG-1,22,CHARGERS
TOROK9R,2,TOROK9R-2,22,CHARGERS
DAWG POUND,3,DAWG POUND-3,22,CHARGERS
MILLDOG,2,MILLDOG-2,6,JAGUARS
TOROK9R,3,TOROK9R-3,12,STEELERS
DAWG POUND,4,DAWG POUND-4,22,CHARGERS
MILLDOG,3,MILLDOG-3,12,STEELERS
TOROK9R,4,TOROK9R-4,14,TEXANS
DAWG POUND,5,DAWG POUND-5,6,JAGUARS
MILLDOG,4,MILLDOG-4,12,STEELERS
TOROK9R,5,TOROK9R-5,22,CHARGERS
DAWG POUND,6,DAWG POUND-6,6,JAGUARS
MILLDOG,5,MILLDOG-5,12,STEELERS
TOROK9R,6,TOROK9R-6,6,JAGUARS
DAWG POUND,7,DAWG POUND-7,6,JAGUARS
MILLENNIAL BANGERZ,1,MILLENNIAL BANGERZ-1,6,JAGUARS
TOROK9R,7,TOROK9R-7,24,RAIDERS
DAWG POUND,8,DAWG POUND-8,22,CHARGERS
MILLENNIAL BANGERZ,2,MILLENNIAL BANGERZ-2,6,JAGUARS
TOROK9R,8,TOROK9R-8,8,BENGALS
DAWG POUND,9,DAWG POUND-9,26,EAGLES
MILLENNIAL BANGERZ,3,MILLENNIAL BANGERZ-3,6,JAGUARS
TORTFEASOR,1,TORTFEASOR-1,6,JAGUARS
DAWGPOUND19,1,DAWGPOUND19-1,6,JAGUARS
MILLENNIAL BANGERZ,4,MILLENNIAL BANGERZ-4,12,STEELERS
TORTFEASOR,2,TORTFEASOR-2,12,STEELERS
DAWNDAWN814,1,DAWNDAWN814-1,12,STEELERS
MILLENNIAL BANGERZ,5,MILLENNIAL BANGERZ-5,6,JAGUARS
TOTAL DEGENS !,1,TOTAL DEGENS !-1,6,JAGUARS
DAWNDAWN814,10,DAWNDAWN814-10,12,STEELERS
MILLENNIAL BANGERZ,6,MILLENNIAL BANGERZ-6,22,CHARGERS
TOUCH OF GREY,1,TOUCH OF GREY-1,6,JAGUARS
DAWNDAWN814,2,DAWNDAWN814-2,12,STEELERS
Miller Time,1,Miller Time-1,6,JAGUARS
TOUCH OF GREY,2,TOUCH OF GREY-2,12,STEELERS
DAWNDAWN814,3,DAWNDAWN814-3,12,STEELERS
Miller Time,2,Miller Time-2,24,RAIDERS
TOURIST,1,TOURIST-1,22,CHARGERS
DAWNDAWN814,4,DAWNDAWN814-4,12,STEELERS
MILLI24,1,MILLI24-1,12,STEELERS
TOURIST,2,TOURIST-2,6,JAGUARS
DAWNDAWN814,5,DAWNDAWN814-5,12,STEELERS
MILLI24,2,MILLI24-2,12,STEELERS
TOURIST,3,TOURIST-3,22,CHARGERS
DAWNDAWN814,6,DAWNDAWN814-6,12,STEELERS
MILLI24,3,MILLI24-3,22,CHARGERS
TOUT MEUNIERE,1,TOUT MEUNIERE-1,22,CHARGERS
DAWNDAWN814,7,DAWNDAWN814-7,12,STEELERS
Million Dollar Billy,1,Million Dollar Billy-1,12,STEELERS
TOUT MEUNIERE,10,TOUT MEUNIERE-10,22,CHARGERS
DAWNDAWN814,8,DAWNDAWN814-8,12,STEELERS
Million Dollar Billy,2,Million Dollar Billy-2,22,CHARGERS
TOUT MEUNIERE,2,TOUT MEUNIERE-2,22,CHARGERS
DAWNDAWN814,9,DAWNDAWN814-9,12,STEELERS
Million Dollar Billy,3,Million Dollar Billy-3,26,EAGLES
TOUT MEUNIERE,3,TOUT MEUNIERE-3,22,CHARGERS
DAYGO619,1,DAYGO619-1,6,JAGUARS
Million Dollar Billy,4,Million Dollar Billy-4,12,STEELERS
TOUT MEUNIERE,4,TOUT MEUNIERE-4,24,RAIDERS
DAYLAMIUSA,1,DAYLAMIUSA-1,6,JAGUARS
MILLION$ SECRET,1,MILLION$ SECRET-1,6,JAGUARS
TOUT MEUNIERE,5,TOUT MEUNIERE-5,24,RAIDERS
DAYLAMIUSA,10,DAYLAMIUSA-10,6,JAGUARS
MILLION$ SECRET,2,MILLION$ SECRET-2,6,JAGUARS
TOUT MEUNIERE,6,TOUT MEUNIERE-6,6,JAGUARS
DAYLAMIUSA,2,DAYLAMIUSA-2,6,JAGUARS
MILLION$ SECRET,3,MILLION$ SECRET-3,22,CHARGERS
TOUT MEUNIERE,7,TOUT MEUNIERE-7,22,CHARGERS
DAYLAMIUSA,3,DAYLAMIUSA-3,6,JAGUARS
MILLION$ SECRET,4,MILLION$ SECRET-4,6,JAGUARS
TOUT MEUNIERE,8,TOUT MEUNIERE-8,22,CHARGERS
DAYLAMIUSA,4,DAYLAMIUSA-4,12,STEELERS
MILLION$ SECRET,5,MILLION$ SECRET-5,6,JAGUARS
TOUT MEUNIERE,9,TOUT MEUNIERE-9,22,CHARGERS
DAYLAMIUSA,5,DAYLAMIUSA-5,12,STEELERS
MILLION$ SECRET,6,MILLION$ SECRET-6,22,CHARGERS
Town Plot Survivors,1,Town Plot Survivors-1,6,JAGUARS
DAYLAMIUSA,6,DAYLAMIUSA-6,24,RAIDERS
MILLION$ SECRET,7,MILLION$ SECRET-7,22,CHARGERS
Town Plot Survivors,10,Town Plot Survivors-10,22,CHARGERS
DAYLAMIUSA,7,DAYLAMIUSA-7,6,JAGUARS
MILLION$ SECRET,8,MILLION$ SECRET-8,22,CHARGERS
Town Plot Survivors,2,Town Plot Survivors-2,6,JAGUARS
DAYLAMIUSA,8,DAYLAMIUSA-8,22,CHARGERS
MILLS-CLABO,1,MILLS-CLABO-1,6,JAGUARS
Town Plot Survivors,3,Town Plot Survivors-3,24,RAIDERS
DAYLAMIUSA,9,DAYLAMIUSA-9,22,CHARGERS
MILLY MIMI,1,MILLY MIMI-1,20,LIONS
Town Plot Survivors,4,Town Plot Survivors-4,22,CHARGERS
DB COOPER,1,DB COOPER-1,22,CHARGERS
MILLY MIMI,2,MILLY MIMI-2,20,LIONS
Town Plot Survivors,5,Town Plot Survivors-5,22,CHARGERS
DB COOPER,2,DB COOPER-2,6,JAGUARS
MILLY MIMI,3,MILLY MIMI-3,22,CHARGERS
Town Plot Survivors,6,Town Plot Survivors-6,22,CHARGERS
DB COOPER,3,DB COOPER-3,20,LIONS
MILLY MIMI,4,MILLY MIMI-4,22,CHARGERS
Town Plot Survivors,7,Town Plot Survivors-7,6,JAGUARS
DB COOPER,4,DB COOPER-4,6,JAGUARS
MILLY WANT WINGY,1,MILLY WANT WINGY-1,12,STEELERS
Town Plot Survivors,8,Town Plot Survivors-8,6,JAGUARS
DB COOPER,5,DB COOPER-5,22,CHARGERS
MILLY WANT WINGY,2,MILLY WANT WINGY-2,12,STEELERS
Town Plot Survivors,9,Town Plot Survivors-9,22,CHARGERS
DB Dollar Bills,1,DB Dollar Bills-1,6,JAGUARS
MILLY WANT WINGY,3,MILLY WANT WINGY-3,12,STEELERS
TOXICTWIN,1,TOXICTWIN-1,12,STEELERS
DB IRONHEADS,1,DB IRONHEADS-1,22,CHARGERS
MILLY WANT WINGY,4,MILLY WANT WINGY-4,12,STEELERS
tp10-linkin,1,tp10-linkin-1,22,CHARGERS
DBF2V21,1,DBF2V21-1,6,JAGUARS
MILLY WANT WINGY,5,MILLY WANT WINGY-5,6,JAGUARS
tp10-linkin,2,tp10-linkin-2,6,JAGUARS
DBF2V21,10,DBF2V21-10,12,STEELERS
MILLY WANT WINGY,6,MILLY WANT WINGY-6,6,JAGUARS
tp10-linkin,3,tp10-linkin-3,22,CHARGERS
DBF2V21,2,DBF2V21-2,6,JAGUARS
MILLY WANT WINGY,7,MILLY WANT WINGY-7,6,JAGUARS
tp10-linkin,4,tp10-linkin-4,6,JAGUARS
DBF2V21,3,DBF2V21-3,24,RAIDERS
MILLY WANT WINGY,8,MILLY WANT WINGY-8,6,JAGUARS
tp10-linkin,5,tp10-linkin-5,6,JAGUARS
DBF2V21,4,DBF2V21-4,24,RAIDERS
MILWAUKEE'S BEST,1,MILWAUKEE'S BEST-1,22,CHARGERS
tp10-linkin,6,tp10-linkin-6,22,CHARGERS
DBF2V21,5,DBF2V21-5,12,STEELERS
MILWAUKEE'S BEST,2,MILWAUKEE'S BEST-2,22,CHARGERS
tp10-linkin,7,tp10-linkin-7,22,CHARGERS
DBF2V21,6,DBF2V21-6,6,JAGUARS
MILWAUKEE'S BEST,3,MILWAUKEE'S BEST-3,6,JAGUARS
TRACKROBBERY,1,TRACKROBBERY-1,24,RAIDERS
DBF2V21,7,DBF2V21-7,6,JAGUARS
MIMMZ24,1,MIMMZ24-1,26,EAGLES
TRACON BULLIES,1,TRACON BULLIES-1,6,JAGUARS
DBF2V21,8,DBF2V21-8,22,CHARGERS
mina 2026,1,mina 2026-1,12,STEELERS
TRACTOR,1,TRACTOR-1,6,JAGUARS
DBF2V21,9,DBF2V21-9,22,CHARGERS
mina 2026,10,mina 2026-10,12,STEELERS
TRACTOR,2,TRACTOR-2,8,BENGALS
DBWRGA1,1,DBWRGA1-1,6,JAGUARS
mina 2026,2,mina 2026-2,12,STEELERS
TRADING LACES,1,TRADING LACES-1,24,RAIDERS
DBWRGA1,2,DBWRGA1-2,12,STEELERS
mina 2026,3,mina 2026-3,12,STEELERS
TRADING LACES,2,TRADING LACES-2,22,CHARGERS
DC SPORTSHERO,1,DC SPORTSHERO-1,22,CHARGERS
mina 2026,4,mina 2026-4,12,STEELERS
TRADING LACES,3,TRADING LACES-3,6,JAGUARS
DC SPORTSHERO,2,DC SPORTSHERO-2,22,CHARGERS
mina 2026,5,mina 2026-5,12,STEELERS
TRAILER SWIFT,1,TRAILER SWIFT-1,6,JAGUARS
DC SPORTSHERO,3,DC SPORTSHERO-3,6,JAGUARS
mina 2026,6,mina 2026-6,12,STEELERS
TRAINMAN,1,TRAINMAN-1,6,JAGUARS
DC SPORTSHERO,4,DC SPORTSHERO-4,20,LIONS
mina 2026,7,mina 2026-7,12,STEELERS
TRAINWRECK,1,TRAINWRECK-1,24,RAIDERS
dc,1,dc-1,22,CHARGERS
mina 2026,8,mina 2026-8,12,STEELERS
TRAINWRECK,2,TRAINWRECK-2,24,RAIDERS
dc,10,dc-10,22,CHARGERS
mina 2026,9,mina 2026-9,12,STEELERS
TRAINWRECK,3,TRAINWRECK-3,18,TITANS
dc,2,dc-2,22,CHARGERS
MINA,1,MINA-1,18,TITANS
TRAINWRECK,4,TRAINWRECK-4,18,TITANS
dc,3,dc-3,22,CHARGERS
mini bong,1,mini bong-1,22,CHARGERS
TRAINWRECK,5,TRAINWRECK-5,6,JAGUARS
dc,4,dc-4,22,CHARGERS
mini bong,2,mini bong-2,6,JAGUARS
TRAINWRECK,6,TRAINWRECK-6,6,JAGUARS
dc,5,dc-5,22,CHARGERS
mini bong,3,mini bong-3,24,RAIDERS
TRAKMAN,1,TRAKMAN-1,22,CHARGERS
dc,6,dc-6,22,CHARGERS
mini bong,4,mini bong-4,20,LIONS
TRAP STARS,1,TRAP STARS-1,22,CHARGERS
dc,7,dc-7,22,CHARGERS
mini bong,5,mini bong-5,26,EAGLES
TRAP STARS,2,TRAP STARS-2,22,CHARGERS
dc,8,dc-8,22,CHARGERS
mini bong,6,mini bong-6,12,STEELERS
TRAP STARS,3,TRAP STARS-3,18,TITANS
dc,9,dc-9,22,CHARGERS
MINIKAHDA,1,MINIKAHDA-1,20,LIONS
TRASH PANDAS,1,TRASH PANDAS-1,6,JAGUARS
DCS,1,DCS-1,22,CHARGERS
MINIKAHDA,10,MINIKAHDA-10,26,EAGLES
TRD PRO,1,TRD PRO-1,22,CHARGERS
DCSHU,1,DCSHU-1,18,TITANS
MINIKAHDA,2,MINIKAHDA-2,20,LIONS
TREASURE COVE,1,TREASURE COVE-1,22,CHARGERS
DCSHU,2,DCSHU-2,20,LIONS
MINIKAHDA,3,MINIKAHDA-3,26,EAGLES
TREASURE COVE,2,TREASURE COVE-2,6,JAGUARS
DD,1,DD-1,22,CHARGERS
MINIKAHDA,4,MINIKAHDA-4,26,EAGLES
TREASURY MANAGEMENT,1,TREASURY MANAGEMENT-1,6,JAGUARS
DD,2,DD-2,6,JAGUARS
MINIKAHDA,5,MINIKAHDA-5,26,EAGLES
TREASURY MANAGEMENT,2,TREASURY MANAGEMENT-2,22,CHARGERS
DD,3,DD-3,22,CHARGERS
MINIKAHDA,6,MINIKAHDA-6,26,EAGLES
Treats,1,Treats-1,22,CHARGERS
DD,4,DD-4,22,CHARGERS
MINIKAHDA,7,MINIKAHDA-7,26,EAGLES
Treats,10,Treats-10,22,CHARGERS
DD3'S REVENGE,1,DD3'S REVENGE-1,6,JAGUARS
MINIKAHDA,8,MINIKAHDA-8,26,EAGLES
Treats,2,Treats-2,22,CHARGERS
DD3'S REVENGE,10,DD3'S REVENGE-10,2,SEAHAWKS
MINIKAHDA,9,MINIKAHDA-9,26,EAGLES
Treats,3,Treats-3,12,STEELERS
DD3'S REVENGE,2,DD3'S REVENGE-2,6,JAGUARS
MINKS AND PEARLS,1,MINKS AND PEARLS-1,22,CHARGERS
Treats,4,Treats-4,6,JAGUARS
DD3'S REVENGE,3,DD3'S REVENGE-3,6,JAGUARS
Minnesota March Mob,1,Minnesota March Mob-1,22,CHARGERS
Treats,5,Treats-5,22,CHARGERS
DD3'S REVENGE,4,DD3'S REVENGE-4,6,JAGUARS
Minnesota March Mob,2,Minnesota March Mob-2,22,CHARGERS
Treats,6,Treats-6,6,JAGUARS
DD3'S REVENGE,5,DD3'S REVENGE-5,6,JAGUARS
Minnesota March Mob,3,Minnesota March Mob-3,6,JAGUARS
Treats,7,Treats-7,22,CHARGERS
DD3'S REVENGE,6,DD3'S REVENGE-6,28,VIKINGS
Minnesota March Mob,4,Minnesota March Mob-4,6,JAGUARS
Treats,8,Treats-8,8,BENGALS
DD3'S REVENGE,7,DD3'S REVENGE-7,12,STEELERS
Minnesota March Mob,5,Minnesota March Mob-5,24,RAIDERS
Treats,9,Treats-9,6,JAGUARS
DD3'S REVENGE,8,DD3'S REVENGE-8,26,EAGLES
Minot Survivor,1,Minot Survivor-1,6,JAGUARS
TREE CITY GAMBLERS,1,TREE CITY GAMBLERS-1,22,CHARGERS
DD3'S REVENGE,9,DD3'S REVENGE-9,22,CHARGERS
Minot Survivor,2,Minot Survivor-2,22,CHARGERS
TREE CITY GAMBLERS,2,TREE CITY GAMBLERS-2,12,STEELERS
DDJAZ,1,DDJAZ-1,12,STEELERS
Minot Survivor,3,Minot Survivor-3,6,JAGUARS
TREEING FROMTHE NW,1,TREEING FROMTHE NW-1,6,JAGUARS
DDJAZ,2,DDJAZ-2,22,CHARGERS
MiracleOverTheMojave,1,MiracleOverTheMojave-1,12,STEELERS
TREEING FROMTHE NW,2,TREEING FROMTHE NW-2,6,JAGUARS
DDJAZ,3,DDJAZ-3,6,JAGUARS
MIRAGE SURVIVORS,1,MIRAGE SURVIVORS-1,20,LIONS
TREEING FROMTHE NW,3,TREEING FROMTHE NW-3,6,JAGUARS
DDLALALAND,1,DDLALALAND-1,8,BENGALS
MIRASOL 10,1,MIRASOL 10-1,6,JAGUARS
TREEING FROMTHE NW,4,TREEING FROMTHE NW-4,26,EAGLES
DDLALALAND,2,DDLALALAND-2,26,EAGLES
MIRASOL 10,10,MIRASOL 10-10,22,CHARGERS
Treeline,1,Treeline-1,24,RAIDERS
DDSPADE,1,DDSPADE-1,6,JAGUARS
MIRASOL 10,2,MIRASOL 10-2,6,JAGUARS
TREK DEGENS,1,TREK DEGENS-1,6,JAGUARS
DDSPADE,2,DDSPADE-2,6,JAGUARS
MIRASOL 10,3,MIRASOL 10-3,6,JAGUARS
TRES AMIGOS,1,TRES AMIGOS-1,22,CHARGERS
DDSPADE,3,DDSPADE-3,22,CHARGERS
MIRASOL 10,4,MIRASOL 10-4,6,JAGUARS
TRES AMIGOS,2,TRES AMIGOS-2,6,JAGUARS
DDSPADE,4,DDSPADE-4,22,CHARGERS
MIRASOL 10,5,MIRASOL 10-5,6,JAGUARS
TRES TORTUGAS,1,TRES TORTUGAS-1,6,JAGUARS
DDSPADE,5,DDSPADE-5,24,RAIDERS
MIRASOL 10,6,MIRASOL 10-6,6,JAGUARS
TRES TORTUGAS,10,TRES TORTUGAS-10,12,STEELERS
DDT 500,1,DDT 500-1,12,STEELERS
MIRASOL 10,7,MIRASOL 10-7,6,JAGUARS
TRES TORTUGAS,2,TRES TORTUGAS-2,6,JAGUARS
DDT 500,2,DDT 500-2,8,BENGALS
MIRASOL 10,8,MIRASOL 10-8,6,JAGUARS
TRES TORTUGAS,3,TRES TORTUGAS-3,6,JAGUARS
DE OPPRESSO LIBER,1,DE OPPRESSO LIBER-1,6,JAGUARS
MIRASOL 10,9,MIRASOL 10-9,6,JAGUARS
TRES TORTUGAS,4,TRES TORTUGAS-4,6,JAGUARS
DEACON BLUE 5,1,DEACON BLUE 5-1,6,JAGUARS
MIRO HEISKANEN,1,MIRO HEISKANEN-1,6,JAGUARS
TRES TORTUGAS,5,TRES TORTUGAS-5,22,CHARGERS
DEAD PRESIDENTS,1,DEAD PRESIDENTS-1,12,STEELERS
MIRO HEISKANEN,2,MIRO HEISKANEN-2,22,CHARGERS
TRES TORTUGAS,6,TRES TORTUGAS-6,22,CHARGERS
DEAD PRESIDENTS,2,DEAD PRESIDENTS-2,12,STEELERS
MISERABLE,1,MISERABLE-1,6,JAGUARS
TRES TORTUGAS,7,TRES TORTUGAS-7,22,CHARGERS
DEAD PRESIDENTS,3,DEAD PRESIDENTS-3,6,JAGUARS
MISERABLE,10,MISERABLE-10,22,CHARGERS
TRES TORTUGAS,8,TRES TORTUGAS-8,22,CHARGERS
DEAD PRESIDENTS,4,DEAD PRESIDENTS-4,24,RAIDERS
MISERABLE,2,MISERABLE-2,6,JAGUARS
TRES TORTUGAS,9,TRES TORTUGAS-9,12,STEELERS
DEAD SQUIRRELS SOC.,1,DEAD SQUIRRELS SOC.-1,6,JAGUARS
MISERABLE,3,MISERABLE-3,6,JAGUARS
TRESSELBALL,1,TRESSELBALL-1,22,CHARGERS
DEAD SQUIRRELS SOC.,2,DEAD SQUIRRELS SOC.-2,6,JAGUARS
MISERABLE,4,MISERABLE-4,15,BEARS
TRESSELBALL,2,TRESSELBALL-2,24,RAIDERS
DEAD SQUIRRELS SOC.,3,DEAD SQUIRRELS SOC.-3,6,JAGUARS
MISERABLE,5,MISERABLE-5,15,BEARS
TRESSELBALL,3,TRESSELBALL-3,6,JAGUARS
DEADBEAT DADS,1,DEADBEAT DADS-1,6,JAGUARS
MISERABLE,6,MISERABLE-6,15,BEARS
TRESSELBALL,4,TRESSELBALL-4,6,JAGUARS
DEADBEAT DADS,2,DEADBEAT DADS-2,12,STEELERS
MISERABLE,7,MISERABLE-7,12,STEELERS
TRESSELBALL,5,TRESSELBALL-5,6,JAGUARS
DEADMONEY10,1,DEADMONEY10-1,22,CHARGERS
MISERABLE,8,MISERABLE-8,12,STEELERS
trickyricky,1,trickyricky-1,12,STEELERS
DEANO'S DOMINATORS,1,DEANO'S DOMINATORS-1,6,JAGUARS
MISERABLE,9,MISERABLE-9,9,RAVENS
trickyricky,10,trickyricky-10,6,JAGUARS
DEANO'S DOMINATORS,2,DEANO'S DOMINATORS-2,22,CHARGERS
MISS NEW BOOTY,1,MISS NEW BOOTY-1,22,CHARGERS
trickyricky,2,trickyricky-2,12,STEELERS
DEANO'S DOMINATORS,3,DEANO'S DOMINATORS-3,12,STEELERS
MISS NEW BOOTY,2,MISS NEW BOOTY-2,18,TITANS
trickyricky,3,trickyricky-3,12,STEELERS
DEATHSTAR,1,DEATHSTAR-1,6,JAGUARS
MISS NEW BOOTY,3,MISS NEW BOOTY-3,6,JAGUARS
trickyricky,4,trickyricky-4,12,STEELERS
DEATHSTAR,2,DEATHSTAR-2,22,CHARGERS
MISS SUE,1,MISS SUE-1,12,STEELERS
trickyricky,5,trickyricky-5,12,STEELERS
dedicated degens,1,dedicated degens-1,22,CHARGERS
MISS SUE,2,MISS SUE-2,22,CHARGERS
trickyricky,6,trickyricky-6,20,LIONS
DEDICATION PAYS,1,DEDICATION PAYS-1,6,JAGUARS
MISS SUE,3,MISS SUE-3,26,EAGLES
trickyricky,7,trickyricky-7,20,LIONS
DEE LUCKS45,1,DEE LUCKS45-1,22,CHARGERS
MISS SUE,4,MISS SUE-4,22,CHARGERS
trickyricky,8,trickyricky-8,20,LIONS
DEECEE88,1,DEECEE88-1,22,CHARGERS
MISS SUE,5,MISS SUE-5,20,LIONS
trickyricky,9,trickyricky-9,6,JAGUARS
DEECEE88,10,DEECEE88-10,22,CHARGERS
MISS SUE,6,MISS SUE-6,6,JAGUARS
Trifecta-209,1,Trifecta-209-1,24,RAIDERS
DEECEE88,2,DEECEE88-2,22,CHARGERS
MISSING LINK,1,MISSING LINK-1,6,JAGUARS
Trifecta-209,2,Trifecta-209-2,22,CHARGERS
DEECEE88,3,DEECEE88-3,22,CHARGERS
mississippi grind,1,mississippi grind-1,6,JAGUARS
Trifecta-209,3,Trifecta-209-3,12,STEELERS
DEECEE88,4,DEECEE88-4,22,CHARGERS
mississippi grind,2,mississippi grind-2,6,JAGUARS
Trifecta-209,4,Trifecta-209-4,22,CHARGERS
DEECEE88,5,DEECEE88-5,22,CHARGERS
mississippi grind,3,mississippi grind-3,12,STEELERS
Trifecta-209,5,Trifecta-209-5,22,CHARGERS
DEECEE88,6,DEECEE88-6,22,CHARGERS
MissLippysCarisGreen,1,MissLippysCarisGreen-1,6,JAGUARS
Trio Bros,1,Trio Bros-1,6,JAGUARS
DEECEE88,7,DEECEE88-7,22,CHARGERS
MissLippysCarisGreen,2,MissLippysCarisGreen-2,6,JAGUARS
TRIP,1,TRIP-1,6,JAGUARS
DEECEE88,8,DEECEE88-8,22,CHARGERS
mista greedy,1,mista greedy-1,24,RAIDERS
TRIPLE CROWN,1,TRIPLE CROWN-1,2,SEAHAWKS
DEECEE88,9,DEECEE88-9,22,CHARGERS
mista greedy,10,mista greedy-10,8,BENGALS
TRIPLE CROWN,10,TRIPLE CROWN-10,6,JAGUARS
DEEDLE DEEDLE,1,DEEDLE DEEDLE-1,6,JAGUARS
mista greedy,2,mista greedy-2,24,RAIDERS
TRIPLE CROWN,2,TRIPLE CROWN-2,20,LIONS
DEEP DIVE,1,DEEP DIVE-1,6,JAGUARS
mista greedy,3,mista greedy-3,24,RAIDERS
TRIPLE CROWN,3,TRIPLE CROWN-3,20,LIONS
DEEP DIVE,2,DEEP DIVE-2,12,STEELERS
mista greedy,4,mista greedy-4,22,CHARGERS
TRIPLE CROWN,4,TRIPLE CROWN-4,20,LIONS
DEEP DIVE,3,DEEP DIVE-3,12,STEELERS
mista greedy,5,mista greedy-5,22,CHARGERS
TRIPLE CROWN,5,TRIPLE CROWN-5,22,CHARGERS
DEEP END,1,DEEP END-1,6,JAGUARS
mista greedy,6,mista greedy-6,22,CHARGERS
TRIPLE CROWN,6,TRIPLE CROWN-6,22,CHARGERS
DEEP END,2,DEEP END-2,22,CHARGERS
mista greedy,7,mista greedy-7,8,BENGALS
TRIPLE CROWN,7,TRIPLE CROWN-7,22,CHARGERS
DEEP END,3,DEEP END-3,24,RAIDERS
mista greedy,8,mista greedy-8,8,BENGALS
TRIPLE CROWN,8,TRIPLE CROWN-8,6,JAGUARS
DEEP2130,1,DEEP2130-1,24,RAIDERS
mista greedy,9,mista greedy-9,8,BENGALS
TRIPLE CROWN,9,TRIPLE CROWN-9,6,JAGUARS
DEEP2130,10,DEEP2130-10,22,CHARGERS
misterspicedaddy,1,misterspicedaddy-1,6,JAGUARS
TRIPLE D'S,1,TRIPLE D'S-1,20,LIONS
DEEP2130,2,DEEP2130-2,22,CHARGERS
MITB,1,MITB-1,2,SEAHAWKS
TRIPLE D'S,2,TRIPLE D'S-2,18,TITANS
DEEP2130,3,DEEP2130-3,24,RAIDERS
MITB,2,MITB-2,6,JAGUARS
Triple Diamond,1,Triple Diamond-1,12,STEELERS
DEEP2130,4,DEEP2130-4,22,CHARGERS
MITB,3,MITB-3,20,LIONS
Triple Diamond,2,Triple Diamond-2,20,LIONS
DEEP2130,5,DEEP2130-5,24,RAIDERS
MITB,4,MITB-4,22,CHARGERS
Triple Diamond,3,Triple Diamond-3,6,JAGUARS
DEEP2130,6,DEEP2130-6,22,CHARGERS
MITB,5,MITB-5,24,RAIDERS
Triple Diamond,4,Triple Diamond-4,6,JAGUARS
DEEP2130,7,DEEP2130-7,22,CHARGERS
MITB,6,MITB-6,18,TITANS
Triple Diamond,5,Triple Diamond-5,22,CHARGERS
DEEP2130,8,DEEP2130-8,8,BENGALS
MITB,7,MITB-7,6,JAGUARS
Triple Diamond,6,Triple Diamond-6,20,LIONS
DEEP2130,9,DEEP2130-9,24,RAIDERS
MITB,8,MITB-8,20,LIONS
Triple Diamond,7,Triple Diamond-7,22,CHARGERS
DEEPDISHDEGENS,1,DEEPDISHDEGENS-1,6,JAGUARS
MIXED NUTS POKERCLUB,1,MIXED NUTS POKERCLUB-1,12,STEELERS
TRIPLE THREAT,1,TRIPLE THREAT-1,22,CHARGERS
DEEPDISHDEGENS,10,DEEPDISHDEGENS-10,8,BENGALS
MIXED NUTS POKERCLUB,10,MIXED NUTS POKERCLUB-10,15,BEARS
TRIPLE THREAT,2,TRIPLE THREAT-2,6,JAGUARS
DEEPDISHDEGENS,2,DEEPDISHDEGENS-2,6,JAGUARS
MIXED NUTS POKERCLUB,2,MIXED NUTS POKERCLUB-2,12,STEELERS
TRIPLE THREAT,3,TRIPLE THREAT-3,12,STEELERS
DEEPDISHDEGENS,3,DEEPDISHDEGENS-3,6,JAGUARS
MIXED NUTS POKERCLUB,3,MIXED NUTS POKERCLUB-3,12,STEELERS
TRIXIE,1,TRIXIE-1,22,CHARGERS
DEEPDISHDEGENS,4,DEEPDISHDEGENS-4,22,CHARGERS
MIXED NUTS POKERCLUB,4,MIXED NUTS POKERCLUB-4,12,STEELERS
TRIXIE,10,TRIXIE-10,15,BEARS
DEEPDISHDEGENS,5,DEEPDISHDEGENS-5,22,CHARGERS
MIXED NUTS POKERCLUB,5,MIXED NUTS POKERCLUB-5,12,STEELERS
TRIXIE,2,TRIXIE-2,22,CHARGERS
DEEPDISHDEGENS,6,DEEPDISHDEGENS-6,12,STEELERS
MIXED NUTS POKERCLUB,6,MIXED NUTS POKERCLUB-6,12,STEELERS
TRIXIE,3,TRIXIE-3,22,CHARGERS
DEEPDISHDEGENS,7,DEEPDISHDEGENS-7,12,STEELERS
MIXED NUTS POKERCLUB,7,MIXED NUTS POKERCLUB-7,12,STEELERS
TRIXIE,4,TRIXIE-4,24,RAIDERS
DEEPDISHDEGENS,8,DEEPDISHDEGENS-8,12,STEELERS
MIXED NUTS POKERCLUB,8,MIXED NUTS POKERCLUB-8,15,BEARS
TRIXIE,5,TRIXIE-5,24,RAIDERS
DEEPDISHDEGENS,9,DEEPDISHDEGENS-9,24,RAIDERS
MIXED NUTS POKERCLUB,9,MIXED NUTS POKERCLUB-9,15,BEARS
TRIXIE,6,TRIXIE-6,24,RAIDERS
DEEZ BUCKEYES,1,DEEZ BUCKEYES-1,24,RAIDERS
MJK,1,MJK-1,22,CHARGERS
TRIXIE,7,TRIXIE-7,6,JAGUARS
DEEZNITZ,1,DEEZNITZ-1,22,CHARGERS
MJPIP,1,MJPIP-1,18,TITANS
TRIXIE,8,TRIXIE-8,6,JAGUARS
DEEZNITZ,10,DEEZNITZ-10,26,EAGLES
MJPIP,2,MJPIP-2,12,STEELERS
TRIXIE,9,TRIXIE-9,6,JAGUARS
DEEZNITZ,2,DEEZNITZ-2,22,CHARGERS
MJPIP,3,MJPIP-3,22,CHARGERS
TROJANHORSE7007,1,TROJANHORSE7007-1,20,LIONS
DEEZNITZ,3,DEEZNITZ-3,22,CHARGERS
MJPIP,4,MJPIP-4,8,BENGALS
trompe le monde,1,trompe le monde-1,6,JAGUARS
DEEZNITZ,4,DEEZNITZ-4,22,CHARGERS
MJPIP,5,MJPIP-5,8,BENGALS
trompe le monde,2,trompe le monde-2,22,CHARGERS
DEEZNITZ,5,DEEZNITZ-5,6,JAGUARS
MK081,1,MK081-1,6,JAGUARS
trompe le monde,3,trompe le monde-3,6,JAGUARS
DEEZNITZ,6,DEEZNITZ-6,6,JAGUARS
MK081,2,MK081-2,6,JAGUARS
TRONNIMAL,1,TRONNIMAL-1,22,CHARGERS
DEEZNITZ,7,DEEZNITZ-7,6,JAGUARS
MK081,3,MK081-3,22,CHARGERS
TRONNIMAL,2,TRONNIMAL-2,6,JAGUARS
DEEZNITZ,8,DEEZNITZ-8,12,STEELERS
MKJ PARTNERS,1,MKJ PARTNERS-1,6,JAGUARS
TRONZANO,1,TRONZANO-1,12,STEELERS
DEEZNITZ,9,DEEZNITZ-9,20,LIONS
MKJ PARTNERS,2,MKJ PARTNERS-2,22,CHARGERS
TRONZANO,2,TRONZANO-2,24,RAIDERS
DEFIANCE JACO,1,DEFIANCE JACO-1,6,JAGUARS
MKJ PARTNERS,3,MKJ PARTNERS-3,12,STEELERS
TRONZANO,3,TRONZANO-3,22,CHARGERS
DeFoPicks,1,DeFoPicks-1,12,STEELERS
mltaces,1,mltaces-1,6,JAGUARS
Tropic Thunder,1,Tropic Thunder-1,12,STEELERS
DeFoPicks,2,DeFoPicks-2,20,LIONS
MMA GURU,1,MMA GURU-1,6,JAGUARS
Tropic Thunder,2,Tropic Thunder-2,8,BENGALS
DeFoPicks,3,DeFoPicks-3,6,JAGUARS
MMA GURU,2,MMA GURU-2,12,STEELERS
Tropic Thunder,3,Tropic Thunder-3,22,CHARGERS
DEGEN DONKEY,1,DEGEN DONKEY-1,12,STEELERS
MMA GURU,3,MMA GURU-3,12,STEELERS
TRosales05,1,TRosales05-1,6,JAGUARS
DEGEN DONKEY,2,DEGEN DONKEY-2,6,JAGUARS
MMA GURU,4,MMA GURU-4,6,JAGUARS
TRosales05,10,TRosales05-10,6,JAGUARS
DEGEN DREAM TEAM,1,DEGEN DREAM TEAM-1,24,RAIDERS
MMA GURU,5,MMA GURU-5,22,CHARGERS
TRosales05,2,TRosales05-2,6,JAGUARS
DEGEN DREAM TEAM,2,DEGEN DREAM TEAM-2,6,JAGUARS
MMA GURU,6,MMA GURU-6,6,JAGUARS
TRosales05,3,TRosales05-3,6,JAGUARS
DEGEN DREAM TEAM,3,DEGEN DREAM TEAM-3,12,STEELERS
MMA GURU,7,MMA GURU-7,26,EAGLES
TRosales05,4,TRosales05-4,6,JAGUARS
DEGEN DREAM TEAM,4,DEGEN DREAM TEAM-4,6,JAGUARS
MMA GURU,8,MMA GURU-8,20,LIONS
TRosales05,5,TRosales05-5,6,JAGUARS
DEGEN DREAM TEAM,5,DEGEN DREAM TEAM-5,22,CHARGERS
MMA GURU,9,MMA GURU-9,22,CHARGERS
TRosales05,6,TRosales05-6,6,JAGUARS
Degen,1,Degen-1,12,STEELERS
MMILV,1,MMILV-1,6,JAGUARS
TRosales05,7,TRosales05-7,6,JAGUARS
Degen,2,Degen-2,12,STEELERS
Mmm Beer,1,Mmm Beer-1,6,JAGUARS
TRosales05,8,TRosales05-8,6,JAGUARS
DEGENERATE DREAMERS,1,DEGENERATE DREAMERS-1,6,JAGUARS
MN MISERY,1,MN MISERY-1,6,JAGUARS
TRosales05,9,TRosales05-9,6,JAGUARS
DEGENERATE DREAMERS,2,DEGENERATE DREAMERS-2,22,CHARGERS
MN MISERY,2,MN MISERY-2,6,JAGUARS
TROTTEL,1,TROTTEL-1,22,CHARGERS
DEGENERATES,1,DEGENERATES-1,22,CHARGERS
MN MISERY,3,MN MISERY-3,22,CHARGERS
TROTTEL,2,TROTTEL-2,22,CHARGERS
DEGENERATES,2,DEGENERATES-2,18,TITANS
MNCHILL,1,MNCHILL-1,24,RAIDERS
TROTTEL,3,TROTTEL-3,6,JAGUARS
DEGENERATES,3,DEGENERATES-3,22,CHARGERS
MNCHILL,2,MNCHILL-2,6,JAGUARS
TROTTEL,4,TROTTEL-4,24,RAIDERS
Degens 604,1,Degens 604-1,22,CHARGERS
MNELLY,1,MNELLY-1,22,CHARGERS
TROTTER AND LOONEY,1,TROTTER AND LOONEY-1,24,RAIDERS
DEGENS,1,DEGENS-1,6,JAGUARS
MNELLY,2,MNELLY-2,22,CHARGERS
TROUBLE W/ THE SNAP,1,TROUBLE W/ THE SNAP-1,22,CHARGERS
degenz squad,1,degenz squad-1,6,JAGUARS
MNPLS MIRACLE,1,MNPLS MIRACLE-1,22,CHARGERS
TROUBLE W/ THE SNAP,2,TROUBLE W/ THE SNAP-2,12,STEELERS
degenz squad,2,degenz squad-2,26,EAGLES
MNPLS MIRACLE,10,MNPLS MIRACLE-10,18,TITANS
TruckerJustin,1,TruckerJustin-1,6,JAGUARS
degenz squad,3,degenz squad-3,20,LIONS
MNPLS MIRACLE,2,MNPLS MIRACLE-2,22,CHARGERS
TruckerJustin,2,TruckerJustin-2,12,STEELERS
degenz squad,4,degenz squad-4,24,RAIDERS
MNPLS MIRACLE,3,MNPLS MIRACLE-3,22,CHARGERS
TRUENORTHSURVIVORS,1,TRUENORTHSURVIVORS-1,6,JAGUARS
degenz squad,5,degenz squad-5,20,LIONS
MNPLS MIRACLE,4,MNPLS MIRACLE-4,22,CHARGERS
TRUENORTHSURVIVORS,2,TRUENORTHSURVIVORS-2,6,JAGUARS
degenz squad,6,degenz squad-6,12,STEELERS
MNPLS MIRACLE,5,MNPLS MIRACLE-5,6,JAGUARS
TRUENORTHSURVIVORS,3,TRUENORTHSURVIVORS-3,12,STEELERS
DEGOS MICKS & MUTTS,1,DEGOS MICKS & MUTTS-1,6,JAGUARS
MNPLS MIRACLE,6,MNPLS MIRACLE-6,6,JAGUARS
TRUENORTHSURVIVORS,4,TRUENORTHSURVIVORS-4,12,STEELERS
DEGOS MICKS & MUTTS,2,DEGOS MICKS & MUTTS-2,6,JAGUARS
MNPLS MIRACLE,7,MNPLS MIRACLE-7,6,JAGUARS
TRUENORTHSURVIVORS,5,TRUENORTHSURVIVORS-5,18,TITANS
DEGOS MICKS & MUTTS,3,DEGOS MICKS & MUTTS-3,12,STEELERS
MNPLS MIRACLE,8,MNPLS MIRACLE-8,24,RAIDERS
TRUENORTHSURVIVORS,6,TRUENORTHSURVIVORS-6,22,CHARGERS
DEGOS MICKS & MUTTS,4,DEGOS MICKS & MUTTS-4,12,STEELERS
MNPLS MIRACLE,9,MNPLS MIRACLE-9,24,RAIDERS
trumanburbank65,1,trumanburbank65-1,24,RAIDERS
DEGOS MICKS & MUTTS,5,DEGOS MICKS & MUTTS-5,22,CHARGERS
MOATANXT,1,MOATANXT-1,22,CHARGERS
trumanburbank65,2,trumanburbank65-2,22,CHARGERS
DELIBEAN,1,DELIBEAN-1,12,STEELERS
MOBFASHO,1,MOBFASHO-1,6,JAGUARS
TRUST THE PROCE$$,1,TRUST THE PROCE$$-1,6,JAGUARS
DELIBEAN,2,DELIBEAN-2,6,JAGUARS
MOC,1,MOC-1,22,CHARGERS
TRUST THE PROCESS,1,TRUST THE PROCESS-1,22,CHARGERS
DELIBEAN,3,DELIBEAN-3,12,STEELERS
MOC,10,MOC-10,12,STEELERS
TRUST THE PROCESS,2,TRUST THE PROCESS-2,12,STEELERS
DELIMAN,1,DELIMAN-1,22,CHARGERS
MOC,2,MOC-2,22,CHARGERS
TRUST TIMING,1,TRUST TIMING-1,9,RAVENS
DELIMAN,2,DELIMAN-2,20,LIONS
MOC,3,MOC-3,22,CHARGERS
TRUST TIMING,10,TRUST TIMING-10,12,STEELERS
DELLS BOYZ,1,DELLS BOYZ-1,22,CHARGERS
MOC,4,MOC-4,12,STEELERS
TRUST TIMING,2,TRUST TIMING-2,9,RAVENS
DELLS BOYZ,10,DELLS BOYZ-10,22,CHARGERS
MOC,5,MOC-5,12,STEELERS
TRUST TIMING,3,TRUST TIMING-3,9,RAVENS
DELLS BOYZ,2,DELLS BOYZ-2,6,JAGUARS
MOC,6,MOC-6,24,RAIDERS
TRUST TIMING,4,TRUST TIMING-4,9,RAVENS
DELLS BOYZ,3,DELLS BOYZ-3,12,STEELERS
MOC,7,MOC-7,6,JAGUARS
TRUST TIMING,5,TRUST TIMING-5,22,CHARGERS
DELLS BOYZ,4,DELLS BOYZ-4,6,JAGUARS
MOC,8,MOC-8,6,JAGUARS
TRUST TIMING,6,TRUST TIMING-6,22,CHARGERS
DELLS BOYZ,5,DELLS BOYZ-5,6,JAGUARS
MOC,9,MOC-9,6,JAGUARS
TRUST TIMING,7,TRUST TIMING-7,22,CHARGERS
DELLS BOYZ,6,DELLS BOYZ-6,22,CHARGERS
MOCKER,1,MOCKER-1,6,JAGUARS
TRUST TIMING,8,TRUST TIMING-8,22,CHARGERS
DELLS BOYZ,7,DELLS BOYZ-7,22,CHARGERS
MOCKER,2,MOCKER-2,20,LIONS
TRUST TIMING,9,TRUST TIMING-9,12,STEELERS
DELLS BOYZ,8,DELLS BOYZ-8,6,JAGUARS
MOCKER,3,MOCKER-3,22,CHARGERS
TRUSTMEBRO,1,TRUSTMEBRO-1,6,JAGUARS
DELLS BOYZ,9,DELLS BOYZ-9,6,JAGUARS
MOCKER,4,MOCKER-4,22,CHARGERS
TSE505ROCK,1,TSE505ROCK-1,12,STEELERS
delusional,1,delusional-1,6,JAGUARS
MODELOMAN,1,MODELOMAN-1,26,EAGLES
TSE505ROCK,2,TSE505ROCK-2,12,STEELERS
delusional,2,delusional-2,6,JAGUARS
MODELOMAN,2,MODELOMAN-2,6,JAGUARS
TSE505ROCK,3,TSE505ROCK-3,12,STEELERS
delusional,3,delusional-3,6,JAGUARS
MODELOMAN,3,MODELOMAN-3,6,JAGUARS
TSE505ROCK,4,TSE505ROCK-4,12,STEELERS
delusional,4,delusional-4,6,JAGUARS
MODELOMAN,4,MODELOMAN-4,22,CHARGERS
TSE505ROCK,5,TSE505ROCK-5,12,STEELERS
delusional,5,delusional-5,22,CHARGERS
MODELOMAN,5,MODELOMAN-5,22,CHARGERS
Tsitsipals,1,Tsitsipals-1,22,CHARGERS
delusional,6,delusional-6,20,LIONS
MODRA BROTHERS,1,MODRA BROTHERS-1,12,STEELERS
Tsitsipals,2,Tsitsipals-2,22,CHARGERS
delusional,7,delusional-7,26,EAGLES
MODRA BROTHERS,2,MODRA BROTHERS-2,22,CHARGERS
Tsitsipals,3,Tsitsipals-3,12,STEELERS
DELUSIONSOFGRANDEUR,1,DELUSIONSOFGRANDEUR-1,6,JAGUARS
moe money,1,moe money-1,20,LIONS
Tsitsipals,4,Tsitsipals-4,22,CHARGERS
DEMERCADO HATE CLUB,1,DEMERCADO HATE CLUB-1,12,STEELERS
MOFOKER2003,1,MOFOKER2003-1,22,CHARGERS
Tsitsipals,5,Tsitsipals-5,6,JAGUARS
DEMERCADO HATE CLUB,2,DEMERCADO HATE CLUB-2,26,EAGLES
MOFOKER2003,10,MOFOKER2003-10,22,CHARGERS
TSKOL,1,TSKOL-1,24,RAIDERS
DEMERCADO HATE CLUB,3,DEMERCADO HATE CLUB-3,22,CHARGERS
MOFOKER2003,2,MOFOKER2003-2,22,CHARGERS
Tsparks615,1,Tsparks615-1,18,TITANS
DEMERCADO HATE CLUB,4,DEMERCADO HATE CLUB-4,22,CHARGERS
MOFOKER2003,3,MOFOKER2003-3,22,CHARGERS
Tsparks615,2,Tsparks615-2,6,JAGUARS
DEN OF DIDDLERS,1,DEN OF DIDDLERS-1,6,JAGUARS
MOFOKER2003,4,MOFOKER2003-4,22,CHARGERS
Tsparks615,3,Tsparks615-3,12,STEELERS
DEN OF DIDDLERS,2,DEN OF DIDDLERS-2,6,JAGUARS
MOFOKER2003,5,MOFOKER2003-5,22,CHARGERS
Tsparks615,4,Tsparks615-4,22,CHARGERS
DENIS POWERHOUSE,1,DENIS POWERHOUSE-1,20,LIONS
MOFOKER2003,6,MOFOKER2003-6,22,CHARGERS
Tsparks615,5,Tsparks615-5,22,CHARGERS
DENIS POWERHOUSE,2,DENIS POWERHOUSE-2,22,CHARGERS
MOFOKER2003,7,MOFOKER2003-7,22,CHARGERS
Tsparks615,6,Tsparks615-6,20,LIONS
DENIS POWERHOUSE,3,DENIS POWERHOUSE-3,26,EAGLES
MOFOKER2003,8,MOFOKER2003-8,22,CHARGERS
Tsparks615,7,Tsparks615-7,6,JAGUARS
DENIS POWERHOUSE,4,DENIS POWERHOUSE-4,24,RAIDERS
MOFOKER2003,9,MOFOKER2003-9,22,CHARGERS
TSUNAMI OF MONEY,1,TSUNAMI OF MONEY-1,6,JAGUARS
DENNISM,1,DENNISM-1,6,JAGUARS
MOGAN THE COOLER,1,MOGAN THE COOLER-1,6,JAGUARS
TSUNAMI OF MONEY,10,TSUNAMI OF MONEY-10,6,JAGUARS
DENTALGUYS,1,DENTALGUYS-1,6,JAGUARS
MOGAN THE COOLER,2,MOGAN THE COOLER-2,12,STEELERS
TSUNAMI OF MONEY,2,TSUNAMI OF MONEY-2,6,JAGUARS
DENTALGUYS,2,DENTALGUYS-2,22,CHARGERS
MOGAN THE COOLER,3,MOGAN THE COOLER-3,6,JAGUARS
TSUNAMI OF MONEY,3,TSUNAMI OF MONEY-3,22,CHARGERS
DENTCD,1,DENTCD-1,6,JAGUARS
MOGAN THE COOLER,4,MOGAN THE COOLER-4,22,CHARGERS
TSUNAMI OF MONEY,4,TSUNAMI OF MONEY-4,22,CHARGERS
DENVER ELITE,1,DENVER ELITE-1,6,JAGUARS
MOLF-E,1,MOLF-E-1,5,BROWNS
TSUNAMI OF MONEY,5,TSUNAMI OF MONEY-5,22,CHARGERS
DENVER ELITE,2,DENVER ELITE-2,12,STEELERS
MOLSON,1,MOLSON-1,6,JAGUARS
TSUNAMI OF MONEY,6,TSUNAMI OF MONEY-6,22,CHARGERS
DENVER SPORTSBETTING,1,DENVER SPORTSBETTING-1,12,STEELERS
MOLTO CALDO,1,MOLTO CALDO-1,6,JAGUARS
TSUNAMI OF MONEY,7,TSUNAMI OF MONEY-7,6,JAGUARS
DENVER SPORTSBETTING,2,DENVER SPORTSBETTING-2,12,STEELERS
MOMENTUM BETS,1,MOMENTUM BETS-1,24,RAIDERS
TSUNAMI OF MONEY,8,TSUNAMI OF MONEY-8,20,LIONS
DENVER SPORTSBETTING,3,DENVER SPORTSBETTING-3,6,JAGUARS
MOMENTUM BETS,2,MOMENTUM BETS-2,12,STEELERS
TSUNAMI OF MONEY,9,TSUNAMI OF MONEY-9,24,RAIDERS
DENVER SPORTSBETTING,4,DENVER SPORTSBETTING-4,22,CHARGERS
MOMOKNOWS,1,MOMOKNOWS-1,6,JAGUARS
Tsunami79,1,Tsunami79-1,12,STEELERS
DENY TIL YOU DIE,1,DENY TIL YOU DIE-1,12,STEELERS
MOMOKNOWS,2,MOMOKNOWS-2,22,CHARGERS
Tsunami79,2,Tsunami79-2,26,EAGLES
DENY TIL YOU DIE,2,DENY TIL YOU DIE-2,22,CHARGERS
MoMoMoney,1,MoMoMoney-1,6,JAGUARS
TSUNO,1,TSUNO-1,6,JAGUARS
DePauwty Don't Stop,1,DePauwty Don't Stop-1,22,CHARGERS
MoMoMoney,2,MoMoMoney-2,12,STEELERS
TSUNO,2,TSUNO-2,6,JAGUARS
DERBY DASHER,1,DERBY DASHER-1,6,JAGUARS
MoMoMoney,3,MoMoMoney-3,22,CHARGERS
TSUNO,3,TSUNO-3,22,CHARGERS
DERBY DASHER,2,DERBY DASHER-2,6,JAGUARS
money dr.,1,money dr.-1,6,JAGUARS
TSUNO,4,TSUNO-4,6,JAGUARS
DERBY DASHER,3,DERBY DASHER-3,26,EAGLES
money dr.,2,money dr.-2,24,RAIDERS
TSUNO,5,TSUNO-5,12,STEELERS
DERBY DASHER,4,DERBY DASHER-4,12,STEELERS
money dr.,3,money dr.-3,22,CHARGERS
TUBBY,1,TUBBY-1,18,TITANS
Desert Dynasty,1,Desert Dynasty-1,6,JAGUARS
money dr.,4,money dr.-4,12,STEELERS
TUBBY,2,TUBBY-2,22,CHARGERS
DESERT EV,1,DESERT EV-1,22,CHARGERS
money dr.,5,money dr.-5,22,CHARGERS
Tubbz,1,Tubbz-1,6,JAGUARS
DESERT ISLAND,1,DESERT ISLAND-1,22,CHARGERS
MONEY GUN GUZZ,1,MONEY GUN GUZZ-1,22,CHARGERS
Tubbz,2,Tubbz-2,22,CHARGERS
DESERT ISLAND,2,DESERT ISLAND-2,6,JAGUARS
MONEY GUN GUZZ,2,MONEY GUN GUZZ-2,20,LIONS
TUCKERBRONCO,1,TUCKERBRONCO-1,6,JAGUARS
DESERT ISLAND,3,DESERT ISLAND-3,6,JAGUARS
MONEY IN DA BANK,1,MONEY IN DA BANK-1,6,JAGUARS
TUCKWILD727,1,TUCKWILD727-1,6,JAGUARS
Desertbo,1,Desertbo-1,12,STEELERS
MONEY IN DA BANK,2,MONEY IN DA BANK-2,22,CHARGERS
tugtakingitdown,1,tugtakingitdown-1,22,CHARGERS
Desertbo,10,Desertbo-10,22,CHARGERS
MONEY IS GOOD,1,MONEY IS GOOD-1,12,STEELERS
TUNANOCRUST,1,TUNANOCRUST-1,12,STEELERS
Desertbo,2,Desertbo-2,2,SEAHAWKS
MONEY IS GOOD,10,MONEY IS GOOD-10,12,STEELERS
TUNDY,1,TUNDY-1,18,TITANS
Desertbo,3,Desertbo-3,24,RAIDERS
MONEY IS GOOD,2,MONEY IS GOOD-2,12,STEELERS
TUNDY,2,TUNDY-2,12,STEELERS
Desertbo,4,Desertbo-4,2,SEAHAWKS
MONEY IS GOOD,3,MONEY IS GOOD-3,12,STEELERS
TUNDY,3,TUNDY-3,22,CHARGERS
Desertbo,5,Desertbo-5,6,JAGUARS
MONEY IS GOOD,4,MONEY IS GOOD-4,12,STEELERS
TUNDY,4,TUNDY-4,12,STEELERS
Desertbo,6,Desertbo-6,22,CHARGERS
MONEY IS GOOD,5,MONEY IS GOOD-5,12,STEELERS
TUNDY,5,TUNDY-5,24,RAIDERS
Desertbo,7,Desertbo-7,22,CHARGERS
MONEY IS GOOD,6,MONEY IS GOOD-6,12,STEELERS
TUNGTUNGSAHUR67,1,TUNGTUNGSAHUR67-1,22,CHARGERS
Desertbo,8,Desertbo-8,12,STEELERS
MONEY IS GOOD,7,MONEY IS GOOD-7,12,STEELERS
TUNGTUNGSAHUR67,10,TUNGTUNGSAHUR67-10,22,CHARGERS
Desertbo,9,Desertbo-9,6,JAGUARS
MONEY IS GOOD,8,MONEY IS GOOD-8,12,STEELERS
TUNGTUNGSAHUR67,2,TUNGTUNGSAHUR67-2,22,CHARGERS
DESERTGURUS,1,DESERTGURUS-1,6,JAGUARS
MONEY IS GOOD,9,MONEY IS GOOD-9,12,STEELERS
TUNGTUNGSAHUR67,3,TUNGTUNGSAHUR67-3,22,CHARGERS
DESK GUYS,1,DESK GUYS-1,12,STEELERS
Money Line Mafia,1,Money Line Mafia-1,6,JAGUARS
TUNGTUNGSAHUR67,4,TUNGTUNGSAHUR67-4,22,CHARGERS
DESPERADO,1,DESPERADO-1,6,JAGUARS
money moves,1,money moves-1,6,JAGUARS
TUNGTUNGSAHUR67,5,TUNGTUNGSAHUR67-5,22,CHARGERS
DESPERADO,2,DESPERADO-2,12,STEELERS
money moves,2,money moves-2,12,STEELERS
TUNGTUNGSAHUR67,6,TUNGTUNGSAHUR67-6,22,CHARGERS
DETABANU,1,DETABANU-1,20,LIONS
MONEY TRAIN,1,MONEY TRAIN-1,6,JAGUARS
TUNGTUNGSAHUR67,7,TUNGTUNGSAHUR67-7,22,CHARGERS
DETREDWIN,1,DETREDWIN-1,6,JAGUARS
MONEY TRAIN,10,MONEY TRAIN-10,12,STEELERS
TUNGTUNGSAHUR67,8,TUNGTUNGSAHUR67-8,22,CHARGERS
DETREDWIN,2,DETREDWIN-2,22,CHARGERS
MONEY TRAIN,2,MONEY TRAIN-2,6,JAGUARS
TUNGTUNGSAHUR67,9,TUNGTUNGSAHUR67-9,22,CHARGERS
DETREDWIN,3,DETREDWIN-3,22,CHARGERS
MONEY TRAIN,3,MONEY TRAIN-3,6,JAGUARS
TURBO JELLY,1,TURBO JELLY-1,22,CHARGERS
DETREDWIN,4,DETREDWIN-4,22,CHARGERS
MONEY TRAIN,4,MONEY TRAIN-4,6,JAGUARS
TURF 2 SURF,1,TURF 2 SURF-1,22,CHARGERS
DETREDWIN,5,DETREDWIN-5,22,CHARGERS
MONEY TRAIN,5,MONEY TRAIN-5,6,JAGUARS
TURF 2 SURF,10,TURF 2 SURF-10,26,EAGLES
DETREDWIN,6,DETREDWIN-6,22,CHARGERS
MONEY TRAIN,6,MONEY TRAIN-6,22,CHARGERS
TURF 2 SURF,2,TURF 2 SURF-2,22,CHARGERS
DETREDWIN,7,DETREDWIN-7,6,JAGUARS
MONEY TRAIN,7,MONEY TRAIN-7,22,CHARGERS
TURF 2 SURF,3,TURF 2 SURF-3,22,CHARGERS
DETREDWIN,8,DETREDWIN-8,24,RAIDERS
MONEY TRAIN,8,MONEY TRAIN-8,22,CHARGERS
TURF 2 SURF,4,TURF 2 SURF-4,22,CHARGERS
DETROIT ROCK CITY,1,DETROIT ROCK CITY-1,22,CHARGERS
MONEY TRAIN,9,MONEY TRAIN-9,22,CHARGERS
TURF 2 SURF,5,TURF 2 SURF-5,22,CHARGERS
DEUCESWILD 7284,1,DEUCESWILD 7284-1,6,JAGUARS
MONEY,1,MONEY-1,12,STEELERS
TURF 2 SURF,6,TURF 2 SURF-6,22,CHARGERS
DEVINDADOG,1,DEVINDADOG-1,6,JAGUARS
MONEY,2,MONEY-2,6,JAGUARS
TURF 2 SURF,7,TURF 2 SURF-7,22,CHARGERS
DEW DEWZ BOYZ,1,DEW DEWZ BOYZ-1,12,STEELERS
MONEY,3,MONEY-3,8,BENGALS
TURF 2 SURF,8,TURF 2 SURF-8,22,CHARGERS
Dewey Zorn,1,Dewey Zorn-1,22,CHARGERS
MONEYBAGGS,1,MONEYBAGGS-1,20,LIONS
TURF 2 SURF,9,TURF 2 SURF-9,26,EAGLES
DFWCOWBOYS,1,DFWCOWBOYS-1,24,RAIDERS
MONEYBAGGS,10,MONEYBAGGS-10,6,JAGUARS
turftoes,1,turftoes-1,22,CHARGERS
DFWCOWBOYS,2,DFWCOWBOYS-2,12,STEELERS
MONEYBAGGS,2,MONEYBAGGS-2,20,LIONS
TURN 'EM,1,TURN 'EM-1,6,JAGUARS
DFWCOWBOYS,3,DFWCOWBOYS-3,12,STEELERS
MONEYBAGGS,3,MONEYBAGGS-3,20,LIONS
TURN 'EM,2,TURN 'EM-2,22,CHARGERS
DFWCOWBOYS,4,DFWCOWBOYS-4,12,STEELERS
MONEYBAGGS,4,MONEYBAGGS-4,12,STEELERS
TURNRON GANG,1,TURNRON GANG-1,12,STEELERS
DFWDEGENS,1,DFWDEGENS-1,6,JAGUARS
MONEYBAGGS,5,MONEYBAGGS-5,12,STEELERS
TURNRON GANG,10,TURNRON GANG-10,20,LIONS
DFWDEGENS,2,DFWDEGENS-2,20,LIONS
MONEYBAGGS,6,MONEYBAGGS-6,22,CHARGERS
TURNRON GANG,2,TURNRON GANG-2,24,RAIDERS
DFWDEGENS,3,DFWDEGENS-3,22,CHARGERS
MONEYBAGGS,7,MONEYBAGGS-7,22,CHARGERS
TURNRON GANG,3,TURNRON GANG-3,6,JAGUARS
DFWDEGENS,4,DFWDEGENS-4,12,STEELERS
MONEYBAGGS,8,MONEYBAGGS-8,22,CHARGERS
TURNRON GANG,4,TURNRON GANG-4,6,JAGUARS
DFWDEGENS,5,DFWDEGENS-5,6,JAGUARS
MONEYBAGGS,9,MONEYBAGGS-9,6,JAGUARS
TURNRON GANG,5,TURNRON GANG-5,6,JAGUARS
DG TRIO,1,DG TRIO-1,12,STEELERS
MONEYBAGS BROWN,1,MONEYBAGS BROWN-1,22,CHARGERS
TURNRON GANG,6,TURNRON GANG-6,12,STEELERS
DG TRIO,2,DG TRIO-2,12,STEELERS
MONEYLINEMIKEY,1,MONEYLINEMIKEY-1,6,JAGUARS
TURNRON GANG,7,TURNRON GANG-7,24,RAIDERS
DG TRIO,3,DG TRIO-3,12,STEELERS
MONEYLINEMIKEY,10,MONEYLINEMIKEY-10,6,JAGUARS
TURNRON GANG,8,TURNRON GANG-8,22,CHARGERS
DG TRIO,4,DG TRIO-4,12,STEELERS
MONEYLINEMIKEY,2,MONEYLINEMIKEY-2,6,JAGUARS
TURNRON GANG,9,TURNRON GANG-9,26,EAGLES
DG TRIO,5,DG TRIO-5,12,STEELERS
MONEYLINEMIKEY,3,MONEYLINEMIKEY-3,6,JAGUARS
TURNZ,1,TURNZ-1,12,STEELERS
DG TRIO,6,DG TRIO-6,26,EAGLES
MONEYLINEMIKEY,4,MONEYLINEMIKEY-4,6,JAGUARS
Turtle Crew,1,Turtle Crew-1,22,CHARGERS
DG TRIO,7,DG TRIO-7,26,EAGLES
MONEYLINEMIKEY,5,MONEYLINEMIKEY-5,6,JAGUARS
TURTLE HIPPY,1,TURTLE HIPPY-1,1,PATRIOTS
DG TRIO,8,DG TRIO-8,26,EAGLES
MONEYLINEMIKEY,6,MONEYLINEMIKEY-6,6,JAGUARS
TURTLE HIPPY,10,TURTLE HIPPY-10,3,49ERS
DG TRIO,9,DG TRIO-9,6,JAGUARS
MONEYLINEMIKEY,7,MONEYLINEMIKEY-7,6,JAGUARS
TURTLE HIPPY,2,TURTLE HIPPY-2,1,PATRIOTS
DGENZ,1,DGENZ-1,6,JAGUARS
MONEYLINEMIKEY,8,MONEYLINEMIKEY-8,6,JAGUARS
TURTLE HIPPY,3,TURTLE HIPPY-3,1,PATRIOTS
DGENZ,10,DGENZ-10,12,STEELERS
MONEYLINEMIKEY,9,MONEYLINEMIKEY-9,6,JAGUARS
TURTLE HIPPY,4,TURTLE HIPPY-4,1,PATRIOTS
DGENZ,2,DGENZ-2,6,JAGUARS
MONEYMAKER,1,MONEYMAKER-1,22,CHARGERS
TURTLE HIPPY,5,TURTLE HIPPY-5,2,SEAHAWKS
DGENZ,3,DGENZ-3,6,JAGUARS
MONEYMAKER,10,MONEYMAKER-10,22,CHARGERS
TURTLE HIPPY,6,TURTLE HIPPY-6,2,SEAHAWKS
DGENZ,4,DGENZ-4,22,CHARGERS
MONEYMAKER,2,MONEYMAKER-2,22,CHARGERS
TURTLE HIPPY,7,TURTLE HIPPY-7,3,49ERS
DGENZ,5,DGENZ-5,22,CHARGERS
MONEYMAKER,3,MONEYMAKER-3,22,CHARGERS
TURTLE HIPPY,8,TURTLE HIPPY-8,3,49ERS
DGENZ,6,DGENZ-6,22,CHARGERS
MONEYMAKER,4,MONEYMAKER-4,22,CHARGERS
TURTLE HIPPY,9,TURTLE HIPPY-9,3,49ERS
DGENZ,7,DGENZ-7,12,STEELERS
MONEYMAKER,5,MONEYMAKER-5,22,CHARGERS
TURTLE MONEY,1,TURTLE MONEY-1,6,JAGUARS
DGENZ,8,DGENZ-8,12,STEELERS
MONEYMAKER,6,MONEYMAKER-6,22,CHARGERS
TURTLE MONEY,2,TURTLE MONEY-2,22,CHARGERS
DGENZ,9,DGENZ-9,12,STEELERS
MONEYMAKER,7,MONEYMAKER-7,22,CHARGERS
TURTLE MONEY,3,TURTLE MONEY-3,17,JETS
DGL2026,1,DGL2026-1,22,CHARGERS
MONEYMAKER,8,MONEYMAKER-8,22,CHARGERS
TURTLE MONEY,4,TURTLE MONEY-4,18,TITANS
DHC-CHICAGO,1,DHC-CHICAGO-1,20,LIONS
MONEYMAKER,9,MONEYMAKER-9,22,CHARGERS
TUSH PUSH 2.0,1,TUSH PUSH 2.0-1,6,JAGUARS
DIABLOS,1,DIABLOS-1,22,CHARGERS
MoneyMASE,1,MoneyMASE-1,6,JAGUARS
TUSH PUSH 2.0,2,TUSH PUSH 2.0-2,22,CHARGERS
DIAMOND DOGS,1,DIAMOND DOGS-1,6,JAGUARS
MoneyMASE,2,MoneyMASE-2,22,CHARGERS
TUSH PUSH 2.0,3,TUSH PUSH 2.0-3,6,JAGUARS
DIAMOND HANDS,1,DIAMOND HANDS-1,24,RAIDERS
MoneyMASE,3,MoneyMASE-3,12,STEELERS
TUSSY TEASERS,1,TUSSY TEASERS-1,12,STEELERS
DIAMOND OAKS,1,DIAMOND OAKS-1,6,JAGUARS
MoneyMASE,4,MoneyMASE-4,24,RAIDERS
TVM55,1,TVM55-1,22,CHARGERS
DIAMOND OAKS,10,DIAMOND OAKS-10,6,JAGUARS
MoneyMASE,5,MoneyMASE-5,6,JAGUARS
TVM55,10,TVM55-10,6,JAGUARS
DIAMOND OAKS,2,DIAMOND OAKS-2,2,SEAHAWKS
moneymike23,1,moneymike23-1,6,JAGUARS
TVM55,2,TVM55-2,22,CHARGERS
DIAMOND OAKS,3,DIAMOND OAKS-3,22,CHARGERS
moneymike23,2,moneymike23-2,6,JAGUARS
TVM55,3,TVM55-3,22,CHARGERS
DIAMOND OAKS,4,DIAMOND OAKS-4,22,CHARGERS
moneymike23,3,moneymike23-3,22,CHARGERS
TVM55,4,TVM55-4,22,CHARGERS
DIAMOND OAKS,5,DIAMOND OAKS-5,20,LIONS
MONKEY D. LUFFY,1,MONKEY D. LUFFY-1,6,JAGUARS
TVM55,5,TVM55-5,22,CHARGERS
DIAMOND OAKS,6,DIAMOND OAKS-6,22,CHARGERS
MONKEY D. LUFFY,2,MONKEY D. LUFFY-2,6,JAGUARS
TVM55,6,TVM55-6,6,JAGUARS
DIAMOND OAKS,7,DIAMOND OAKS-7,22,CHARGERS
MONKEY D. LUFFY,3,MONKEY D. LUFFY-3,24,RAIDERS
TVM55,7,TVM55-7,12,STEELERS
DIAMOND OAKS,8,DIAMOND OAKS-8,22,CHARGERS
MONKEY D. LUFFY,4,MONKEY D. LUFFY-4,20,LIONS
TVM55,8,TVM55-8,6,JAGUARS
DIAMOND OAKS,9,DIAMOND OAKS-9,6,JAGUARS
MONKEY D. LUFFY,5,MONKEY D. LUFFY-5,20,LIONS
TVM55,9,TVM55-9,12,STEELERS
DIAMOND ODDS,1,DIAMOND ODDS-1,6,JAGUARS
MONKEY D. LUFFY,6,MONKEY D. LUFFY-6,20,LIONS
TWEENTHEHEDGES,1,TWEENTHEHEDGES-1,12,STEELERS
DIAMOND ODDS,2,DIAMOND ODDS-2,20,LIONS
MONKEY PIRATES,1,MONKEY PIRATES-1,24,RAIDERS
TWEENTHEHEDGES,10,TWEENTHEHEDGES-10,22,CHARGERS
DIAMOND ODDS,3,DIAMOND ODDS-3,22,CHARGERS
MONKEY PIRATES,2,MONKEY PIRATES-2,22,CHARGERS
TWEENTHEHEDGES,2,TWEENTHEHEDGES-2,12,STEELERS
DIAMOND QUANT,1,DIAMOND QUANT-1,22,CHARGERS
MONKEY PIRATES,3,MONKEY PIRATES-3,6,JAGUARS
TWEENTHEHEDGES,3,TWEENTHEHEDGES-3,12,STEELERS
DIAMOND QUANT,10,DIAMOND QUANT-10,22,CHARGERS
MONKEY PIRATES,4,MONKEY PIRATES-4,22,CHARGERS
TWEENTHEHEDGES,4,TWEENTHEHEDGES-4,6,JAGUARS
DIAMOND QUANT,2,DIAMOND QUANT-2,22,CHARGERS
MONSTER D,1,MONSTER D-1,22,CHARGERS
TWEENTHEHEDGES,5,TWEENTHEHEDGES-5,6,JAGUARS
DIAMOND QUANT,3,DIAMOND QUANT-3,22,CHARGERS
MONSTER D,2,MONSTER D-2,6,JAGUARS
TWEENTHEHEDGES,6,TWEENTHEHEDGES-6,6,JAGUARS
DIAMOND QUANT,4,DIAMOND QUANT-4,22,CHARGERS
MONSTROSITY,1,MONSTROSITY-1,6,JAGUARS
TWEENTHEHEDGES,7,TWEENTHEHEDGES-7,12,STEELERS
DIAMOND QUANT,5,DIAMOND QUANT-5,22,CHARGERS
MONSTROSITY,2,MONSTROSITY-2,6,JAGUARS
TWEENTHEHEDGES,8,TWEENTHEHEDGES-8,6,JAGUARS
DIAMOND QUANT,6,DIAMOND QUANT-6,22,CHARGERS
MONSTROSITY,3,MONSTROSITY-3,22,CHARGERS
TWEENTHEHEDGES,9,TWEENTHEHEDGES-9,22,CHARGERS
DIAMOND QUANT,7,DIAMOND QUANT-7,22,CHARGERS
MONSTROSITY,4,MONSTROSITY-4,18,TITANS
TWIN POWERS,1,TWIN POWERS-1,22,CHARGERS
DIAMOND QUANT,8,DIAMOND QUANT-8,22,CHARGERS
MONSTROSITY,5,MONSTROSITY-5,6,JAGUARS
TWIN POWERS,10,TWIN POWERS-10,20,LIONS
DIAMOND QUANT,9,DIAMOND QUANT-9,22,CHARGERS
MONSTRSOFTHEMONEYLIN,1,MONSTRSOFTHEMONEYLIN-1,6,JAGUARS
TWIN POWERS,2,TWIN POWERS-2,22,CHARGERS
DIAPER MONEY PICKS 6,1,DIAPER MONEY PICKS 6-1,12,STEELERS
MONSTRSOFTHEMONEYLIN,2,MONSTRSOFTHEMONEYLIN-2,22,CHARGERS
TWIN POWERS,3,TWIN POWERS-3,22,CHARGERS
DIAPER MONEY PICKS 6,2,DIAPER MONEY PICKS 6-2,15,BEARS
MONTANA $,1,MONTANA $-1,6,JAGUARS
TWIN POWERS,4,TWIN POWERS-4,22,CHARGERS
DIAPER MONEY PICKS 6,3,DIAPER MONEY PICKS 6-3,29,COWBOYS
MONTANA $,2,MONTANA $-2,6,JAGUARS
TWIN POWERS,5,TWIN POWERS-5,6,JAGUARS
DICE GUYS,1,DICE GUYS-1,12,STEELERS
MONTANA $,3,MONTANA $-3,24,RAIDERS
TWIN POWERS,6,TWIN POWERS-6,6,JAGUARS
DICK AND THE DUDES,1,DICK AND THE DUDES-1,22,CHARGERS
MONTANA $,4,MONTANA $-4,24,RAIDERS
TWIN POWERS,7,TWIN POWERS-7,6,JAGUARS
DICKIE SPOTS,1,DICKIE SPOTS-1,22,CHARGERS
montana john,1,montana john-1,6,JAGUARS
TWIN POWERS,8,TWIN POWERS-8,6,JAGUARS
DICKIE SPOTS,2,DICKIE SPOTS-2,22,CHARGERS
MONTANA PATRIOTS,1,MONTANA PATRIOTS-1,12,STEELERS
TWIN POWERS,9,TWIN POWERS-9,20,LIONS
DICKIE SPOTS,3,DICKIE SPOTS-3,6,JAGUARS
MONTANA PATRIOTS,2,MONTANA PATRIOTS-2,6,JAGUARS
TWINEBALL,1,TWINEBALL-1,22,CHARGERS
DICKIE SPOTS,4,DICKIE SPOTS-4,9,RAVENS
MONTANA PATRIOTS,3,MONTANA PATRIOTS-3,12,STEELERS
TWISH,1,TWISH-1,22,CHARGERS
DIE HEIMSCHEISSERS,1,DIE HEIMSCHEISSERS-1,12,STEELERS
MONTANA PATRIOTS,4,MONTANA PATRIOTS-4,22,CHARGERS
TWITA,1,TWITA-1,6,JAGUARS
DIE HEIMSCHEISSERS,10,DIE HEIMSCHEISSERS-10,6,JAGUARS
MONTANA,1,MONTANA-1,6,JAGUARS
TWITTY BROTHERS,1,TWITTY BROTHERS-1,6,JAGUARS
DIE HEIMSCHEISSERS,2,DIE HEIMSCHEISSERS-2,22,CHARGERS
MONTANA,2,MONTANA-2,22,CHARGERS
TWITTY BROTHERS,2,TWITTY BROTHERS-2,22,CHARGERS
DIE HEIMSCHEISSERS,3,DIE HEIMSCHEISSERS-3,26,EAGLES
Montreal Boys,1,Montreal Boys-1,6,JAGUARS
TWITTY BROTHERS,3,TWITTY BROTHERS-3,22,CHARGERS
DIE HEIMSCHEISSERS,4,DIE HEIMSCHEISSERS-4,12,STEELERS
Montreal Boys,2,Montreal Boys-2,12,STEELERS
TWITTY BROTHERS,4,TWITTY BROTHERS-4,20,LIONS
DIE HEIMSCHEISSERS,5,DIE HEIMSCHEISSERS-5,6,JAGUARS
Montreal Boys,3,Montreal Boys-3,20,LIONS
TWITTY BROTHERS,5,TWITTY BROTHERS-5,6,JAGUARS
DIE HEIMSCHEISSERS,6,DIE HEIMSCHEISSERS-6,20,LIONS
Montreal Boys,4,Montreal Boys-4,22,CHARGERS
TWITTY BROTHERS,6,TWITTY BROTHERS-6,6,JAGUARS
DIE HEIMSCHEISSERS,7,DIE HEIMSCHEISSERS-7,6,JAGUARS
MONUMENTVALLEYSURVIV,1,MONUMENTVALLEYSURVIV-1,12,STEELERS
TWITTY BROTHERS,7,TWITTY BROTHERS-7,22,CHARGERS
DIE HEIMSCHEISSERS,8,DIE HEIMSCHEISSERS-8,22,CHARGERS
MONUMENTVALLEYSURVIV,10,MONUMENTVALLEYSURVIV-10,12,STEELERS
TWITTY BROTHERS,8,TWITTY BROTHERS-8,12,STEELERS
DIE HEIMSCHEISSERS,9,DIE HEIMSCHEISSERS-9,6,JAGUARS
MONUMENTVALLEYSURVIV,2,MONUMENTVALLEYSURVIV-2,12,STEELERS
TWO BINS,1,TWO BINS-1,22,CHARGERS
diego tj,1,diego tj-1,6,JAGUARS
MONUMENTVALLEYSURVIV,3,MONUMENTVALLEYSURVIV-3,12,STEELERS
TWO BINS,10,TWO BINS-10,6,JAGUARS
diego tj,2,diego tj-2,6,JAGUARS
MONUMENTVALLEYSURVIV,4,MONUMENTVALLEYSURVIV-4,12,STEELERS
TWO BINS,2,TWO BINS-2,22,CHARGERS
diego tj,3,diego tj-3,22,CHARGERS
MONUMENTVALLEYSURVIV,5,MONUMENTVALLEYSURVIV-5,12,STEELERS
TWO BINS,3,TWO BINS-3,6,JAGUARS
diego tj,4,diego tj-4,22,CHARGERS
MONUMENTVALLEYSURVIV,6,MONUMENTVALLEYSURVIV-6,12,STEELERS
TWO BINS,4,TWO BINS-4,6,JAGUARS
DIG DEEP,1,DIG DEEP-1,28,VIKINGS
MONUMENTVALLEYSURVIV,7,MONUMENTVALLEYSURVIV-7,12,STEELERS
TWO BINS,5,TWO BINS-5,24,RAIDERS
diggs yet again,1,diggs yet again-1,6,JAGUARS
MONUMENTVALLEYSURVIV,8,MONUMENTVALLEYSURVIV-8,12,STEELERS
TWO BINS,6,TWO BINS-6,12,STEELERS
diggs yet again,10,diggs yet again-10,6,JAGUARS
MONUMENTVALLEYSURVIV,9,MONUMENTVALLEYSURVIV-9,12,STEELERS
TWO BINS,7,TWO BINS-7,22,CHARGERS
diggs yet again,2,diggs yet again-2,6,JAGUARS
MOOCI'S PICKS,1,MOOCI'S PICKS-1,22,CHARGERS
TWO BINS,8,TWO BINS-8,6,JAGUARS
diggs yet again,3,diggs yet again-3,6,JAGUARS
MOOCI'S PICKS,2,MOOCI'S PICKS-2,22,CHARGERS
TWO BINS,9,TWO BINS-9,22,CHARGERS
diggs yet again,4,diggs yet again-4,6,JAGUARS
MOOCI'S PICKS,3,MOOCI'S PICKS-3,20,LIONS
TWO BROTHERS,1,TWO BROTHERS-1,6,JAGUARS
diggs yet again,5,diggs yet again-5,6,JAGUARS
MOOCI'S PICKS,4,MOOCI'S PICKS-4,20,LIONS
TWO DANS,1,TWO DANS-1,6,JAGUARS
diggs yet again,6,diggs yet again-6,6,JAGUARS
MOOCI'S PICKS,5,MOOCI'S PICKS-5,20,LIONS
TWO DANS,2,TWO DANS-2,24,RAIDERS
diggs yet again,7,diggs yet again-7,6,JAGUARS
Moon Dust,1,Moon Dust-1,22,CHARGERS
TWO HERMANOS,1,TWO HERMANOS-1,22,CHARGERS
diggs yet again,8,diggs yet again-8,6,JAGUARS
moon sterling mafia,1,moon sterling mafia-1,6,JAGUARS
TWO HERMANOS,2,TWO HERMANOS-2,12,STEELERS
diggs yet again,9,diggs yet again-9,6,JAGUARS
moon sterling mafia,10,moon sterling mafia-10,6,JAGUARS
TWO MOGULS,1,TWO MOGULS-1,6,JAGUARS
DILLIGAF,1,DILLIGAF-1,6,JAGUARS
moon sterling mafia,2,moon sterling mafia-2,6,JAGUARS
TWO TEXAS BOYS,1,TWO TEXAS BOYS-1,22,CHARGERS
DILLIGAF,2,DILLIGAF-2,12,STEELERS
moon sterling mafia,3,moon sterling mafia-3,6,JAGUARS
TWO TEXAS BOYS,2,TWO TEXAS BOYS-2,6,JAGUARS
DILLIGENCE&DOGS,1,DILLIGENCE&DOGS-1,6,JAGUARS
moon sterling mafia,4,moon sterling mafia-4,6,JAGUARS
TWOFORTHEMONEY,1,TWOFORTHEMONEY-1,6,JAGUARS
Dilly Dilly 10,1,Dilly Dilly 10-1,6,JAGUARS
moon sterling mafia,5,moon sterling mafia-5,6,JAGUARS
TWOFORTHEMONEY,2,TWOFORTHEMONEY-2,22,CHARGERS
Dilly Dilly,1,Dilly Dilly-1,12,STEELERS
moon sterling mafia,6,moon sterling mafia-6,6,JAGUARS
TWORICH,1,TWORICH-1,6,JAGUARS
Dilly Dilly,2,Dilly Dilly-2,12,STEELERS
moon sterling mafia,7,moon sterling mafia-7,6,JAGUARS
TWORICH,10,TWORICH-10,20,LIONS
Dilly Dilly,3,Dilly Dilly-3,6,JAGUARS
moon sterling mafia,8,moon sterling mafia-8,6,JAGUARS
TWORICH,2,TWORICH-2,6,JAGUARS
Dilly Dilly,4,Dilly Dilly-4,6,JAGUARS
moon sterling mafia,9,moon sterling mafia-9,6,JAGUARS
TWORICH,3,TWORICH-3,6,JAGUARS
Dilly Dilly,5,Dilly Dilly-5,22,CHARGERS
MOONA,1,MOONA-1,22,CHARGERS
TWORICH,4,TWORICH-4,6,JAGUARS
DILODOGS1964,1,DILODOGS1964-1,20,LIONS
MOONBUG,1,MOONBUG-1,12,STEELERS
TWORICH,5,TWORICH-5,6,JAGUARS
DIME PIECE,1,DIME PIECE-1,28,VIKINGS
MOONBUG,10,MOONBUG-10,12,STEELERS
TWORICH,6,TWORICH-6,22,CHARGERS
DIME PIECE,2,DIME PIECE-2,6,JAGUARS
MOONBUG,2,MOONBUG-2,12,STEELERS
TWORICH,7,TWORICH-7,22,CHARGERS
DIME PIECE,3,DIME PIECE-3,20,LIONS
MOONBUG,3,MOONBUG-3,12,STEELERS
TWORICH,8,TWORICH-8,22,CHARGERS
DIME PIECE,4,DIME PIECE-4,6,JAGUARS
MOONBUG,4,MOONBUG-4,12,STEELERS
TWORICH,9,TWORICH-9,22,CHARGERS
DIME PIECE,5,DIME PIECE-5,26,EAGLES
MOONBUG,5,MOONBUG-5,6,JAGUARS
TWOSTOOGES& ASHARP,1,TWOSTOOGES& ASHARP-1,6,JAGUARS
DIME PIECE,6,DIME PIECE-6,26,EAGLES
MOONBUG,6,MOONBUG-6,6,JAGUARS
TWOTYMERS,1,TWOTYMERS-1,6,JAGUARS
DIME PIECE,7,DIME PIECE-7,6,JAGUARS
MOONBUG,7,MOONBUG-7,6,JAGUARS
TX GRINDER$$$,1,TX GRINDER$$$-1,22,CHARGERS
DINGO25,1,DINGO25-1,22,CHARGERS
MOONBUG,8,MOONBUG-8,6,JAGUARS
TX GRINDER$$$,2,TX GRINDER$$$-2,6,JAGUARS
DINNER 4 2,1,DINNER 4 2-1,6,JAGUARS
MOONBUG,9,MOONBUG-9,6,JAGUARS
TX GRINDER$$$,3,TX GRINDER$$$-3,22,CHARGERS
DINNER 4 2,2,DINNER 4 2-2,6,JAGUARS
MOONEY DO BREW,1,MOONEY DO BREW-1,6,JAGUARS
TXL,1,TXL-1,22,CHARGERS
DINNER 4 2,3,DINNER 4 2-3,24,RAIDERS
MOONEY DO BREW,2,MOONEY DO BREW-2,20,LIONS
TXL,2,TXL-2,20,LIONS
DINNER 4 2,4,DINNER 4 2-4,24,RAIDERS
MOONEY DO BREW,3,MOONEY DO BREW-3,26,EAGLES
TXL,3,TXL-3,22,CHARGERS
DINNER 4 2,5,DINNER 4 2-5,22,CHARGERS
moonshot2026,1,moonshot2026-1,22,CHARGERS
TXL,4,TXL-4,6,JAGUARS
DIRT BALLZ,1,DIRT BALLZ-1,12,STEELERS
moonshot2026,2,moonshot2026-2,6,JAGUARS
TXL,5,TXL-5,22,CHARGERS
DIRT BALLZ,2,DIRT BALLZ-2,12,STEELERS
moonshot2026,3,moonshot2026-3,12,STEELERS
TXMEX,1,TXMEX-1,12,STEELERS
DIRTY BACON 89,1,DIRTY BACON 89-1,22,CHARGERS
Moose Money,1,Moose Money-1,6,JAGUARS
TXMEX,2,TXMEX-2,12,STEELERS
DIRTY DAN,1,DIRTY DAN-1,13,BILLS
Moose Money,10,Moose Money-10,26,EAGLES
TXMEX,3,TXMEX-3,6,JAGUARS
DIRTY DAN,2,DIRTY DAN-2,9,RAVENS
Moose Money,2,Moose Money-2,6,JAGUARS
TXMEX,4,TXMEX-4,22,CHARGERS
DIRTY DAN,3,DIRTY DAN-3,6,JAGUARS
Moose Money,3,Moose Money-3,6,JAGUARS
TXOH22,1,TXOH22-1,12,STEELERS
DIRTY DOM N THE BOYZ,1,DIRTY DOM N THE BOYZ-1,22,CHARGERS
Moose Money,4,Moose Money-4,6,JAGUARS
TXOH22,2,TXOH22-2,12,STEELERS
DIRTY DOM N THE BOYZ,2,DIRTY DOM N THE BOYZ-2,24,RAIDERS
Moose Money,5,Moose Money-5,6,JAGUARS
TXOH22,3,TXOH22-3,22,CHARGERS
DIRTY DOM N THE BOYZ,3,DIRTY DOM N THE BOYZ-3,12,STEELERS
Moose Money,6,Moose Money-6,6,JAGUARS
TXOH22,4,TXOH22-4,22,CHARGERS
DIRTY DOM N THE BOYZ,4,DIRTY DOM N THE BOYZ-4,22,CHARGERS
Moose Money,7,Moose Money-7,20,LIONS
TXOH22,5,TXOH22-5,6,JAGUARS
DIRTY DOM N THE BOYZ,5,DIRTY DOM N THE BOYZ-5,12,STEELERS
Moose Money,8,Moose Money-8,20,LIONS
ty fe finnies,1,ty fe finnies-1,22,CHARGERS
DIRTY DOM N THE BOYZ,6,DIRTY DOM N THE BOYZ-6,12,STEELERS
Moose Money,9,Moose Money-9,22,CHARGERS
Ty Law,1,Ty Law-1,22,CHARGERS
DIRTY MIKE,1,DIRTY MIKE-1,6,JAGUARS
MOOSE,1,MOOSE-1,24,RAIDERS
TYCON,1,TYCON-1,6,JAGUARS
DIRTYDAWGS23,1,DIRTYDAWGS23-1,6,JAGUARS
MOOSE,10,MOOSE-10,6,JAGUARS
TYCON,10,TYCON-10,22,CHARGERS
DIRTYDAWGS23,2,DIRTYDAWGS23-2,22,CHARGERS
MOOSE,2,MOOSE-2,24,RAIDERS
TYCON,2,TYCON-2,6,JAGUARS
DirtyDog,1,DirtyDog-1,20,LIONS
MOOSE,3,MOOSE-3,6,JAGUARS
TYCON,3,TYCON-3,6,JAGUARS
DirtyDog,2,DirtyDog-2,22,CHARGERS
MOOSE,4,MOOSE-4,6,JAGUARS
TYCON,4,TYCON-4,6,JAGUARS
DIRTYJEANZ,1,DIRTYJEANZ-1,6,JAGUARS
MOOSE,5,MOOSE-5,6,JAGUARS
TYCON,5,TYCON-5,6,JAGUARS
DIRTYJEANZ,2,DIRTYJEANZ-2,6,JAGUARS
MOOSE,6,MOOSE-6,22,CHARGERS
TYCON,6,TYCON-6,6,JAGUARS
DIRTYJEANZ,3,DIRTYJEANZ-3,22,CHARGERS
MOOSE,7,MOOSE-7,22,CHARGERS
TYCON,7,TYCON-7,6,JAGUARS
DIRTYJEANZ,4,DIRTYJEANZ-4,26,EAGLES
MOOSE,8,MOOSE-8,22,CHARGERS
TYCON,8,TYCON-8,6,JAGUARS
DIRTYJEANZ,5,DIRTYJEANZ-5,12,STEELERS
MOOSE,9,MOOSE-9,6,JAGUARS
TYCON,9,TYCON-9,22,CHARGERS
DIRTYMIKEANDTHEBOYS,1,DIRTYMIKEANDTHEBOYS-1,22,CHARGERS
MOPARMAN,1,MOPARMAN-1,6,JAGUARS
TYEE TOM,1,TYEE TOM-1,22,CHARGERS
DIRTYMIKEANDTHEBOYS,2,DIRTYMIKEANDTHEBOYS-2,12,STEELERS
MOPARMAN,2,MOPARMAN-2,22,CHARGERS
TYEE TOM,10,TYEE TOM-10,22,CHARGERS
DIRTYMIKEANDTHEBOYS,3,DIRTYMIKEANDTHEBOYS-3,22,CHARGERS
MOREHOUSE,1,MOREHOUSE-1,22,CHARGERS
TYEE TOM,2,TYEE TOM-2,22,CHARGERS
DIRTYSLOTH17,1,DIRTYSLOTH17-1,26,EAGLES
MOREHOUSE,10,MOREHOUSE-10,12,STEELERS
TYEE TOM,3,TYEE TOM-3,22,CHARGERS
DISCO BAYS DIRTBAGS,1,DISCO BAYS DIRTBAGS-1,12,STEELERS
MOREHOUSE,2,MOREHOUSE-2,6,JAGUARS
TYEE TOM,4,TYEE TOM-4,22,CHARGERS
DISCO DYNAMITE,1,DISCO DYNAMITE-1,12,STEELERS
MOREHOUSE,3,MOREHOUSE-3,22,CHARGERS
TYEE TOM,5,TYEE TOM-5,22,CHARGERS
DISCO DYNAMITE,2,DISCO DYNAMITE-2,22,CHARGERS
MOREHOUSE,4,MOREHOUSE-4,6,JAGUARS
TYEE TOM,6,TYEE TOM-6,22,CHARGERS
DISCO DYNAMITE,3,DISCO DYNAMITE-3,6,JAGUARS
MOREHOUSE,5,MOREHOUSE-5,6,JAGUARS
TYEE TOM,7,TYEE TOM-7,22,CHARGERS
disco512,1,disco512-1,22,CHARGERS
MOREHOUSE,6,MOREHOUSE-6,6,JAGUARS
TYEE TOM,8,TYEE TOM-8,22,CHARGERS
disco512,10,disco512-10,22,CHARGERS
MOREHOUSE,7,MOREHOUSE-7,20,LIONS
TYEE TOM,9,TYEE TOM-9,22,CHARGERS
disco512,2,disco512-2,22,CHARGERS
MOREHOUSE,8,MOREHOUSE-8,22,CHARGERS
TYJUSTO,1,TYJUSTO-1,22,CHARGERS
disco512,3,disco512-3,22,CHARGERS
MOREHOUSE,9,MOREHOUSE-9,12,STEELERS
TYLER DURDEN,1,TYLER DURDEN-1,6,JAGUARS
disco512,4,disco512-4,22,CHARGERS
MORGAN W 09,1,MORGAN W 09-1,22,CHARGERS
TYLER DURDEN,10,TYLER DURDEN-10,20,LIONS
disco512,5,disco512-5,22,CHARGERS
mortal locks 914,1,mortal locks 914-1,6,JAGUARS
TYLER DURDEN,2,TYLER DURDEN-2,6,JAGUARS
disco512,6,disco512-6,22,CHARGERS
MORTONSALT,1,MORTONSALT-1,6,JAGUARS
TYLER DURDEN,3,TYLER DURDEN-3,6,JAGUARS
disco512,7,disco512-7,22,CHARGERS
MOSSINGEN,1,MOSSINGEN-1,22,CHARGERS
TYLER DURDEN,4,TYLER DURDEN-4,6,JAGUARS
disco512,8,disco512-8,22,CHARGERS
MOTOR CITY SURVIVORS,1,MOTOR CITY SURVIVORS-1,6,JAGUARS
TYLER DURDEN,5,TYLER DURDEN-5,22,CHARGERS
disco512,9,disco512-9,22,CHARGERS
MOTOR CITY SURVIVORS,2,MOTOR CITY SURVIVORS-2,22,CHARGERS
TYLER DURDEN,6,TYLER DURDEN-6,22,CHARGERS
DISCOUNTDOUBLECHECK,1,DISCOUNTDOUBLECHECK-1,12,STEELERS
MOTORCITY MUSCLE,1,MOTORCITY MUSCLE-1,22,CHARGERS
TYLER DURDEN,7,TYLER DURDEN-7,22,CHARGERS
DISCOUNTDOUBLECHECK,2,DISCOUNTDOUBLECHECK-2,22,CHARGERS
MOTORCITY MUSCLE,2,MOTORCITY MUSCLE-2,6,JAGUARS
TYLER DURDEN,8,TYLER DURDEN-8,22,CHARGERS
DISGUSTING BRETTERS,1,DISGUSTING BRETTERS-1,22,CHARGERS
motown/milehigh,1,motown/milehigh-1,22,CHARGERS
TYLER DURDEN,9,TYLER DURDEN-9,20,LIONS
DISGUSTING BRETTERS,10,DISGUSTING BRETTERS-10,22,CHARGERS
motown/milehigh,2,motown/milehigh-2,22,CHARGERS
TYLER R,1,TYLER R-1,6,JAGUARS
DISGUSTING BRETTERS,2,DISGUSTING BRETTERS-2,6,JAGUARS
motown/milehigh,3,motown/milehigh-3,6,JAGUARS
TYLER R,10,TYLER R-10,12,STEELERS
DISGUSTING BRETTERS,3,DISGUSTING BRETTERS-3,6,JAGUARS
motown/milehigh,4,motown/milehigh-4,22,CHARGERS
TYLER R,2,TYLER R-2,6,JAGUARS
DISGUSTING BRETTERS,4,DISGUSTING BRETTERS-4,22,CHARGERS
MOUGE,1,MOUGE-1,12,STEELERS
TYLER R,3,TYLER R-3,6,JAGUARS
DISGUSTING BRETTERS,5,DISGUSTING BRETTERS-5,12,STEELERS
Mountain Collective,1,Mountain Collective-1,22,CHARGERS
TYLER R,4,TYLER R-4,22,CHARGERS
DISGUSTING BRETTERS,6,DISGUSTING BRETTERS-6,6,JAGUARS
Mountain Collective,2,Mountain Collective-2,20,LIONS
TYLER R,5,TYLER R-5,22,CHARGERS
DISGUSTING BRETTERS,7,DISGUSTING BRETTERS-7,20,LIONS
Mountain Collective,3,Mountain Collective-3,24,RAIDERS
TYLER R,6,TYLER R-6,22,CHARGERS
DISGUSTING BRETTERS,8,DISGUSTING BRETTERS-8,22,CHARGERS
MOXIE,1,MOXIE-1,6,JAGUARS
TYLER R,7,TYLER R-7,20,LIONS
DISGUSTING BRETTERS,9,DISGUSTING BRETTERS-9,6,JAGUARS
MOXIE,2,MOXIE-2,22,CHARGERS
TYLER R,8,TYLER R-8,20,LIONS
DISHWASHER HERBEID,1,DISHWASHER HERBEID-1,20,LIONS
moxie0077,1,moxie0077-1,8,BENGALS
TYLER R,9,TYLER R-9,20,LIONS
DISMAL,1,DISMAL-1,12,STEELERS
moxie0077,2,moxie0077-2,22,CHARGERS
TYREEK 2030,1,TYREEK 2030-1,6,JAGUARS
DISMAL,2,DISMAL-2,22,CHARGERS
Mozzy,1,Mozzy-1,22,CHARGERS
TYREEK 2030,10,TYREEK 2030-10,28,VIKINGS
DISMAL,3,DISMAL-3,12,STEELERS
MP PLAYER,1,MP PLAYER-1,12,STEELERS
TYREEK 2030,2,TYREEK 2030-2,6,JAGUARS
DIVINE MERCY,1,DIVINE MERCY-1,22,CHARGERS
MP PLAYER,2,MP PLAYER-2,22,CHARGERS
TYREEK 2030,3,TYREEK 2030-3,6,JAGUARS
DIXIE MAFIA,1,DIXIE MAFIA-1,20,LIONS
MP PLAYER,3,MP PLAYER-3,6,JAGUARS
TYREEK 2030,4,TYREEK 2030-4,6,JAGUARS
DIXIE MAFIA,2,DIXIE MAFIA-2,22,CHARGERS
MP PLAYER,4,MP PLAYER-4,26,EAGLES
TYREEK 2030,5,TYREEK 2030-5,6,JAGUARS
DIXIE MAFIA,3,DIXIE MAFIA-3,12,STEELERS
MPCC,1,MPCC-1,9,RAVENS
TYREEK 2030,6,TYREEK 2030-6,6,JAGUARS
DIXIE MAFIA,4,DIXIE MAFIA-4,6,JAGUARS
MPCC,10,MPCC-10,6,JAGUARS
TYREEK 2030,7,TYREEK 2030-7,6,JAGUARS
DIXIE NOURMOUS,1,DIXIE NOURMOUS-1,22,CHARGERS
MPCC,2,MPCC-2,24,RAIDERS
TYREEK 2030,8,TYREEK 2030-8,6,JAGUARS
DIXIE NOURMOUS,2,DIXIE NOURMOUS-2,22,CHARGERS
MPCC,3,MPCC-3,6,JAGUARS
TYREEK 2030,9,TYREEK 2030-9,28,VIKINGS
DIXIE NOURMOUS,3,DIXIE NOURMOUS-3,12,STEELERS
MPCC,4,MPCC-4,22,CHARGERS
TYRONE ARTHUR,1,TYRONE ARTHUR-1,22,CHARGERS
DJ SLY BRI,1,DJ SLY BRI-1,22,CHARGERS
MPCC,5,MPCC-5,6,JAGUARS
TYRONE ARTHUR,2,TYRONE ARTHUR-2,22,CHARGERS
DJ SLY BRI,2,DJ SLY BRI-2,12,STEELERS
MPCC,6,MPCC-6,22,CHARGERS
TYRONE ARTHUR,3,TYRONE ARTHUR-3,22,CHARGERS
DJ8BALL,1,DJ8BALL-1,20,LIONS
MPCC,7,MPCC-7,6,JAGUARS
TYRONE ARTHUR,4,TYRONE ARTHUR-4,12,STEELERS
DJ8BALL,10,DJ8BALL-10,6,JAGUARS
MPCC,8,MPCC-8,12,STEELERS
TYSON,1,TYSON-1,26,EAGLES
DJ8BALL,2,DJ8BALL-2,6,JAGUARS
MPCC,9,MPCC-9,6,JAGUARS
TYSON,10,TYSON-10,12,STEELERS
DJ8BALL,3,DJ8BALL-3,22,CHARGERS
MPS,1,MPS-1,22,CHARGERS
TYSON,2,TYSON-2,6,JAGUARS
DJ8BALL,4,DJ8BALL-4,22,CHARGERS
MPS,2,MPS-2,6,JAGUARS
TYSON,3,TYSON-3,22,CHARGERS
DJ8BALL,5,DJ8BALL-5,20,LIONS
MPS,3,MPS-3,22,CHARGERS
TYSON,4,TYSON-4,22,CHARGERS
DJ8BALL,6,DJ8BALL-6,6,JAGUARS
MPS,4,MPS-4,22,CHARGERS
TYSON,5,TYSON-5,6,JAGUARS
DJ8BALL,7,DJ8BALL-7,22,CHARGERS
MR BJRKAA,1,MR BJRKAA-1,22,CHARGERS
TYSON,6,TYSON-6,12,STEELERS
DJ8BALL,8,DJ8BALL-8,12,STEELERS
Mr Extra,1,Mr Extra-1,22,CHARGERS
TYSON,7,TYSON-7,6,JAGUARS
DJ8BALL,9,DJ8BALL-9,12,STEELERS
MR G.,1,MR G.-1,6,JAGUARS
TYSON,8,TYSON-8,22,CHARGERS
DJB,1,DJB-1,6,JAGUARS
Mr Lucky,1,Mr Lucky-1,6,JAGUARS
TYSON,9,TYSON-9,6,JAGUARS
DJB,10,DJB-10,12,STEELERS
Mr Lucky,2,Mr Lucky-2,22,CHARGERS
TYSONSCORES,1,TYSONSCORES-1,22,CHARGERS
DJB,2,DJB-2,6,JAGUARS
Mr Lucky,3,Mr Lucky-3,22,CHARGERS
TYTONY,1,TYTONY-1,8,BENGALS
DJB,3,DJB-3,6,JAGUARS
Mr Lucky,4,Mr Lucky-4,22,CHARGERS
TYTONY,10,TYTONY-10,29,COWBOYS
DJB,4,DJB-4,6,JAGUARS
Mr Lucky,5,Mr Lucky-5,22,CHARGERS
TYTONY,2,TYTONY-2,8,BENGALS
DJB,5,DJB-5,6,JAGUARS
Mr Lucky,6,Mr Lucky-6,22,CHARGERS
TYTONY,3,TYTONY-3,8,BENGALS
DJB,6,DJB-6,12,STEELERS
Mr Lucky,7,Mr Lucky-7,20,LIONS
TYTONY,4,TYTONY-4,8,BENGALS
DJB,7,DJB-7,12,STEELERS
MR PANDA,1,MR PANDA-1,6,JAGUARS
TYTONY,5,TYTONY-5,8,BENGALS
DJB,8,DJB-8,12,STEELERS
MR PANDA,2,MR PANDA-2,20,LIONS
TYTONY,6,TYTONY-6,8,BENGALS
DJB,9,DJB-9,12,STEELERS
MR PANDA,3,MR PANDA-3,26,EAGLES
TYTONY,7,TYTONY-7,8,BENGALS
DK,1,DK-1,6,JAGUARS
MR. H'S PICKS,1,MR. H'S PICKS-1,6,JAGUARS
TYTONY,8,TYTONY-8,8,BENGALS
DK,2,DK-2,6,JAGUARS
MR. H'S PICKS,2,MR. H'S PICKS-2,22,CHARGERS
TYTONY,9,TYTONY-9,29,COWBOYS
DK,3,DK-3,20,LIONS
MR. IRRELEVANT,1,MR. IRRELEVANT-1,6,JAGUARS
U7 CASHIN' TICKETS,1,U7 CASHIN' TICKETS-1,12,STEELERS
DK56,1,DK56-1,20,LIONS
MR. K,1,MR. K-1,6,JAGUARS
UBET,1,UBET-1,6,JAGUARS
DKONG19,1,DKONG19-1,6,JAGUARS
MR. K,10,MR. K-10,24,RAIDERS
UBET,2,UBET-2,22,CHARGERS
DKONG19,2,DKONG19-2,26,EAGLES
MR. K,2,MR. K-2,6,JAGUARS
UD FLYER,1,UD FLYER-1,6,JAGUARS
DKONG19,3,DKONG19-3,12,STEELERS
MR. K,3,MR. K-3,6,JAGUARS
UD FLYER,2,UD FLYER-2,22,CHARGERS
DKSOCK123,1,DKSOCK123-1,6,JAGUARS
MR. K,4,MR. K-4,6,JAGUARS
UD FLYER,3,UD FLYER-3,6,JAGUARS
DLF,1,DLF-1,6,JAGUARS
MR. K,5,MR. K-5,12,STEELERS
UD FLYER,4,UD FLYER-4,22,CHARGERS
DLF,2,DLF-2,22,CHARGERS
MR. K,6,MR. K-6,12,STEELERS
UD FLYER,5,UD FLYER-5,12,STEELERS
DLF,3,DLF-3,12,STEELERS
MR. K,7,MR. K-7,12,STEELERS
UD FLYER,6,UD FLYER-6,6,JAGUARS
DLIPPY,1,DLIPPY-1,22,CHARGERS
MR. K,8,MR. K-8,24,RAIDERS
UD FLYER,7,UD FLYER-7,12,STEELERS
DLIPPY,2,DLIPPY-2,6,JAGUARS
MR. K,9,MR. K-9,24,RAIDERS
UGLY POOCHES,1,UGLY POOCHES-1,6,JAGUARS
DLIPPY,3,DLIPPY-3,22,CHARGERS
MR. MCGIBBLETS,1,MR. MCGIBBLETS-1,6,JAGUARS
UINTA,1,UINTA-1,22,CHARGERS
DMARVELL,1,DMARVELL-1,6,JAGUARS
MR. NOBODY,1,MR. NOBODY-1,6,JAGUARS
UINTA,2,UINTA-2,20,LIONS
DMLC,1,DMLC-1,22,CHARGERS
MR. PAPPAGIORGIO,1,MR. PAPPAGIORGIO-1,26,EAGLES
UINTA,3,UINTA-3,6,JAGUARS
DNA,1,DNA-1,6,JAGUARS
MR. TEENY'S DEGENS,1,MR. TEENY'S DEGENS-1,6,JAGUARS
UINTA,4,UINTA-4,20,LIONS
DNA,2,DNA-2,6,JAGUARS
MR. TEENY'S DEGENS,2,MR. TEENY'S DEGENS-2,20,LIONS
UINTA,5,UINTA-5,6,JAGUARS
DNA,3,DNA-3,6,JAGUARS
MR. TRIPLE DOUBLE,1,MR. TRIPLE DOUBLE-1,12,STEELERS
UINTA,6,UINTA-6,6,JAGUARS
DNA,4,DNA-4,6,JAGUARS
MR. WICK,1,MR. WICK-1,6,JAGUARS
UINTA,7,UINTA-7,22,CHARGERS
DNA,5,DNA-5,6,JAGUARS
MR. WICK,2,MR. WICK-2,6,JAGUARS
UINTA,8,UINTA-8,6,JAGUARS
DNA,6,DNA-6,20,LIONS
MR. WINDOW SURVIVES,1,MR. WINDOW SURVIVES-1,12,STEELERS
UINTA,9,UINTA-9,22,CHARGERS
DNA,7,DNA-7,20,LIONS
MR. WINDOW SURVIVES,2,MR. WINDOW SURVIVES-2,12,STEELERS
ukie dozer,1,ukie dozer-1,6,JAGUARS
DNA,8,DNA-8,20,LIONS
MR.369,1,MR.369-1,6,JAGUARS
ukie dozer,10,ukie dozer-10,12,STEELERS
DNA,9,DNA-9,20,LIONS
MR.369,2,MR.369-2,6,JAGUARS
ukie dozer,2,ukie dozer-2,20,LIONS
DNELL513,1,DNELL513-1,22,CHARGERS
MR.369,3,MR.369-3,12,STEELERS
ukie dozer,3,ukie dozer-3,12,STEELERS
DO BUY,1,DO BUY-1,22,CHARGERS
MR.369,4,MR.369-4,22,CHARGERS
ukie dozer,4,ukie dozer-4,9,RAVENS
DO BUY,2,DO BUY-2,20,LIONS
mr.51,1,mr.51-1,22,CHARGERS
ukie dozer,5,ukie dozer-5,22,CHARGERS
DO BUY,3,DO BUY-3,6,JAGUARS
mr.51,2,mr.51-2,6,JAGUARS
ukie dozer,6,ukie dozer-6,6,JAGUARS
DOC BROWN,1,DOC BROWN-1,20,LIONS
MR.B,1,MR.B-1,12,STEELERS
ukie dozer,7,ukie dozer-7,6,JAGUARS
DOC BROWN,2,DOC BROWN-2,6,JAGUARS
MR.FISH,1,MR.FISH-1,12,STEELERS
ukie dozer,8,ukie dozer-8,12,STEELERS
DOC BROWN,3,DOC BROWN-3,6,JAGUARS
MR.FISH,2,MR.FISH-2,12,STEELERS
ukie dozer,9,ukie dozer-9,6,JAGUARS
DOC BROWN,4,DOC BROWN-4,26,EAGLES
MR.FISH,3,MR.FISH-3,6,JAGUARS
ULLMAN BOYS,1,ULLMAN BOYS-1,22,CHARGERS
DOC DESTROYERS,1,DOC DESTROYERS-1,18,TITANS
Mr.MailMan,1,Mr.MailMan-1,26,EAGLES
Umbasa ER,1,Umbasa ER-1,6,JAGUARS
Doc Munk,1,Doc Munk-1,6,JAGUARS
Mr.MailMan,2,Mr.MailMan-2,17,JETS
UMBRELLA,1,UMBRELLA-1,20,LIONS
Doc Munk,2,Doc Munk-2,22,CHARGERS
MR.T'S,1,MR.T'S-1,24,RAIDERS
UMBRELLA,2,UMBRELLA-2,6,JAGUARS
DOC SPORTS PLAYS,1,DOC SPORTS PLAYS-1,22,CHARGERS
MR.T'S,2,MR.T'S-2,6,JAGUARS
UMBRELLA,3,UMBRELLA-3,26,EAGLES
DOC SPORTS PLAYS,10,DOC SPORTS PLAYS-10,6,JAGUARS
MR.T'S,3,MR.T'S-3,22,CHARGERS
UMBRELLA,4,UMBRELLA-4,12,STEELERS
DOC SPORTS PLAYS,2,DOC SPORTS PLAYS-2,22,CHARGERS
MR.TIP,1,MR.TIP-1,2,SEAHAWKS
UN5TOPPA6LE,1,UN5TOPPA6LE-1,22,CHARGERS
DOC SPORTS PLAYS,3,DOC SPORTS PLAYS-3,22,CHARGERS
MR.TIP,2,MR.TIP-2,6,JAGUARS
unCIRCAmcised,1,unCIRCAmcised-1,20,LIONS
DOC SPORTS PLAYS,4,DOC SPORTS PLAYS-4,24,RAIDERS
MR.VEGAS,1,MR.VEGAS-1,6,JAGUARS
unCIRCAmcised,2,unCIRCAmcised-2,12,STEELERS
DOC SPORTS PLAYS,5,DOC SPORTS PLAYS-5,12,STEELERS
MR503,1,MR503-1,6,JAGUARS
UNCIRCASIZED,1,UNCIRCASIZED-1,26,EAGLES
DOC SPORTS PLAYS,6,DOC SPORTS PLAYS-6,6,JAGUARS
MR503,2,MR503-2,12,STEELERS
UNCIRCASIZED,10,UNCIRCASIZED-10,26,EAGLES
DOC SPORTS PLAYS,7,DOC SPORTS PLAYS-7,22,CHARGERS
MRACTION,1,MRACTION-1,8,BENGALS
UNCIRCASIZED,2,UNCIRCASIZED-2,26,EAGLES
DOC SPORTS PLAYS,8,DOC SPORTS PLAYS-8,22,CHARGERS
MRACTION,10,MRACTION-10,29,COWBOYS
UNCIRCASIZED,3,UNCIRCASIZED-3,26,EAGLES
DOC SPORTS PLAYS,9,DOC SPORTS PLAYS-9,22,CHARGERS
MRACTION,2,MRACTION-2,12,STEELERS
UNCIRCASIZED,4,UNCIRCASIZED-4,26,EAGLES
DOC,1,DOC-1,20,LIONS
MRACTION,3,MRACTION-3,6,JAGUARS
UNCIRCASIZED,5,UNCIRCASIZED-5,26,EAGLES
DOC,2,DOC-2,6,JAGUARS
MRACTION,4,MRACTION-4,10,COLTS
UNCIRCASIZED,6,UNCIRCASIZED-6,26,EAGLES
DOC,3,DOC-3,22,CHARGERS
MRACTION,5,MRACTION-5,14,TEXANS
UNCIRCASIZED,7,UNCIRCASIZED-7,26,EAGLES
DOCMOORNOISE,1,DOCMOORNOISE-1,6,JAGUARS
MRACTION,6,MRACTION-6,17,JETS
UNCIRCASIZED,8,UNCIRCASIZED-8,26,EAGLES
DOCMOORNOISE,2,DOCMOORNOISE-2,6,JAGUARS
MRACTION,7,MRACTION-7,22,CHARGERS
UNCIRCASIZED,9,UNCIRCASIZED-9,26,EAGLES
DOCMOORNOISE,3,DOCMOORNOISE-3,22,CHARGERS
MRACTION,8,MRACTION-8,23,DOLPHINS
UNCJERSEYMIKE,1,UNCJERSEYMIKE-1,22,CHARGERS
DOCMOORNOISE,4,DOCMOORNOISE-4,22,CHARGERS
MRACTION,9,MRACTION-9,28,VIKINGS
UNCJERSEYMIKE,2,UNCJERSEYMIKE-2,6,JAGUARS
DOCMOORNOISE,5,DOCMOORNOISE-5,24,RAIDERS
MRBCIRCA2026,1,MRBCIRCA2026-1,24,RAIDERS
UNCJERSEYMIKE,3,UNCJERSEYMIKE-3,12,STEELERS
DOCMOORNOISE,6,DOCMOORNOISE-6,24,RAIDERS
MRBOBBYF,1,MRBOBBYF-1,22,CHARGERS
Uncle B,1,Uncle B-1,12,STEELERS
DOCTONY,1,DOCTONY-1,6,JAGUARS
MRBOBBYF,2,MRBOBBYF-2,22,CHARGERS
UNCLE IROH,1,UNCLE IROH-1,22,CHARGERS
DOCTONY,2,DOCTONY-2,12,STEELERS
MRBOBBYF,3,MRBOBBYF-3,6,JAGUARS
UNCLE IROH,2,UNCLE IROH-2,8,BENGALS
DOCTOR DEATH,1,DOCTOR DEATH-1,22,CHARGERS
MRBOBBYF,4,MRBOBBYF-4,22,CHARGERS
UNCLE PHIL,1,UNCLE PHIL-1,22,CHARGERS
DOCTOR DEATH,2,DOCTOR DEATH-2,22,CHARGERS
MrBoops,1,MrBoops-1,6,JAGUARS
UNCLE PHIL,10,UNCLE PHIL-10,6,JAGUARS
DOCTOR DEATH,3,DOCTOR DEATH-3,26,EAGLES
MrBoops,2,MrBoops-2,12,STEELERS
UNCLE PHIL,2,UNCLE PHIL-2,22,CHARGERS
DOCTOR DEATH,4,DOCTOR DEATH-4,6,JAGUARS
MrBoops,3,MrBoops-3,22,CHARGERS
UNCLE PHIL,3,UNCLE PHIL-3,22,CHARGERS
DOCTOR DEATH,5,DOCTOR DEATH-5,6,JAGUARS
MRC TILT,1,MRC TILT-1,6,JAGUARS
UNCLE PHIL,4,UNCLE PHIL-4,22,CHARGERS
DOCTOR SARGE,1,DOCTOR SARGE-1,6,JAGUARS
MRC TILT,2,MRC TILT-2,22,CHARGERS
UNCLE PHIL,5,UNCLE PHIL-5,22,CHARGERS
DOCTOR SARGE,10,DOCTOR SARGE-10,22,CHARGERS
MRGYGU,1,MRGYGU-1,12,STEELERS
UNCLE PHIL,6,UNCLE PHIL-6,6,JAGUARS
DOCTOR SARGE,2,DOCTOR SARGE-2,6,JAGUARS
MRGYGU,2,MRGYGU-2,22,CHARGERS
UNCLE PHIL,7,UNCLE PHIL-7,6,JAGUARS
DOCTOR SARGE,3,DOCTOR SARGE-3,6,JAGUARS
MrHunch,1,MrHunch-1,22,CHARGERS
UNCLE PHIL,8,UNCLE PHIL-8,6,JAGUARS
DOCTOR SARGE,4,DOCTOR SARGE-4,6,JAGUARS
MRM,1,MRM-1,12,STEELERS
UNCLE PHIL,9,UNCLE PHIL-9,6,JAGUARS
DOCTOR SARGE,5,DOCTOR SARGE-5,6,JAGUARS
MRM,2,MRM-2,6,JAGUARS
UNCLE VON,1,UNCLE VON-1,6,JAGUARS
DOCTOR SARGE,6,DOCTOR SARGE-6,12,STEELERS
MRM,3,MRM-3,22,CHARGERS
UNCLE VON,10,UNCLE VON-10,22,CHARGERS
DOCTOR SARGE,7,DOCTOR SARGE-7,12,STEELERS
MRM,4,MRM-4,6,JAGUARS
UNCLE VON,2,UNCLE VON-2,6,JAGUARS
DOCTOR SARGE,8,DOCTOR SARGE-8,12,STEELERS
MRM,5,MRM-5,6,JAGUARS
UNCLE VON,3,UNCLE VON-3,6,JAGUARS
DOCTOR SARGE,9,DOCTOR SARGE-9,22,CHARGERS
MRM,6,MRM-6,6,JAGUARS
UNCLE VON,4,UNCLE VON-4,6,JAGUARS
DODGER DOG,1,DODGER DOG-1,20,LIONS
MRM,7,MRM-7,22,CHARGERS
UNCLE VON,5,UNCLE VON-5,6,JAGUARS
DODGER DOG,10,DODGER DOG-10,8,BENGALS
MRM,8,MRM-8,6,JAGUARS
UNCLE VON,6,UNCLE VON-6,22,CHARGERS
DODGER DOG,2,DODGER DOG-2,20,LIONS
MRNEVADA,1,MRNEVADA-1,6,JAGUARS
UNCLE VON,7,UNCLE VON-7,22,CHARGERS
DODGER DOG,3,DODGER DOG-3,24,RAIDERS
MRNEVADA,10,MRNEVADA-10,22,CHARGERS
UNCLE VON,8,UNCLE VON-8,22,CHARGERS
DODGER DOG,4,DODGER DOG-4,24,RAIDERS
MRNEVADA,2,MRNEVADA-2,6,JAGUARS
UNCLE VON,9,UNCLE VON-9,22,CHARGERS
DODGER DOG,5,DODGER DOG-5,18,TITANS
MRNEVADA,3,MRNEVADA-3,6,JAGUARS
UNCLEARTIE,1,UNCLEARTIE-1,6,JAGUARS
DODGER DOG,6,DODGER DOG-6,18,TITANS
MRNEVADA,4,MRNEVADA-4,6,JAGUARS
UNCLEARTIE,2,UNCLEARTIE-2,6,JAGUARS
DODGER DOG,7,DODGER DOG-7,15,BEARS
MRNEVADA,5,MRNEVADA-5,22,CHARGERS
UncleBen,1,UncleBen-1,22,CHARGERS
DODGER DOG,8,DODGER DOG-8,15,BEARS
MRNEVADA,6,MRNEVADA-6,22,CHARGERS
unclebruce,1,unclebruce-1,24,RAIDERS
DODGER DOG,9,DODGER DOG-9,8,BENGALS
MRNEVADA,7,MRNEVADA-7,22,CHARGERS
unclebruce,2,unclebruce-2,12,STEELERS
DOGPAR,1,DOGPAR-1,6,JAGUARS
MRNEVADA,8,MRNEVADA-8,22,CHARGERS
unclebruce,3,unclebruce-3,6,JAGUARS
DOGPAR,2,DOGPAR-2,22,CHARGERS
MRNEVADA,9,MRNEVADA-9,22,CHARGERS
UNCLEBUX,1,UNCLEBUX-1,6,JAGUARS
Dogpatch 89,1,Dogpatch 89-1,22,CHARGERS
MRS_DONK,1,MRS_DONK-1,22,CHARGERS
UNCLEBUX,2,UNCLEBUX-2,12,STEELERS
Dogpatch 89,2,Dogpatch 89-2,22,CHARGERS
MRS_DONK,10,MRS_DONK-10,6,JAGUARS
UNCLECHEESE,1,UNCLECHEESE-1,12,STEELERS
Dogs 7790,1,Dogs 7790-1,12,STEELERS
MRS_DONK,2,MRS_DONK-2,12,STEELERS
UNCLECHEESE,2,UNCLECHEESE-2,6,JAGUARS
Dogs 7790,2,Dogs 7790-2,22,CHARGERS
MRS_DONK,3,MRS_DONK-3,22,CHARGERS
UNCLECHEESE,3,UNCLECHEESE-3,12,STEELERS
DOGSRBARKIN,1,DOGSRBARKIN-1,6,JAGUARS
MRS_DONK,4,MRS_DONK-4,6,JAGUARS
UNCLECHEESE,4,UNCLECHEESE-4,22,CHARGERS
DOGSRBARKIN,2,DOGSRBARKIN-2,6,JAGUARS
MRS_DONK,5,MRS_DONK-5,12,STEELERS
UNCLECHEESE,5,UNCLECHEESE-5,24,RAIDERS
DOGTOWN RECORDS,1,DOGTOWN RECORDS-1,22,CHARGERS
MRS_DONK,6,MRS_DONK-6,26,EAGLES
UNCLECHEESE,6,UNCLECHEESE-6,6,JAGUARS
DOLAMIKE,1,DOLAMIKE-1,24,RAIDERS
MRS_DONK,7,MRS_DONK-7,6,JAGUARS
UNCLECHEESE,7,UNCLECHEESE-7,22,CHARGERS
DOLAMIKE,10,DOLAMIKE-10,6,JAGUARS
MRS_DONK,8,MRS_DONK-8,6,JAGUARS
UNCLEKYLE&MAHOMIES,1,UNCLEKYLE&MAHOMIES-1,6,JAGUARS
DOLAMIKE,2,DOLAMIKE-2,6,JAGUARS
MRS_DONK,9,MRS_DONK-9,22,CHARGERS
UNCLEKYLE&MAHOMIES,2,UNCLEKYLE&MAHOMIES-2,26,EAGLES
DOLAMIKE,3,DOLAMIKE-3,22,CHARGERS
MRSALMONTROUSERS,1,MRSALMONTROUSERS-1,20,LIONS
UNCLEKYLE&MAHOMIES,3,UNCLEKYLE&MAHOMIES-3,22,CHARGERS
DOLAMIKE,4,DOLAMIKE-4,6,JAGUARS
MRSALMONTROUSERS,10,MRSALMONTROUSERS-10,12,STEELERS
UNCLEPHILFRESHPRINCE,1,UNCLEPHILFRESHPRINCE-1,6,JAGUARS
DOLAMIKE,5,DOLAMIKE-5,22,CHARGERS
MRSALMONTROUSERS,2,MRSALMONTROUSERS-2,20,LIONS
UNCLEPHILFRESHPRINCE,2,UNCLEPHILFRESHPRINCE-2,12,STEELERS
DOLAMIKE,6,DOLAMIKE-6,22,CHARGERS
MRSALMONTROUSERS,3,MRSALMONTROUSERS-3,20,LIONS
UNCLESTUMPSPLAYHOUSE,1,UNCLESTUMPSPLAYHOUSE-1,24,RAIDERS
DOLAMIKE,7,DOLAMIKE-7,24,RAIDERS
MRSALMONTROUSERS,4,MRSALMONTROUSERS-4,22,CHARGERS
UNCLESTUMPSPLAYHOUSE,2,UNCLESTUMPSPLAYHOUSE-2,24,RAIDERS
DOLAMIKE,8,DOLAMIKE-8,22,CHARGERS
MRSALMONTROUSERS,5,MRSALMONTROUSERS-5,22,CHARGERS
UNCLESTUMPSPLAYHOUSE,3,UNCLESTUMPSPLAYHOUSE-3,24,RAIDERS
DOLAMIKE,9,DOLAMIKE-9,6,JAGUARS
MRSALMONTROUSERS,6,MRSALMONTROUSERS-6,22,CHARGERS
UNCLESTUMPSPLAYHOUSE,4,UNCLESTUMPSPLAYHOUSE-4,24,RAIDERS
DOLLS OF MOWGS,1,DOLLS OF MOWGS-1,12,STEELERS
MRSALMONTROUSERS,7,MRSALMONTROUSERS-7,6,JAGUARS
UNCLESTUMPSPLAYHOUSE,5,UNCLESTUMPSPLAYHOUSE-5,24,RAIDERS
DOLLS OF MOWGS,2,DOLLS OF MOWGS-2,22,CHARGERS
MRSALMONTROUSERS,8,MRSALMONTROUSERS-8,6,JAGUARS
UNCLESTUMPSPLAYHOUSE,6,UNCLESTUMPSPLAYHOUSE-6,24,RAIDERS
DOLLS OF MOWGS,3,DOLLS OF MOWGS-3,22,CHARGERS
MRSALMONTROUSERS,9,MRSALMONTROUSERS-9,12,STEELERS
UNCLESTUMPSPLAYHOUSE,7,UNCLESTUMPSPLAYHOUSE-7,24,RAIDERS
DOLLYS DOLLA BILLS,1,DOLLYS DOLLA BILLS-1,12,STEELERS
MRSODB,1,MRSODB-1,6,JAGUARS
UNCLESTUMPSPLAYHOUSE,8,UNCLESTUMPSPLAYHOUSE-8,24,RAIDERS
DOMAIN EXPANSION,1,DOMAIN EXPANSION-1,22,CHARGERS
MRSODB,10,MRSODB-10,12,STEELERS
UNCLESTUMPSPLAYHOUSE,9,UNCLESTUMPSPLAYHOUSE-9,24,RAIDERS
DOMINATOR!,1,DOMINATOR!-1,22,CHARGERS
MRSODB,2,MRSODB-2,9,RAVENS
UNDERBUFF,1,UNDERBUFF-1,22,CHARGERS
DOMINATOR!,2,DOMINATOR!-2,6,JAGUARS
MRSODB,3,MRSODB-3,6,JAGUARS
UNDERDOG TD,1,UNDERDOG TD-1,6,JAGUARS
DOMINATOR!,3,DOMINATOR!-3,22,CHARGERS
MRSODB,4,MRSODB-4,6,JAGUARS
UNDERDOG TD,2,UNDERDOG TD-2,10,COLTS
DOMINATOR!,4,DOMINATOR!-4,6,JAGUARS
MRSODB,5,MRSODB-5,6,JAGUARS
UNDERS4PETE,1,UNDERS4PETE-1,6,JAGUARS
DOMINATOR!,5,DOMINATOR!-5,26,EAGLES
MRSODB,6,MRSODB-6,6,JAGUARS
UNDISPUTED23,1,UNDISPUTED23-1,6,JAGUARS
DOMINATOR!,6,DOMINATOR!-6,6,JAGUARS
MRSODB,7,MRSODB-7,12,STEELERS
UNDISPUTED23,10,UNDISPUTED23-10,24,RAIDERS
DOMINATOR!,7,DOMINATOR!-7,12,STEELERS
MRSODB,8,MRSODB-8,12,STEELERS
UNDISPUTED23,2,UNDISPUTED23-2,12,STEELERS
DOMINATOR!,8,DOMINATOR!-8,24,RAIDERS
MRSODB,9,MRSODB-9,12,STEELERS
UNDISPUTED23,3,UNDISPUTED23-3,12,STEELERS
DON BEST TRADER,1,DON BEST TRADER-1,6,JAGUARS
MRWONDERFUL,1,MRWONDERFUL-1,22,CHARGERS
UNDISPUTED23,4,UNDISPUTED23-4,12,STEELERS
DON BEST TRADER,2,DON BEST TRADER-2,22,CHARGERS
MRWONDERFUL,2,MRWONDERFUL-2,28,VIKINGS
UNDISPUTED23,5,UNDISPUTED23-5,6,JAGUARS
DON IGNACIO & ACORN,1,DON IGNACIO & ACORN-1,6,JAGUARS
MRYEN386,1,MRYEN386-1,6,JAGUARS
UNDISPUTED23,6,UNDISPUTED23-6,6,JAGUARS
DON'T SPLASH THE POT,1,DON'T SPLASH THE POT-1,22,CHARGERS
MRYEN386,2,MRYEN386-2,22,CHARGERS
UNDISPUTED23,7,UNDISPUTED23-7,6,JAGUARS
DON'T TELL MY WIFE,1,DON'T TELL MY WIFE-1,6,JAGUARS
MS'TISH CANDY,1,MS'TISH CANDY-1,6,JAGUARS
UNDISPUTED23,8,UNDISPUTED23-8,6,JAGUARS
DON'T TELL MY WIFE,2,DON'T TELL MY WIFE-2,6,JAGUARS
MSCAL,1,MSCAL-1,26,EAGLES
UNDISPUTED23,9,UNDISPUTED23-9,6,JAGUARS
DON'T TELL OUR WIVES,1,DON'T TELL OUR WIVES-1,6,JAGUARS
MSCAL,10,MSCAL-10,12,STEELERS
UNEASY RYDER,1,UNEASY RYDER-1,6,JAGUARS
Don't Tell Vicki,1,Don't Tell Vicki-1,22,CHARGERS
MSCAL,2,MSCAL-2,26,EAGLES
unfinished bussiness,1,unfinished bussiness-1,6,JAGUARS
DON'T WALK,1,DON'T WALK-1,12,STEELERS
MSCAL,3,MSCAL-3,26,EAGLES
unfinished bussiness,2,unfinished bussiness-2,22,CHARGERS
DON'T WALK,2,DON'T WALK-2,22,CHARGERS
MSCAL,4,MSCAL-4,26,EAGLES
UNGRATEFUL 8,1,UNGRATEFUL 8-1,12,STEELERS
DON'T WALK,3,DON'T WALK-3,6,JAGUARS
MSCAL,5,MSCAL-5,26,EAGLES
UNHOLY ROLLERS,1,UNHOLY ROLLERS-1,22,CHARGERS
DONAJILO,1,DONAJILO-1,22,CHARGERS
MSCAL,6,MSCAL-6,8,BENGALS
UNHOLY ROLLERS,2,UNHOLY ROLLERS-2,12,STEELERS
DONAJILO,2,DONAJILO-2,22,CHARGERS
MSCAL,7,MSCAL-7,8,BENGALS
UNHOLY ROLLERS,3,UNHOLY ROLLERS-3,12,STEELERS
Donald,1,Donald-1,22,CHARGERS
MSCAL,8,MSCAL-8,8,BENGALS
UNITAS19,1,UNITAS19-1,12,STEELERS
DONATI DOLLARS,1,DONATI DOLLARS-1,12,STEELERS
MSCAL,9,MSCAL-9,8,BENGALS
USC Crue,1,USC Crue-1,24,RAIDERS
DONATI DOLLARS,2,DONATI DOLLARS-2,12,STEELERS
MSN 2 LAS,1,MSN 2 LAS-1,22,CHARGERS
USC Crue,2,USC Crue-2,17,JETS
donegal,1,donegal-1,12,STEELERS
MSN 2 LAS,2,MSN 2 LAS-2,6,JAGUARS
USC Crue,3,USC Crue-3,22,CHARGERS
donegal,10,donegal-10,29,COWBOYS
MSPT-NV,1,MSPT-NV-1,6,JAGUARS
USC Crue,4,USC Crue-4,22,CHARGERS
donegal,2,donegal-2,22,CHARGERS
MSPT-NV,2,MSPT-NV-2,22,CHARGERS
USC Crue,5,USC Crue-5,22,CHARGERS
donegal,3,donegal-3,6,JAGUARS
MT BEANCOUNTER,1,MT BEANCOUNTER-1,6,JAGUARS
USCDOGG,1,USCDOGG-1,6,JAGUARS
donegal,4,donegal-4,6,JAGUARS
MT BEANCOUNTER,2,MT BEANCOUNTER-2,22,CHARGERS
USCDOGG,2,USCDOGG-2,6,JAGUARS
donegal,5,donegal-5,22,CHARGERS
MT OLYMPUS,1,MT OLYMPUS-1,12,STEELERS
USCDOGG,3,USCDOGG-3,6,JAGUARS
donegal,6,donegal-6,6,JAGUARS
MT. LEBO,1,MT. LEBO-1,12,STEELERS
USCDOGG,4,USCDOGG-4,6,JAGUARS
donegal,7,donegal-7,6,JAGUARS
MT. LEBO,10,MT. LEBO-10,12,STEELERS
USCDOGG,5,USCDOGG-5,20,LIONS
donegal,8,donegal-8,6,JAGUARS
MT. LEBO,2,MT. LEBO-2,12,STEELERS
USCDOGG,6,USCDOGG-6,22,CHARGERS
donegal,9,donegal-9,8,BENGALS
MT. LEBO,3,MT. LEBO-3,12,STEELERS
USCDOGG,7,USCDOGG-7,22,CHARGERS
DONG DONG,1,DONG DONG-1,22,CHARGERS
MT. LEBO,4,MT. LEBO-4,12,STEELERS
USCDOGG,8,USCDOGG-8,22,CHARGERS
DONG DONG,2,DONG DONG-2,22,CHARGERS
MT. LEBO,5,MT. LEBO-5,12,STEELERS
USCDOGG,9,USCDOGG-9,20,LIONS
DONG DONG,3,DONG DONG-3,20,LIONS
MT. LEBO,6,MT. LEBO-6,12,STEELERS
USR,1,USR-1,6,JAGUARS
DONG DONG,4,DONG DONG-4,12,STEELERS
MT. LEBO,7,MT. LEBO-7,12,STEELERS
USR,2,USR-2,26,EAGLES
DONK,1,DONK-1,22,CHARGERS
MT. LEBO,8,MT. LEBO-8,12,STEELERS
USR,3,USR-3,22,CHARGERS
DONK,10,DONK-10,24,RAIDERS
MT. LEBO,9,MT. LEBO-9,12,STEELERS
USR,4,USR-4,26,EAGLES
DONK,2,DONK-2,12,STEELERS
MTBSW,1,MTBSW-1,12,STEELERS
USR,5,USR-5,22,CHARGERS
DONK,3,DONK-3,12,STEELERS
mtl tribe,1,mtl tribe-1,6,JAGUARS
USR,6,USR-6,6,JAGUARS
DONK,4,DONK-4,22,CHARGERS
mtl tribe,2,mtl tribe-2,20,LIONS
USR,7,USR-7,26,EAGLES
DONK,5,DONK-5,22,CHARGERS
mtl tribe,3,mtl tribe-3,22,CHARGERS
USR,8,USR-8,22,CHARGERS
DONK,6,DONK-6,6,JAGUARS
mtl tribe,4,mtl tribe-4,22,CHARGERS
UTS,1,UTS-1,12,STEELERS
DONK,7,DONK-7,6,JAGUARS
mtl tribe,5,mtl tribe-5,22,CHARGERS
UTS,10,UTS-10,22,CHARGERS
DONK,8,DONK-8,12,STEELERS
MTN SURVIVOR,1,MTN SURVIVOR-1,6,JAGUARS
UTS,2,UTS-2,12,STEELERS
DONK,9,DONK-9,24,RAIDERS
MUCKED NUTS,1,MUCKED NUTS-1,22,CHARGERS
UTS,3,UTS-3,12,STEELERS
DONKEY PUNCHERS,1,DONKEY PUNCHERS-1,24,RAIDERS
MUCKED NUTS,10,MUCKED NUTS-10,12,STEELERS
UTS,4,UTS-4,26,EAGLES
DONKEY PUNCHERS,10,DONKEY PUNCHERS-10,6,JAGUARS
MUCKED NUTS,2,MUCKED NUTS-2,22,CHARGERS
UTS,5,UTS-5,26,EAGLES
DONKEY PUNCHERS,2,DONKEY PUNCHERS-2,6,JAGUARS
MUCKED NUTS,3,MUCKED NUTS-3,22,CHARGERS
UTS,6,UTS-6,26,EAGLES
DONKEY PUNCHERS,3,DONKEY PUNCHERS-3,6,JAGUARS
MUCKED NUTS,4,MUCKED NUTS-4,6,JAGUARS
UTS,7,UTS-7,6,JAGUARS
DONKEY PUNCHERS,4,DONKEY PUNCHERS-4,12,STEELERS
MUCKED NUTS,5,MUCKED NUTS-5,6,JAGUARS
UTS,8,UTS-8,6,JAGUARS
DONKEY PUNCHERS,5,DONKEY PUNCHERS-5,12,STEELERS
MUCKED NUTS,6,MUCKED NUTS-6,6,JAGUARS
UTS,9,UTS-9,22,CHARGERS
DONKEY PUNCHERS,6,DONKEY PUNCHERS-6,15,BEARS
MUCKED NUTS,7,MUCKED NUTS-7,6,JAGUARS
UWOSH,1,UWOSH-1,22,CHARGERS
DONKEY PUNCHERS,7,DONKEY PUNCHERS-7,22,CHARGERS
MUCKED NUTS,8,MUCKED NUTS-8,12,STEELERS
UWOSH,2,UWOSH-2,6,JAGUARS
DONKEY PUNCHERS,8,DONKEY PUNCHERS-8,8,BENGALS
MUCKED NUTS,9,MUCKED NUTS-9,12,STEELERS
UWOSH,3,UWOSH-3,22,CHARGERS
DONKEY PUNCHERS,9,DONKEY PUNCHERS-9,22,CHARGERS
MUFFIN BEAR,1,MUFFIN BEAR-1,22,CHARGERS
UWOSH,4,UWOSH-4,22,CHARGERS
donkey show,1,donkey show-1,22,CHARGERS
MUFFIN BEAR,10,MUFFIN BEAR-10,6,JAGUARS
V MANTINI,1,V MANTINI-1,6,JAGUARS
donkey show,2,donkey show-2,6,JAGUARS
MUFFIN BEAR,2,MUFFIN BEAR-2,22,CHARGERS
v1+4L,1,v1+4L-1,6,JAGUARS
donkey show,3,donkey show-3,12,STEELERS
MUFFIN BEAR,3,MUFFIN BEAR-3,22,CHARGERS
V3K2=20M,1,V3K2=20M-1,6,JAGUARS
DONKEYS,1,DONKEYS-1,22,CHARGERS
MUFFIN BEAR,4,MUFFIN BEAR-4,22,CHARGERS
V3K2=20M,10,V3K2=20M-10,20,LIONS
DONNY BLING,1,DONNY BLING-1,6,JAGUARS
MUFFIN BEAR,5,MUFFIN BEAR-5,22,CHARGERS
V3K2=20M,2,V3K2=20M-2,6,JAGUARS
dontjinxmebro,1,dontjinxmebro-1,6,JAGUARS
MUFFIN BEAR,6,MUFFIN BEAR-6,22,CHARGERS
V3K2=20M,3,V3K2=20M-3,6,JAGUARS
DOOFUS PEABODY,1,DOOFUS PEABODY-1,6,JAGUARS
MUFFIN BEAR,7,MUFFIN BEAR-7,6,JAGUARS
V3K2=20M,4,V3K2=20M-4,6,JAGUARS
DOOFUS PEABODY,10,DOOFUS PEABODY-10,26,EAGLES
MUFFIN BEAR,8,MUFFIN BEAR-8,6,JAGUARS
V3K2=20M,5,V3K2=20M-5,6,JAGUARS
DOOFUS PEABODY,2,DOOFUS PEABODY-2,10,COLTS
MUFFIN BEAR,9,MUFFIN BEAR-9,6,JAGUARS
V3K2=20M,6,V3K2=20M-6,22,CHARGERS
DOOFUS PEABODY,3,DOOFUS PEABODY-3,6,JAGUARS
MUFFLER KING,1,MUFFLER KING-1,20,LIONS
V3K2=20M,7,V3K2=20M-7,22,CHARGERS
DOOFUS PEABODY,4,DOOFUS PEABODY-4,6,JAGUARS
MUFFLER KING,10,MUFFLER KING-10,20,LIONS
V3K2=20M,8,V3K2=20M-8,26,EAGLES
DOOFUS PEABODY,5,DOOFUS PEABODY-5,6,JAGUARS
MUFFLER KING,2,MUFFLER KING-2,20,LIONS
V3K2=20M,9,V3K2=20M-9,26,EAGLES
DOOFUS PEABODY,6,DOOFUS PEABODY-6,6,JAGUARS
MUFFLER KING,3,MUFFLER KING-3,20,LIONS
VAGR,1,VAGR-1,6,JAGUARS
DOOFUS PEABODY,7,DOOFUS PEABODY-7,26,EAGLES
MUFFLER KING,4,MUFFLER KING-4,20,LIONS
VAGR,2,VAGR-2,6,JAGUARS
DOOFUS PEABODY,8,DOOFUS PEABODY-8,26,EAGLES
MUFFLER KING,5,MUFFLER KING-5,20,LIONS
VAGR,3,VAGR-3,6,JAGUARS
DOOFUS PEABODY,9,DOOFUS PEABODY-9,26,EAGLES
MUFFLER KING,6,MUFFLER KING-6,20,LIONS
VAGR,4,VAGR-4,22,CHARGERS
DOOKIE MONTANA,1,DOOKIE MONTANA-1,8,BENGALS
MUFFLER KING,7,MUFFLER KING-7,20,LIONS
VAGR,5,VAGR-5,22,CHARGERS
DOOKIE MONTANA,10,DOOKIE MONTANA-10,24,RAIDERS
MUFFLER KING,8,MUFFLER KING-8,20,LIONS
VAGR,6,VAGR-6,6,JAGUARS
DOOKIE MONTANA,2,DOOKIE MONTANA-2,6,JAGUARS
MUFFLER KING,9,MUFFLER KING-9,20,LIONS
VAGR,7,VAGR-7,22,CHARGERS
DOOKIE MONTANA,3,DOOKIE MONTANA-3,22,CHARGERS
MUGATO,1,MUGATO-1,20,LIONS
VALENTINCPA,1,VALENTINCPA-1,26,EAGLES
DOOKIE MONTANA,4,DOOKIE MONTANA-4,20,LIONS
MUGATO,10,MUGATO-10,20,LIONS
VALENTINCPA,2,VALENTINCPA-2,6,JAGUARS
DOOKIE MONTANA,5,DOOKIE MONTANA-5,12,STEELERS
MUGATO,2,MUGATO-2,20,LIONS
VALENTINCPA,3,VALENTINCPA-3,12,STEELERS
DOOKIE MONTANA,6,DOOKIE MONTANA-6,18,TITANS
MUGATO,3,MUGATO-3,20,LIONS
VALENTINCPA,4,VALENTINCPA-4,20,LIONS
DOOKIE MONTANA,7,DOOKIE MONTANA-7,18,TITANS
MUGATO,4,MUGATO-4,20,LIONS
VALENTINCPA,5,VALENTINCPA-5,22,CHARGERS
DOOKIE MONTANA,8,DOOKIE MONTANA-8,24,RAIDERS
MUGATO,5,MUGATO-5,20,LIONS
valet gang,1,valet gang-1,22,CHARGERS
DOOKIE MONTANA,9,DOOKIE MONTANA-9,24,RAIDERS
MUGATO,6,MUGATO-6,20,LIONS
valet gang,10,valet gang-10,24,RAIDERS
Dooney23,1,Dooney23-1,6,JAGUARS
MUGATO,7,MUGATO-7,20,LIONS
valet gang,2,valet gang-2,22,CHARGERS
Dooney23,2,Dooney23-2,24,RAIDERS
MUGATO,8,MUGATO-8,20,LIONS
valet gang,3,valet gang-3,22,CHARGERS
DOOZY,1,DOOZY-1,22,CHARGERS
MUGATO,9,MUGATO-9,20,LIONS
valet gang,4,valet gang-4,12,STEELERS
DOOZY,10,DOOZY-10,24,RAIDERS
Mujack Dreams,1,Mujack Dreams-1,12,STEELERS
valet gang,5,valet gang-5,12,STEELERS
DOOZY,2,DOOZY-2,22,CHARGERS
Mujack Dreams,2,Mujack Dreams-2,6,JAGUARS
valet gang,6,valet gang-6,12,STEELERS
DOOZY,3,DOOZY-3,22,CHARGERS
Mujack Dreams,3,Mujack Dreams-3,22,CHARGERS
valet gang,7,valet gang-7,6,JAGUARS
DOOZY,4,DOOZY-4,22,CHARGERS
Mujack Dreams,4,Mujack Dreams-4,6,JAGUARS
valet gang,8,valet gang-8,6,JAGUARS
DOOZY,5,DOOZY-5,22,CHARGERS
Mujack Dreams,5,Mujack Dreams-5,22,CHARGERS
valet gang,9,valet gang-9,18,TITANS
DOOZY,6,DOOZY-6,6,JAGUARS
MULETOWN MAFIA,1,MULETOWN MAFIA-1,22,CHARGERS
VANDY PICKS,1,VANDY PICKS-1,6,JAGUARS
DOOZY,7,DOOZY-7,6,JAGUARS
MULETOWN MAFIA,2,MULETOWN MAFIA-2,22,CHARGERS
VANILLATHUNDER,1,VANILLATHUNDER-1,22,CHARGERS
DOOZY,8,DOOZY-8,12,STEELERS
MULETOWN MAFIA,3,MULETOWN MAFIA-3,22,CHARGERS
VANKENO,1,VANKENO-1,22,CHARGERS
DOOZY,9,DOOZY-9,24,RAIDERS
MULETOWN MAFIA,4,MULETOWN MAFIA-4,6,JAGUARS
VANKENO,2,VANKENO-2,6,JAGUARS
DORDO,1,DORDO-1,6,JAGUARS
MULETOWN MAFIA,5,MULETOWN MAFIA-5,6,JAGUARS
VANKENO,3,VANKENO-3,22,CHARGERS
DORDO,2,DORDO-2,22,CHARGERS
MULETOWN MAFIA,6,MULETOWN MAFIA-6,12,STEELERS
VANKENO,4,VANKENO-4,22,CHARGERS
DORDO,3,DORDO-3,6,JAGUARS
MULETOWN MAFIA,7,MULETOWN MAFIA-7,24,RAIDERS
VANYJO,1,VANYJO-1,12,STEELERS
DORDO,4,DORDO-4,22,CHARGERS
MUMMS03,1,MUMMS03-1,22,CHARGERS
VANYJO,10,VANYJO-10,24,RAIDERS
DORF CHRISSIE,1,DORF CHRISSIE-1,8,BENGALS
MUMMS03,10,MUMMS03-10,18,TITANS
VANYJO,2,VANYJO-2,12,STEELERS
DORF CHRISSIE,2,DORF CHRISSIE-2,20,LIONS
MUMMS03,2,MUMMS03-2,22,CHARGERS
VANYJO,3,VANYJO-3,12,STEELERS
DORF CHRISSIE,3,DORF CHRISSIE-3,6,JAGUARS
MUMMS03,3,MUMMS03-3,22,CHARGERS
VANYJO,4,VANYJO-4,12,STEELERS
DORF CHRISSIE,4,DORF CHRISSIE-4,20,LIONS
MUMMS03,4,MUMMS03-4,22,CHARGERS
VANYJO,5,VANYJO-5,22,CHARGERS
DORF CHRISSIE,5,DORF CHRISSIE-5,26,EAGLES
MUMMS03,5,MUMMS03-5,22,CHARGERS
VANYJO,6,VANYJO-6,22,CHARGERS
DORF CHRISSIE,6,DORF CHRISSIE-6,22,CHARGERS
MUMMS03,6,MUMMS03-6,22,CHARGERS
VANYJO,7,VANYJO-7,6,JAGUARS
DORFMEYER,1,DORFMEYER-1,12,STEELERS
MUMMS03,7,MUMMS03-7,22,CHARGERS
VANYJO,8,VANYJO-8,6,JAGUARS
DORFMEYER,2,DORFMEYER-2,6,JAGUARS
MUMMS03,8,MUMMS03-8,22,CHARGERS
VANYJO,9,VANYJO-9,6,JAGUARS
DORT,1,DORT-1,12,STEELERS
MUMMS03,9,MUMMS03-9,18,TITANS
VARSITY,1,VARSITY-1,22,CHARGERS
DOS HERMANOS 2026,1,DOS HERMANOS 2026-1,22,CHARGERS
Munich26,1,Munich26-1,22,CHARGERS
VARSITY,2,VARSITY-2,12,STEELERS
DOS HERMANOS 2026,2,DOS HERMANOS 2026-2,6,JAGUARS
Munich26,2,Munich26-2,6,JAGUARS
VARSITY,3,VARSITY-3,12,STEELERS
DOTL,1,DOTL-1,22,CHARGERS
Munich26,3,Munich26-3,12,STEELERS
VARSITY,4,VARSITY-4,6,JAGUARS
DOTL,10,DOTL-10,22,CHARGERS
Munich26,4,Munich26-4,22,CHARGERS
VARSITY,5,VARSITY-5,24,RAIDERS
DOTL,2,DOTL-2,22,CHARGERS
MUNOZ & CO,1,MUNOZ & CO-1,6,JAGUARS
VBoogie,1,VBoogie-1,6,JAGUARS
DOTL,3,DOTL-3,22,CHARGERS
MUNOZ & CO,2,MUNOZ & CO-2,26,EAGLES
VCbilly,1,VCbilly-1,22,CHARGERS
DOTL,4,DOTL-4,22,CHARGERS
MUNOZ & CO,3,MUNOZ & CO-3,24,RAIDERS
VCbilly,2,VCbilly-2,22,CHARGERS
DOTL,5,DOTL-5,22,CHARGERS
MUNOZ & CO,4,MUNOZ & CO-4,22,CHARGERS
VEGAS 6,1,VEGAS 6-1,22,CHARGERS
DOTL,6,DOTL-6,22,CHARGERS
MUNOZ & CO,5,MUNOZ & CO-5,22,CHARGERS
VEGAS 6,2,VEGAS 6-2,6,JAGUARS
DOTL,7,DOTL-7,22,CHARGERS
MurphyPittsburgh,1,MurphyPittsburgh-1,22,CHARGERS
VEGAS 6,3,VEGAS 6-3,12,STEELERS
DOTL,8,DOTL-8,22,CHARGERS
MurphyPittsburgh,2,MurphyPittsburgh-2,12,STEELERS
Vegas Bart,1,Vegas Bart-1,24,RAIDERS
DOTL,9,DOTL-9,22,CHARGERS
MurphyPittsburgh,3,MurphyPittsburgh-3,6,JAGUARS
VEGAS BOYZ 2026,1,VEGAS BOYZ 2026-1,22,CHARGERS
DOUBLE D'S AND AN A,1,DOUBLE D'S AND AN A-1,6,JAGUARS
MUSER90CATS,1,MUSER90CATS-1,20,LIONS
VEGAS BOYZ 2026,10,VEGAS BOYZ 2026-10,6,JAGUARS
DOUBLE D'S AND AN A,2,DOUBLE D'S AND AN A-2,12,STEELERS
MUSER90CATS,2,MUSER90CATS-2,22,CHARGERS
VEGAS BOYZ 2026,2,VEGAS BOYZ 2026-2,6,JAGUARS
DOUBLE D'S,1,DOUBLE D'S-1,22,CHARGERS
MUSER90CATS,3,MUSER90CATS-3,6,JAGUARS
VEGAS BOYZ 2026,3,VEGAS BOYZ 2026-3,24,RAIDERS
DOUBLE DIAMONDS,1,DOUBLE DIAMONDS-1,6,JAGUARS
MUSKIES,1,MUSKIES-1,6,JAGUARS
VEGAS BOYZ 2026,4,VEGAS BOYZ 2026-4,12,STEELERS
DOUBLE DIAMONDS,10,DOUBLE DIAMONDS-10,6,JAGUARS
MUSKIES,2,MUSKIES-2,22,CHARGERS
VEGAS BOYZ 2026,5,VEGAS BOYZ 2026-5,18,TITANS
DOUBLE DIAMONDS,2,DOUBLE DIAMONDS-2,6,JAGUARS
MUSKY KINGS,1,MUSKY KINGS-1,22,CHARGERS
VEGAS BOYZ 2026,6,VEGAS BOYZ 2026-6,24,RAIDERS
DOUBLE DIAMONDS,3,DOUBLE DIAMONDS-3,6,JAGUARS
MUSKY KINGS,2,MUSKY KINGS-2,6,JAGUARS
VEGAS BOYZ 2026,7,VEGAS BOYZ 2026-7,20,LIONS
DOUBLE DIAMONDS,4,DOUBLE DIAMONDS-4,6,JAGUARS
MUSTAFA,1,MUSTAFA-1,12,STEELERS
VEGAS BOYZ 2026,8,VEGAS BOYZ 2026-8,20,LIONS
DOUBLE DIAMONDS,5,DOUBLE DIAMONDS-5,6,JAGUARS
MUSTAFA,10,MUSTAFA-10,24,RAIDERS
VEGAS BOYZ 2026,9,VEGAS BOYZ 2026-9,22,CHARGERS
DOUBLE DIAMONDS,6,DOUBLE DIAMONDS-6,6,JAGUARS
MUSTAFA,2,MUSTAFA-2,12,STEELERS
VEGAS BOYZ DFWKC,1,VEGAS BOYZ DFWKC-1,22,CHARGERS
DOUBLE DIAMONDS,7,DOUBLE DIAMONDS-7,6,JAGUARS
MUSTAFA,3,MUSTAFA-3,12,STEELERS
VEGAS BOYZ DFWKC,2,VEGAS BOYZ DFWKC-2,22,CHARGERS
DOUBLE DIAMONDS,8,DOUBLE DIAMONDS-8,6,JAGUARS
MUSTAFA,4,MUSTAFA-4,12,STEELERS
VEGAS BOYZ DFWKC,3,VEGAS BOYZ DFWKC-3,6,JAGUARS
DOUBLE DIAMONDS,9,DOUBLE DIAMONDS-9,6,JAGUARS
MUSTAFA,5,MUSTAFA-5,12,STEELERS
VEGAS BOYZ DFWKC,4,VEGAS BOYZ DFWKC-4,12,STEELERS
DOUBLE DOWN DEGENS,1,DOUBLE DOWN DEGENS-1,22,CHARGERS
MUSTAFA,6,MUSTAFA-6,12,STEELERS
vegas cashout,1,vegas cashout-1,6,JAGUARS
DOUBLE DOWN,1,DOUBLE DOWN-1,22,CHARGERS
MUSTAFA,7,MUSTAFA-7,24,RAIDERS
VEGAS CREW,1,VEGAS CREW-1,6,JAGUARS
DOUBLE DOWN,10,DOUBLE DOWN-10,22,CHARGERS
MUSTAFA,8,MUSTAFA-8,24,RAIDERS
VEGAS CREW,2,VEGAS CREW-2,12,STEELERS
DOUBLE DOWN,2,DOUBLE DOWN-2,22,CHARGERS
MUSTAFA,9,MUSTAFA-9,24,RAIDERS
VEGAS CREW,3,VEGAS CREW-3,12,STEELERS
DOUBLE DOWN,3,DOUBLE DOWN-3,22,CHARGERS
MUSTANG COBRA,1,MUSTANG COBRA-1,6,JAGUARS
VEGAS CREW,4,VEGAS CREW-4,22,CHARGERS
DOUBLE DOWN,4,DOUBLE DOWN-4,22,CHARGERS
MUSTANGS,1,MUSTANGS-1,6,JAGUARS
VEGAS CREW,5,VEGAS CREW-5,20,LIONS
DOUBLE DOWN,5,DOUBLE DOWN-5,22,CHARGERS
MUSTANGS,2,MUSTANGS-2,12,STEELERS
VEGAS DEGENS,1,VEGAS DEGENS-1,6,JAGUARS
DOUBLE DOWN,6,DOUBLE DOWN-6,22,CHARGERS
MUSTANGS,3,MUSTANGS-3,12,STEELERS
VEGAS DEGENS,10,VEGAS DEGENS-10,6,JAGUARS
DOUBLE DOWN,7,DOUBLE DOWN-7,22,CHARGERS
MUSTANGS,4,MUSTANGS-4,6,JAGUARS
VEGAS DEGENS,2,VEGAS DEGENS-2,6,JAGUARS
DOUBLE DOWN,8,DOUBLE DOWN-8,22,CHARGERS
Mville,1,Mville-1,20,LIONS
VEGAS DEGENS,3,VEGAS DEGENS-3,22,CHARGERS
DOUBLE DOWN,9,DOUBLE DOWN-9,22,CHARGERS
Mville,2,Mville-2,12,STEELERS
VEGAS DEGENS,4,VEGAS DEGENS-4,12,STEELERS
DOUBLE DS,1,DOUBLE DS-1,6,JAGUARS
Mville,3,Mville-3,6,JAGUARS
VEGAS DEGENS,5,VEGAS DEGENS-5,6,JAGUARS
DOUBLE EAGLE,1,DOUBLE EAGLE-1,6,JAGUARS
Mville,4,Mville-4,6,JAGUARS
VEGAS DEGENS,6,VEGAS DEGENS-6,22,CHARGERS
DOUBLE G 10,1,DOUBLE G 10-1,22,CHARGERS
Mville,5,Mville-5,22,CHARGERS
VEGAS DEGENS,7,VEGAS DEGENS-7,22,CHARGERS
DOUBLE G 10,2,DOUBLE G 10-2,22,CHARGERS
Mville,6,Mville-6,22,CHARGERS
VEGAS DEGENS,8,VEGAS DEGENS-8,6,JAGUARS
DOUBLE TROUBLE,1,DOUBLE TROUBLE-1,22,CHARGERS
mvp88,1,mvp88-1,22,CHARGERS
VEGAS DEGENS,9,VEGAS DEGENS-9,22,CHARGERS
DOUBLE TROUBLE,2,DOUBLE TROUBLE-2,6,JAGUARS
mvp88,2,mvp88-2,6,JAGUARS
vegas dragons,1,vegas dragons-1,22,CHARGERS
DOUBLE TROUBLE,3,DOUBLE TROUBLE-3,12,STEELERS
MVPDOGS,1,MVPDOGS-1,22,CHARGERS
VEGAS DREAM,1,VEGAS DREAM-1,6,JAGUARS
DOUBLE TROUBLE,4,DOUBLE TROUBLE-4,6,JAGUARS
MVPDOGS,2,MVPDOGS-2,6,JAGUARS
VEGAS LOBSTER,1,VEGAS LOBSTER-1,6,JAGUARS
DOUBLE TROUBLE,5,DOUBLE TROUBLE-5,22,CHARGERS
MWIN26,1,MWIN26-1,20,LIONS
VEGAS LOBSTER,10,VEGAS LOBSTER-10,6,JAGUARS
DOUBLE TROUBLE,6,DOUBLE TROUBLE-6,12,STEELERS
MWIN26,10,MWIN26-10,6,JAGUARS
VEGAS LOBSTER,2,VEGAS LOBSTER-2,6,JAGUARS
DOUBLE TROUBLE,7,DOUBLE TROUBLE-7,6,JAGUARS
MWIN26,2,MWIN26-2,20,LIONS
VEGAS LOBSTER,3,VEGAS LOBSTER-3,6,JAGUARS
DOUBLE TROUBLE,8,DOUBLE TROUBLE-8,20,LIONS
MWIN26,3,MWIN26-3,20,LIONS
VEGAS LOBSTER,4,VEGAS LOBSTER-4,6,JAGUARS
DOUBLE TROUBLE,9,DOUBLE TROUBLE-9,6,JAGUARS
MWIN26,4,MWIN26-4,22,CHARGERS
VEGAS LOBSTER,5,VEGAS LOBSTER-5,6,JAGUARS
DOUBLED,1,DOUBLED-1,6,JAGUARS
MWIN26,5,MWIN26-5,22,CHARGERS
VEGAS LOBSTER,6,VEGAS LOBSTER-6,6,JAGUARS
DOUBLED,2,DOUBLED-2,6,JAGUARS
MWIN26,6,MWIN26-6,22,CHARGERS
VEGAS LOBSTER,7,VEGAS LOBSTER-7,6,JAGUARS
DOUBLEDONK,1,DOUBLEDONK-1,6,JAGUARS
MWIN26,7,MWIN26-7,6,JAGUARS
VEGAS LOBSTER,8,VEGAS LOBSTER-8,6,JAGUARS
DOUBLEDONK,2,DOUBLEDONK-2,24,RAIDERS
MWIN26,8,MWIN26-8,6,JAGUARS
VEGAS LOBSTER,9,VEGAS LOBSTER-9,6,JAGUARS
DOUBLEDONK,3,DOUBLEDONK-3,22,CHARGERS
MWIN26,9,MWIN26-9,6,JAGUARS
VEGAS LU,1,VEGAS LU-1,6,JAGUARS
DOUBLEDONK,4,DOUBLEDONK-4,6,JAGUARS
My 3 Sunz,1,My 3 Sunz-1,22,CHARGERS
VEGAS LU,2,VEGAS LU-2,12,STEELERS
DOUBLEDONK,5,DOUBLEDONK-5,24,RAIDERS
My 3 Sunz,2,My 3 Sunz-2,22,CHARGERS
VEGAS RAY,1,VEGAS RAY-1,22,CHARGERS
DOUBLEDONK,6,DOUBLEDONK-6,22,CHARGERS
My 3 Sunz,3,My 3 Sunz-3,18,TITANS
VEGAS RELICS,1,VEGAS RELICS-1,12,STEELERS
DOUBLEONINE,1,DOUBLEONINE-1,22,CHARGERS
My Baby mama,1,My Baby mama-1,22,CHARGERS
VEGAS RELICS,10,VEGAS RELICS-10,6,JAGUARS
Doubleshotjameo,1,Doubleshotjameo-1,12,STEELERS
MY CYDRONA,1,MY CYDRONA-1,22,CHARGERS
VEGAS RELICS,2,VEGAS RELICS-2,12,STEELERS
Doubleshotjameo,2,Doubleshotjameo-2,22,CHARGERS
MY CYDRONA,10,MY CYDRONA-10,12,STEELERS
VEGAS RELICS,3,VEGAS RELICS-3,12,STEELERS
Doubleshotjameo,3,Doubleshotjameo-3,6,JAGUARS
MY CYDRONA,2,MY CYDRONA-2,22,CHARGERS
VEGAS RELICS,4,VEGAS RELICS-4,26,EAGLES
DOWN & GOUT,1,DOWN & GOUT-1,22,CHARGERS
MY CYDRONA,3,MY CYDRONA-3,22,CHARGERS
VEGAS RELICS,5,VEGAS RELICS-5,20,LIONS
DOWN & GOUT,10,DOWN & GOUT-10,12,STEELERS
MY CYDRONA,4,MY CYDRONA-4,22,CHARGERS
VEGAS RELICS,6,VEGAS RELICS-6,24,RAIDERS
DOWN & GOUT,2,DOWN & GOUT-2,22,CHARGERS
MY CYDRONA,5,MY CYDRONA-5,6,JAGUARS
VEGAS RELICS,7,VEGAS RELICS-7,22,CHARGERS
DOWN & GOUT,3,DOWN & GOUT-3,22,CHARGERS
MY CYDRONA,6,MY CYDRONA-6,6,JAGUARS
VEGAS RELICS,8,VEGAS RELICS-8,22,CHARGERS
DOWN & GOUT,4,DOWN & GOUT-4,22,CHARGERS
MY CYDRONA,7,MY CYDRONA-7,6,JAGUARS
VEGAS RELICS,9,VEGAS RELICS-9,6,JAGUARS
DOWN & GOUT,5,DOWN & GOUT-5,22,CHARGERS
MY CYDRONA,8,MY CYDRONA-8,6,JAGUARS
VEGAS SHAGE,1,VEGAS SHAGE-1,20,LIONS
DOWN & GOUT,6,DOWN & GOUT-6,12,STEELERS
MY CYDRONA,9,MY CYDRONA-9,6,JAGUARS
VEGAS SPAWN RANCH,1,VEGAS SPAWN RANCH-1,24,RAIDERS
DOWN & GOUT,7,DOWN & GOUT-7,20,LIONS
MY DOG IS MY BOOKIE,1,MY DOG IS MY BOOKIE-1,12,STEELERS
VEGAS SPAWN RANCH,2,VEGAS SPAWN RANCH-2,17,JETS
DOWN & GOUT,8,DOWN & GOUT-8,22,CHARGERS
MY DOG IS MY BOOKIE,2,MY DOG IS MY BOOKIE-2,24,RAIDERS
VEGAS SPAWN RANCH,3,VEGAS SPAWN RANCH-3,6,JAGUARS
DOWN & GOUT,9,DOWN & GOUT-9,20,LIONS
MY DOG IS MY BOOKIE,3,MY DOG IS MY BOOKIE-3,26,EAGLES
VEGAS SPAWN RANCH,4,VEGAS SPAWN RANCH-4,12,STEELERS
DOWNWITHTHEPICKNESS,1,DOWNWITHTHEPICKNESS-1,12,STEELERS
MY HANI,1,MY HANI-1,22,CHARGERS
VEGAS SPAWN RANCH,5,VEGAS SPAWN RANCH-5,6,JAGUARS
DOWNWITHTHEPICKNESS,2,DOWNWITHTHEPICKNESS-2,6,JAGUARS
MY HANI,2,MY HANI-2,22,CHARGERS
VEGAS SPAWN RANCH,6,VEGAS SPAWN RANCH-6,12,STEELERS
DOWNWITHTHEPICKNESS,3,DOWNWITHTHEPICKNESS-3,12,STEELERS
MY HANI,3,MY HANI-3,24,RAIDERS
VEGAS VERNON + CB,1,VEGAS VERNON + CB-1,22,CHARGERS
DOWNWITHTHEPICKNESS,4,DOWNWITHTHEPICKNESS-4,22,CHARGERS
MY HANI,4,MY HANI-4,26,EAGLES
Vegas Vibe,1,Vegas Vibe-1,20,LIONS
DOWNWITHTHEPICKNESS,5,DOWNWITHTHEPICKNESS-5,20,LIONS
MY HANI,5,MY HANI-5,6,JAGUARS
Vegas Vibe,2,Vegas Vibe-2,22,CHARGERS
DOWNWITHTHEPICKNESS,6,DOWNWITHTHEPICKNESS-6,8,BENGALS
MY HANI,6,MY HANI-6,20,LIONS
vegas vikes,1,vegas vikes-1,12,STEELERS
DOYLE,1,DOYLE-1,6,JAGUARS
MY HANI,7,MY HANI-7,9,RAVENS
vegas vikes,10,vegas vikes-10,6,JAGUARS
DP DEGENS,1,DP DEGENS-1,12,STEELERS
MY HANI,8,MY HANI-8,22,CHARGERS
vegas vikes,2,vegas vikes-2,12,STEELERS
DP DEGENS,2,DP DEGENS-2,20,LIONS
MY-NJIGBA,1,MY-NJIGBA-1,22,CHARGERS
vegas vikes,3,vegas vikes-3,12,STEELERS
DP DEGENS,3,DP DEGENS-3,6,JAGUARS
MY-NJIGBA,2,MY-NJIGBA-2,22,CHARGERS
vegas vikes,4,vegas vikes-4,6,JAGUARS
DP DEGENS,4,DP DEGENS-4,6,JAGUARS
MY-NJIGBA,3,MY-NJIGBA-3,6,JAGUARS
vegas vikes,5,vegas vikes-5,6,JAGUARS
DP DEGENS,5,DP DEGENS-5,22,CHARGERS
MY-NJIGBA,4,MY-NJIGBA-4,6,JAGUARS
vegas vikes,6,vegas vikes-6,22,CHARGERS
DP DEGENS,6,DP DEGENS-6,22,CHARGERS
MYA PAPAYA,1,MYA PAPAYA-1,22,CHARGERS
vegas vikes,7,vegas vikes-7,22,CHARGERS
DP DEGENS,7,DP DEGENS-7,22,CHARGERS
MYA PAPAYA,10,MYA PAPAYA-10,24,RAIDERS
vegas vikes,8,vegas vikes-8,26,EAGLES
DPENEXTGEN,1,DPENEXTGEN-1,6,JAGUARS
MYA PAPAYA,2,MYA PAPAYA-2,6,JAGUARS
vegas vikes,9,vegas vikes-9,20,LIONS
DPENEXTGEN,2,DPENEXTGEN-2,22,CHARGERS
MYA PAPAYA,3,MYA PAPAYA-3,12,STEELERS
VEGAS VIPPY,1,VEGAS VIPPY-1,22,CHARGERS
DPENEXTGEN,3,DPENEXTGEN-3,6,JAGUARS
MYA PAPAYA,4,MYA PAPAYA-4,20,LIONS
VEGAS VIPPY,2,VEGAS VIPPY-2,12,STEELERS
DPK4GOLF,1,DPK4GOLF-1,12,STEELERS
MYA PAPAYA,5,MYA PAPAYA-5,26,EAGLES
VEGAS VIPPY,3,VEGAS VIPPY-3,6,JAGUARS
DPP,1,DPP-1,22,CHARGERS
MYA PAPAYA,6,MYA PAPAYA-6,15,BEARS
VEGAS VIPPY,4,VEGAS VIPPY-4,18,TITANS
DPP,2,DPP-2,22,CHARGERS
MYA PAPAYA,7,MYA PAPAYA-7,6,JAGUARS
VEGASDJ,1,VEGASDJ-1,6,JAGUARS
DPP,3,DPP-3,6,JAGUARS
MYA PAPAYA,8,MYA PAPAYA-8,8,BENGALS
VEGASDOODS,1,VEGASDOODS-1,22,CHARGERS
DPP,4,DPP-4,26,EAGLES
MYA PAPAYA,9,MYA PAPAYA-9,26,EAGLES
VEGASFUNFUN,1,VEGASFUNFUN-1,22,CHARGERS
DPP,5,DPP-5,6,JAGUARS
MYABABYGIRL,1,MYABABYGIRL-1,18,TITANS
VEGASFUNFUN,10,VEGASFUNFUN-10,22,CHARGERS
DPP,6,DPP-6,22,CHARGERS
MYABABYGIRL,10,MYABABYGIRL-10,28,VIKINGS
VEGASFUNFUN,2,VEGASFUNFUN-2,22,CHARGERS
DPP,7,DPP-7,22,CHARGERS
MYABABYGIRL,2,MYABABYGIRL-2,6,JAGUARS
VEGASFUNFUN,3,VEGASFUNFUN-3,22,CHARGERS
DPP,8,DPP-8,20,LIONS
MYABABYGIRL,3,MYABABYGIRL-3,6,JAGUARS
VEGASFUNFUN,4,VEGASFUNFUN-4,22,CHARGERS
DPYCREW,1,DPYCREW-1,6,JAGUARS
MYABABYGIRL,4,MYABABYGIRL-4,22,CHARGERS
VEGASFUNFUN,5,VEGASFUNFUN-5,22,CHARGERS
DPYCREW,2,DPYCREW-2,22,CHARGERS
MYABABYGIRL,5,MYABABYGIRL-5,22,CHARGERS
VEGASFUNFUN,6,VEGASFUNFUN-6,22,CHARGERS
DQ BMAG,1,DQ BMAG-1,6,JAGUARS
MYABABYGIRL,6,MYABABYGIRL-6,12,STEELERS
VEGASFUNFUN,7,VEGASFUNFUN-7,22,CHARGERS
DQ BMAG,2,DQ BMAG-2,6,JAGUARS
MYABABYGIRL,7,MYABABYGIRL-7,12,STEELERS
VEGASFUNFUN,8,VEGASFUNFUN-8,22,CHARGERS
Dq Darren,1,Dq Darren-1,6,JAGUARS
MYABABYGIRL,8,MYABABYGIRL-8,6,JAGUARS
VEGASFUNFUN,9,VEGASFUNFUN-9,22,CHARGERS
Dq Darren,2,Dq Darren-2,6,JAGUARS
MYABABYGIRL,9,MYABABYGIRL-9,22,CHARGERS
vegasjayhawk111,1,vegasjayhawk111-1,22,CHARGERS
Dq Darren,3,Dq Darren-3,6,JAGUARS
MYBALLZACHERTZ,1,MYBALLZACHERTZ-1,22,CHARGERS
VEGASRIDER,1,VEGASRIDER-1,22,CHARGERS
Dq Darren,4,Dq Darren-4,12,STEELERS
MYBALLZACHERTZ,10,MYBALLZACHERTZ-10,22,CHARGERS
VEGASSHARP,1,VEGASSHARP-1,6,JAGUARS
Dq Darren,5,Dq Darren-5,12,STEELERS
MYBALLZACHERTZ,2,MYBALLZACHERTZ-2,22,CHARGERS
VEGASSHARP,10,VEGASSHARP-10,22,CHARGERS
Dq Darren,6,Dq Darren-6,18,TITANS
MYBALLZACHERTZ,3,MYBALLZACHERTZ-3,22,CHARGERS
VEGASSHARP,2,VEGASSHARP-2,6,JAGUARS
Dq Darren,7,Dq Darren-7,28,VIKINGS
MYBALLZACHERTZ,4,MYBALLZACHERTZ-4,22,CHARGERS
VEGASSHARP,3,VEGASSHARP-3,6,JAGUARS
DQMIKEFROMBUFFALO,1,DQMIKEFROMBUFFALO-1,6,JAGUARS
MYBALLZACHERTZ,5,MYBALLZACHERTZ-5,22,CHARGERS
VEGASSHARP,4,VEGASSHARP-4,6,JAGUARS
Dr J's DiscipilesRIP,1,Dr J's DiscipilesRIP-1,22,CHARGERS
MYBALLZACHERTZ,6,MYBALLZACHERTZ-6,22,CHARGERS
VEGASSHARP,5,VEGASSHARP-5,6,JAGUARS
Dr J's DiscipilesRIP,2,Dr J's DiscipilesRIP-2,12,STEELERS
MYBALLZACHERTZ,7,MYBALLZACHERTZ-7,22,CHARGERS
VEGASSHARP,6,VEGASSHARP-6,12,STEELERS
DR JJ.,1,DR JJ.-1,22,CHARGERS
MYBALLZACHERTZ,8,MYBALLZACHERTZ-8,22,CHARGERS
VEGASSHARP,7,VEGASSHARP-7,22,CHARGERS
DR JJ.,2,DR JJ.-2,22,CHARGERS
MYBALLZACHERTZ,9,MYBALLZACHERTZ-9,22,CHARGERS
VEGASSHARP,8,VEGASSHARP-8,12,STEELERS
DR JJ.,3,DR JJ.-3,12,STEELERS
MYKILLMIND,1,MYKILLMIND-1,22,CHARGERS
VEGASSHARP,9,VEGASSHARP-9,6,JAGUARS
DR JJ.,4,DR JJ.-4,6,JAGUARS
MYKILLMIND,2,MYKILLMIND-2,22,CHARGERS
VENTURA BOYZ,1,VENTURA BOYZ-1,6,JAGUARS
DR JJ.,5,DR JJ.-5,12,STEELERS
Mystic OG's,1,Mystic OG's-1,12,STEELERS
VENTURA BOYZ,2,VENTURA BOYZ-2,6,JAGUARS
DR JJ.,6,DR JJ.-6,22,CHARGERS
Mystic OG's,2,Mystic OG's-2,6,JAGUARS
VERDE9999,1,VERDE9999-1,22,CHARGERS
DR JJ.,7,DR JJ.-7,20,LIONS
MYSTICAL PICKS,1,MYSTICAL PICKS-1,18,TITANS
VERDICT DEGENS,1,VERDICT DEGENS-1,22,CHARGERS
DR JONES BETS,1,DR JONES BETS-1,6,JAGUARS
MYSTICAL PICKS,2,MYSTICAL PICKS-2,12,STEELERS
VERDICT DEGENS,2,VERDICT DEGENS-2,22,CHARGERS
DR JONES BETS,2,DR JONES BETS-2,22,CHARGERS
Mystry,1,Mystry-1,26,EAGLES
VERDICT DEGENS,3,VERDICT DEGENS-3,22,CHARGERS
DR. CHICKEN FIGHTER,1,DR. CHICKEN FIGHTER-1,6,JAGUARS
Mystry,2,Mystry-2,12,STEELERS
VERDICT DEGENS,4,VERDICT DEGENS-4,22,CHARGERS
DR. CHICKEN FIGHTER,2,DR. CHICKEN FIGHTER-2,12,STEELERS
Mystry,3,Mystry-3,6,JAGUARS
VERDICT DEGENS,5,VERDICT DEGENS-5,12,STEELERS
DR. CHICKEN FIGHTER,3,DR. CHICKEN FIGHTER-3,6,JAGUARS
Mystry,4,Mystry-4,6,JAGUARS
VERDICT DEGENS,6,VERDICT DEGENS-6,12,STEELERS
DR. CHICKEN FIGHTER,4,DR. CHICKEN FIGHTER-4,6,JAGUARS
Mystry,5,Mystry-5,6,JAGUARS
Vernonator,1,Vernonator-1,6,JAGUARS
DR. J29,1,DR. J29-1,20,LIONS
Mystry,6,Mystry-6,2,SEAHAWKS
VERNONCROY/DOCSPORTS,1,VERNONCROY/DOCSPORTS-1,12,STEELERS
DR. J29,2,DR. J29-2,20,LIONS
Mystry,7,Mystry-7,6,JAGUARS
VERNONCROY/DOCSPORTS,10,VERNONCROY/DOCSPORTS-10,24,RAIDERS
DR. J29,3,DR. J29-3,22,CHARGERS
MZ NEVER DIES,1,MZ NEVER DIES-1,22,CHARGERS
VERNONCROY/DOCSPORTS,2,VERNONCROY/DOCSPORTS-2,12,STEELERS
DR. LEO MARVIN,1,DR. LEO MARVIN-1,26,EAGLES
MZ NEVER DIES,2,MZ NEVER DIES-2,12,STEELERS
VERNONCROY/DOCSPORTS,3,VERNONCROY/DOCSPORTS-3,19,SAINTS
DR. LEO MARVIN,10,DR. LEO MARVIN-10,6,JAGUARS
MZ NEVER DIES,3,MZ NEVER DIES-3,6,JAGUARS
VERNONCROY/DOCSPORTS,4,VERNONCROY/DOCSPORTS-4,15,BEARS
DR. LEO MARVIN,2,DR. LEO MARVIN-2,20,LIONS
MZ NEVER DIES,4,MZ NEVER DIES-4,12,STEELERS
VERNONCROY/DOCSPORTS,5,VERNONCROY/DOCSPORTS-5,10,COLTS
DR. LEO MARVIN,3,DR. LEO MARVIN-3,22,CHARGERS
MZ NEVER DIES,5,MZ NEVER DIES-5,22,CHARGERS
VERNONCROY/DOCSPORTS,6,VERNONCROY/DOCSPORTS-6,15,BEARS
DR. LEO MARVIN,4,DR. LEO MARVIN-4,12,STEELERS
N. VEGAS VIC'S CREW,1,N. VEGAS VIC'S CREW-1,22,CHARGERS
VERNONCROY/DOCSPORTS,7,VERNONCROY/DOCSPORTS-7,15,BEARS
DR. LEO MARVIN,5,DR. LEO MARVIN-5,12,STEELERS
N. VEGAS VIC'S CREW,2,N. VEGAS VIC'S CREW-2,6,JAGUARS
VERNONCROY/DOCSPORTS,8,VERNONCROY/DOCSPORTS-8,15,BEARS
DR. LEO MARVIN,6,DR. LEO MARVIN-6,15,BEARS
n.m.i.e.,1,n.m.i.e.-1,12,STEELERS
VERNONCROY/DOCSPORTS,9,VERNONCROY/DOCSPORTS-9,31,BRONCOS
DR. LEO MARVIN,7,DR. LEO MARVIN-7,6,JAGUARS
n.m.i.e.,2,n.m.i.e.-2,6,JAGUARS
VERONICACORNINGSTONE,1,VERONICACORNINGSTONE-1,8,BENGALS
DR. LEO MARVIN,8,DR. LEO MARVIN-8,6,JAGUARS
N8 AND K8,1,N8 AND K8-1,20,LIONS
VERONICACORNINGSTONE,10,VERONICACORNINGSTONE-10,12,STEELERS
DR. LEO MARVIN,9,DR. LEO MARVIN-9,6,JAGUARS
N8BALL,1,N8BALL-1,6,JAGUARS
VERONICACORNINGSTONE,2,VERONICACORNINGSTONE-2,8,BENGALS
DR. TROTTER,1,DR. TROTTER-1,22,CHARGERS
NABBYFAN,1,NABBYFAN-1,6,JAGUARS
VERONICACORNINGSTONE,3,VERONICACORNINGSTONE-3,8,BENGALS
DR.NEBIUS,1,DR.NEBIUS-1,12,STEELERS
nabers in paris,1,nabers in paris-1,22,CHARGERS
VERONICACORNINGSTONE,4,VERONICACORNINGSTONE-4,8,BENGALS
DR.NEBIUS,2,DR.NEBIUS-2,12,STEELERS
nabers in paris,10,nabers in paris-10,22,CHARGERS
VERONICACORNINGSTONE,5,VERONICACORNINGSTONE-5,8,BENGALS
DR.NEBIUS,3,DR.NEBIUS-3,12,STEELERS
nabers in paris,2,nabers in paris-2,22,CHARGERS
VERONICACORNINGSTONE,6,VERONICACORNINGSTONE-6,12,STEELERS
DR.NEBIUS,4,DR.NEBIUS-4,12,STEELERS
nabers in paris,3,nabers in paris-3,22,CHARGERS
VERONICACORNINGSTONE,7,VERONICACORNINGSTONE-7,12,STEELERS
DR.NEBIUS,5,DR.NEBIUS-5,12,STEELERS
nabers in paris,4,nabers in paris-4,22,CHARGERS
VERONICACORNINGSTONE,8,VERONICACORNINGSTONE-8,12,STEELERS
DRADOCK,1,DRADOCK-1,6,JAGUARS
nabers in paris,5,nabers in paris-5,22,CHARGERS
VERONICACORNINGSTONE,9,VERONICACORNINGSTONE-9,12,STEELERS
DRADOCK,2,DRADOCK-2,22,CHARGERS
nabers in paris,6,nabers in paris-6,22,CHARGERS
VGSBPS,1,VGSBPS-1,2,SEAHAWKS
DRADOCK,3,DRADOCK-3,22,CHARGERS
nabers in paris,7,nabers in paris-7,22,CHARGERS
VGSBPS,2,VGSBPS-2,22,CHARGERS
Dragon Fly BOB,1,Dragon Fly BOB-1,12,STEELERS
nabers in paris,8,nabers in paris-8,22,CHARGERS
VGSBPS,3,VGSBPS-3,22,CHARGERS
Dragon Fly BOB,2,Dragon Fly BOB-2,6,JAGUARS
nabers in paris,9,nabers in paris-9,22,CHARGERS
VGSBPS,4,VGSBPS-4,26,EAGLES
Dragon Fly BOB,3,Dragon Fly BOB-3,18,TITANS
NADA CHANCE,1,NADA CHANCE-1,12,STEELERS
VGSBPS,5,VGSBPS-5,24,RAIDERS
DRAGONAIR,1,DRAGONAIR-1,22,CHARGERS
NADA CHANCE,10,NADA CHANCE-10,28,VIKINGS
VIC'S ARMY,1,VIC'S ARMY-1,22,CHARGERS
drake mafia,1,drake mafia-1,20,LIONS
NADA CHANCE,2,NADA CHANCE-2,12,STEELERS
VIC'S ARMY,2,VIC'S ARMY-2,20,LIONS
drake mafia,10,drake mafia-10,20,LIONS
NADA CHANCE,3,NADA CHANCE-3,12,STEELERS
VIC'S ARMY,3,VIC'S ARMY-3,6,JAGUARS
drake mafia,2,drake mafia-2,20,LIONS
NADA CHANCE,4,NADA CHANCE-4,22,CHARGERS
VIC'S ARMY,4,VIC'S ARMY-4,20,LIONS
drake mafia,3,drake mafia-3,20,LIONS
NADA CHANCE,5,NADA CHANCE-5,22,CHARGERS
VIC'S ARMY,5,VIC'S ARMY-5,24,RAIDERS
drake mafia,4,drake mafia-4,20,LIONS
NADA CHANCE,6,NADA CHANCE-6,22,CHARGERS
VIC'S ARMY,6,VIC'S ARMY-6,6,JAGUARS
drake mafia,5,drake mafia-5,20,LIONS
NADA CHANCE,7,NADA CHANCE-7,26,EAGLES
VICIOUSWEINERDOGS,1,VICIOUSWEINERDOGS-1,12,STEELERS
drake mafia,6,drake mafia-6,20,LIONS
NADA CHANCE,8,NADA CHANCE-8,26,EAGLES
VICIOUSWEINERDOGS,2,VICIOUSWEINERDOGS-2,15,BEARS
drake mafia,7,drake mafia-7,20,LIONS
NADA CHANCE,9,NADA CHANCE-9,26,EAGLES
VICIOUSWEINERDOGS,3,VICIOUSWEINERDOGS-3,12,STEELERS
drake mafia,8,drake mafia-8,20,LIONS
NADUS BARBER,1,NADUS BARBER-1,6,JAGUARS
VICIOUSWEINERDOGS,4,VICIOUSWEINERDOGS-4,22,CHARGERS
drake mafia,9,drake mafia-9,20,LIONS
NAHTANOJA,1,NAHTANOJA-1,22,CHARGERS
VICTORY FORMATION,1,VICTORY FORMATION-1,22,CHARGERS
DRAWING DEAD,1,DRAWING DEAD-1,6,JAGUARS
NAHTANOJA,2,NAHTANOJA-2,12,STEELERS
VICTORY FORMATION,2,VICTORY FORMATION-2,6,JAGUARS
DRAWING DEAD,2,DRAWING DEAD-2,12,STEELERS
NAHTANOJA,3,NAHTANOJA-3,26,EAGLES
VICVUN,1,VICVUN-1,6,JAGUARS
DRE WILL WIN,1,DRE WILL WIN-1,22,CHARGERS
NanaBum$,1,NanaBum$-1,6,JAGUARS
VICVUN,2,VICVUN-2,20,LIONS
DREAM STAKES,1,DREAM STAKES-1,12,STEELERS
NANACHIPUPU,1,NANACHIPUPU-1,22,CHARGERS
VICVUN,3,VICVUN-3,22,CHARGERS
DREAM STAKES,10,DREAM STAKES-10,24,RAIDERS
NANACHIPUPU,10,NANACHIPUPU-10,22,CHARGERS
VICVUN,4,VICVUN-4,22,CHARGERS
DREAM STAKES,2,DREAM STAKES-2,12,STEELERS
NANACHIPUPU,2,NANACHIPUPU-2,22,CHARGERS
VIEKAP,1,VIEKAP-1,6,JAGUARS
DREAM STAKES,3,DREAM STAKES-3,12,STEELERS
NANACHIPUPU,3,NANACHIPUPU-3,22,CHARGERS
VIEKAP,2,VIEKAP-2,6,JAGUARS
DREAM STAKES,4,DREAM STAKES-4,12,STEELERS
NANACHIPUPU,4,NANACHIPUPU-4,22,CHARGERS
VIEKAP,3,VIEKAP-3,22,CHARGERS
DREAM STAKES,5,DREAM STAKES-5,6,JAGUARS
NANACHIPUPU,5,NANACHIPUPU-5,22,CHARGERS
VIEKAP,4,VIEKAP-4,6,JAGUARS
DREAM STAKES,6,DREAM STAKES-6,6,JAGUARS
NANACHIPUPU,6,NANACHIPUPU-6,22,CHARGERS
VIEKAP,5,VIEKAP-5,12,STEELERS
DREAM STAKES,7,DREAM STAKES-7,6,JAGUARS
NANACHIPUPU,7,NANACHIPUPU-7,22,CHARGERS
VIKING ANDY,1,VIKING ANDY-1,22,CHARGERS
DREAM STAKES,8,DREAM STAKES-8,6,JAGUARS
NANACHIPUPU,8,NANACHIPUPU-8,22,CHARGERS
VIKING ANDY,2,VIKING ANDY-2,22,CHARGERS
DREAM STAKES,9,DREAM STAKES-9,24,RAIDERS
NANACHIPUPU,9,NANACHIPUPU-9,22,CHARGERS
VINH,1,VINH-1,6,JAGUARS
dream team 5000,1,dream team 5000-1,22,CHARGERS
Nanakuli Ave.,1,Nanakuli Ave.-1,6,JAGUARS
vinnie pie,1,vinnie pie-1,6,JAGUARS
dream team 5000,10,dream team 5000-10,22,CHARGERS
naples grandma,1,naples grandma-1,22,CHARGERS
vinnie pie,2,vinnie pie-2,22,CHARGERS
dream team 5000,2,dream team 5000-2,22,CHARGERS
Naples Rounders,1,Naples Rounders-1,22,CHARGERS
VIVA VACATIONS,1,VIVA VACATIONS-1,6,JAGUARS
dream team 5000,3,dream team 5000-3,22,CHARGERS
Naples Rounders,2,Naples Rounders-2,6,JAGUARS
VIVA VACATIONS,2,VIVA VACATIONS-2,22,CHARGERS
dream team 5000,4,dream team 5000-4,22,CHARGERS
Naples Rounders,3,Naples Rounders-3,6,JAGUARS
VIVALAS FLORIDAMAN,1,VIVALAS FLORIDAMAN-1,12,STEELERS
dream team 5000,5,dream team 5000-5,22,CHARGERS
Naples Rounders,4,Naples Rounders-4,12,STEELERS
VIVIR,1,VIVIR-1,20,LIONS
dream team 5000,6,dream team 5000-6,22,CHARGERS
NAPPY FILLMORE,1,NAPPY FILLMORE-1,12,STEELERS
VJQuick,1,VJQuick-1,22,CHARGERS
dream team 5000,7,dream team 5000-7,22,CHARGERS
NASHVILLE GRUB,1,NASHVILLE GRUB-1,22,CHARGERS
VJQuick,2,VJQuick-2,6,JAGUARS
dream team 5000,8,dream team 5000-8,22,CHARGERS
NASHVILLE GRUB,2,NASHVILLE GRUB-2,6,JAGUARS
VJQuick,3,VJQuick-3,20,LIONS
dream team 5000,9,dream team 5000-9,22,CHARGERS
NASHVILLE GRUB,3,NASHVILLE GRUB-3,22,CHARGERS
VJQuick,4,VJQuick-4,22,CHARGERS
DREAMS-N-NIGHTMARES,1,DREAMS-N-NIGHTMARES-1,6,JAGUARS
Nate 808,1,Nate 808-1,12,STEELERS
VJQuick,5,VJQuick-5,6,JAGUARS
DREAMS-N-NIGHTMARES,2,DREAMS-N-NIGHTMARES-2,20,LIONS
NATEDOG 7,1,NATEDOG 7-1,6,JAGUARS
VJQuick,6,VJQuick-6,22,CHARGERS
DreamTeam,1,DreamTeam-1,6,JAGUARS
NATEDOG 7,2,NATEDOG 7-2,6,JAGUARS
VJQuick,7,VJQuick-7,6,JAGUARS
DreamTeam,2,DreamTeam-2,20,LIONS
NATEDOG 7,3,NATEDOG 7-3,22,CHARGERS
VJQuick,8,VJQuick-8,12,STEELERS
DreamTeam,3,DreamTeam-3,6,JAGUARS
NATEDOG 7,4,NATEDOG 7-4,20,LIONS
VLIETFIRE,1,VLIETFIRE-1,22,CHARGERS
DreamTeam,4,DreamTeam-4,22,CHARGERS
NATHAN'S INHERITANCE,1,NATHAN'S INHERITANCE-1,22,CHARGERS
VLIETFIRE,2,VLIETFIRE-2,22,CHARGERS
DREW$$IE,1,DREW$$IE-1,12,STEELERS
NATHAN'S INHERITANCE,2,NATHAN'S INHERITANCE-2,22,CHARGERS
VLIETFIRE,3,VLIETFIRE-3,22,CHARGERS
DREW$$IE,2,DREW$$IE-2,22,CHARGERS
NATIONOFDAMMANNATION,1,NATIONOFDAMMANNATION-1,6,JAGUARS
VLIETFIRE,4,VLIETFIRE-4,22,CHARGERS
Drib 1364,1,Drib 1364-1,6,JAGUARS
NATIONOFDAMMANNATION,2,NATIONOFDAMMANNATION-2,6,JAGUARS
VLIETFIRE,5,VLIETFIRE-5,22,CHARGERS
Drib 1364,10,Drib 1364-10,22,CHARGERS
natrone bets,1,natrone bets-1,6,JAGUARS
VLIETFIRE,6,VLIETFIRE-6,6,JAGUARS
Drib 1364,2,Drib 1364-2,6,JAGUARS
natrone bets,2,natrone bets-2,6,JAGUARS
VODKA JOHNNY,1,VODKA JOHNNY-1,22,CHARGERS
Drib 1364,3,Drib 1364-3,6,JAGUARS
natrone bets,3,natrone bets-3,6,JAGUARS
VODKA JOHNNY,10,VODKA JOHNNY-10,24,RAIDERS
Drib 1364,4,Drib 1364-4,6,JAGUARS
natrone bets,4,natrone bets-4,22,CHARGERS
VODKA JOHNNY,2,VODKA JOHNNY-2,22,CHARGERS
Drib 1364,5,Drib 1364-5,6,JAGUARS
natrone bets,5,natrone bets-5,22,CHARGERS
VODKA JOHNNY,3,VODKA JOHNNY-3,22,CHARGERS
Drib 1364,6,Drib 1364-6,6,JAGUARS
natrone bets,6,natrone bets-6,22,CHARGERS
VODKA JOHNNY,4,VODKA JOHNNY-4,22,CHARGERS
Drib 1364,7,Drib 1364-7,6,JAGUARS
Natural Dorn Killers,1,Natural Dorn Killers-1,24,RAIDERS
VODKA JOHNNY,5,VODKA JOHNNY-5,6,JAGUARS
Drib 1364,8,Drib 1364-8,6,JAGUARS
Natural Dorn Killers,2,Natural Dorn Killers-2,15,BEARS
VODKA JOHNNY,6,VODKA JOHNNY-6,6,JAGUARS
Drib 1364,9,Drib 1364-9,6,JAGUARS
Natural Dorn Killers,3,Natural Dorn Killers-3,9,RAVENS
VODKA JOHNNY,7,VODKA JOHNNY-7,6,JAGUARS
DRIFTWOODS,1,DRIFTWOODS-1,22,CHARGERS
Natural Dorn Killers,4,Natural Dorn Killers-4,12,STEELERS
VODKA JOHNNY,8,VODKA JOHNNY-8,20,LIONS
DRIFTWOODS,10,DRIFTWOODS-10,26,EAGLES
natural nine,1,natural nine-1,6,JAGUARS
VODKA JOHNNY,9,VODKA JOHNNY-9,12,STEELERS
DRIFTWOODS,2,DRIFTWOODS-2,22,CHARGERS
natural nine,10,natural nine-10,22,CHARGERS
Vodka Rocks,1,Vodka Rocks-1,22,CHARGERS
DRIFTWOODS,3,DRIFTWOODS-3,22,CHARGERS
natural nine,2,natural nine-2,22,CHARGERS
Vodka Rocks,2,Vodka Rocks-2,22,CHARGERS
DRIFTWOODS,4,DRIFTWOODS-4,6,JAGUARS
natural nine,3,natural nine-3,20,LIONS
Vodka Rocks,3,Vodka Rocks-3,22,CHARGERS
DRIFTWOODS,5,DRIFTWOODS-5,6,JAGUARS
natural nine,4,natural nine-4,24,RAIDERS
Vodka Rocks,4,Vodka Rocks-4,22,CHARGERS
DRIFTWOODS,6,DRIFTWOODS-6,24,RAIDERS
natural nine,5,natural nine-5,22,CHARGERS
Vodka Rocks,5,Vodka Rocks-5,22,CHARGERS
DRIFTWOODS,7,DRIFTWOODS-7,20,LIONS
natural nine,6,natural nine-6,6,JAGUARS
Vodka Rocks,6,Vodka Rocks-6,22,CHARGERS
DRIFTWOODS,8,DRIFTWOODS-8,12,STEELERS
natural nine,7,natural nine-7,6,JAGUARS
Vodka Rocks,7,Vodka Rocks-7,22,CHARGERS
DRIFTWOODS,9,DRIFTWOODS-9,12,STEELERS
natural nine,8,natural nine-8,20,LIONS
Vodka Rocks,8,Vodka Rocks-8,22,CHARGERS
DRILLIN TEXAS,1,DRILLIN TEXAS-1,6,JAGUARS
natural nine,9,natural nine-9,22,CHARGERS
VOLARE CIECO,1,VOLARE CIECO-1,6,JAGUARS
DRILLIN TEXAS,2,DRILLIN TEXAS-2,6,JAGUARS
NATURAL SELECTION,1,NATURAL SELECTION-1,6,JAGUARS
VOLARE CIECO,2,VOLARE CIECO-2,6,JAGUARS
DRILLIN TEXAS,3,DRILLIN TEXAS-3,24,RAIDERS
NATURAL SELECTION,10,NATURAL SELECTION-10,6,JAGUARS
VOLARE CIECO,3,VOLARE CIECO-3,6,JAGUARS
DRILLIN TEXAS,4,DRILLIN TEXAS-4,24,RAIDERS
NATURAL SELECTION,2,NATURAL SELECTION-2,6,JAGUARS
VOLARE CIECO,4,VOLARE CIECO-4,22,CHARGERS
DRILLIN TEXAS,5,DRILLIN TEXAS-5,18,TITANS
NATURAL SELECTION,3,NATURAL SELECTION-3,6,JAGUARS
VOLARE CIECO,5,VOLARE CIECO-5,22,CHARGERS
DRILLIN TEXAS,6,DRILLIN TEXAS-6,31,BRONCOS
NATURAL SELECTION,4,NATURAL SELECTION-4,6,JAGUARS
VOLARE CIECO,6,VOLARE CIECO-6,12,STEELERS
DRILLIN TEXAS,7,DRILLIN TEXAS-7,30,GIANTS
NATURAL SELECTION,5,NATURAL SELECTION-5,6,JAGUARS
VOLARE CIECO,7,VOLARE CIECO-7,26,EAGLES
Drink,1,Drink-1,24,RAIDERS
NATURAL SELECTION,6,NATURAL SELECTION-6,6,JAGUARS
VOLCANO,1,VOLCANO-1,22,CHARGERS
Drink,2,Drink-2,24,RAIDERS
NATURAL SELECTION,7,NATURAL SELECTION-7,6,JAGUARS
VOLCANO,10,VOLCANO-10,24,RAIDERS
Drink,3,Drink-3,24,RAIDERS
NATURAL SELECTION,8,NATURAL SELECTION-8,6,JAGUARS
VOLCANO,2,VOLCANO-2,22,CHARGERS
Drink,4,Drink-4,24,RAIDERS
NATURAL SELECTION,9,NATURAL SELECTION-9,6,JAGUARS
VOLCANO,3,VOLCANO-3,22,CHARGERS
Drink,5,Drink-5,6,JAGUARS
NATURAL9,1,NATURAL9-1,6,JAGUARS
VOLCANO,4,VOLCANO-4,22,CHARGERS
DRJR,1,DRJR-1,6,JAGUARS
NATURAL9,10,NATURAL9-10,20,LIONS
VOLCANO,5,VOLCANO-5,12,STEELERS
DRJR,2,DRJR-2,24,RAIDERS
NATURAL9,2,NATURAL9-2,6,JAGUARS
VOLCANO,6,VOLCANO-6,20,LIONS
DROOL THE UNIT,1,DROOL THE UNIT-1,22,CHARGERS
NATURAL9,3,NATURAL9-3,6,JAGUARS
VOLCANO,7,VOLCANO-7,22,CHARGERS
DROOL THE UNIT,2,DROOL THE UNIT-2,22,CHARGERS
NATURAL9,4,NATURAL9-4,24,RAIDERS
VOLCANO,8,VOLCANO-8,22,CHARGERS
droopy huevos,1,droopy huevos-1,6,JAGUARS
NATURAL9,5,NATURAL9-5,6,JAGUARS
VOLCANO,9,VOLCANO-9,24,RAIDERS
droopy huevos,2,droopy huevos-2,20,LIONS
NATURAL9,6,NATURAL9-6,6,JAGUARS
VOLUMEBETS,1,VOLUMEBETS-1,12,STEELERS
Drory Winners,1,Drory Winners-1,6,JAGUARS
NATURAL9,7,NATURAL9-7,6,JAGUARS
VOLUMEBETS,2,VOLUMEBETS-2,6,JAGUARS
Drory Winners,2,Drory Winners-2,6,JAGUARS
NATURAL9,8,NATURAL9-8,24,RAIDERS
VOPAKCCREW,1,VOPAKCCREW-1,22,CHARGERS
Drory Winners,3,Drory Winners-3,22,CHARGERS
NATURAL9,9,NATURAL9-9,20,LIONS
VOPPA,1,VOPPA-1,6,JAGUARS
Drory Winners,4,Drory Winners-4,22,CHARGERS
NC COATINGS,1,NC COATINGS-1,22,CHARGERS
VR8190,1,VR8190-1,8,BENGALS
Drory Winners,5,Drory Winners-5,22,CHARGERS
ND,1,ND-1,6,JAGUARS
VR8190,10,VR8190-10,24,RAIDERS
DRPP0507,1,DRPP0507-1,22,CHARGERS
ND,10,ND-10,20,LIONS
VR8190,2,VR8190-2,22,CHARGERS
DRUNK AND DISORDERLY,1,DRUNK AND DISORDERLY-1,12,STEELERS
ND,2,ND-2,6,JAGUARS
VR8190,3,VR8190-3,12,STEELERS
DRUNK AND DISORDERLY,2,DRUNK AND DISORDERLY-2,12,STEELERS
ND,3,ND-3,6,JAGUARS
VR8190,4,VR8190-4,29,COWBOYS
DRUNK AND DISORDERLY,3,DRUNK AND DISORDERLY-3,22,CHARGERS
ND,4,ND-4,6,JAGUARS
VR8190,5,VR8190-5,6,JAGUARS
DRUNK AND DISORDERLY,4,DRUNK AND DISORDERLY-4,22,CHARGERS
ND,5,ND-5,6,JAGUARS
VR8190,6,VR8190-6,15,BEARS
DRUNK AND DISORDERLY,5,DRUNK AND DISORDERLY-5,24,RAIDERS
ND,6,ND-6,22,CHARGERS
VR8190,7,VR8190-7,29,COWBOYS
DRUNK AND DISORDERLY,6,DRUNK AND DISORDERLY-6,24,RAIDERS
ND,7,ND-7,22,CHARGERS
VR8190,8,VR8190-8,6,JAGUARS
DRUNK AND DISORDERLY,7,DRUNK AND DISORDERLY-7,6,JAGUARS
ND,8,ND-8,22,CHARGERS
VR8190,9,VR8190-9,15,BEARS
DRUNK AND DISORDERLY,8,DRUNK AND DISORDERLY-8,6,JAGUARS
ND,9,ND-9,20,LIONS
VRAGHS,1,VRAGHS-1,22,CHARGERS
DRUNKENSTYLE,1,DRUNKENSTYLE-1,6,JAGUARS
ND71,1,ND71-1,6,JAGUARS
VSINNUT,1,VSINNUT-1,6,JAGUARS
DRUNKENSTYLE,2,DRUNKENSTYLE-2,6,JAGUARS
NEED A MIRACLE,1,NEED A MIRACLE-1,12,STEELERS
VSINNUT,2,VSINNUT-2,12,STEELERS
DRUNKENSTYLE,3,DRUNKENSTYLE-3,12,STEELERS
NEED A MIRACLE,2,NEED A MIRACLE-2,20,LIONS
VSL,1,VSL-1,6,JAGUARS
DRUNKENSTYLE,4,DRUNKENSTYLE-4,12,STEELERS
NEED A MIRACLE,3,NEED A MIRACLE-3,22,CHARGERS
VSL,10,VSL-10,26,EAGLES
DRUNKENSTYLE,5,DRUNKENSTYLE-5,22,CHARGERS
NEEDLE,1,NEEDLE-1,6,JAGUARS
VSL,2,VSL-2,6,JAGUARS
DSI,1,DSI-1,6,JAGUARS
NEEDLE,2,NEEDLE-2,6,JAGUARS
VSL,3,VSL-3,12,STEELERS
DSI,2,DSI-2,12,STEELERS
NEEDLE,3,NEEDLE-3,12,STEELERS
VSL,4,VSL-4,22,CHARGERS
DSI,3,DSI-3,6,JAGUARS
NEEDLE,4,NEEDLE-4,12,STEELERS
VSL,5,VSL-5,6,JAGUARS
DSI,4,DSI-4,22,CHARGERS
NEEKHOUSE,1,NEEKHOUSE-1,6,JAGUARS
VSL,6,VSL-6,22,CHARGERS
DSIBBS$,1,DSIBBS$-1,22,CHARGERS
NEEKHOUSE,2,NEEKHOUSE-2,20,LIONS
VSL,7,VSL-7,22,CHARGERS
Dsmart,1,Dsmart-1,22,CHARGERS
NEEKHOUSE,3,NEEKHOUSE-3,6,JAGUARS
VSL,8,VSL-8,22,CHARGERS
Dsmart,2,Dsmart-2,22,CHARGERS
NEELY FIVE,1,NEELY FIVE-1,22,CHARGERS
VSL,9,VSL-9,20,LIONS
Dsmart,3,Dsmart-3,12,STEELERS
NEELY FIVE,2,NEELY FIVE-2,6,JAGUARS
W AND W,1,W AND W-1,22,CHARGERS
DSP 1116,1,DSP 1116-1,12,STEELERS
NEELY FIVE,3,NEELY FIVE-3,22,CHARGERS
W AND W,2,W AND W-2,6,JAGUARS
DSP 1116,2,DSP 1116-2,6,JAGUARS
NEGATIVE WAVES 26,1,NEGATIVE WAVES 26-1,6,JAGUARS
W3,1,W3-1,6,JAGUARS
DSP 1116,3,DSP 1116-3,6,JAGUARS
NEGATIVE WAVES 26,2,NEGATIVE WAVES 26-2,22,CHARGERS
W3,2,W3-2,12,STEELERS
DTOWN PW,1,DTOWN PW-1,6,JAGUARS
NELA626.,1,NELA626.-1,22,CHARGERS
W3,3,W3-3,24,RAIDERS
DTX210,1,DTX210-1,20,LIONS
NELA626.,2,NELA626.-2,6,JAGUARS
W3BFOX,1,W3BFOX-1,6,JAGUARS
DTX210,2,DTX210-2,12,STEELERS
NELA626.,3,NELA626.-3,20,LIONS
W3BFOX,2,W3BFOX-2,6,JAGUARS
DTX210,3,DTX210-3,6,JAGUARS
nelly casey,1,nelly casey-1,6,JAGUARS
W3BFOX,3,W3BFOX-3,12,STEELERS
DTX210,4,DTX210-4,6,JAGUARS
Nelly,1,Nelly-1,24,RAIDERS
WA JAMMERS,1,WA JAMMERS-1,6,JAGUARS
DTX210,5,DTX210-5,22,CHARGERS
Nelly,10,Nelly-10,6,JAGUARS
WA JAMMERS,2,WA JAMMERS-2,20,LIONS
DUBIE DOES VEGAS,1,DUBIE DOES VEGAS-1,6,JAGUARS
Nelly,2,Nelly-2,24,RAIDERS
WA JAMMERS,3,WA JAMMERS-3,22,CHARGERS
DUBIE DOES VEGAS,2,DUBIE DOES VEGAS-2,6,JAGUARS
Nelly,3,Nelly-3,24,RAIDERS
WA JAMMERS,4,WA JAMMERS-4,22,CHARGERS
DUBIE DOES VEGAS,3,DUBIE DOES VEGAS-3,22,CHARGERS
Nelly,4,Nelly-4,24,RAIDERS
WA JAMMERS,5,WA JAMMERS-5,12,STEELERS
DUBIE DOES VEGAS,4,DUBIE DOES VEGAS-4,20,LIONS
Nelly,5,Nelly-5,26,EAGLES
Wad,1,Wad-1,24,RAIDERS
DUBIE DOES VEGAS,5,DUBIE DOES VEGAS-5,6,JAGUARS
Nelly,6,Nelly-6,26,EAGLES
Wad,2,Wad-2,22,CHARGERS
DUBIE DOES VEGAS,6,DUBIE DOES VEGAS-6,6,JAGUARS
Nelly,7,Nelly-7,22,CHARGERS
Wad,3,Wad-3,6,JAGUARS
DUBLIN DOWN,1,DUBLIN DOWN-1,6,JAGUARS
Nelly,8,Nelly-8,22,CHARGERS
Wad,4,Wad-4,12,STEELERS
DUBLIN DOWN,2,DUBLIN DOWN-2,22,CHARGERS
Nelly,9,Nelly-9,22,CHARGERS
Wad,5,Wad-5,22,CHARGERS
DUBLIN DOWN,3,DUBLIN DOWN-3,12,STEELERS
Nemesis,1,Nemesis-1,12,STEELERS
Wad,6,Wad-6,6,JAGUARS
DUCEB,1,DUCEB-1,22,CHARGERS
NENES PICKS,1,NENES PICKS-1,6,JAGUARS
Wad,7,Wad-7,20,LIONS
DUCEB,2,DUCEB-2,20,LIONS
NENES PICKS,10,NENES PICKS-10,22,CHARGERS
WADEWILL,1,WADEWILL-1,6,JAGUARS
DUCEB,3,DUCEB-3,18,TITANS
NENES PICKS,2,NENES PICKS-2,24,RAIDERS
WADEWILL,10,WADEWILL-10,24,RAIDERS
Duck and Cover,1,Duck and Cover-1,6,JAGUARS
NENES PICKS,3,NENES PICKS-3,22,CHARGERS
WADEWILL,2,WADEWILL-2,22,CHARGERS
Duck and Cover,2,Duck and Cover-2,12,STEELERS
NENES PICKS,4,NENES PICKS-4,6,JAGUARS
WADEWILL,3,WADEWILL-3,20,LIONS
DUCK BOAT CAPTAINS,1,DUCK BOAT CAPTAINS-1,6,JAGUARS
NENES PICKS,5,NENES PICKS-5,12,STEELERS
WADEWILL,4,WADEWILL-4,6,JAGUARS
DUCKS 4 BUCKS,1,DUCKS 4 BUCKS-1,22,CHARGERS
NENES PICKS,6,NENES PICKS-6,6,JAGUARS
WADEWILL,5,WADEWILL-5,26,EAGLES
DUCKS 4 BUCKS,2,DUCKS 4 BUCKS-2,12,STEELERS
NENES PICKS,7,NENES PICKS-7,12,STEELERS
WADEWILL,6,WADEWILL-6,22,CHARGERS
DUCKS 4 BUCKS,3,DUCKS 4 BUCKS-3,6,JAGUARS
NENES PICKS,8,NENES PICKS-8,24,RAIDERS
WADEWILL,7,WADEWILL-7,22,CHARGERS
DUCKS 4 BUCKS,4,DUCKS 4 BUCKS-4,20,LIONS
NENES PICKS,9,NENES PICKS-9,22,CHARGERS
WADEWILL,8,WADEWILL-8,6,JAGUARS
DUCKS 4 BUCKS,5,DUCKS 4 BUCKS-5,20,LIONS
NEON MOON,1,NEON MOON-1,6,JAGUARS
WADEWILL,9,WADEWILL-9,24,RAIDERS
DUCKS 4 BUCKS,6,DUCKS 4 BUCKS-6,9,RAVENS
NEON MOON,2,NEON MOON-2,22,CHARGERS
WAFIA,1,WAFIA-1,6,JAGUARS
DUCKS 4 BUCKS,7,DUCKS 4 BUCKS-7,6,JAGUARS
NEON,1,NEON-1,24,RAIDERS
WAGS45,1,WAGS45-1,20,LIONS
DUECEDUECEBI*CH,1,DUECEDUECEBI*CH-1,12,STEELERS
NEON,10,NEON-10,24,RAIDERS
WAGS45,2,WAGS45-2,22,CHARGERS
Duffbo,1,Duffbo-1,6,JAGUARS
NEON,2,NEON-2,24,RAIDERS
WAHLBERG BUCKEYES,1,WAHLBERG BUCKEYES-1,12,STEELERS
Duffbo,2,Duffbo-2,12,STEELERS
NEON,3,NEON-3,24,RAIDERS
WAHLBERG BUCKEYES,10,WAHLBERG BUCKEYES-10,6,JAGUARS
Duffbo,3,Duffbo-3,6,JAGUARS
NEON,4,NEON-4,24,RAIDERS
WAHLBERG BUCKEYES,2,WAHLBERG BUCKEYES-2,6,JAGUARS
DUKA LONCIC,1,DUKA LONCIC-1,6,JAGUARS
NEON,5,NEON-5,24,RAIDERS
WAHLBERG BUCKEYES,3,WAHLBERG BUCKEYES-3,6,JAGUARS
DUKA LONCIC,2,DUKA LONCIC-2,22,CHARGERS
NEON,6,NEON-6,24,RAIDERS
WAHLBERG BUCKEYES,4,WAHLBERG BUCKEYES-4,6,JAGUARS
DUKECOVI44,1,DUKECOVI44-1,22,CHARGERS
NEON,7,NEON-7,24,RAIDERS
WAHLBERG BUCKEYES,5,WAHLBERG BUCKEYES-5,6,JAGUARS
DUMABEDE,1,DUMABEDE-1,6,JAGUARS
NEON,8,NEON-8,24,RAIDERS
WAHLBERG BUCKEYES,6,WAHLBERG BUCKEYES-6,6,JAGUARS
DUMAS DEADBEATS,1,DUMAS DEADBEATS-1,22,CHARGERS
NEON,9,NEON-9,24,RAIDERS
WAHLBERG BUCKEYES,7,WAHLBERG BUCKEYES-7,12,STEELERS
DUMPSTER DIVERS,1,DUMPSTER DIVERS-1,22,CHARGERS
nephew blake,1,nephew blake-1,22,CHARGERS
WAHLBERG BUCKEYES,8,WAHLBERG BUCKEYES-8,12,STEELERS
DUMPSTER FIRE,1,DUMPSTER FIRE-1,20,LIONS
nephew blake,10,nephew blake-10,22,CHARGERS
WAHLBERG BUCKEYES,9,WAHLBERG BUCKEYES-9,6,JAGUARS
DUMPSTER FIRE,10,DUMPSTER FIRE-10,22,CHARGERS
nephew blake,2,nephew blake-2,22,CHARGERS
WAKING UP IN VEGAS,1,WAKING UP IN VEGAS-1,6,JAGUARS
DUMPSTER FIRE,2,DUMPSTER FIRE-2,22,CHARGERS
nephew blake,3,nephew blake-3,22,CHARGERS
WALLACE WARRIORS,1,WALLACE WARRIORS-1,6,JAGUARS
DUMPSTER FIRE,3,DUMPSTER FIRE-3,6,JAGUARS
nephew blake,4,nephew blake-4,22,CHARGERS
WALPOLE JOE,1,WALPOLE JOE-1,24,RAIDERS
DUMPSTER FIRE,4,DUMPSTER FIRE-4,20,LIONS
nephew blake,5,nephew blake-5,22,CHARGERS
WALTER WHITE,1,WALTER WHITE-1,12,STEELERS
DUMPSTER FIRE,5,DUMPSTER FIRE-5,6,JAGUARS
nephew blake,6,nephew blake-6,22,CHARGERS
WALTER WHITE,2,WALTER WHITE-2,22,CHARGERS
DUMPSTER FIRE,6,DUMPSTER FIRE-6,28,VIKINGS
nephew blake,7,nephew blake-7,22,CHARGERS
WALTER YOU F,1,WALTER YOU F-1,26,EAGLES
DUMPSTER FIRE,7,DUMPSTER FIRE-7,23,DOLPHINS
nephew blake,8,nephew blake-8,22,CHARGERS
WANNABEE,1,WANNABEE-1,12,STEELERS
DUMPSTER FIRE,8,DUMPSTER FIRE-8,12,STEELERS
nephew blake,9,nephew blake-9,22,CHARGERS
WANNABEE,2,WANNABEE-2,22,CHARGERS
DUMPSTER FIRE,9,DUMPSTER FIRE-9,26,EAGLES
NephewDrew,1,NephewDrew-1,6,JAGUARS
WANNABEE,3,WANNABEE-3,24,RAIDERS
DUNNSQUATCH,1,DUNNSQUATCH-1,22,CHARGERS
NephewDrew,10,NephewDrew-10,6,JAGUARS
WANNABEE,4,WANNABEE-4,6,JAGUARS
DUNNSQUATCH,2,DUNNSQUATCH-2,6,JAGUARS
NephewDrew,2,NephewDrew-2,6,JAGUARS
WANNABEE,5,WANNABEE-5,22,CHARGERS
DUNNSQUATCH,3,DUNNSQUATCH-3,6,JAGUARS
NephewDrew,3,NephewDrew-3,6,JAGUARS
WANNABEE,6,WANNABEE-6,12,STEELERS
DUNNSQUATCH,4,DUNNSQUATCH-4,6,JAGUARS
NephewDrew,4,NephewDrew-4,6,JAGUARS
WANNABEEZ,1,WANNABEEZ-1,22,CHARGERS
DUNNSQUATCH,5,DUNNSQUATCH-5,12,STEELERS
NephewDrew,5,NephewDrew-5,6,JAGUARS
WANNABEEZ,2,WANNABEEZ-2,22,CHARGERS
DURANGO JOE,1,DURANGO JOE-1,22,CHARGERS
NephewDrew,6,NephewDrew-6,6,JAGUARS
WANNABEEZ,3,WANNABEEZ-3,22,CHARGERS
DURBIFY,1,DURBIFY-1,26,EAGLES
NephewDrew,7,NephewDrew-7,6,JAGUARS
WANNABEEZ,4,WANNABEEZ-4,6,JAGUARS
DURBIFY,2,DURBIFY-2,12,STEELERS
NephewDrew,8,NephewDrew-8,6,JAGUARS
WANNABEEZ,5,WANNABEEZ-5,6,JAGUARS
DURBIFY,3,DURBIFY-3,6,JAGUARS
NephewDrew,9,NephewDrew-9,6,JAGUARS
WARD BOYS,1,WARD BOYS-1,12,STEELERS
DURBIFY,4,DURBIFY-4,6,JAGUARS
NETJET4POORPEEPSCJ,1,NETJET4POORPEEPSCJ-1,26,EAGLES
WARD BOYS,2,WARD BOYS-2,12,STEELERS
DURBIFY,5,DURBIFY-5,6,JAGUARS
NETJET4POORPEEPSCJ,2,NETJET4POORPEEPSCJ-2,26,EAGLES
WARD BOYS,3,WARD BOYS-3,6,JAGUARS
DURBIFY,6,DURBIFY-6,6,JAGUARS
NETJET4POORPEEPSCJ,3,NETJET4POORPEEPSCJ-3,26,EAGLES
WARD BOYS,4,WARD BOYS-4,6,JAGUARS
DURBIFY,7,DURBIFY-7,6,JAGUARS
NETJET4POORPEEPSCJ,4,NETJET4POORPEEPSCJ-4,12,STEELERS
WARD BOYS,5,WARD BOYS-5,22,CHARGERS
DURBIFY,8,DURBIFY-8,12,STEELERS
NETJET4POORPEEPSCJ,5,NETJET4POORPEEPSCJ-5,12,STEELERS
WARD,1,WARD-1,12,STEELERS
DURBIFY,9,DURBIFY-9,26,EAGLES
NETJET4POORPEEPSCJ,6,NETJET4POORPEEPSCJ-6,8,BENGALS
WARDEN20,1,WARDEN20-1,22,CHARGERS
DURMBOYZ,1,DURMBOYZ-1,12,STEELERS
NETJET4POORPEEPSCJ,7,NETJET4POORPEEPSCJ-7,8,BENGALS
WARDEN20,2,WARDEN20-2,6,JAGUARS
DURMBOYZ,10,DURMBOYZ-10,12,STEELERS
NETJETS,1,NETJETS-1,6,JAGUARS
WAREHOUSE CREW,1,WAREHOUSE CREW-1,6,JAGUARS
DURMBOYZ,2,DURMBOYZ-2,20,LIONS
NETJETS,2,NETJETS-2,22,CHARGERS
WAREHOUSE CREW,10,WAREHOUSE CREW-10,6,JAGUARS
DURMBOYZ,3,DURMBOYZ-3,6,JAGUARS
NETJETS,3,NETJETS-3,12,STEELERS
WAREHOUSE CREW,2,WAREHOUSE CREW-2,6,JAGUARS
DURMBOYZ,4,DURMBOYZ-4,22,CHARGERS
NEVADAGRIZZ,1,NEVADAGRIZZ-1,6,JAGUARS
WAREHOUSE CREW,3,WAREHOUSE CREW-3,6,JAGUARS
DURMBOYZ,5,DURMBOYZ-5,6,JAGUARS
NEVEREVERWIN,1,NEVEREVERWIN-1,22,CHARGERS
WAREHOUSE CREW,4,WAREHOUSE CREW-4,22,CHARGERS
DURMBOYZ,6,DURMBOYZ-6,22,CHARGERS
NEVEREVERWIN,10,NEVEREVERWIN-10,12,STEELERS
WAREHOUSE CREW,5,WAREHOUSE CREW-5,12,STEELERS
DURMBOYZ,7,DURMBOYZ-7,6,JAGUARS
NEVEREVERWIN,2,NEVEREVERWIN-2,22,CHARGERS
WAREHOUSE CREW,6,WAREHOUSE CREW-6,12,STEELERS
DURMBOYZ,8,DURMBOYZ-8,12,STEELERS
NEVEREVERWIN,3,NEVEREVERWIN-3,22,CHARGERS
WAREHOUSE CREW,7,WAREHOUSE CREW-7,22,CHARGERS
DURMBOYZ,9,DURMBOYZ-9,12,STEELERS
NEVEREVERWIN,4,NEVEREVERWIN-4,6,JAGUARS
WAREHOUSE CREW,8,WAREHOUSE CREW-8,6,JAGUARS
DUSTER4BIRDIE,1,DUSTER4BIRDIE-1,12,STEELERS
NEVEREVERWIN,5,NEVEREVERWIN-5,6,JAGUARS
WAREHOUSE CREW,9,WAREHOUSE CREW-9,12,STEELERS
DUSTER4BIRDIE,10,DUSTER4BIRDIE-10,22,CHARGERS
NEVEREVERWIN,6,NEVEREVERWIN-6,20,LIONS
WARHOL,1,WARHOL-1,22,CHARGERS
DUSTER4BIRDIE,2,DUSTER4BIRDIE-2,12,STEELERS
NEVEREVERWIN,7,NEVEREVERWIN-7,20,LIONS
WARHOL,10,WARHOL-10,24,RAIDERS
DUSTER4BIRDIE,3,DUSTER4BIRDIE-3,15,BEARS
NEVEREVERWIN,8,NEVEREVERWIN-8,24,RAIDERS
WARHOL,2,WARHOL-2,6,JAGUARS
DUSTER4BIRDIE,4,DUSTER4BIRDIE-4,15,BEARS
NEVEREVERWIN,9,NEVEREVERWIN-9,8,BENGALS
WARHOL,3,WARHOL-3,20,LIONS
DUSTER4BIRDIE,5,DUSTER4BIRDIE-5,27,PACKERS
NEVLER 23,1,NEVLER 23-1,6,JAGUARS
WARHOL,4,WARHOL-4,12,STEELERS
DUSTER4BIRDIE,6,DUSTER4BIRDIE-6,24,RAIDERS
NEVLER 23,2,NEVLER 23-2,6,JAGUARS
WARHOL,5,WARHOL-5,26,EAGLES
DUSTER4BIRDIE,7,DUSTER4BIRDIE-7,18,TITANS
NEVLER 23,3,NEVLER 23-3,6,JAGUARS
WARHOL,6,WARHOL-6,26,EAGLES
DUSTER4BIRDIE,8,DUSTER4BIRDIE-8,13,BILLS
NEVLER 23,4,NEVLER 23-4,6,JAGUARS
WARHOL,7,WARHOL-7,9,RAVENS
DUSTER4BIRDIE,9,DUSTER4BIRDIE-9,29,COWBOYS
NEVLER 23,5,NEVLER 23-5,12,STEELERS
WARHOL,8,WARHOL-8,8,BENGALS
DUSTY K,1,DUSTY K-1,6,JAGUARS
NEVLER 23,6,NEVLER 23-6,12,STEELERS
WARHOL,9,WARHOL-9,8,BENGALS
DUSTY K,2,DUSTY K-2,6,JAGUARS
NEVLER 23,7,NEVLER 23-7,24,RAIDERS
WARP SPEED,1,WARP SPEED-1,6,JAGUARS
DUSTY536,1,DUSTY536-1,22,CHARGERS
NEW ENGLAND CLAMMERS,1,NEW ENGLAND CLAMMERS-1,6,JAGUARS
WARP SPEED,10,WARP SPEED-10,26,EAGLES
DUSTY536,2,DUSTY536-2,8,BENGALS
NEW ENGLAND CLAMMERS,2,NEW ENGLAND CLAMMERS-2,12,STEELERS
WARP SPEED,2,WARP SPEED-2,6,JAGUARS
DUSTY536,3,DUSTY536-3,28,VIKINGS
NEW ENGLAND CLAMMERS,3,NEW ENGLAND CLAMMERS-3,22,CHARGERS
WARP SPEED,3,WARP SPEED-3,6,JAGUARS
Dutch Van Der Linde,1,Dutch Van Der Linde-1,20,LIONS
NEW WORLD ORDER,1,NEW WORLD ORDER-1,6,JAGUARS
WARP SPEED,4,WARP SPEED-4,22,CHARGERS
DUTCHLIFE,1,DUTCHLIFE-1,22,CHARGERS
NEW YORK NY,1,NEW YORK NY-1,24,RAIDERS
WARP SPEED,5,WARP SPEED-5,22,CHARGERS
DUTCHLIFE,2,DUTCHLIFE-2,22,CHARGERS
NEW YORKER,1,NEW YORKER-1,22,CHARGERS
WARP SPEED,6,WARP SPEED-6,22,CHARGERS
DUVAL 305,1,DUVAL 305-1,18,TITANS
NEW YORKER,2,NEW YORKER-2,20,LIONS
WARP SPEED,7,WARP SPEED-7,12,STEELERS
DUVAL 305,10,DUVAL 305-10,6,JAGUARS
NEWCASTLE BOYZ,1,NEWCASTLE BOYZ-1,6,JAGUARS
WARP SPEED,8,WARP SPEED-8,12,STEELERS
DUVAL 305,2,DUVAL 305-2,12,STEELERS
NEWCASTLE BOYZ,10,NEWCASTLE BOYZ-10,22,CHARGERS
WARP SPEED,9,WARP SPEED-9,24,RAIDERS
DUVAL 305,3,DUVAL 305-3,22,CHARGERS
NEWCASTLE BOYZ,2,NEWCASTLE BOYZ-2,6,JAGUARS
WARRENG20,1,WARRENG20-1,6,JAGUARS
DUVAL 305,4,DUVAL 305-4,12,STEELERS
NEWCASTLE BOYZ,3,NEWCASTLE BOYZ-3,22,CHARGERS
Warriors,1,Warriors-1,22,CHARGERS
DUVAL 305,5,DUVAL 305-5,12,STEELERS
NEWCASTLE BOYZ,4,NEWCASTLE BOYZ-4,22,CHARGERS
Warriors,10,Warriors-10,12,STEELERS
DUVAL 305,6,DUVAL 305-6,6,JAGUARS
NEWCASTLE BOYZ,5,NEWCASTLE BOYZ-5,24,RAIDERS
Warriors,2,Warriors-2,22,CHARGERS
DUVAL 305,7,DUVAL 305-7,22,CHARGERS
NEWCASTLE BOYZ,6,NEWCASTLE BOYZ-6,22,CHARGERS
Warriors,3,Warriors-3,22,CHARGERS
DUVAL 305,8,DUVAL 305-8,22,CHARGERS
NEWCASTLE BOYZ,7,NEWCASTLE BOYZ-7,6,JAGUARS
Warriors,4,Warriors-4,6,JAGUARS
DUVAL 305,9,DUVAL 305-9,22,CHARGERS
NEWCASTLE BOYZ,8,NEWCASTLE BOYZ-8,6,JAGUARS
Warriors,5,Warriors-5,6,JAGUARS
DVS1,1,DVS1-1,6,JAGUARS
NEWCASTLE BOYZ,9,NEWCASTLE BOYZ-9,6,JAGUARS
Warriors,6,Warriors-6,20,LIONS
DW7777777,1,DW7777777-1,22,CHARGERS
NewFoundBets$$,1,NewFoundBets$$-1,12,STEELERS
Warriors,7,Warriors-7,20,LIONS
DW7777777,10,DW7777777-10,22,CHARGERS
NewFoundBets$$,2,NewFoundBets$$-2,24,RAIDERS
Warriors,8,Warriors-8,20,LIONS
DW7777777,2,DW7777777-2,12,STEELERS
NewFoundBets$$,3,NewFoundBets$$-3,6,JAGUARS
Warriors,9,Warriors-9,26,EAGLES
DW7777777,3,DW7777777-3,22,CHARGERS
NewFoundBets$$,4,NewFoundBets$$-4,6,JAGUARS
WARTOWN FALCONS,1,WARTOWN FALCONS-1,12,STEELERS
DW7777777,4,DW7777777-4,6,JAGUARS
NEWMAN,1,NEWMAN-1,22,CHARGERS
WARTOWN FALCONS,2,WARTOWN FALCONS-2,24,RAIDERS
DW7777777,5,DW7777777-5,20,LIONS
NEWMILLIONAIRE'SCLUB,1,NEWMILLIONAIRE'SCLUB-1,12,STEELERS
WASTINGMONEY,1,WASTINGMONEY-1,18,TITANS
DW7777777,6,DW7777777-6,26,EAGLES
NEWMILLIONAIRE'SCLUB,2,NEWMILLIONAIRE'SCLUB-2,20,LIONS
watchman,1,watchman-1,20,LIONS
DW7777777,7,DW7777777-7,22,CHARGERS
NEWMILLIONAIRE'SCLUB,3,NEWMILLIONAIRE'SCLUB-3,6,JAGUARS
watchman,10,watchman-10,20,LIONS
DW7777777,8,DW7777777-8,6,JAGUARS
NEWPORT SOFTBALL,1,NEWPORT SOFTBALL-1,6,JAGUARS
watchman,2,watchman-2,20,LIONS
DW7777777,9,DW7777777-9,26,EAGLES
NEWPORT SOFTBALL,2,NEWPORT SOFTBALL-2,12,STEELERS
watchman,3,watchman-3,20,LIONS
DWALSH1985,1,DWALSH1985-1,6,JAGUARS
NEWPORT SOFTBALL,3,NEWPORT SOFTBALL-3,6,JAGUARS
watchman,4,watchman-4,20,LIONS
DWALSH1985,2,DWALSH1985-2,22,CHARGERS
NEWSOME ALUMNI 1,1,NEWSOME ALUMNI 1-1,12,STEELERS
watchman,5,watchman-5,20,LIONS
DwighdSchrude003,1,DwighdSchrude003-1,6,JAGUARS
NEWSOME ALUMNI 2,1,NEWSOME ALUMNI 2-1,24,RAIDERS
watchman,6,watchman-6,20,LIONS
DWONG8,1,DWONG8-1,22,CHARGERS
NEXT MAN UP,1,NEXT MAN UP-1,6,JAGUARS
watchman,7,watchman-7,20,LIONS
DWONG8,10,DWONG8-10,22,CHARGERS
NEXT MAN UP,2,NEXT MAN UP-2,12,STEELERS
watchman,8,watchman-8,20,LIONS
DWONG8,2,DWONG8-2,22,CHARGERS
NEXT MAN UP,3,NEXT MAN UP-3,6,JAGUARS
watchman,9,watchman-9,20,LIONS
DWONG8,3,DWONG8-3,22,CHARGERS
NEXT MAN UP,4,NEXT MAN UP-4,22,CHARGERS
WATCHTHEWINSPILEUP,1,WATCHTHEWINSPILEUP-1,6,JAGUARS
DWONG8,4,DWONG8-4,22,CHARGERS
NFAY,1,NFAY-1,20,LIONS
WATCHTHEWINSPILEUP,2,WATCHTHEWINSPILEUP-2,6,JAGUARS
DWONG8,5,DWONG8-5,22,CHARGERS
NFAY,2,NFAY-2,12,STEELERS
WATCHTHEWINSPILEUP,3,WATCHTHEWINSPILEUP-3,6,JAGUARS
DWONG8,6,DWONG8-6,22,CHARGERS
NFAY,3,NFAY-3,20,LIONS
WATCHTHEWINSPILEUP,4,WATCHTHEWINSPILEUP-4,24,RAIDERS
DWONG8,7,DWONG8-7,22,CHARGERS
NFAY,4,NFAY-4,6,JAGUARS
WATERBURY COMBO,1,WATERBURY COMBO-1,12,STEELERS
DWONG8,8,DWONG8-8,22,CHARGERS
NFAY,5,NFAY-5,6,JAGUARS
WATERBURY COMBO,2,WATERBURY COMBO-2,12,STEELERS
DWONG8,9,DWONG8-9,22,CHARGERS
NFAY,6,NFAY-6,6,JAGUARS
WATERBURY COMBO,3,WATERBURY COMBO-3,22,CHARGERS
DY,1,DY-1,6,JAGUARS
NFAY,7,NFAY-7,12,STEELERS
WATERBURY COMBO,4,WATERBURY COMBO-4,22,CHARGERS
DYLAN W,1,DYLAN W-1,6,JAGUARS
NFAY,8,NFAY-8,20,LIONS
WATERBURY COMBO,5,WATERBURY COMBO-5,6,JAGUARS
DYLAN W,10,DYLAN W-10,6,JAGUARS
NFAY,9,NFAY-9,24,RAIDERS
WATERBURY COMBO,6,WATERBURY COMBO-6,6,JAGUARS
DYLAN W,2,DYLAN W-2,6,JAGUARS
NFL BLITZ,1,NFL BLITZ-1,22,CHARGERS
WATERTOWNWHISKEY,1,WATERTOWNWHISKEY-1,6,JAGUARS
DYLAN W,3,DYLAN W-3,6,JAGUARS
NFL BLITZ,2,NFL BLITZ-2,6,JAGUARS
WATERTOWNWHISKEY,2,WATERTOWNWHISKEY-2,6,JAGUARS
DYLAN W,4,DYLAN W-4,6,JAGUARS
NFL WISEGUYS,1,NFL WISEGUYS-1,22,CHARGERS
WATTS HAPPENING,1,WATTS HAPPENING-1,20,LIONS
DYLAN W,5,DYLAN W-5,6,JAGUARS
NFL WISEGUYS,2,NFL WISEGUYS-2,12,STEELERS
WATTS HAPPENING,10,WATTS HAPPENING-10,12,STEELERS
DYLAN W,6,DYLAN W-6,6,JAGUARS
NFL WISEGUYS,3,NFL WISEGUYS-3,12,STEELERS
WATTS HAPPENING,2,WATTS HAPPENING-2,20,LIONS
DYLAN W,7,DYLAN W-7,6,JAGUARS
NGSWPF,1,NGSWPF-1,22,CHARGERS
WATTS HAPPENING,3,WATTS HAPPENING-3,20,LIONS
DYLAN W,8,DYLAN W-8,6,JAGUARS
NHALE HUYNH,1,NHALE HUYNH-1,6,JAGUARS
WATTS HAPPENING,4,WATTS HAPPENING-4,20,LIONS
DYLAN W,9,DYLAN W-9,6,JAGUARS
NHALE HUYNH,10,NHALE HUYNH-10,6,JAGUARS
WATTS HAPPENING,5,WATTS HAPPENING-5,22,CHARGERS
DYLANTHEGOAT,1,DYLANTHEGOAT-1,26,EAGLES
NHALE HUYNH,2,NHALE HUYNH-2,6,JAGUARS
WATTS HAPPENING,6,WATTS HAPPENING-6,22,CHARGERS
DYME PIECES,1,DYME PIECES-1,28,VIKINGS
NHALE HUYNH,3,NHALE HUYNH-3,6,JAGUARS
WATTS HAPPENING,7,WATTS HAPPENING-7,22,CHARGERS
DYME PIECES,10,DYME PIECES-10,6,JAGUARS
NHALE HUYNH,4,NHALE HUYNH-4,6,JAGUARS
WATTS HAPPENING,8,WATTS HAPPENING-8,6,JAGUARS
DYME PIECES,2,DYME PIECES-2,28,VIKINGS
NHALE HUYNH,5,NHALE HUYNH-5,6,JAGUARS
WATTS HAPPENING,9,WATTS HAPPENING-9,6,JAGUARS
DYME PIECES,3,DYME PIECES-3,28,VIKINGS
NHALE HUYNH,6,NHALE HUYNH-6,6,JAGUARS
WAYMO DRIVERS,1,WAYMO DRIVERS-1,22,CHARGERS
DYME PIECES,4,DYME PIECES-4,8,BENGALS
NHALE HUYNH,7,NHALE HUYNH-7,6,JAGUARS
WAYNE BO FOX,1,WAYNE BO FOX-1,22,CHARGERS
DYME PIECES,5,DYME PIECES-5,8,BENGALS
NHALE HUYNH,8,NHALE HUYNH-8,6,JAGUARS
WAYNE BO FOX,2,WAYNE BO FOX-2,22,CHARGERS
DYME PIECES,6,DYME PIECES-6,8,BENGALS
NHALE HUYNH,9,NHALE HUYNH-9,6,JAGUARS
WAYNE BO FOX,3,WAYNE BO FOX-3,12,STEELERS
DYME PIECES,7,DYME PIECES-7,16,PANTHERS
NIC-4-THE-WIN,1,NIC-4-THE-WIN-1,24,RAIDERS
WAYNESWORLD,1,WAYNESWORLD-1,6,JAGUARS
DYME PIECES,8,DYME PIECES-8,22,CHARGERS
NIC-4-THE-WIN,10,NIC-4-THE-WIN-10,20,LIONS
WAYNESWORLD,2,WAYNESWORLD-2,12,STEELERS
DYME PIECES,9,DYME PIECES-9,12,STEELERS
NIC-4-THE-WIN,2,NIC-4-THE-WIN-2,24,RAIDERS
WAYNESWORLD,3,WAYNESWORLD-3,6,JAGUARS
DYNAMIC DUO,1,DYNAMIC DUO-1,6,JAGUARS
NIC-4-THE-WIN,3,NIC-4-THE-WIN-3,24,RAIDERS
wayswinners,1,wayswinners-1,22,CHARGERS
E DREAM,1,E DREAM-1,22,CHARGERS
NIC-4-THE-WIN,4,NIC-4-THE-WIN-4,24,RAIDERS
WAZ,1,WAZ-1,22,CHARGERS
E DREAM,2,E DREAM-2,22,CHARGERS
NIC-4-THE-WIN,5,NIC-4-THE-WIN-5,24,RAIDERS
WAZ,10,WAZ-10,6,JAGUARS
E DREAM,3,E DREAM-3,22,CHARGERS
NIC-4-THE-WIN,6,NIC-4-THE-WIN-6,24,RAIDERS
WAZ,2,WAZ-2,22,CHARGERS
E-VIRUS72,1,E-VIRUS72-1,22,CHARGERS
NIC-4-THE-WIN,7,NIC-4-THE-WIN-7,24,RAIDERS
WAZ,3,WAZ-3,22,CHARGERS
E.P.BORRACCHOS,1,E.P.BORRACCHOS-1,6,JAGUARS
NIC-4-THE-WIN,8,NIC-4-THE-WIN-8,24,RAIDERS
WAZ,4,WAZ-4,22,CHARGERS
E.P.BORRACCHOS,2,E.P.BORRACCHOS-2,6,JAGUARS
NIC-4-THE-WIN,9,NIC-4-THE-WIN-9,20,LIONS
WAZ,5,WAZ-5,22,CHARGERS
E.P.BORRACCHOS,3,E.P.BORRACCHOS-3,6,JAGUARS
Nichards Kids,1,Nichards Kids-1,6,JAGUARS
WAZ,6,WAZ-6,22,CHARGERS
E.P.BORRACCHOS,4,E.P.BORRACCHOS-4,22,CHARGERS
NICK JOEL ROCKS,1,NICK JOEL ROCKS-1,8,BENGALS
WAZ,7,WAZ-7,22,CHARGERS
EAE10,1,EAE10-1,22,CHARGERS
NICKEL BLACK,1,NICKEL BLACK-1,6,JAGUARS
WAZ,8,WAZ-8,6,JAGUARS
EAGAN,1,EAGAN-1,6,JAGUARS
NICKEL BLACK,10,NICKEL BLACK-10,22,CHARGERS
WAZ,9,WAZ-9,6,JAGUARS
EAGC18327,1,EAGC18327-1,4,RAMS
NICKEL BLACK,2,NICKEL BLACK-2,22,CHARGERS
wazzu-gocougs,1,wazzu-gocougs-1,12,STEELERS
EAGC18327,2,EAGC18327-2,4,RAMS
NICKEL BLACK,3,NICKEL BLACK-3,6,JAGUARS
WBSG19212730,1,WBSG19212730-1,6,JAGUARS
EAGC18327,3,EAGC18327-3,4,RAMS
NICKEL BLACK,4,NICKEL BLACK-4,8,BENGALS
WBSG19212730,2,WBSG19212730-2,6,JAGUARS
EAGC18327,4,EAGC18327-4,3,49ERS
NICKEL BLACK,5,NICKEL BLACK-5,6,JAGUARS
WBSG19212730,3,WBSG19212730-3,22,CHARGERS
EAGC18327,5,EAGC18327-5,3,49ERS
NICKEL BLACK,6,NICKEL BLACK-6,6,JAGUARS
WBSG19212730,4,WBSG19212730-4,22,CHARGERS
EAGC18327,6,EAGC18327-6,22,CHARGERS
NICKEL BLACK,7,NICKEL BLACK-7,12,STEELERS
WBSG19212730,5,WBSG19212730-5,12,STEELERS
EAGC18327,7,EAGC18327-7,22,CHARGERS
NICKEL BLACK,8,NICKEL BLACK-8,22,CHARGERS
WBTU,1,WBTU-1,22,CHARGERS
EAGC18327,8,EAGC18327-8,12,STEELERS
NICKEL BLACK,9,NICKEL BLACK-9,6,JAGUARS
WBTU,2,WBTU-2,22,CHARGERS
eagle t,1,eagle t-1,22,CHARGERS
NICKMAC,1,NICKMAC-1,26,EAGLES
WBTU,3,WBTU-3,6,JAGUARS
EAGLEINS,1,EAGLEINS-1,6,JAGUARS
NICKMAC,2,NICKMAC-2,12,STEELERS
WBTU,4,WBTU-4,6,JAGUARS
EAGLEINS,2,EAGLEINS-2,6,JAGUARS
NICKROE,1,NICKROE-1,22,CHARGERS
WBTU,5,WBTU-5,12,STEELERS
EAGLEINS,3,EAGLEINS-3,6,JAGUARS
NICKROE,2,NICKROE-2,24,RAIDERS
WBTU,6,WBTU-6,6,JAGUARS
EAGLEINS,4,EAGLEINS-4,12,STEELERS
NICKROE,3,NICKROE-3,22,CHARGERS
WCGW,1,WCGW-1,22,CHARGERS
EAGLEINS,5,EAGLEINS-5,12,STEELERS
NICKROE,4,NICKROE-4,12,STEELERS
WCGW,2,WCGW-2,22,CHARGERS
EAGLEINS,6,EAGLEINS-6,6,JAGUARS
NICKS PICKS,1,NICKS PICKS-1,22,CHARGERS
WCGW,3,WCGW-3,12,STEELERS
EAGLELANDED,1,EAGLELANDED-1,20,LIONS
NICKS PICKS,2,NICKS PICKS-2,20,LIONS
WCGW,4,WCGW-4,12,STEELERS
EAGLELANDED,10,EAGLELANDED-10,6,JAGUARS
NICKS PICKS,3,NICKS PICKS-3,12,STEELERS
WCGW,5,WCGW-5,24,RAIDERS
EAGLELANDED,2,EAGLELANDED-2,22,CHARGERS
NICKY9DOORS,1,NICKY9DOORS-1,2,SEAHAWKS
We Are Inconito,1,We Are Inconito-1,22,CHARGERS
EAGLELANDED,3,EAGLELANDED-3,22,CHARGERS
NICKY9DOORS,10,NICKY9DOORS-10,8,BENGALS
We Are Inconito,2,We Are Inconito-2,6,JAGUARS
EAGLELANDED,4,EAGLELANDED-4,22,CHARGERS
NICKY9DOORS,2,NICKY9DOORS-2,22,CHARGERS
We Are Inconito,3,We Are Inconito-3,24,RAIDERS
EAGLELANDED,5,EAGLELANDED-5,22,CHARGERS
NICKY9DOORS,3,NICKY9DOORS-3,22,CHARGERS
WE COOKED RN,1,WE COOKED RN-1,2,SEAHAWKS
EAGLELANDED,6,EAGLELANDED-6,22,CHARGERS
NICKY9DOORS,4,NICKY9DOORS-4,22,CHARGERS
WE COOKED RN,2,WE COOKED RN-2,2,SEAHAWKS
EAGLELANDED,7,EAGLELANDED-7,6,JAGUARS
NICKY9DOORS,5,NICKY9DOORS-5,22,CHARGERS
WE COOKED RN,3,WE COOKED RN-3,2,SEAHAWKS
EAGLELANDED,8,EAGLELANDED-8,6,JAGUARS
NICKY9DOORS,6,NICKY9DOORS-6,22,CHARGERS
WE COOKED RN,4,WE COOKED RN-4,26,EAGLES
EAGLELANDED,9,EAGLELANDED-9,6,JAGUARS
NICKY9DOORS,7,NICKY9DOORS-7,18,TITANS
WE COOKED RN,5,WE COOKED RN-5,26,EAGLES
eagleseagull,1,eagleseagull-1,12,STEELERS
NICKY9DOORS,8,NICKY9DOORS-8,12,STEELERS
WE COOKED RN,6,WE COOKED RN-6,6,JAGUARS
eagleseagull,10,eagleseagull-10,6,JAGUARS
NICKY9DOORS,9,NICKY9DOORS-9,6,JAGUARS
WE COOKED RN,7,WE COOKED RN-7,6,JAGUARS
eagleseagull,2,eagleseagull-2,24,RAIDERS
NICKYDUBS,1,NICKYDUBS-1,20,LIONS
WE COOKED RN,8,WE COOKED RN-8,6,JAGUARS
eagleseagull,3,eagleseagull-3,12,STEELERS
NICKYDUBS,2,NICKYDUBS-2,6,JAGUARS
WE COOKED RN,9,WE COOKED RN-9,6,JAGUARS
eagleseagull,4,eagleseagull-4,12,STEELERS
NICKYDUBS,3,NICKYDUBS-3,22,CHARGERS
we donut care,1,we donut care-1,22,CHARGERS
eagleseagull,5,eagleseagull-5,24,RAIDERS
NICOSCOTT,1,NICOSCOTT-1,22,CHARGERS
we donut care,2,we donut care-2,22,CHARGERS
eagleseagull,6,eagleseagull-6,26,EAGLES
NICOSCOTT,2,NICOSCOTT-2,6,JAGUARS
we donut care,3,we donut care-3,6,JAGUARS
eagleseagull,7,eagleseagull-7,12,STEELERS
NICOSCOTT,3,NICOSCOTT-3,22,CHARGERS
we donut care,4,we donut care-4,24,RAIDERS
eagleseagull,8,eagleseagull-8,24,RAIDERS
NICOSCOTT,4,NICOSCOTT-4,6,JAGUARS
we donut care,5,we donut care-5,24,RAIDERS
eagleseagull,9,eagleseagull-9,12,STEELERS
NICOSCOTT,5,NICOSCOTT-5,24,RAIDERS
we have the shakes,1,we have the shakes-1,22,CHARGERS
EAGLESFLY,1,EAGLESFLY-1,22,CHARGERS
NICOSCOTT,6,NICOSCOTT-6,22,CHARGERS
We Were On A Break,1,We Were On A Break-1,20,LIONS
EAGLEZ,1,EAGLEZ-1,22,CHARGERS
NIGHT TRAIN,1,NIGHT TRAIN-1,6,JAGUARS
WEAGLE WEAGLE,1,WEAGLE WEAGLE-1,20,LIONS
EARLTHEPEARL,1,EARLTHEPEARL-1,6,JAGUARS
NIGHT TRAIN,10,NIGHT TRAIN-10,12,STEELERS
WEBB VS WORLD,1,WEBB VS WORLD-1,22,CHARGERS
EARLY RETIREMENT,1,EARLY RETIREMENT-1,22,CHARGERS
NIGHT TRAIN,2,NIGHT TRAIN-2,6,JAGUARS
WEBB VS WORLD,10,WEBB VS WORLD-10,23,DOLPHINS
EAST AUSTIN ST. CREW,1,EAST AUSTIN ST. CREW-1,6,JAGUARS
NIGHT TRAIN,3,NIGHT TRAIN-3,6,JAGUARS
WEBB VS WORLD,2,WEBB VS WORLD-2,6,JAGUARS
EAST AUSTIN ST. CREW,2,EAST AUSTIN ST. CREW-2,22,CHARGERS
NIGHT TRAIN,4,NIGHT TRAIN-4,22,CHARGERS
WEBB VS WORLD,3,WEBB VS WORLD-3,6,JAGUARS
East Dakota,1,East Dakota-1,6,JAGUARS
NIGHT TRAIN,5,NIGHT TRAIN-5,22,CHARGERS
WEBB VS WORLD,4,WEBB VS WORLD-4,22,CHARGERS
East Dakota,2,East Dakota-2,6,JAGUARS
NIGHT TRAIN,6,NIGHT TRAIN-6,22,CHARGERS
WEBB VS WORLD,5,WEBB VS WORLD-5,20,LIONS
East Dakota,3,East Dakota-3,22,CHARGERS
NIGHT TRAIN,7,NIGHT TRAIN-7,20,LIONS
WEBB VS WORLD,6,WEBB VS WORLD-6,20,LIONS
East Dakota,4,East Dakota-4,22,CHARGERS
NIGHT TRAIN,8,NIGHT TRAIN-8,20,LIONS
WEBB VS WORLD,7,WEBB VS WORLD-7,6,JAGUARS
East Dakota,5,East Dakota-5,22,CHARGERS
NIGHT TRAIN,9,NIGHT TRAIN-9,12,STEELERS
WEBB VS WORLD,8,WEBB VS WORLD-8,22,CHARGERS
EAST WESTERN,1,EAST WESTERN-1,6,JAGUARS
NIKE 26,1,NIKE 26-1,6,JAGUARS
WEBB VS WORLD,9,WEBB VS WORLD-9,20,LIONS
EAST WESTERN,10,EAST WESTERN-10,22,CHARGERS
NIKE 26,10,NIKE 26-10,12,STEELERS
webhammer,1,webhammer-1,6,JAGUARS
EAST WESTERN,2,EAST WESTERN-2,6,JAGUARS
NIKE 26,2,NIKE 26-2,6,JAGUARS
Wedding Money,1,Wedding Money-1,6,JAGUARS
EAST WESTERN,3,EAST WESTERN-3,6,JAGUARS
NIKE 26,3,NIKE 26-3,6,JAGUARS
WEEDLLY,1,WEEDLLY-1,12,STEELERS
EAST WESTERN,4,EAST WESTERN-4,12,STEELERS
NIKE 26,4,NIKE 26-4,6,JAGUARS
WEEDLLY,10,WEEDLLY-10,20,LIONS
EAST WESTERN,5,EAST WESTERN-5,22,CHARGERS
NIKE 26,5,NIKE 26-5,20,LIONS
WEEDLLY,2,WEEDLLY-2,12,STEELERS
EAST WESTERN,6,EAST WESTERN-6,20,LIONS
NIKE 26,6,NIKE 26-6,20,LIONS
WEEDLLY,3,WEEDLLY-3,12,STEELERS
EAST WESTERN,7,EAST WESTERN-7,12,STEELERS
NIKE 26,7,NIKE 26-7,20,LIONS
WEEDLLY,4,WEEDLLY-4,12,STEELERS
EAST WESTERN,8,EAST WESTERN-8,18,TITANS
NIKE 26,8,NIKE 26-8,12,STEELERS
WEEDLLY,5,WEEDLLY-5,22,CHARGERS
EAST WESTERN,9,EAST WESTERN-9,20,LIONS
NIKE 26,9,NIKE 26-9,12,STEELERS
WEEDLLY,6,WEEDLLY-6,22,CHARGERS
EASTCOAST5971,1,EASTCOAST5971-1,6,JAGUARS
NIKNAT,1,NIKNAT-1,22,CHARGERS
WEEDLLY,7,WEEDLLY-7,22,CHARGERS
Eastmain,1,Eastmain-1,6,JAGUARS
NIKNAT,10,NIKNAT-10,12,STEELERS
WEEDLLY,8,WEEDLLY-8,6,JAGUARS
EASTSIDE,1,EASTSIDE-1,12,STEELERS
NIKNAT,2,NIKNAT-2,22,CHARGERS
WEEDLLY,9,WEEDLLY-9,6,JAGUARS
EASTSIDE,2,EASTSIDE-2,6,JAGUARS
NIKNAT,3,NIKNAT-3,6,JAGUARS
WEEEIII,1,WEEEIII-1,20,LIONS
EASTSIDE,3,EASTSIDE-3,6,JAGUARS
NIKNAT,4,NIKNAT-4,6,JAGUARS
WEEEIII,10,WEEEIII-10,20,LIONS
EASTSIDE,4,EASTSIDE-4,12,STEELERS
NIKNAT,5,NIKNAT-5,12,STEELERS
WEEEIII,2,WEEEIII-2,20,LIONS
EASTSIDE,5,EASTSIDE-5,22,CHARGERS
NIKNAT,6,NIKNAT-6,6,JAGUARS
WEEEIII,3,WEEEIII-3,20,LIONS
EASTSIDE,6,EASTSIDE-6,6,JAGUARS
NIKNAT,7,NIKNAT-7,6,JAGUARS
WEEEIII,4,WEEEIII-4,20,LIONS
EASTWOOD ELITE,1,EASTWOOD ELITE-1,22,CHARGERS
NIKNAT,8,NIKNAT-8,22,CHARGERS
WEEEIII,5,WEEEIII-5,20,LIONS
EASY $$$$,1,EASY $$$$-1,6,JAGUARS
NIKNAT,9,NIKNAT-9,22,CHARGERS
WEEEIII,6,WEEEIII-6,20,LIONS
EASY $$$$,2,EASY $$$$-2,6,JAGUARS
NIMATHEONE,1,NIMATHEONE-1,22,CHARGERS
WEEEIII,7,WEEEIII-7,20,LIONS
EASY $$$$,3,EASY $$$$-3,22,CHARGERS
NIMATHEONE,10,NIMATHEONE-10,22,CHARGERS
WEEEIII,8,WEEEIII-8,20,LIONS
EASY $$$$,4,EASY $$$$-4,22,CHARGERS
NIMATHEONE,2,NIMATHEONE-2,22,CHARGERS
WEEEIII,9,WEEEIII-9,20,LIONS
EASY $$$$,5,EASY $$$$-5,26,EAGLES
NIMATHEONE,3,NIMATHEONE-3,22,CHARGERS
WEEK 20 SURVIVOR,1,WEEK 20 SURVIVOR-1,6,JAGUARS
EASY $$$$,6,EASY $$$$-6,12,STEELERS
NIMATHEONE,4,NIMATHEONE-4,22,CHARGERS
WEEK 20 SURVIVOR,2,WEEK 20 SURVIVOR-2,6,JAGUARS
EASY $$$$,7,EASY $$$$-7,24,RAIDERS
NIMATHEONE,5,NIMATHEONE-5,22,CHARGERS
WEEKLY DILEMMA,1,WEEKLY DILEMMA-1,22,CHARGERS
EASY $$$$,8,EASY $$$$-8,9,RAVENS
NIMATHEONE,6,NIMATHEONE-6,22,CHARGERS
WEEKLY DILEMMA,2,WEEKLY DILEMMA-2,12,STEELERS
easy money,1,easy money-1,22,CHARGERS
NIMATHEONE,7,NIMATHEONE-7,22,CHARGERS
WEEKLY WAGER,1,WEEKLY WAGER-1,6,JAGUARS
easy money,2,easy money-2,6,JAGUARS
NIMATHEONE,8,NIMATHEONE-8,22,CHARGERS
WEEKLY WAGER,2,WEEKLY WAGER-2,6,JAGUARS
EASYGARY,1,EASYGARY-1,22,CHARGERS
NIMATHEONE,9,NIMATHEONE-9,22,CHARGERS
WEEKLY WAGER,3,WEEKLY WAGER-3,20,LIONS
EASYPICKENS,1,EASYPICKENS-1,22,CHARGERS
NINE BREAKFAST BALLS,1,NINE BREAKFAST BALLS-1,6,JAGUARS
WEEKLY WAGER,4,WEEKLY WAGER-4,22,CHARGERS
EASYPICKENS,2,EASYPICKENS-2,22,CHARGERS
NINE BREAKFAST BALLS,10,NINE BREAKFAST BALLS-10,22,CHARGERS
WELL SIT AT THE BAR,1,WELL SIT AT THE BAR-1,6,JAGUARS
EASYPICKENS,3,EASYPICKENS-3,6,JAGUARS
NINE BREAKFAST BALLS,2,NINE BREAKFAST BALLS-2,24,RAIDERS
WELL SIT AT THE BAR,2,WELL SIT AT THE BAR-2,22,CHARGERS
EASYPICKENS,4,EASYPICKENS-4,20,LIONS
NINE BREAKFAST BALLS,3,NINE BREAKFAST BALLS-3,26,EAGLES
WELLAND WIZARDS,1,WELLAND WIZARDS-1,6,JAGUARS
EASYPICKENS,5,EASYPICKENS-5,22,CHARGERS
NINE BREAKFAST BALLS,4,NINE BREAKFAST BALLS-4,6,JAGUARS
WELLAND WIZARDS,2,WELLAND WIZARDS-2,6,JAGUARS
EAT THE JUICE,1,EAT THE JUICE-1,6,JAGUARS
NINE BREAKFAST BALLS,5,NINE BREAKFAST BALLS-5,6,JAGUARS
WELLAND WIZARDS,3,WELLAND WIZARDS-3,12,STEELERS
EazyE,1,EazyE-1,6,JAGUARS
NINE BREAKFAST BALLS,6,NINE BREAKFAST BALLS-6,6,JAGUARS
WELLYBOYS,1,WELLYBOYS-1,22,CHARGERS
EB,1,EB-1,6,JAGUARS
NINE BREAKFAST BALLS,7,NINE BREAKFAST BALLS-7,6,JAGUARS
WENDY GIVE METHE BAT,1,WENDY GIVE METHE BAT-1,22,CHARGERS
EB,10,EB-10,12,STEELERS
NINE BREAKFAST BALLS,8,NINE BREAKFAST BALLS-8,22,CHARGERS
WES WOOD,1,WES WOOD-1,6,JAGUARS
EB,2,EB-2,6,JAGUARS
NINE BREAKFAST BALLS,9,NINE BREAKFAST BALLS-9,6,JAGUARS
WES WOOD,2,WES WOOD-2,22,CHARGERS
EB,3,EB-3,6,JAGUARS
NINE INCH MALES,1,NINE INCH MALES-1,6,JAGUARS
WES WOOD,3,WES WOOD-3,22,CHARGERS
EB,4,EB-4,6,JAGUARS
NINE INCH MALES,2,NINE INCH MALES-2,12,STEELERS
WES WOOD,4,WES WOOD-4,6,JAGUARS
EB,5,EB-5,22,CHARGERS
NINE INCH MALES,3,NINE INCH MALES-3,15,BEARS
WES WOOD,5,WES WOOD-5,20,LIONS
EB,6,EB-6,22,CHARGERS
Nineputt9,1,Nineputt9-1,6,JAGUARS
WES WOOD,6,WES WOOD-6,26,EAGLES
EB,7,EB-7,22,CHARGERS
NINEVIKINGS,1,NINEVIKINGS-1,6,JAGUARS
WES WOOD,7,WES WOOD-7,22,CHARGERS
EB,8,EB-8,22,CHARGERS
NINJA BOY,1,NINJA BOY-1,22,CHARGERS
WES WOOD,8,WES WOOD-8,22,CHARGERS
EB,9,EB-9,12,STEELERS
NINJA BOY,2,NINJA BOY-2,22,CHARGERS
WESLEYKBB,1,WESLEYKBB-1,12,STEELERS
EBML Stars,1,EBML Stars-1,22,CHARGERS
NITBUSTER,1,NITBUSTER-1,22,CHARGERS
WESLEYKBB,2,WESLEYKBB-2,22,CHARGERS
EBOLA GANG 2026,1,EBOLA GANG 2026-1,22,CHARGERS
NITBUSTER,10,NITBUSTER-10,6,JAGUARS
West Coast 1,1,West Coast 1-1,22,CHARGERS
EC WICKED PICKERS,1,EC WICKED PICKERS-1,6,JAGUARS
NITBUSTER,2,NITBUSTER-2,22,CHARGERS
WEST COAST TIGERS,1,WEST COAST TIGERS-1,6,JAGUARS
ECC CHUNKY CLUBBERS,1,ECC CHUNKY CLUBBERS-1,6,JAGUARS
NITBUSTER,3,NITBUSTER-3,22,CHARGERS
WEST COAST TIGERS,2,WEST COAST TIGERS-2,20,LIONS
ECC CHUNKY CLUBBERS,2,ECC CHUNKY CLUBBERS-2,22,CHARGERS
NITBUSTER,4,NITBUSTER-4,22,CHARGERS
WEST TEXAS DEGENS,1,WEST TEXAS DEGENS-1,22,CHARGERS
ECC CHUNKY CLUBBERS,3,ECC CHUNKY CLUBBERS-3,20,LIONS
NITBUSTER,5,NITBUSTER-5,6,JAGUARS
WEST TEXAS DEGENS,10,WEST TEXAS DEGENS-10,12,STEELERS
ECC CHUNKY CLUBBERS,4,ECC CHUNKY CLUBBERS-4,12,STEELERS
NITBUSTER,6,NITBUSTER-6,6,JAGUARS
WEST TEXAS DEGENS,2,WEST TEXAS DEGENS-2,22,CHARGERS
ECF-LOOT CHEESE,1,ECF-LOOT CHEESE-1,24,RAIDERS
NITBUSTER,7,NITBUSTER-7,6,JAGUARS
WEST TEXAS DEGENS,3,WEST TEXAS DEGENS-3,22,CHARGERS
ECF-LOOT CHEESE,2,ECF-LOOT CHEESE-2,12,STEELERS
NITBUSTER,8,NITBUSTER-8,22,CHARGERS
WEST TEXAS DEGENS,4,WEST TEXAS DEGENS-4,22,CHARGERS
ECF-LOOT CHEESE,3,ECF-LOOT CHEESE-3,6,JAGUARS
NITBUSTER,9,NITBUSTER-9,6,JAGUARS
WEST TEXAS DEGENS,5,WEST TEXAS DEGENS-5,22,CHARGERS
ECF-LOOT CHEESE,4,ECF-LOOT CHEESE-4,22,CHARGERS
NiteRunner1979,1,NiteRunner1979-1,6,JAGUARS
WEST TEXAS DEGENS,6,WEST TEXAS DEGENS-6,22,CHARGERS
ECF-LOOT CHEESE,5,ECF-LOOT CHEESE-5,20,LIONS
NITTANYSAUCE,1,NITTANYSAUCE-1,12,STEELERS
WEST TEXAS DEGENS,7,WEST TEXAS DEGENS-7,6,JAGUARS
ECGIBBY,1,ECGIBBY-1,15,BEARS
NITTANYSAUCE,2,NITTANYSAUCE-2,22,CHARGERS
WEST TEXAS DEGENS,8,WEST TEXAS DEGENS-8,6,JAGUARS
EDDY T ENTRY,1,EDDY T ENTRY-1,12,STEELERS
NITTANYSAUCE,3,NITTANYSAUCE-3,6,JAGUARS
WEST TEXAS DEGENS,9,WEST TEXAS DEGENS-9,6,JAGUARS
EDDY T ENTRY,10,EDDY T ENTRY-10,12,STEELERS
NIXON,1,NIXON-1,6,JAGUARS
WEST TEXAS PK,1,WEST TEXAS PK-1,22,CHARGERS
EDDY T ENTRY,2,EDDY T ENTRY-2,12,STEELERS
NIXON,2,NIXON-2,22,CHARGERS
WESTLINN ELITE,1,WESTLINN ELITE-1,22,CHARGERS
EDDY T ENTRY,3,EDDY T ENTRY-3,12,STEELERS
NIXON,3,NIXON-3,6,JAGUARS
WESTTEXASDEGENERATES,1,WESTTEXASDEGENERATES-1,6,JAGUARS
EDDY T ENTRY,4,EDDY T ENTRY-4,12,STEELERS
NIXON,4,NIXON-4,6,JAGUARS
WESTTEXASDEGENERATES,2,WESTTEXASDEGENERATES-2,22,CHARGERS
EDDY T ENTRY,5,EDDY T ENTRY-5,12,STEELERS
NJ TO CBAD,1,NJ TO CBAD-1,6,JAGUARS
WESTWOOD,1,WESTWOOD-1,22,CHARGERS
EDDY T ENTRY,6,EDDY T ENTRY-6,12,STEELERS
NJ TO CBAD,2,NJ TO CBAD-2,6,JAGUARS
WESTWOOD,2,WESTWOOD-2,6,JAGUARS
EDDY T ENTRY,7,EDDY T ENTRY-7,12,STEELERS
NJ TO CBAD,3,NJ TO CBAD-3,22,CHARGERS
WESTWOOD,3,WESTWOOD-3,12,STEELERS
EDDY T ENTRY,8,EDDY T ENTRY-8,12,STEELERS
NJ TO SD,1,NJ TO SD-1,26,EAGLES
WESTWOOD,4,WESTWOOD-4,6,JAGUARS
EDDY T ENTRY,9,EDDY T ENTRY-9,12,STEELERS
NJ TO SD,2,NJ TO SD-2,12,STEELERS
WESTWOOD,5,WESTWOOD-5,22,CHARGERS
Edge of the Curve,1,Edge of the Curve-1,6,JAGUARS
NJ TO SD,3,NJ TO SD-3,6,JAGUARS
WESTWOOD,6,WESTWOOD-6,22,CHARGERS
Edge of the Curve,10,Edge of the Curve-10,12,STEELERS
NJ TO SD,4,NJ TO SD-4,6,JAGUARS
WESTWOOD,7,WESTWOOD-7,6,JAGUARS
Edge of the Curve,2,Edge of the Curve-2,6,JAGUARS
NJ TO SD,5,NJ TO SD-5,22,CHARGERS
WET THE BEAK,1,WET THE BEAK-1,6,JAGUARS
Edge of the Curve,3,Edge of the Curve-3,6,JAGUARS
NJ TO SD,6,NJ TO SD-6,12,STEELERS
WET THE BEAK,2,WET THE BEAK-2,6,JAGUARS
Edge of the Curve,4,Edge of the Curve-4,6,JAGUARS
NJ TO SD,7,NJ TO SD-7,26,EAGLES
WET THE BEAK,3,WET THE BEAK-3,6,JAGUARS
Edge of the Curve,5,Edge of the Curve-5,22,CHARGERS
NJ TO SD,8,NJ TO SD-8,22,CHARGERS
WFFLHOUSE,1,WFFLHOUSE-1,6,JAGUARS
Edge of the Curve,6,Edge of the Curve-6,22,CHARGERS
NJ TO SD,9,NJ TO SD-9,8,BENGALS
WFH,1,WFH-1,24,RAIDERS
Edge of the Curve,7,Edge of the Curve-7,12,STEELERS
NJBEAR,1,NJBEAR-1,6,JAGUARS
WFH,2,WFH-2,12,STEELERS
Edge of the Curve,8,Edge of the Curve-8,12,STEELERS
NJBEAR,2,NJBEAR-2,24,RAIDERS
WFH,3,WFH-3,22,CHARGERS
Edge of the Curve,9,Edge of the Curve-9,12,STEELERS
NJBEAR,3,NJBEAR-3,22,CHARGERS
WFH,4,WFH-4,22,CHARGERS
EDGELABXCZ,1,EDGELABXCZ-1,6,JAGUARS
NJDEGENS,1,NJDEGENS-1,22,CHARGERS
WFL,1,WFL-1,6,JAGUARS
EDGELABXCZ,10,EDGELABXCZ-10,6,JAGUARS
NJDEGENS,2,NJDEGENS-2,22,CHARGERS
WFL,10,WFL-10,12,STEELERS
EDGELABXCZ,2,EDGELABXCZ-2,6,JAGUARS
NJFISH33,1,NJFISH33-1,6,JAGUARS
WFL,2,WFL-2,24,RAIDERS
EDGELABXCZ,3,EDGELABXCZ-3,6,JAGUARS
NJtoCAL11,1,NJtoCAL11-1,22,CHARGERS
WFL,3,WFL-3,12,STEELERS
EDGELABXCZ,4,EDGELABXCZ-4,6,JAGUARS
NJtoCAL11,2,NJtoCAL11-2,22,CHARGERS
WFL,4,WFL-4,22,CHARGERS
EDGELABXCZ,5,EDGELABXCZ-5,6,JAGUARS
NJtoCAL11,3,NJtoCAL11-3,6,JAGUARS
WFL,5,WFL-5,22,CHARGERS
EDGELABXCZ,6,EDGELABXCZ-6,6,JAGUARS
NJTRADER,1,NJTRADER-1,22,CHARGERS
WFL,6,WFL-6,6,JAGUARS
EDGELABXCZ,7,EDGELABXCZ-7,6,JAGUARS
NJTRADER,10,NJTRADER-10,24,RAIDERS
WFL,7,WFL-7,24,RAIDERS
EDGELABXCZ,8,EDGELABXCZ-8,6,JAGUARS
NJTRADER,2,NJTRADER-2,22,CHARGERS
WFL,8,WFL-8,12,STEELERS
EDGELABXCZ,9,EDGELABXCZ-9,6,JAGUARS
NJTRADER,3,NJTRADER-3,22,CHARGERS
WFL,9,WFL-9,29,COWBOYS
EDO,1,EDO-1,26,EAGLES
NJTRADER,4,NJTRADER-4,22,CHARGERS
wg killer's,1,wg killer's-1,6,JAGUARS
EDRAUTGOBEARS,1,EDRAUTGOBEARS-1,6,JAGUARS
NJTRADER,5,NJTRADER-5,6,JAGUARS
WGE,1,WGE-1,22,CHARGERS
EECEN,1,EECEN-1,6,JAGUARS
NJTRADER,6,NJTRADER-6,6,JAGUARS
WGE,2,WGE-2,12,STEELERS
EECEN,2,EECEN-2,12,STEELERS
NJTRADER,7,NJTRADER-7,6,JAGUARS
WGE,3,WGE-3,6,JAGUARS
EEVEE2022,1,EEVEE2022-1,12,STEELERS
NJTRADER,8,NJTRADER-8,12,STEELERS
WHALE,1,WHALE-1,6,JAGUARS
EEVEE2022,10,EEVEE2022-10,12,STEELERS
NJTRADER,9,NJTRADER-9,12,STEELERS
WHALE,10,WHALE-10,12,STEELERS
EEVEE2022,2,EEVEE2022-2,12,STEELERS
NO BAD DAYS,1,NO BAD DAYS-1,6,JAGUARS
WHALE,2,WHALE-2,6,JAGUARS
EEVEE2022,3,EEVEE2022-3,12,STEELERS
NO BAD DAYS,10,NO BAD DAYS-10,22,CHARGERS
WHALE,3,WHALE-3,6,JAGUARS
EEVEE2022,4,EEVEE2022-4,12,STEELERS
NO BAD DAYS,2,NO BAD DAYS-2,6,JAGUARS
WHALE,4,WHALE-4,22,CHARGERS
EEVEE2022,5,EEVEE2022-5,12,STEELERS
NO BAD DAYS,3,NO BAD DAYS-3,6,JAGUARS
WHALE,5,WHALE-5,22,CHARGERS
EEVEE2022,6,EEVEE2022-6,12,STEELERS
NO BAD DAYS,4,NO BAD DAYS-4,6,JAGUARS
WHALE,6,WHALE-6,22,CHARGERS
EEVEE2022,7,EEVEE2022-7,12,STEELERS
NO BAD DAYS,5,NO BAD DAYS-5,6,JAGUARS
WHALE,7,WHALE-7,20,LIONS
EEVEE2022,8,EEVEE2022-8,12,STEELERS
NO BAD DAYS,6,NO BAD DAYS-6,6,JAGUARS
WHALE,8,WHALE-8,20,LIONS
EEVEE2022,9,EEVEE2022-9,12,STEELERS
NO BAD DAYS,7,NO BAD DAYS-7,22,CHARGERS
WHALE,9,WHALE-9,12,STEELERS
EFEEZY450,1,EFEEZY450-1,6,JAGUARS
NO BAD DAYS,8,NO BAD DAYS-8,22,CHARGERS
WHALES BET,1,WHALES BET-1,22,CHARGERS
EFEEZY450,2,EFEEZY450-2,26,EAGLES
NO BAD DAYS,9,NO BAD DAYS-9,22,CHARGERS
WHALES OF MN,1,WHALES OF MN-1,12,STEELERS
EFEEZY450,3,EFEEZY450-3,26,EAGLES
NO IDEA BUDDY,1,NO IDEA BUDDY-1,6,JAGUARS
What A Tough Scene,1,What A Tough Scene-1,22,CHARGERS
EFEEZY450,4,EFEEZY450-4,22,CHARGERS
NO IDEA BUDDY,2,NO IDEA BUDDY-2,22,CHARGERS
WHATABOMBERS,1,WHATABOMBERS-1,22,CHARGERS
EFF,1,EFF-1,24,RAIDERS
NO LONGER PREGNANT,1,NO LONGER PREGNANT-1,20,LIONS
WHATABOMBERS,2,WHATABOMBERS-2,6,JAGUARS
eGFR78,1,eGFR78-1,20,LIONS
NO LONGER PREGNANT,10,NO LONGER PREGNANT-10,26,EAGLES
WHATDIDTHEYDOTOUS?,1,WHATDIDTHEYDOTOUS?-1,6,JAGUARS
eGFR78,10,eGFR78-10,22,CHARGERS
NO LONGER PREGNANT,2,NO LONGER PREGNANT-2,20,LIONS
WHATDIDTHEYDOTOUS?,2,WHATDIDTHEYDOTOUS?-2,22,CHARGERS
eGFR78,2,eGFR78-2,20,LIONS
NO LONGER PREGNANT,3,NO LONGER PREGNANT-3,20,LIONS
WHATDIDTHEYDOTOUS?,3,WHATDIDTHEYDOTOUS?-3,6,JAGUARS
eGFR78,3,eGFR78-3,20,LIONS
NO LONGER PREGNANT,4,NO LONGER PREGNANT-4,20,LIONS
WHATDIDTHEYDOTOUS?,4,WHATDIDTHEYDOTOUS?-4,20,LIONS
eGFR78,4,eGFR78-4,20,LIONS
NO LONGER PREGNANT,5,NO LONGER PREGNANT-5,20,LIONS
WhateverYallWant,1,WhateverYallWant-1,12,STEELERS
eGFR78,5,eGFR78-5,6,JAGUARS
NO LONGER PREGNANT,6,NO LONGER PREGNANT-6,26,EAGLES
WhateverYallWant,10,WhateverYallWant-10,24,RAIDERS
eGFR78,6,eGFR78-6,6,JAGUARS
NO LONGER PREGNANT,7,NO LONGER PREGNANT-7,26,EAGLES
WhateverYallWant,2,WhateverYallWant-2,12,STEELERS
eGFR78,7,eGFR78-7,6,JAGUARS
NO LONGER PREGNANT,8,NO LONGER PREGNANT-8,26,EAGLES
WhateverYallWant,3,WhateverYallWant-3,12,STEELERS
eGFR78,8,eGFR78-8,6,JAGUARS
NO LONGER PREGNANT,9,NO LONGER PREGNANT-9,26,EAGLES
WhateverYallWant,4,WhateverYallWant-4,12,STEELERS
eGFR78,9,eGFR78-9,22,CHARGERS
NO MORE SAVINGS,1,NO MORE SAVINGS-1,6,JAGUARS
WhateverYallWant,5,WhateverYallWant-5,12,STEELERS
Eggsceptional,1,Eggsceptional-1,22,CHARGERS
NO MORE SAVINGS,2,NO MORE SAVINGS-2,6,JAGUARS
WhateverYallWant,6,WhateverYallWant-6,12,STEELERS
"EH, Y'ALL",1,"EH, Y'ALL-1",6,JAGUARS
NO MORE SAVINGS,3,NO MORE SAVINGS-3,6,JAGUARS
WhateverYallWant,7,WhateverYallWant-7,12,STEELERS
"EH, Y'ALL",2,"EH, Y'ALL-2",22,CHARGERS
NO MORE SAVINGS,4,NO MORE SAVINGS-4,22,CHARGERS
WhateverYallWant,8,WhateverYallWant-8,6,JAGUARS
"EH, Y'ALL",3,"EH, Y'ALL-3",24,RAIDERS
NO MORE WALKS,1,NO MORE WALKS-1,12,STEELERS
WhateverYallWant,9,WhateverYallWant-9,6,JAGUARS
"EH, Y'ALL",4,"EH, Y'ALL-4",6,JAGUARS
NO MORE WALKS,2,NO MORE WALKS-2,6,JAGUARS
WHATIF,1,WHATIF-1,24,RAIDERS
"EH, Y'ALL",5,"EH, Y'ALL-5",22,CHARGERS
NO MULLIGANS,1,NO MULLIGANS-1,26,EAGLES
WHATIF,2,WHATIF-2,20,LIONS
"EH, Y'ALL",6,"EH, Y'ALL-6",22,CHARGERS
NO MULLIGANS,2,NO MULLIGANS-2,26,EAGLES
WHATIF,3,WHATIF-3,22,CHARGERS
"EH, Y'ALL",7,"EH, Y'ALL-7",6,JAGUARS
no plan b 2026,1,no plan b 2026-1,12,STEELERS
WHATS FOR DESSERT,1,WHATS FOR DESSERT-1,22,CHARGERS
"EH, Y'ALL",8,"EH, Y'ALL-8",6,JAGUARS
no plan b 2026,2,no plan b 2026-2,20,LIONS
WHATS FOR DESSERT,2,WHATS FOR DESSERT-2,6,JAGUARS
Eiffel Tower,1,Eiffel Tower-1,22,CHARGERS
NO PUNT INTENDED,1,NO PUNT INTENDED-1,6,JAGUARS
WHATS FOR DESSERT,3,WHATS FOR DESSERT-3,20,LIONS
Eiffel Tower,2,Eiffel Tower-2,6,JAGUARS
NO PUNT INTENDED,2,NO PUNT INTENDED-2,6,JAGUARS
WHEELING FEELING,1,WHEELING FEELING-1,6,JAGUARS
Eiffel Tower,3,Eiffel Tower-3,22,CHARGERS
NO PUNT INTENDED,3,NO PUNT INTENDED-3,12,STEELERS
WHEELING FEELING,2,WHEELING FEELING-2,6,JAGUARS
Eiffel Tower,4,Eiffel Tower-4,6,JAGUARS
NO PUNT INTENDED,4,NO PUNT INTENDED-4,20,LIONS
WHEELING FEELING,3,WHEELING FEELING-3,22,CHARGERS
Eiffel Tower,5,Eiffel Tower-5,22,CHARGERS
NO PUNT INTENDED,5,NO PUNT INTENDED-5,22,CHARGERS
WHEELS,1,WHEELS-1,22,CHARGERS
Eiffel Tower,6,Eiffel Tower-6,6,JAGUARS
No Ragrets,1,No Ragrets-1,22,CHARGERS
WHEELS,10,WHEELS-10,22,CHARGERS
eigwyw,1,eigwyw-1,22,CHARGERS
No Ragrets,2,No Ragrets-2,12,STEELERS
WHEELS,2,WHEELS-2,22,CHARGERS
eigwyw,2,eigwyw-2,22,CHARGERS
NO RELEASES,1,NO RELEASES-1,12,STEELERS
WHEELS,3,WHEELS-3,6,JAGUARS
EJSGOLFN18,1,EJSGOLFN18-1,22,CHARGERS
NO RELEASES,2,NO RELEASES-2,6,JAGUARS
WHEELS,4,WHEELS-4,22,CHARGERS
EL DUMATRO,1,EL DUMATRO-1,6,JAGUARS
NO RELEASES,3,NO RELEASES-3,22,CHARGERS
WHEELS,5,WHEELS-5,22,CHARGERS
EL DUMATRO,2,EL DUMATRO-2,6,JAGUARS
NO RELEASES,4,NO RELEASES-4,6,JAGUARS
WHEELS,6,WHEELS-6,6,JAGUARS
EL DUMATRO,3,EL DUMATRO-3,6,JAGUARS
NO RELEASES,5,NO RELEASES-5,22,CHARGERS
WHEELS,7,WHEELS-7,22,CHARGERS
EL DUMATRO,4,EL DUMATRO-4,22,CHARGERS
NO SIDEWALKS,1,NO SIDEWALKS-1,22,CHARGERS
WHEELS,8,WHEELS-8,22,CHARGERS
EL DUMATRO,5,EL DUMATRO-5,22,CHARGERS
NO SIDEWALKS,10,NO SIDEWALKS-10,12,STEELERS
WHEELS,9,WHEELS-9,12,STEELERS
EL DUMATRO,6,EL DUMATRO-6,22,CHARGERS
NO SIDEWALKS,2,NO SIDEWALKS-2,12,STEELERS
WHELKN13,1,WHELKN13-1,12,STEELERS
EL DUMATRO,7,EL DUMATRO-7,17,JETS
NO SIDEWALKS,3,NO SIDEWALKS-3,6,JAGUARS
WHELKN13,10,WHELKN13-10,20,LIONS
EL DUMATRO,8,EL DUMATRO-8,6,JAGUARS
NO SIDEWALKS,4,NO SIDEWALKS-4,24,RAIDERS
WHELKN13,2,WHELKN13-2,12,STEELERS
el jefe,1,el jefe-1,6,JAGUARS
NO SIDEWALKS,5,NO SIDEWALKS-5,20,LIONS
WHELKN13,3,WHELKN13-3,12,STEELERS
EL LOCO IS,1,EL LOCO IS-1,24,RAIDERS
NO SIDEWALKS,6,NO SIDEWALKS-6,22,CHARGERS
WHELKN13,4,WHELKN13-4,12,STEELERS
EL LOCO IS,2,EL LOCO IS-2,1,PATRIOTS
NO SIDEWALKS,7,NO SIDEWALKS-7,6,JAGUARS
WHELKN13,5,WHELKN13-5,12,STEELERS
EL LOCO IS,3,EL LOCO IS-3,1,PATRIOTS
NO SIDEWALKS,8,NO SIDEWALKS-8,20,LIONS
WHELKN13,6,WHELKN13-6,12,STEELERS
EL LOCO IS,4,EL LOCO IS-4,1,PATRIOTS
NO SIDEWALKS,9,NO SIDEWALKS-9,12,STEELERS
WHELKN13,7,WHELKN13-7,12,STEELERS
EL LOCO IS,5,EL LOCO IS-5,1,PATRIOTS
NOAH SCHOTT,1,NOAH SCHOTT-1,22,CHARGERS
WHELKN13,8,WHELKN13-8,20,LIONS
EL LOCO IS,6,EL LOCO IS-6,24,RAIDERS
NOBODY KNOWS,1,NOBODY KNOWS-1,6,JAGUARS
WHELKN13,9,WHELKN13-9,20,LIONS
EL LOCO IS,7,EL LOCO IS-7,22,CHARGERS
NOBOZOS,1,NOBOZOS-1,6,JAGUARS
WHEN PIGS FLY,1,WHEN PIGS FLY-1,8,BENGALS
EL LOCO IS,8,EL LOCO IS-8,28,VIKINGS
NOBOZOS,2,NOBOZOS-2,22,CHARGERS
When The Fun Stops,1,When The Fun Stops-1,6,JAGUARS
el michoacano,1,el michoacano-1,22,CHARGERS
NoGamboolNoFuture,1,NoGamboolNoFuture-1,23,DOLPHINS
When The Fun Stops,10,When The Fun Stops-10,12,STEELERS
EL PADRE,1,EL PADRE-1,22,CHARGERS
NoGamboolNoFuture,2,NoGamboolNoFuture-2,17,JETS
When The Fun Stops,2,When The Fun Stops-2,6,JAGUARS
EL PADRE,2,EL PADRE-2,22,CHARGERS
NoGamboolNoFuture,3,NoGamboolNoFuture-3,23,DOLPHINS
When The Fun Stops,3,When The Fun Stops-3,6,JAGUARS
EL PADRE,3,EL PADRE-3,22,CHARGERS
NoGamboolNoFuture,4,NoGamboolNoFuture-4,17,JETS
When The Fun Stops,4,When The Fun Stops-4,6,JAGUARS
EL PADRE,4,EL PADRE-4,12,STEELERS
NoGamboolNoFuture,5,NoGamboolNoFuture-5,7,BUCS
When The Fun Stops,5,When The Fun Stops-5,6,JAGUARS
EL PADRE,5,EL PADRE-5,12,STEELERS
NoHo2 VEGAS,1,NoHo2 VEGAS-1,6,JAGUARS
When The Fun Stops,6,When The Fun Stops-6,6,JAGUARS
EL PADRE,6,EL PADRE-6,12,STEELERS
noisybrat,1,noisybrat-1,6,JAGUARS
When The Fun Stops,7,When The Fun Stops-7,22,CHARGERS
EL PADRE,7,EL PADRE-7,17,JETS
noisybrat,2,noisybrat-2,6,JAGUARS
When The Fun Stops,8,When The Fun Stops-8,22,CHARGERS
EL TORTOGO,1,EL TORTOGO-1,16,PANTHERS
noisybrat,3,noisybrat-3,12,STEELERS
When The Fun Stops,9,When The Fun Stops-9,22,CHARGERS
EL TORTOGO,2,EL TORTOGO-2,14,TEXANS
noisybrat,4,noisybrat-4,18,TITANS
WHERE IS BILLY D?,1,WHERE IS BILLY D?-1,22,CHARGERS
EL TRIO,1,EL TRIO-1,20,LIONS
NOLA DOGS,1,NOLA DOGS-1,22,CHARGERS
WHERE IS BILLY D?,10,WHERE IS BILLY D?-10,12,STEELERS
Ela Amor,1,Ela Amor-1,24,RAIDERS
NOLANOLE,1,NOLANOLE-1,6,JAGUARS
WHERE IS BILLY D?,2,WHERE IS BILLY D?-2,6,JAGUARS
Ela Amor,10,Ela Amor-10,20,LIONS
NOLANOLE,2,NOLANOLE-2,6,JAGUARS
WHERE IS BILLY D?,3,WHERE IS BILLY D?-3,22,CHARGERS
Ela Amor,2,Ela Amor-2,6,JAGUARS
NOLANOLE,3,NOLANOLE-3,22,CHARGERS
WHERE IS BILLY D?,4,WHERE IS BILLY D?-4,12,STEELERS
Ela Amor,3,Ela Amor-3,22,CHARGERS
NOLANOLE,4,NOLANOLE-4,22,CHARGERS
WHERE IS BILLY D?,5,WHERE IS BILLY D?-5,6,JAGUARS
Ela Amor,4,Ela Amor-4,26,EAGLES
NOLANOLE,5,NOLANOLE-5,12,STEELERS
WHERE IS BILLY D?,6,WHERE IS BILLY D?-6,12,STEELERS
Ela Amor,5,Ela Amor-5,18,TITANS
NOLANOLE,6,NOLANOLE-6,12,STEELERS
WHERE IS BILLY D?,7,WHERE IS BILLY D?-7,6,JAGUARS
Ela Amor,6,Ela Amor-6,20,LIONS
Noles Canes,1,Noles Canes-1,12,STEELERS
WHERE IS BILLY D?,8,WHERE IS BILLY D?-8,12,STEELERS
Ela Amor,7,Ela Amor-7,20,LIONS
Noles Canes,2,Noles Canes-2,12,STEELERS
WHERE IS BILLY D?,9,WHERE IS BILLY D?-9,24,RAIDERS
Ela Amor,8,Ela Amor-8,20,LIONS
Noles Canes,3,Noles Canes-3,12,STEELERS
WHERE'S TROY,1,WHERE'S TROY-1,22,CHARGERS
Ela Amor,9,Ela Amor-9,20,LIONS
Noles Canes,4,Noles Canes-4,12,STEELERS
WHERE'S TROY,2,WHERE'S TROY-2,6,JAGUARS
ELBOWS UP,1,ELBOWS UP-1,29,COWBOYS
Noles Canes,5,Noles Canes-5,12,STEELERS
WHEREDREAMSCOMETODIE,1,WHEREDREAMSCOMETODIE-1,6,JAGUARS
ELBOWS UP,2,ELBOWS UP-2,9,RAVENS
NOODLEBOYS,1,NOODLEBOYS-1,6,JAGUARS
WHEREDREAMSCOMETODIE,2,WHEREDREAMSCOMETODIE-2,6,JAGUARS
ELBOWS UP,3,ELBOWS UP-3,6,JAGUARS
NOPPERS,1,NOPPERS-1,22,CHARGERS
WHIRFS THE RISK,1,WHIRFS THE RISK-1,6,JAGUARS
ELBOWS UP,4,ELBOWS UP-4,22,CHARGERS
NOPPERS,10,NOPPERS-10,22,CHARGERS
WHIRFS THE RISK,2,WHIRFS THE RISK-2,22,CHARGERS
eldoctor,1,eldoctor-1,22,CHARGERS
NOPPERS,2,NOPPERS-2,22,CHARGERS
WHIRLY,1,WHIRLY-1,6,JAGUARS
eldoctor,2,eldoctor-2,22,CHARGERS
NOPPERS,3,NOPPERS-3,22,CHARGERS
WHIRLY,2,WHIRLY-2,22,CHARGERS
eldoctor,3,eldoctor-3,6,JAGUARS
NOPPERS,4,NOPPERS-4,22,CHARGERS
WHIRLY,3,WHIRLY-3,22,CHARGERS
eldoctor,4,eldoctor-4,6,JAGUARS
NOPPERS,5,NOPPERS-5,22,CHARGERS
WHIRLY,4,WHIRLY-4,28,VIKINGS
eldoctor,5,eldoctor-5,24,RAIDERS
NOPPERS,6,NOPPERS-6,22,CHARGERS
Whiskers & Whisky,1,Whiskers & Whisky-1,22,CHARGERS
ELEPHANT!,1,ELEPHANT!-1,22,CHARGERS
NOPPERS,7,NOPPERS-7,22,CHARGERS
Whiskers & Whisky,2,Whiskers & Whisky-2,22,CHARGERS
ELEPHANT!,10,ELEPHANT!-10,22,CHARGERS
NOPPERS,8,NOPPERS-8,22,CHARGERS
Whiskers & Whisky,3,Whiskers & Whisky-3,6,JAGUARS
ELEPHANT!,2,ELEPHANT!-2,22,CHARGERS
NOPPERS,9,NOPPERS-9,22,CHARGERS
Whiskers & Whisky,4,Whiskers & Whisky-4,6,JAGUARS
ELEPHANT!,3,ELEPHANT!-3,22,CHARGERS
NORCAL PATRIOT,1,NORCAL PATRIOT-1,22,CHARGERS
Whiskers & Whisky,5,Whiskers & Whisky-5,20,LIONS
ELEPHANT!,4,ELEPHANT!-4,22,CHARGERS
NORCAL PATRIOT,2,NORCAL PATRIOT-2,6,JAGUARS
Whiskers & Whisky,6,Whiskers & Whisky-6,12,STEELERS
ELEPHANT!,5,ELEPHANT!-5,22,CHARGERS
NORCAL PATRIOT,3,NORCAL PATRIOT-3,22,CHARGERS
WHISKEY BUSINESS,1,WHISKEY BUSINESS-1,22,CHARGERS
ELEPHANT!,6,ELEPHANT!-6,22,CHARGERS
NORDHAVEN,1,NORDHAVEN-1,26,EAGLES
WHISKEY BUSINESS,2,WHISKEY BUSINESS-2,6,JAGUARS
ELEPHANT!,7,ELEPHANT!-7,22,CHARGERS
NORDHAVEN,10,NORDHAVEN-10,8,BENGALS
WHISKEY BUSINESS,3,WHISKEY BUSINESS-3,12,STEELERS
ELEPHANT!,8,ELEPHANT!-8,22,CHARGERS
NORDHAVEN,2,NORDHAVEN-2,26,EAGLES
WHISKEY BUSINESS,4,WHISKEY BUSINESS-4,6,JAGUARS
ELEPHANT!,9,ELEPHANT!-9,22,CHARGERS
NORDHAVEN,3,NORDHAVEN-3,26,EAGLES
WHISKEY BUSINESS,5,WHISKEY BUSINESS-5,22,CHARGERS
ELEV8DMEN&BEACHBOYS,1,ELEV8DMEN&BEACHBOYS-1,12,STEELERS
NORDHAVEN,4,NORDHAVEN-4,26,EAGLES
WHISKEY BUSINESS,6,WHISKEY BUSINESS-6,6,JAGUARS
ELEV8DMEN&BEACHBOYS,10,ELEV8DMEN&BEACHBOYS-10,22,CHARGERS
NORDHAVEN,5,NORDHAVEN-5,26,EAGLES
Whiskey Glasses,1,Whiskey Glasses-1,12,STEELERS
ELEV8DMEN&BEACHBOYS,2,ELEV8DMEN&BEACHBOYS-2,22,CHARGERS
NORDHAVEN,6,NORDHAVEN-6,8,BENGALS
Whiskey Glasses,2,Whiskey Glasses-2,6,JAGUARS
ELEV8DMEN&BEACHBOYS,3,ELEV8DMEN&BEACHBOYS-3,12,STEELERS
NORDHAVEN,7,NORDHAVEN-7,8,BENGALS
White Horse,1,White Horse-1,22,CHARGERS
ELEV8DMEN&BEACHBOYS,4,ELEV8DMEN&BEACHBOYS-4,24,RAIDERS
NORDHAVEN,8,NORDHAVEN-8,8,BENGALS
White Horse,10,White Horse-10,12,STEELERS
ELEV8DMEN&BEACHBOYS,5,ELEV8DMEN&BEACHBOYS-5,6,JAGUARS
NORDHAVEN,9,NORDHAVEN-9,8,BENGALS
White Horse,2,White Horse-2,22,CHARGERS
ELEV8DMEN&BEACHBOYS,6,ELEV8DMEN&BEACHBOYS-6,12,STEELERS
NORFB,1,NORFB-1,12,STEELERS
White Horse,3,White Horse-3,22,CHARGERS
ELEV8DMEN&BEACHBOYS,7,ELEV8DMEN&BEACHBOYS-7,6,JAGUARS
NORFB,2,NORFB-2,6,JAGUARS
White Horse,4,White Horse-4,6,JAGUARS
ELEV8DMEN&BEACHBOYS,8,ELEV8DMEN&BEACHBOYS-8,22,CHARGERS
NORFB,3,NORFB-3,22,CHARGERS
White Horse,5,White Horse-5,6,JAGUARS
ELEV8DMEN&BEACHBOYS,9,ELEV8DMEN&BEACHBOYS-9,6,JAGUARS
NORFB,4,NORFB-4,22,CHARGERS
White Horse,6,White Horse-6,6,JAGUARS
ELEVATOR BOY,1,ELEVATOR BOY-1,22,CHARGERS
NORFB,5,NORFB-5,22,CHARGERS
White Horse,7,White Horse-7,20,LIONS
ELEVATOR BOY,10,ELEVATOR BOY-10,22,CHARGERS
NORFB,6,NORFB-6,6,JAGUARS
White Horse,8,White Horse-8,20,LIONS
ELEVATOR BOY,2,ELEVATOR BOY-2,22,CHARGERS
NORFB,7,NORFB-7,20,LIONS
White Horse,9,White Horse-9,26,EAGLES
ELEVATOR BOY,3,ELEVATOR BOY-3,22,CHARGERS
NORFB,8,NORFB-8,26,EAGLES
WHITE,1,WHITE-1,6,JAGUARS
ELEVATOR BOY,4,ELEVATOR BOY-4,22,CHARGERS
Norse Force,1,Norse Force-1,12,STEELERS
WHITE,10,WHITE-10,6,JAGUARS
ELEVATOR BOY,5,ELEVATOR BOY-5,22,CHARGERS
Norse Force,2,Norse Force-2,6,JAGUARS
WHITE,2,WHITE-2,6,JAGUARS
ELEVATOR BOY,6,ELEVATOR BOY-6,22,CHARGERS
Norse Force,3,Norse Force-3,22,CHARGERS
WHITE,3,WHITE-3,6,JAGUARS
ELEVATOR BOY,7,ELEVATOR BOY-7,22,CHARGERS
NORTH COUNTRY NOBODY,1,NORTH COUNTRY NOBODY-1,22,CHARGERS
WHITE,4,WHITE-4,6,JAGUARS
ELEVATOR BOY,8,ELEVATOR BOY-8,22,CHARGERS
NORTH OF THE WALL,1,NORTH OF THE WALL-1,22,CHARGERS
WHITE,5,WHITE-5,6,JAGUARS
ELEVATOR BOY,9,ELEVATOR BOY-9,22,CHARGERS
NORTH OF THE WALL,2,NORTH OF THE WALL-2,22,CHARGERS
WHITE,6,WHITE-6,6,JAGUARS
ELEVEN-PEGGERS,1,ELEVEN-PEGGERS-1,6,JAGUARS
NORTH OF THE WALL,3,NORTH OF THE WALL-3,22,CHARGERS
WHITE,7,WHITE-7,6,JAGUARS
ELEVEN-PEGGERS,2,ELEVEN-PEGGERS-2,24,RAIDERS
NORTH OF THE WALL,4,NORTH OF THE WALL-4,22,CHARGERS
WHITE,8,WHITE-8,6,JAGUARS
ELEVEN-PEGGERS,3,ELEVEN-PEGGERS-3,20,LIONS
NORTH OF THE WALL,5,NORTH OF THE WALL-5,22,CHARGERS
WHITE,9,WHITE-9,6,JAGUARS
ELEVEN-PEGGERS,4,ELEVEN-PEGGERS-4,12,STEELERS
NORTH OF THE WALL,6,NORTH OF THE WALL-6,22,CHARGERS
Whitetundra,1,Whitetundra-1,6,JAGUARS
ELEVEN-PEGGERS,5,ELEVEN-PEGGERS-5,22,CHARGERS
NORTH OF THE WALL,7,NORTH OF THE WALL-7,6,JAGUARS
Whitetundra,2,Whitetundra-2,22,CHARGERS
ElGatoUltimo,1,ElGatoUltimo-1,12,STEELERS
Northfield Inn,1,Northfield Inn-1,6,JAGUARS
WHITKUHN33,1,WHITKUHN33-1,12,STEELERS
ElGatoUltimo,2,ElGatoUltimo-2,22,CHARGERS
Northfield Inn,2,Northfield Inn-2,22,CHARGERS
WHITKUHN33,2,WHITKUHN33-2,20,LIONS
ElGatoUltimo,3,ElGatoUltimo-3,22,CHARGERS
Northfield Inn,3,Northfield Inn-3,20,LIONS
WHITTY702,1,WHITTY702-1,20,LIONS
ElGatoUltimo,4,ElGatoUltimo-4,6,JAGUARS
Northfield Inn,4,Northfield Inn-4,6,JAGUARS
WHITTY702,10,WHITTY702-10,24,RAIDERS
ElGatoUltimo,5,ElGatoUltimo-5,6,JAGUARS
Northfield Inn,5,Northfield Inn-5,22,CHARGERS
WHITTY702,2,WHITTY702-2,20,LIONS
ELI 2 TOM 0,1,ELI 2 TOM 0-1,22,CHARGERS
NORTHSTARJOE,1,NORTHSTARJOE-1,22,CHARGERS
WHITTY702,3,WHITTY702-3,20,LIONS
ELI 2 TOM 0,2,ELI 2 TOM 0-2,6,JAGUARS
NORTHSTARJOE,2,NORTHSTARJOE-2,12,STEELERS
WHITTY702,4,WHITTY702-4,20,LIONS
ELI 2 TOM 0,3,ELI 2 TOM 0-3,6,JAGUARS
NORWALK DEGENS,1,NORWALK DEGENS-1,22,CHARGERS
WHITTY702,5,WHITTY702-5,20,LIONS
ELI IS ELITE,1,ELI IS ELITE-1,22,CHARGERS
NOS,1,NOS-1,22,CHARGERS
WHITTY702,6,WHITTY702-6,12,STEELERS
ELIMINATI,1,ELIMINATI-1,6,JAGUARS
NOSCRUBS,1,NOSCRUBS-1,6,JAGUARS
WHITTY702,7,WHITTY702-7,12,STEELERS
ELIMINATI,2,ELIMINATI-2,22,CHARGERS
NOSEKNOWS,1,NOSEKNOWS-1,12,STEELERS
WHITTY702,8,WHITTY702-8,12,STEELERS
ELIMINATI,3,ELIMINATI-3,12,STEELERS
NOSEKNOWS,10,NOSEKNOWS-10,22,CHARGERS
WHITTY702,9,WHITTY702-9,26,EAGLES
Elioz,1,Elioz-1,6,JAGUARS
NOSEKNOWS,2,NOSEKNOWS-2,22,CHARGERS
WHITTYJW,1,WHITTYJW-1,6,JAGUARS
Elioz,2,Elioz-2,12,STEELERS
NOSEKNOWS,3,NOSEKNOWS-3,6,JAGUARS
WHITTYJW,2,WHITTYJW-2,12,STEELERS
Elioz,3,Elioz-3,12,STEELERS
NOSEKNOWS,4,NOSEKNOWS-4,22,CHARGERS
WHITWALKER6,1,WHITWALKER6-1,12,STEELERS
Elioz,4,Elioz-4,12,STEELERS
NOSEKNOWS,5,NOSEKNOWS-5,22,CHARGERS
WHO DAT GOLF GUY,1,WHO DAT GOLF GUY-1,22,CHARGERS
Elioz,5,Elioz-5,12,STEELERS
NOSEKNOWS,6,NOSEKNOWS-6,12,STEELERS
WHO DEY AND ICE MAN,1,WHO DEY AND ICE MAN-1,12,STEELERS
Elioz,6,Elioz-6,8,BENGALS
NOSEKNOWS,7,NOSEKNOWS-7,6,JAGUARS
WHO'S CART?,1,WHO'S CART?-1,6,JAGUARS
Elioz,7,Elioz-7,12,STEELERS
NOSEKNOWS,8,NOSEKNOWS-8,20,LIONS
WHO'S CART?,2,WHO'S CART?-2,6,JAGUARS
Elioz,8,Elioz-8,12,STEELERS
NOSEKNOWS,9,NOSEKNOWS-9,6,JAGUARS
WHO'S CART?,3,WHO'S CART?-3,22,CHARGERS
Elite Executive,1,Elite Executive-1,22,CHARGERS
NOSROC,1,NOSROC-1,6,JAGUARS
WHO'S THIS GUY,1,WHO'S THIS GUY-1,12,STEELERS
Elite Executive,2,Elite Executive-2,22,CHARGERS
NOSTRA THOMAS,1,NOSTRA THOMAS-1,12,STEELERS
WHOA BUNDY,1,WHOA BUNDY-1,24,RAIDERS
Elite Executive,3,Elite Executive-3,22,CHARGERS
NOSTRADAMOBETS,1,NOSTRADAMOBETS-1,26,EAGLES
Whoa Nellie,1,Whoa Nellie-1,22,CHARGERS
Elite Executive,4,Elite Executive-4,22,CHARGERS
NOSTRADAMOBETS,10,NOSTRADAMOBETS-10,6,JAGUARS
WHODINI22,1,WHODINI22-1,22,CHARGERS
Elite Executive,5,Elite Executive-5,22,CHARGERS
NOSTRADAMOBETS,2,NOSTRADAMOBETS-2,12,STEELERS
WHOOPIE!,1,WHOOPIE!-1,12,STEELERS
Elite VYBE,1,Elite VYBE-1,22,CHARGERS
NOSTRADAMOBETS,3,NOSTRADAMOBETS-3,12,STEELERS
WHUD UP DOE,1,WHUD UP DOE-1,6,JAGUARS
Elvis lives!,1,Elvis lives!-1,12,STEELERS
NOSTRADAMOBETS,4,NOSTRADAMOBETS-4,22,CHARGERS
WHY NOT JCZ,1,WHY NOT JCZ-1,22,CHARGERS
Elvis lives!,2,Elvis lives!-2,12,STEELERS
NOSTRADAMOBETS,5,NOSTRADAMOBETS-5,22,CHARGERS
WHY NOT JCZ,2,WHY NOT JCZ-2,6,JAGUARS
Elvis lives!,3,Elvis lives!-3,12,STEELERS
NOSTRADAMOBETS,6,NOSTRADAMOBETS-6,22,CHARGERS
WHY NOT JCZ,3,WHY NOT JCZ-3,6,JAGUARS
ELVISISKING831,1,ELVISISKING831-1,6,JAGUARS
NOSTRADAMOBETS,7,NOSTRADAMOBETS-7,6,JAGUARS
WHY NOT JCZ,4,WHY NOT JCZ-4,12,STEELERS
EMadness,1,EMadness-1,6,JAGUARS
NOSTRADAMOBETS,8,NOSTRADAMOBETS-8,6,JAGUARS
WHY NOT US,1,WHY NOT US-1,22,CHARGERS
EMadness,2,EMadness-2,12,STEELERS
NOSTRADAMOBETS,9,NOSTRADAMOBETS-9,6,JAGUARS
WHY NOT US,2,WHY NOT US-2,6,JAGUARS
EMadness,3,EMadness-3,22,CHARGERS
NOT BRENDAN SORSBY,1,NOT BRENDAN SORSBY-1,6,JAGUARS
WHY NOT US,3,WHY NOT US-3,6,JAGUARS
EMAX,1,EMAX-1,22,CHARGERS
NOT BRENDAN SORSBY,2,NOT BRENDAN SORSBY-2,22,CHARGERS
WHY NOT US?!,1,WHY NOT US?!-1,22,CHARGERS
EMAX,10,EMAX-10,32,CHIEFS
NOT DEAD YET 26,1,NOT DEAD YET 26-1,22,CHARGERS
WHY NOT US?!,2,WHY NOT US?!-2,22,CHARGERS
EMAX,2,EMAX-2,22,CHARGERS
NOT DEAD YET 26,2,NOT DEAD YET 26-2,12,STEELERS
WHY NOT US?!,3,WHY NOT US?!-3,22,CHARGERS
EMAX,3,EMAX-3,22,CHARGERS
NOT DEAD YET 26,3,NOT DEAD YET 26-3,6,JAGUARS
WHY NOT US?!,4,WHY NOT US?!-4,22,CHARGERS
EMAX,4,EMAX-4,22,CHARGERS
Not Dead Yet,1,Not Dead Yet-1,22,CHARGERS
why not us?,1,why not us?-1,6,JAGUARS
EMAX,5,EMAX-5,22,CHARGERS
not larry sabato,1,not larry sabato-1,22,CHARGERS
why not us?,10,why not us?-10,12,STEELERS
EMAX,6,EMAX-6,32,CHIEFS
NOT LIKE THAT,1,NOT LIKE THAT-1,12,STEELERS
why not us?,2,why not us?-2,6,JAGUARS
EMAX,7,EMAX-7,32,CHIEFS
NOTASAFEBET,1,NOTASAFEBET-1,12,STEELERS
why not us?,3,why not us?-3,6,JAGUARS
EMAX,8,EMAX-8,32,CHIEFS
NOTASAFEBET,2,NOTASAFEBET-2,22,CHARGERS
why not us?,4,why not us?-4,6,JAGUARS
EMAX,9,EMAX-9,32,CHIEFS
NOTASAFEBET,3,NOTASAFEBET-3,6,JAGUARS
why not us?,5,why not us?-5,6,JAGUARS
EMFOX111,1,EMFOX111-1,22,CHARGERS
NOTEVENJC,1,NOTEVENJC-1,26,EAGLES
why not us?,6,why not us?-6,6,JAGUARS
EMFOX111,2,EMFOX111-2,22,CHARGERS
NOTU,1,NOTU-1,6,JAGUARS
why not us?,7,why not us?-7,6,JAGUARS
EMFOX111,3,EMFOX111-3,20,LIONS
NOTU,2,NOTU-2,22,CHARGERS
why not us?,8,why not us?-8,12,STEELERS
EMFOX111,4,EMFOX111-4,18,TITANS
NOVAK,1,NOVAK-1,12,STEELERS
why not us?,9,why not us?-9,12,STEELERS
EMFOX111,5,EMFOX111-5,22,CHARGERS
NOVAK,2,NOVAK-2,12,STEELERS
WHYNOTUS,1,WHYNOTUS-1,22,CHARGERS
EMPERORSUNG,1,EMPERORSUNG-1,22,CHARGERS
NOVAK,3,NOVAK-3,22,CHARGERS
WHYNOTUS,2,WHYNOTUS-2,26,EAGLES
EMPERORSUNG,10,EMPERORSUNG-10,22,CHARGERS
NOVERBOYS,1,NOVERBOYS-1,22,CHARGERS
WHYNOTUS,3,WHYNOTUS-3,22,CHARGERS
EMPERORSUNG,2,EMPERORSUNG-2,22,CHARGERS
NOVERBOYS,2,NOVERBOYS-2,6,JAGUARS
WHYNOTUS,4,WHYNOTUS-4,22,CHARGERS
EMPERORSUNG,3,EMPERORSUNG-3,22,CHARGERS
novi-law,1,novi-law-1,22,CHARGERS
WHYNOTUS,5,WHYNOTUS-5,6,JAGUARS
EMPERORSUNG,4,EMPERORSUNG-4,22,CHARGERS
novi-law,2,novi-law-2,17,JETS
WHYNOTUS,6,WHYNOTUS-6,6,JAGUARS
EMPERORSUNG,5,EMPERORSUNG-5,22,CHARGERS
novi-law,3,novi-law-3,24,RAIDERS
WHYNOTUS,7,WHYNOTUS-7,20,LIONS
EMPERORSUNG,6,EMPERORSUNG-6,22,CHARGERS
novi-law,4,novi-law-4,24,RAIDERS
WHYNOTUS,8,WHYNOTUS-8,22,CHARGERS
EMPERORSUNG,7,EMPERORSUNG-7,22,CHARGERS
novi-law,5,novi-law-5,6,JAGUARS
WHYNOTUS,9,WHYNOTUS-9,6,JAGUARS
EMPERORSUNG,8,EMPERORSUNG-8,22,CHARGERS
Now Heres A Guy,1,Now Heres A Guy-1,22,CHARGERS
WHYUTRIPPINDUDE,1,WHYUTRIPPINDUDE-1,6,JAGUARS
EMPERORSUNG,9,EMPERORSUNG-9,22,CHARGERS
Now or Never,1,Now or Never-1,22,CHARGERS
WICKED JAMMERS,1,WICKED JAMMERS-1,22,CHARGERS
EMS092186,1,EMS092186-1,6,JAGUARS
Now or Never,2,Now or Never-2,22,CHARGERS
WICKED JAMMERS,2,WICKED JAMMERS-2,20,LIONS
Encore Auctioneers,1,Encore Auctioneers-1,26,EAGLES
Now or Never,3,Now or Never-3,6,JAGUARS
WICKED JAMMERS,3,WICKED JAMMERS-3,6,JAGUARS
ENDLING,1,ENDLING-1,12,STEELERS
Now or Never,4,Now or Never-4,20,LIONS
WICKED JAMMERS,4,WICKED JAMMERS-4,6,JAGUARS
ENDLING,2,ENDLING-2,12,STEELERS
Now or Never,5,Now or Never-5,22,CHARGERS
WICKED JAMMERS,5,WICKED JAMMERS-5,6,JAGUARS
ENDLING,3,ENDLING-3,6,JAGUARS
NOW YOU SEE ME,1,NOW YOU SEE ME-1,6,JAGUARS
WICKED JAMMERS,6,WICKED JAMMERS-6,6,JAGUARS
ENDLING,4,ENDLING-4,6,JAGUARS
NOWAGS,1,NOWAGS-1,6,JAGUARS
WICKEDAWESOME,1,WICKEDAWESOME-1,6,JAGUARS
ENDLING,5,ENDLING-5,24,RAIDERS
NOWAGS,2,NOWAGS-2,22,CHARGERS
WICKEDAWESOME,2,WICKEDAWESOME-2,12,STEELERS
ENDLING,6,ENDLING-6,6,JAGUARS
NOX AND FRIENDS,1,NOX AND FRIENDS-1,6,JAGUARS
WICKEDAWESOME,3,WICKEDAWESOME-3,22,CHARGERS
ENDLING,7,ENDLING-7,6,JAGUARS
NOX AND FRIENDS,2,NOX AND FRIENDS-2,6,JAGUARS
WICKS2425,1,WICKS2425-1,22,CHARGERS
ENIGMA,1,ENIGMA-1,22,CHARGERS
NOX AND FRIENDS,3,NOX AND FRIENDS-3,6,JAGUARS
WIDE RIGHT,1,WIDE RIGHT-1,6,JAGUARS
ENIGMA,2,ENIGMA-2,6,JAGUARS
NOX AND FRIENDS,4,NOX AND FRIENDS-4,6,JAGUARS
WIDE RIGHT,2,WIDE RIGHT-2,24,RAIDERS
ENIGMA,3,ENIGMA-3,24,RAIDERS
NOX AND FRIENDS,5,NOX AND FRIENDS-5,6,JAGUARS
WIDE RIGHT,3,WIDE RIGHT-3,22,CHARGERS
ENRICO PALLZAZO,1,ENRICO PALLZAZO-1,6,JAGUARS
NSBI,1,NSBI-1,26,EAGLES
Wilbert & CO.,1,Wilbert & CO.-1,12,STEELERS
ENRICO PALLZAZO,2,ENRICO PALLZAZO-2,12,STEELERS
NSBI,10,NSBI-10,12,STEELERS
Wilbert & CO.,2,Wilbert & CO.-2,18,TITANS
ENRICO PALLZAZO,3,ENRICO PALLZAZO-3,6,JAGUARS
NSBI,2,NSBI-2,26,EAGLES
WILD BOARS,1,WILD BOARS-1,22,CHARGERS
ENRICO PALLZAZO,4,ENRICO PALLZAZO-4,26,EAGLES
NSBI,3,NSBI-3,26,EAGLES
wild cats,1,wild cats-1,22,CHARGERS
ENRICO PALLZAZO,5,ENRICO PALLZAZO-5,22,CHARGERS
NSBI,4,NSBI-4,26,EAGLES
wild cats,2,wild cats-2,12,STEELERS
ENRICO PALLZAZO,6,ENRICO PALLZAZO-6,22,CHARGERS
NSBI,5,NSBI-5,26,EAGLES
WILDACES1,1,WILDACES1-1,24,RAIDERS
ensla,1,ensla-1,6,JAGUARS
NSBI,6,NSBI-6,26,EAGLES
WILDACES1,2,WILDACES1-2,18,TITANS
ENZO'S PICKS,1,ENZO'S PICKS-1,20,LIONS
NSBI,7,NSBI-7,26,EAGLES
WILDBILLY78,1,WILDBILLY78-1,6,JAGUARS
ENZO'S PICKS,10,ENZO'S PICKS-10,6,JAGUARS
NSBI,8,NSBI-8,26,EAGLES
WILDBILLY78,2,WILDBILLY78-2,22,CHARGERS
ENZO'S PICKS,2,ENZO'S PICKS-2,22,CHARGERS
NSBI,9,NSBI-9,12,STEELERS
Willhalm,1,Willhalm-1,22,CHARGERS
ENZO'S PICKS,3,ENZO'S PICKS-3,22,CHARGERS
NUCK1,1,NUCK1-1,22,CHARGERS
Willhalm,2,Willhalm-2,12,STEELERS
ENZO'S PICKS,4,ENZO'S PICKS-4,22,CHARGERS
NUCK1,2,NUCK1-2,12,STEELERS
WILLIE BOYS 37,1,WILLIE BOYS 37-1,22,CHARGERS
ENZO'S PICKS,5,ENZO'S PICKS-5,22,CHARGERS
NUDGE,1,NUDGE-1,2,SEAHAWKS
WILLIE BOYS 37,2,WILLIE BOYS 37-2,6,JAGUARS
ENZO'S PICKS,6,ENZO'S PICKS-6,12,STEELERS
NUDGE,2,NUDGE-2,6,JAGUARS
WILLY BALTERS,1,WILLY BALTERS-1,22,CHARGERS
ENZO'S PICKS,7,ENZO'S PICKS-7,12,STEELERS
NUDGE,3,NUDGE-3,9,RAVENS
WILLY BALTERS,10,WILLY BALTERS-10,6,JAGUARS
ENZO'S PICKS,8,ENZO'S PICKS-8,12,STEELERS
NUDGE,4,NUDGE-4,22,CHARGERS
WILLY BALTERS,2,WILLY BALTERS-2,22,CHARGERS
ENZO'S PICKS,9,ENZO'S PICKS-9,22,CHARGERS
NUKALAD,1,NUKALAD-1,6,JAGUARS
WILLY BALTERS,3,WILLY BALTERS-3,22,CHARGERS
EP BOYS,1,EP BOYS-1,12,STEELERS
NUMBERSDOG63,1,NUMBERSDOG63-1,6,JAGUARS
WILLY BALTERS,4,WILLY BALTERS-4,22,CHARGERS
EP BOYS,2,EP BOYS-2,12,STEELERS
NUMBERSDOG63,10,NUMBERSDOG63-10,22,CHARGERS
WILLY BALTERS,5,WILLY BALTERS-5,22,CHARGERS
EP BOYS,3,EP BOYS-3,22,CHARGERS
NUMBERSDOG63,2,NUMBERSDOG63-2,6,JAGUARS
WILLY BALTERS,6,WILLY BALTERS-6,22,CHARGERS
EPANNELL32,1,EPANNELL32-1,22,CHARGERS
NUMBERSDOG63,3,NUMBERSDOG63-3,6,JAGUARS
WILLY BALTERS,7,WILLY BALTERS-7,12,STEELERS
EPC POWDER BLUE CREW,1,EPC POWDER BLUE CREW-1,6,JAGUARS
NUMBERSDOG63,4,NUMBERSDOG63-4,6,JAGUARS
WILLY BALTERS,8,WILLY BALTERS-8,12,STEELERS
EPC POWDER BLUE CREW,2,EPC POWDER BLUE CREW-2,22,CHARGERS
NUMBERSDOG63,5,NUMBERSDOG63-5,6,JAGUARS
WILLY BALTERS,9,WILLY BALTERS-9,6,JAGUARS
EPIC,1,EPIC-1,6,JAGUARS
NUMBERSDOG63,6,NUMBERSDOG63-6,22,CHARGERS
WIN 2026,1,WIN 2026-1,24,RAIDERS
eppy,1,eppy-1,6,JAGUARS
NUMBERSDOG63,7,NUMBERSDOG63-7,22,CHARGERS
WIN 2026,2,WIN 2026-2,24,RAIDERS
eppy,2,eppy-2,12,STEELERS
NUMBERSDOG63,8,NUMBERSDOG63-8,22,CHARGERS
WIN 2026,3,WIN 2026-3,6,JAGUARS
eppy,3,eppy-3,22,CHARGERS
NUMBERSDOG63,9,NUMBERSDOG63-9,22,CHARGERS
WIN WIN WIN,1,WIN WIN WIN-1,6,JAGUARS
eppy,4,eppy-4,12,STEELERS
NUTKRACKER,1,NUTKRACKER-1,22,CHARGERS
WIN1FORSTELLA,1,WIN1FORSTELLA-1,20,LIONS
eppy,5,eppy-5,6,JAGUARS
NUTKRACKER,10,NUTKRACKER-10,22,CHARGERS
WIN1FORSTELLA,2,WIN1FORSTELLA-2,20,LIONS
epstein files,1,epstein files-1,6,JAGUARS
NUTKRACKER,2,NUTKRACKER-2,22,CHARGERS
WIN1FORSTELLA,3,WIN1FORSTELLA-3,12,STEELERS
ergit,1,ergit-1,29,COWBOYS
NUTKRACKER,3,NUTKRACKER-3,22,CHARGERS
WIN1FORSTELLA,4,WIN1FORSTELLA-4,24,RAIDERS
ergit,2,ergit-2,22,CHARGERS
NUTKRACKER,4,NUTKRACKER-4,22,CHARGERS
WIN4DREW,1,WIN4DREW-1,6,JAGUARS
ERGS,1,ERGS-1,6,JAGUARS
NUTKRACKER,5,NUTKRACKER-5,22,CHARGERS
WIN4DREW,2,WIN4DREW-2,6,JAGUARS
ERGS,2,ERGS-2,6,JAGUARS
NUTKRACKER,6,NUTKRACKER-6,22,CHARGERS
WIN4DREW,3,WIN4DREW-3,6,JAGUARS
ERGS,3,ERGS-3,8,BENGALS
NUTKRACKER,7,NUTKRACKER-7,22,CHARGERS
WIN4DREW,4,WIN4DREW-4,12,STEELERS
ERGS,4,ERGS-4,22,CHARGERS
NUTKRACKER,8,NUTKRACKER-8,22,CHARGERS
WIN4DREW,5,WIN4DREW-5,20,LIONS
"ERIC,RELAX",1,"ERIC,RELAX-1",20,LIONS
NUTKRACKER,9,NUTKRACKER-9,22,CHARGERS
WIN4DREW,6,WIN4DREW-6,20,LIONS
"ERIC,RELAX",2,"ERIC,RELAX-2",22,CHARGERS
NUTTER,1,NUTTER-1,6,JAGUARS
WIN4DREW,7,WIN4DREW-7,6,JAGUARS
ERIC,1,ERIC-1,24,RAIDERS
NUTTER,10,NUTTER-10,6,JAGUARS
WIN4DREW,8,WIN4DREW-8,22,CHARGERS
ERICKWILLWIN2026,1,ERICKWILLWIN2026-1,24,RAIDERS
NUTTER,2,NUTTER-2,6,JAGUARS
WINALL49ERS,1,WINALL49ERS-1,6,JAGUARS
ERICKWILLWIN2026,2,ERICKWILLWIN2026-2,24,RAIDERS
NUTTER,3,NUTTER-3,6,JAGUARS
WINALL49ERS,2,WINALL49ERS-2,22,CHARGERS
erok,1,erok-1,12,STEELERS
NUTTER,4,NUTTER-4,6,JAGUARS
WINDERS WARRIORS,1,WINDERS WARRIORS-1,12,STEELERS
ERT 11,1,ERT 11-1,22,CHARGERS
NUTTER,5,NUTTER-5,6,JAGUARS
WINDERS WARRIORS,2,WINDERS WARRIORS-2,6,JAGUARS
ERUGGER,1,ERUGGER-1,12,STEELERS
NUTTER,6,NUTTER-6,6,JAGUARS
Windpoint Pump,1,Windpoint Pump-1,22,CHARGERS
ERUGGER,2,ERUGGER-2,22,CHARGERS
NUTTER,7,NUTTER-7,6,JAGUARS
WINDY CITY WINNERS,1,WINDY CITY WINNERS-1,22,CHARGERS
ESP1295,1,ESP1295-1,12,STEELERS
NUTTER,8,NUTTER-8,6,JAGUARS
WINDY CITY WINNERS,2,WINDY CITY WINNERS-2,12,STEELERS
ESP1295,2,ESP1295-2,12,STEELERS
NUTTER,9,NUTTER-9,6,JAGUARS
WINDY CITY WINNERS,3,WINDY CITY WINNERS-3,6,JAGUARS
ESP1295,3,ESP1295-3,22,CHARGERS
NVAZ,1,NVAZ-1,6,JAGUARS
WINDY CITY WINNERS,4,WINDY CITY WINNERS-4,6,JAGUARS
ESP1295,4,ESP1295-4,6,JAGUARS
NVAZ,2,NVAZ-2,6,JAGUARS
WINGJAN039,1,WINGJAN039-1,22,CHARGERS
ESSE BOYZ,1,ESSE BOYZ-1,12,STEELERS
NVAZ,3,NVAZ-3,6,JAGUARS
WINGMASTER,1,WINGMASTER-1,6,JAGUARS
ESSE BOYZ,2,ESSE BOYZ-2,6,JAGUARS
NVAZ,4,NVAZ-4,6,JAGUARS
WINK,1,WINK-1,24,RAIDERS
ESTEWAZ,1,ESTEWAZ-1,22,CHARGERS
NVLIFEPEP,1,NVLIFEPEP-1,22,CHARGERS
WINKS1,1,WINKS1-1,8,BENGALS
ET SURVIVOR POOL,1,ET SURVIVOR POOL-1,22,CHARGERS
NVLIFEPEP,2,NVLIFEPEP-2,6,JAGUARS
WINNER'S CIRCLE,1,WINNER'S CIRCLE-1,20,LIONS
ET SURVIVOR POOL,2,ET SURVIVOR POOL-2,22,CHARGERS
NWURM 42,1,NWURM 42-1,6,JAGUARS
WINNER,1,WINNER-1,6,JAGUARS
ET SURVIVOR POOL,3,ET SURVIVOR POOL-3,6,JAGUARS
NWURM 42,2,NWURM 42-2,22,CHARGERS
WINNERCHICKENDINNER,1,WINNERCHICKENDINNER-1,6,JAGUARS
ET SURVIVOR POOL,4,ET SURVIVOR POOL-4,20,LIONS
NWURM 42,3,NWURM 42-3,6,JAGUARS
WINNERCHICKENDINNER,2,WINNERCHICKENDINNER-2,22,CHARGERS
ET SURVIVOR POOL,5,ET SURVIVOR POOL-5,12,STEELERS
NWURM 42,4,NWURM 42-4,20,LIONS
WINNERCHICKENDINNER,3,WINNERCHICKENDINNER-3,22,CHARGERS
ETCH SPORTSBETTING,1,ETCH SPORTSBETTING-1,22,CHARGERS
NWURM 42,5,NWURM 42-5,24,RAIDERS
WINNERS ONLY,1,WINNERS ONLY-1,6,JAGUARS
EVANS UNIT,1,EVANS UNIT-1,26,EAGLES
NY GRK,1,NY GRK-1,22,CHARGERS
winnerwinner,1,winnerwinner-1,22,CHARGERS
EVELYN888,1,EVELYN888-1,22,CHARGERS
NYBALLERZ,1,NYBALLERZ-1,26,EAGLES
winnerwinner,10,winnerwinner-10,12,STEELERS
EVELYN888,10,EVELYN888-10,22,CHARGERS
NYBALLERZ,2,NYBALLERZ-2,26,EAGLES
winnerwinner,2,winnerwinner-2,22,CHARGERS
EVELYN888,2,EVELYN888-2,22,CHARGERS
NYBALLERZ,3,NYBALLERZ-3,26,EAGLES
winnerwinner,3,winnerwinner-3,22,CHARGERS
EVELYN888,3,EVELYN888-3,22,CHARGERS
NYBALLERZ,4,NYBALLERZ-4,26,EAGLES
winnerwinner,4,winnerwinner-4,6,JAGUARS
EVELYN888,4,EVELYN888-4,22,CHARGERS
NYBALLERZ,5,NYBALLERZ-5,6,JAGUARS
winnerwinner,5,winnerwinner-5,6,JAGUARS
EVELYN888,5,EVELYN888-5,22,CHARGERS
NYBALLERZ,6,NYBALLERZ-6,6,JAGUARS
winnerwinner,6,winnerwinner-6,6,JAGUARS
EVELYN888,6,EVELYN888-6,22,CHARGERS
NYC DEGENS,1,NYC DEGENS-1,6,JAGUARS
winnerwinner,7,winnerwinner-7,20,LIONS
EVELYN888,7,EVELYN888-7,22,CHARGERS
NYC DEGENS,2,NYC DEGENS-2,22,CHARGERS
winnerwinner,8,winnerwinner-8,20,LIONS
EVELYN888,8,EVELYN888-8,22,CHARGERS
NYCMEM,1,NYCMEM-1,6,JAGUARS
winnerwinner,9,winnerwinner-9,20,LIONS
EVELYN888,9,EVELYN888-9,22,CHARGERS
NYLER,1,NYLER-1,26,EAGLES
WINNING ANGLE,1,WINNING ANGLE-1,6,JAGUARS
EVERBODYNEEDSAGAR,1,EVERBODYNEEDSAGAR-1,22,CHARGERS
NYLER,10,NYLER-10,26,EAGLES
WINNING BINNING,1,WINNING BINNING-1,6,JAGUARS
EVERBODYNEEDSAGAR,2,EVERBODYNEEDSAGAR-2,6,JAGUARS
NYLER,2,NYLER-2,26,EAGLES
winning team,1,winning team-1,12,STEELERS
EVERBODYNEEDSAGAR,3,EVERBODYNEEDSAGAR-3,22,CHARGERS
NYLER,3,NYLER-3,26,EAGLES
winning team,10,winning team-10,6,JAGUARS
EVICTIONEVAN,1,EVICTIONEVAN-1,12,STEELERS
NYLER,4,NYLER-4,26,EAGLES
winning team,2,winning team-2,12,STEELERS
EVMIMI 23,1,EVMIMI 23-1,6,JAGUARS
NYLER,5,NYLER-5,26,EAGLES
winning team,3,winning team-3,12,STEELERS
EWEEZY88,1,EWEEZY88-1,22,CHARGERS
NYLER,6,NYLER-6,26,EAGLES
winning team,4,winning team-4,12,STEELERS
EWEEZY88,2,EWEEZY88-2,6,JAGUARS
NYLER,7,NYLER-7,26,EAGLES
winning team,5,winning team-5,12,STEELERS
EWEEZY88,3,EWEEZY88-3,22,CHARGERS
NYLER,8,NYLER-8,26,EAGLES
winning team,6,winning team-6,6,JAGUARS
EWEEZY88,4,EWEEZY88-4,22,CHARGERS
NYLER,9,NYLER-9,26,EAGLES
winning team,7,winning team-7,6,JAGUARS
EWEEZY88,5,EWEEZY88-5,12,STEELERS
NZP,1,NZP-1,6,JAGUARS
winning team,8,winning team-8,6,JAGUARS
Excel Power,1,Excel Power-1,20,LIONS
NZP,10,NZP-10,24,RAIDERS
winning team,9,winning team-9,6,JAGUARS
Excel Power,2,Excel Power-2,12,STEELERS
NZP,2,NZP-2,6,JAGUARS
WinningIn2026,1,WinningIn2026-1,22,CHARGERS
EXCELLENT DRIVER,1,EXCELLENT DRIVER-1,22,CHARGERS
NZP,3,NZP-3,6,JAGUARS
WinningIn2026,2,WinningIn2026-2,6,JAGUARS
EXCELLENT DRIVER,2,EXCELLENT DRIVER-2,6,JAGUARS
NZP,4,NZP-4,12,STEELERS
WinningIn2026,3,WinningIn2026-3,22,CHARGERS
EXCELLENTO,1,EXCELLENTO-1,6,JAGUARS
NZP,5,NZP-5,12,STEELERS
WinningIn2026,4,WinningIn2026-4,24,RAIDERS
EXCELLER,1,EXCELLER-1,12,STEELERS
NZP,6,NZP-6,12,STEELERS
WINNINGWAGERSMD,1,WINNINGWAGERSMD-1,24,RAIDERS
EXCELLER,2,EXCELLER-2,6,JAGUARS
NZP,7,NZP-7,22,CHARGERS
WINNINGWAGERSMD,2,WINNINGWAGERSMD-2,22,CHARGERS
EXCELLER,3,EXCELLER-3,6,JAGUARS
NZP,8,NZP-8,22,CHARGERS
WINNINGWAGERSMD,3,WINNINGWAGERSMD-3,6,JAGUARS
EXCELLER,4,EXCELLER-4,22,CHARGERS
NZP,9,NZP-9,24,RAIDERS
WINNINGWAGERSMD,4,WINNINGWAGERSMD-4,6,JAGUARS
EYE TEAM,1,EYE TEAM-1,6,JAGUARS
O EIGHTERS,1,O EIGHTERS-1,6,JAGUARS
WINNINGWAGERSMD,5,WINNINGWAGERSMD-5,12,STEELERS
EYE TEAM,10,EYE TEAM-10,2,SEAHAWKS
O-TOWN 86ERS,1,O-TOWN 86ERS-1,6,JAGUARS
winnipeg jeafs,1,winnipeg jeafs-1,22,CHARGERS
EYE TEAM,2,EYE TEAM-2,22,CHARGERS
O-TOWN 86ERS,2,O-TOWN 86ERS-2,12,STEELERS
WINTER RULES,1,WINTER RULES-1,22,CHARGERS
EYE TEAM,3,EYE TEAM-3,22,CHARGERS
OAK CLIFF LEGENDS,1,OAK CLIFF LEGENDS-1,12,STEELERS
WINTER RULES,2,WINTER RULES-2,26,EAGLES
EYE TEAM,4,EYE TEAM-4,22,CHARGERS
Oak Nation,1,Oak Nation-1,6,JAGUARS
WINTER RULES,3,WINTER RULES-3,12,STEELERS
EYE TEAM,5,EYE TEAM-5,12,STEELERS
OAKCITYBETTINGGROUP,1,OAKCITYBETTINGGROUP-1,22,CHARGERS
WINTER RULES,4,WINTER RULES-4,20,LIONS
EYE TEAM,6,EYE TEAM-6,12,STEELERS
OAKCITYBETTINGGROUP,2,OAKCITYBETTINGGROUP-2,6,JAGUARS
WINTHEGAME,1,WINTHEGAME-1,6,JAGUARS
EYE TEAM,7,EYE TEAM-7,12,STEELERS
OAKCITYBETTINGGROUP,3,OAKCITYBETTINGGROUP-3,6,JAGUARS
WINTHEGAME,2,WINTHEGAME-2,12,STEELERS
EYE TEAM,8,EYE TEAM-8,6,JAGUARS
OAKCITYBETTINGGROUP,4,OAKCITYBETTINGGROUP-4,12,STEELERS
WIRE MEN 357,1,WIRE MEN 357-1,6,JAGUARS
EYE TEAM,9,EYE TEAM-9,6,JAGUARS
OAKCITYBETTINGGROUP,5,OAKCITYBETTINGGROUP-5,18,TITANS
WIRE TO WIRE,1,WIRE TO WIRE-1,6,JAGUARS
EYES,1,EYES-1,6,JAGUARS
OAKCITYBETTINGGROUP,6,OAKCITYBETTINGGROUP-6,22,CHARGERS
WIRETOWIRE,1,WIRETOWIRE-1,12,STEELERS
EZ PICKS,1,EZ PICKS-1,22,CHARGERS
OAKTOWNAGE,1,OAKTOWNAGE-1,12,STEELERS
WIRETOWIRE,2,WIRETOWIRE-2,24,RAIDERS
EZ PICKS,2,EZ PICKS-2,22,CHARGERS
OB KIEV,1,OB KIEV-1,6,JAGUARS
WISCO,1,WISCO-1,22,CHARGERS
EZ PICKS,3,EZ PICKS-3,6,JAGUARS
OBA FEMINIST,1,OBA FEMINIST-1,20,LIONS
WISCO,2,WISCO-2,6,JAGUARS
EZ PICKS,4,EZ PICKS-4,20,LIONS
OBA FEMINIST,10,OBA FEMINIST-10,8,BENGALS
WISCO,3,WISCO-3,6,JAGUARS
EZ PICKS,5,EZ PICKS-5,12,STEELERS
OBA FEMINIST,2,OBA FEMINIST-2,20,LIONS
WISCO,4,WISCO-4,22,CHARGERS
EZ PICKS,6,EZ PICKS-6,22,CHARGERS
OBA FEMINIST,3,OBA FEMINIST-3,20,LIONS
WISCO,5,WISCO-5,12,STEELERS
EZ PICKS,7,EZ PICKS-7,22,CHARGERS
OBA FEMINIST,4,OBA FEMINIST-4,20,LIONS
WISEASS,1,WISEASS-1,22,CHARGERS
EZ PICKS,8,EZ PICKS-8,12,STEELERS
OBA FEMINIST,5,OBA FEMINIST-5,20,LIONS
WISEASS,10,WISEASS-10,6,JAGUARS
EZACK,1,EZACK-1,6,JAGUARS
OBA FEMINIST,6,OBA FEMINIST-6,20,LIONS
WISEASS,2,WISEASS-2,22,CHARGERS
EZACK,10,EZACK-10,6,JAGUARS
OBA FEMINIST,7,OBA FEMINIST-7,20,LIONS
WISEASS,3,WISEASS-3,6,JAGUARS
EZACK,2,EZACK-2,6,JAGUARS
OBA FEMINIST,8,OBA FEMINIST-8,9,RAVENS
WISEASS,4,WISEASS-4,22,CHARGERS
EZACK,3,EZACK-3,6,JAGUARS
OBA FEMINIST,9,OBA FEMINIST-9,9,RAVENS
WISEASS,5,WISEASS-5,22,CHARGERS
EZACK,4,EZACK-4,6,JAGUARS
OBIWONFOXX,1,OBIWONFOXX-1,6,JAGUARS
WISEASS,6,WISEASS-6,20,LIONS
EZACK,5,EZACK-5,6,JAGUARS
OBSCENE MONEY,1,OBSCENE MONEY-1,22,CHARGERS
WISEASS,7,WISEASS-7,22,CHARGERS
EZACK,6,EZACK-6,6,JAGUARS
OBSCENE MONEY,2,OBSCENE MONEY-2,2,SEAHAWKS
WISEASS,8,WISEASS-8,22,CHARGERS
EZACK,7,EZACK-7,6,JAGUARS
OC BALLERS,1,OC BALLERS-1,22,CHARGERS
WISEASS,9,WISEASS-9,6,JAGUARS
EZACK,8,EZACK-8,6,JAGUARS
OC BALLERS,2,OC BALLERS-2,4,RAMS
WISEGUYS-MN,1,WISEGUYS-MN-1,6,JAGUARS
EZACK,9,EZACK-9,6,JAGUARS
OC BALLERS,3,OC BALLERS-3,6,JAGUARS
WISEGUYS-MN,2,WISEGUYS-MN-2,22,CHARGERS
EZETRIBE 2,1,EZETRIBE 2-1,6,JAGUARS
OC BALLERS,4,OC BALLERS-4,22,CHARGERS
WISH ME LUCK,1,WISH ME LUCK-1,22,CHARGERS
EZPick,1,EZPick-1,24,RAIDERS
OC BALLERS,5,OC BALLERS-5,9,RAVENS
WISH ME LUCK,10,WISH ME LUCK-10,22,CHARGERS
EZPick,2,EZPick-2,12,STEELERS
OC BALLERS,6,OC BALLERS-6,26,EAGLES
WISH ME LUCK,2,WISH ME LUCK-2,6,JAGUARS
EZPick,3,EZPick-3,12,STEELERS
OC BALLERS,7,OC BALLERS-7,22,CHARGERS
WISH ME LUCK,3,WISH ME LUCK-3,12,STEELERS
EZPick,4,EZPick-4,6,JAGUARS
OC BALLERS,8,OC BALLERS-8,6,JAGUARS
WISH ME LUCK,4,WISH ME LUCK-4,6,JAGUARS
EZPick,5,EZPick-5,8,BENGALS
OCALAPV,1,OCALAPV-1,12,STEELERS
WISH ME LUCK,5,WISH ME LUCK-5,6,JAGUARS
EZPick,6,EZPick-6,22,CHARGERS
OCAMPO,1,OCAMPO-1,22,CHARGERS
WISH ME LUCK,6,WISH ME LUCK-6,22,CHARGERS
FA,1,FA-1,6,JAGUARS
OCANDYO,1,OCANDYO-1,22,CHARGERS
WISH ME LUCK,7,WISH ME LUCK-7,22,CHARGERS
FA,2,FA-2,26,EAGLES
OcBoys,1,OcBoys-1,6,JAGUARS
WISH ME LUCK,8,WISH ME LUCK-8,22,CHARGERS
FA,3,FA-3,22,CHARGERS
OcBoys,2,OcBoys-2,22,CHARGERS
WISH ME LUCK,9,WISH ME LUCK-9,22,CHARGERS
FAB FIVE,1,FAB FIVE-1,6,JAGUARS
OcBoys,3,OcBoys-3,20,LIONS
WISHING WELLS,1,WISHING WELLS-1,22,CHARGERS
FAB FIVE,10,FAB FIVE-10,20,LIONS
OcBoys,4,OcBoys-4,12,STEELERS
WITAMIN JK,1,WITAMIN JK-1,20,LIONS
FAB FIVE,2,FAB FIVE-2,6,JAGUARS
OcBoys,5,OcBoys-5,6,JAGUARS
WITHORAT,1,WITHORAT-1,12,STEELERS
FAB FIVE,3,FAB FIVE-3,6,JAGUARS
OcBoys,6,OcBoys-6,20,LIONS
WITHORAT,2,WITHORAT-2,12,STEELERS
FAB FIVE,4,FAB FIVE-4,6,JAGUARS
OcBoys,7,OcBoys-7,6,JAGUARS
WITHORAT,3,WITHORAT-3,12,STEELERS
FAB FIVE,5,FAB FIVE-5,6,JAGUARS
OcBoys,8,OcBoys-8,22,CHARGERS
WITHORAT,4,WITHORAT-4,6,JAGUARS
FAB FIVE,6,FAB FIVE-6,20,LIONS
OCEAN STATESURVIVORS,1,OCEAN STATESURVIVORS-1,22,CHARGERS
WITHORAT,5,WITHORAT-5,6,JAGUARS
FAB FIVE,7,FAB FIVE-7,20,LIONS
OCEAN STATESURVIVORS,2,OCEAN STATESURVIVORS-2,22,CHARGERS
WITHORAT,6,WITHORAT-6,6,JAGUARS
FAB FIVE,8,FAB FIVE-8,20,LIONS
OCEAN STATESURVIVORS,3,OCEAN STATESURVIVORS-3,22,CHARGERS
WIVES DON'T KNOW,1,WIVES DON'T KNOW-1,22,CHARGERS
FAB FIVE,9,FAB FIVE-9,20,LIONS
OCEAN STATESURVIVORS,4,OCEAN STATESURVIVORS-4,22,CHARGERS
Wizard + Friends,1,Wizard + Friends-1,6,JAGUARS
fab5,1,fab5-1,22,CHARGERS
OCEAN STATESURVIVORS,5,OCEAN STATESURVIVORS-5,6,JAGUARS
Wizard + Friends,2,Wizard + Friends-2,24,RAIDERS
fade the plebs,1,fade the plebs-1,12,STEELERS
OCEAN STATESURVIVORS,6,OCEAN STATESURVIVORS-6,6,JAGUARS
Wizard + Friends,3,Wizard + Friends-3,6,JAGUARS
FADELANG,1,FADELANG-1,22,CHARGERS
OCEAN STATESURVIVORS,7,OCEAN STATESURVIVORS-7,6,JAGUARS
Wizard + Friends,4,Wizard + Friends-4,6,JAGUARS
FADELANG,2,FADELANG-2,22,CHARGERS
OCEAN STATESURVIVORS,8,OCEAN STATESURVIVORS-8,6,JAGUARS
Wizard + Friends,5,Wizard + Friends-5,18,TITANS
FADELANG,3,FADELANG-3,24,RAIDERS
OCIDIANS,1,OCIDIANS-1,6,JAGUARS
WIZARD 22,1,WIZARD 22-1,22,CHARGERS
FADIES,1,FADIES-1,20,LIONS
OCIDIANS,2,OCIDIANS-2,22,CHARGERS
WIZARD 22,2,WIZARD 22-2,20,LIONS
FAIRY DUST,1,FAIRY DUST-1,12,STEELERS
OCONNORDREW,1,OCONNORDREW-1,22,CHARGERS
WIZARD 22,3,WIZARD 22-3,6,JAGUARS
FAIRY DUST,2,FAIRY DUST-2,6,JAGUARS
OCONNORDREW,2,OCONNORDREW-2,22,CHARGERS
WJS CHICAGO,1,WJS CHICAGO-1,6,JAGUARS
FAIRY DUST,3,FAIRY DUST-3,6,JAGUARS
OCONNORDREW,3,OCONNORDREW-3,12,STEELERS
WJS CHICAGO,10,WJS CHICAGO-10,6,JAGUARS
FAIRY DUST,4,FAIRY DUST-4,6,JAGUARS
OCONNORDREW,4,OCONNORDREW-4,6,JAGUARS
WJS CHICAGO,2,WJS CHICAGO-2,6,JAGUARS
Fallriver,1,Fallriver-1,6,JAGUARS
ODBMG,1,ODBMG-1,6,JAGUARS
WJS CHICAGO,3,WJS CHICAGO-3,22,CHARGERS
Fallriver,2,Fallriver-2,12,STEELERS
ODBMG,10,ODBMG-10,22,CHARGERS
WJS CHICAGO,4,WJS CHICAGO-4,22,CHARGERS
Fallriver,3,Fallriver-3,23,DOLPHINS
ODBMG,2,ODBMG-2,6,JAGUARS
WJS CHICAGO,5,WJS CHICAGO-5,22,CHARGERS
FAME&FORTUNE,1,FAME&FORTUNE-1,22,CHARGERS
ODBMG,3,ODBMG-3,6,JAGUARS
WJS CHICAGO,6,WJS CHICAGO-6,6,JAGUARS
FamilyMan1208,1,FamilyMan1208-1,23,DOLPHINS
ODBMG,4,ODBMG-4,6,JAGUARS
WJS CHICAGO,7,WJS CHICAGO-7,22,CHARGERS
FanBoys,1,FanBoys-1,24,RAIDERS
ODBMG,5,ODBMG-5,6,JAGUARS
WJS CHICAGO,8,WJS CHICAGO-8,22,CHARGERS
FanBoys,10,FanBoys-10,6,JAGUARS
ODBMG,6,ODBMG-6,12,STEELERS
WJS CHICAGO,9,WJS CHICAGO-9,6,JAGUARS
FanBoys,2,FanBoys-2,12,STEELERS
ODBMG,7,ODBMG-7,12,STEELERS
WND,1,WND-1,22,CHARGERS
FanBoys,3,FanBoys-3,6,JAGUARS
ODBMG,8,ODBMG-8,12,STEELERS
WND,10,WND-10,6,JAGUARS
FanBoys,4,FanBoys-4,12,STEELERS
ODBMG,9,ODBMG-9,17,JETS
WND,2,WND-2,12,STEELERS
FanBoys,5,FanBoys-5,22,CHARGERS
ODBMGFTW,1,ODBMGFTW-1,6,JAGUARS
WND,3,WND-3,20,LIONS
FanBoys,6,FanBoys-6,6,JAGUARS
ODBMGFTW,10,ODBMGFTW-10,26,EAGLES
WND,4,WND-4,22,CHARGERS
FanBoys,7,FanBoys-7,22,CHARGERS
ODBMGFTW,2,ODBMGFTW-2,6,JAGUARS
WND,5,WND-5,6,JAGUARS
FanBoys,8,FanBoys-8,6,JAGUARS
ODBMGFTW,3,ODBMGFTW-3,6,JAGUARS
WND,6,WND-6,22,CHARGERS
FanBoys,9,FanBoys-9,6,JAGUARS
ODBMGFTW,4,ODBMGFTW-4,6,JAGUARS
WND,7,WND-7,22,CHARGERS
FANCY FEET 4,1,FANCY FEET 4-1,18,TITANS
ODBMGFTW,5,ODBMGFTW-5,6,JAGUARS
WND,8,WND-8,6,JAGUARS
FANCY FEET 4,2,FANCY FEET 4-2,22,CHARGERS
ODBMGFTW,6,ODBMGFTW-6,12,STEELERS
WND,9,WND-9,26,EAGLES
FANCY FEET 4,3,FANCY FEET 4-3,6,JAGUARS
ODBMGFTW,7,ODBMGFTW-7,12,STEELERS
wolf cola,1,wolf cola-1,22,CHARGERS
fantastic five,1,fantastic five-1,6,JAGUARS
ODBMGFTW,8,ODBMGFTW-8,12,STEELERS
wolf cola,2,wolf cola-2,22,CHARGERS
fantastic five,10,fantastic five-10,22,CHARGERS
ODBMGFTW,9,ODBMGFTW-9,26,EAGLES
wolf cola,3,wolf cola-3,22,CHARGERS
fantastic five,2,fantastic five-2,22,CHARGERS
ODIN PODIN,1,ODIN PODIN-1,22,CHARGERS
wolf cola,4,wolf cola-4,6,JAGUARS
fantastic five,3,fantastic five-3,6,JAGUARS
Odugan16,1,Odugan16-1,22,CHARGERS
wolf cola,5,wolf cola-5,22,CHARGERS
fantastic five,4,fantastic five-4,20,LIONS
Off The Hook,1,Off The Hook-1,12,STEELERS
wolf cola,6,wolf cola-6,6,JAGUARS
fantastic five,5,fantastic five-5,22,CHARGERS
OFFGREEN,1,OFFGREEN-1,22,CHARGERS
WOLF CREEK,1,WOLF CREEK-1,6,JAGUARS
fantastic five,6,fantastic five-6,22,CHARGERS
OFFY'S PAGE,1,OFFY'S PAGE-1,22,CHARGERS
WOLF CREEK,2,WOLF CREEK-2,6,JAGUARS
fantastic five,7,fantastic five-7,22,CHARGERS
og bobby johnson,1,og bobby johnson-1,6,JAGUARS
WOLF CREEK,3,WOLF CREEK-3,22,CHARGERS
fantastic five,8,fantastic five-8,22,CHARGERS
OG JOHN,1,OG JOHN-1,6,JAGUARS
WOLF CREEK,4,WOLF CREEK-4,20,LIONS
fantastic five,9,fantastic five-9,22,CHARGERS
OG JOHN,2,OG JOHN-2,22,CHARGERS
WOLF CREEK,5,WOLF CREEK-5,24,RAIDERS
FANTASY FLOOZIE,1,FANTASY FLOOZIE-1,6,JAGUARS
OG JOHN,3,OG JOHN-3,22,CHARGERS
WOLF VILLAGE,1,WOLF VILLAGE-1,12,STEELERS
FANTASY FLOOZIE,2,FANTASY FLOOZIE-2,22,CHARGERS
OG JOHN,4,OG JOHN-4,6,JAGUARS
WOLFPACK 17,1,WOLFPACK 17-1,12,STEELERS
FANTASY FLOOZIE,3,FANTASY FLOOZIE-3,20,LIONS
OG JOHN,5,OG JOHN-5,12,STEELERS
WOLVERINE,1,WOLVERINE-1,6,JAGUARS
FANTASY FLOOZIE,4,FANTASY FLOOZIE-4,22,CHARGERS
og,1,og-1,20,LIONS
WOLVERINE,2,WOLVERINE-2,22,CHARGERS
FARHAN FAIZ,1,FARHAN FAIZ-1,2,SEAHAWKS
og,2,og-2,22,CHARGERS
WOLVERINE,3,WOLVERINE-3,12,STEELERS
FARHAN FAIZ,2,FARHAN FAIZ-2,22,CHARGERS
og,3,og-3,22,CHARGERS
WON MORE JACKET,1,WON MORE JACKET-1,6,JAGUARS
FARHAN FAIZ,3,FARHAN FAIZ-3,20,LIONS
OGIE OGILTHORPE,1,OGIE OGILTHORPE-1,24,RAIDERS
WON MORE JACKET,2,WON MORE JACKET-2,6,JAGUARS
FARHAN FAIZ,4,FARHAN FAIZ-4,22,CHARGERS
OGIE OGILTHORPE,2,OGIE OGILTHORPE-2,6,JAGUARS
WON MORE JACKET,3,WON MORE JACKET-3,22,CHARGERS
FARHAN FAIZ,5,FARHAN FAIZ-5,20,LIONS
OGIE OGILTHORPE,3,OGIE OGILTHORPE-3,12,STEELERS
WON MORE JACKET,4,WON MORE JACKET-4,22,CHARGERS
FARHAN FAIZ,6,FARHAN FAIZ-6,24,RAIDERS
OGIE OGILTHORPE,4,OGIE OGILTHORPE-4,6,JAGUARS
WON MORE JACKET,5,WON MORE JACKET-5,12,STEELERS
FARHAN FAIZ,7,FARHAN FAIZ-7,6,JAGUARS
OGIE OGILTHORPE,5,OGIE OGILTHORPE-5,12,STEELERS
WON MORE JACKET,6,WON MORE JACKET-6,12,STEELERS
farmer noori,1,farmer noori-1,9,RAVENS
OGIE OGILTHORPE,6,OGIE OGILTHORPE-6,24,RAIDERS
WON MORE JACKET,7,WON MORE JACKET-7,8,BENGALS
farmer noori,2,farmer noori-2,12,STEELERS
OGIE OGILTHORPE,7,OGIE OGILTHORPE-7,17,JETS
WONDER BUNZ,1,WONDER BUNZ-1,6,JAGUARS
farmer noori,3,farmer noori-3,6,JAGUARS
OHDEAR,1,OHDEAR-1,12,STEELERS
WONDER BUNZ,10,WONDER BUNZ-10,6,JAGUARS
FARMERJOE2,1,FARMERJOE2-1,17,JETS
OHDEAR,10,OHDEAR-10,22,CHARGERS
WONDER BUNZ,2,WONDER BUNZ-2,6,JAGUARS
FARMHOUSE,1,FARMHOUSE-1,12,STEELERS
OHDEAR,2,OHDEAR-2,6,JAGUARS
WONDER BUNZ,3,WONDER BUNZ-3,6,JAGUARS
FARMHOUSE,2,FARMHOUSE-2,24,RAIDERS
OHDEAR,3,OHDEAR-3,22,CHARGERS
WONDER BUNZ,4,WONDER BUNZ-4,6,JAGUARS
FARMHOUSE,3,FARMHOUSE-3,6,JAGUARS
OHDEAR,4,OHDEAR-4,12,STEELERS
WONDER BUNZ,5,WONDER BUNZ-5,6,JAGUARS
FASSMAN11,1,FASSMAN11-1,22,CHARGERS
OHDEAR,5,OHDEAR-5,22,CHARGERS
WONDER BUNZ,6,WONDER BUNZ-6,6,JAGUARS
FAST AND LOOSE,1,FAST AND LOOSE-1,6,JAGUARS
OHDEAR,6,OHDEAR-6,6,JAGUARS
WONDER BUNZ,7,WONDER BUNZ-7,6,JAGUARS
FAST AND LOOSE,2,FAST AND LOOSE-2,6,JAGUARS
OHDEAR,7,OHDEAR-7,6,JAGUARS
WONDER BUNZ,8,WONDER BUNZ-8,6,JAGUARS
FAST AND LOOSE,3,FAST AND LOOSE-3,12,STEELERS
OHDEAR,8,OHDEAR-8,22,CHARGERS
WONDER BUNZ,9,WONDER BUNZ-9,6,JAGUARS
FAST AND LOOSE,4,FAST AND LOOSE-4,22,CHARGERS
OHDEAR,9,OHDEAR-9,6,JAGUARS
WONDER TWINS,1,WONDER TWINS-1,22,CHARGERS
FAST AND LOOSE,5,FAST AND LOOSE-5,22,CHARGERS
Ohio Gal 1996,1,Ohio Gal 1996-1,22,CHARGERS
WONDERWALL,1,WONDERWALL-1,22,CHARGERS
Fast Break LV,1,Fast Break LV-1,22,CHARGERS
OHIO X3,1,OHIO X3-1,6,JAGUARS
WONDERWALL,2,WONDERWALL-2,6,JAGUARS
fast lane,1,fast lane-1,20,LIONS
ohrebel9,1,ohrebel9-1,6,JAGUARS
WONDERWALL,3,WONDERWALL-3,22,CHARGERS
fast lane,10,fast lane-10,20,LIONS
OJ LIMPSIN,1,OJ LIMPSIN-1,26,EAGLES
WONDERWALL,4,WONDERWALL-4,6,JAGUARS
fast lane,2,fast lane-2,20,LIONS
OJ LIMPSIN,10,OJ LIMPSIN-10,26,EAGLES
WONDERWALL,5,WONDERWALL-5,24,RAIDERS
fast lane,3,fast lane-3,20,LIONS
OJ LIMPSIN,2,OJ LIMPSIN-2,26,EAGLES
WONDERWALL,6,WONDERWALL-6,12,STEELERS
fast lane,4,fast lane-4,20,LIONS
OJ LIMPSIN,3,OJ LIMPSIN-3,26,EAGLES
WONDERWALL,7,WONDERWALL-7,6,JAGUARS
fast lane,5,fast lane-5,20,LIONS
OJ LIMPSIN,4,OJ LIMPSIN-4,26,EAGLES
WONKAVISION,1,WONKAVISION-1,24,RAIDERS
fast lane,6,fast lane-6,20,LIONS
OJ LIMPSIN,5,OJ LIMPSIN-5,26,EAGLES
WONTYME,1,WONTYME-1,22,CHARGERS
fast lane,7,fast lane-7,20,LIONS
OJ LIMPSIN,6,OJ LIMPSIN-6,26,EAGLES
WONTYME,2,WONTYME-2,22,CHARGERS
fast lane,8,fast lane-8,20,LIONS
OJ LIMPSIN,7,OJ LIMPSIN-7,26,EAGLES
WOO HOO QUINTEX,1,WOO HOO QUINTEX-1,22,CHARGERS
fast lane,9,fast lane-9,20,LIONS
OJ LIMPSIN,8,OJ LIMPSIN-8,26,EAGLES
WOO HOO QUINTEX,2,WOO HOO QUINTEX-2,6,JAGUARS
FAT FRANKIE,1,FAT FRANKIE-1,12,STEELERS
OJ LIMPSIN,9,OJ LIMPSIN-9,26,EAGLES
WOODMAN,1,WOODMAN-1,12,STEELERS
FAT FRANKIE,10,FAT FRANKIE-10,22,CHARGERS
OKC THUNDER BUDDIES,1,OKC THUNDER BUDDIES-1,6,JAGUARS
WOODMAN,2,WOODMAN-2,12,STEELERS
FAT FRANKIE,2,FAT FRANKIE-2,12,STEELERS
OKLAHOMA BADGER,1,OKLAHOMA BADGER-1,6,JAGUARS
WOODMAN,3,WOODMAN-3,12,STEELERS
FAT FRANKIE,3,FAT FRANKIE-3,8,BENGALS
OKLAHOMA BADGER,2,OKLAHOMA BADGER-2,6,JAGUARS
WOODMAN,4,WOODMAN-4,12,STEELERS
FAT FRANKIE,4,FAT FRANKIE-4,6,JAGUARS
OKLAHOMA BADGER,3,OKLAHOMA BADGER-3,6,JAGUARS
WOODMAN,5,WOODMAN-5,12,STEELERS
FAT FRANKIE,5,FAT FRANKIE-5,6,JAGUARS
OKLAHOMA BADGER,4,OKLAHOMA BADGER-4,22,CHARGERS
WOODMAN,6,WOODMAN-6,9,RAVENS
FAT FRANKIE,6,FAT FRANKIE-6,6,JAGUARS
OLD HAM,1,OLD HAM-1,12,STEELERS
WOODWARD CROSSINGS,1,WOODWARD CROSSINGS-1,6,JAGUARS
FAT FRANKIE,7,FAT FRANKIE-7,20,LIONS
OLD HAM,10,OLD HAM-10,20,LIONS
WOODWARD CROSSINGS,2,WOODWARD CROSSINGS-2,22,CHARGERS
FAT FRANKIE,8,FAT FRANKIE-8,26,EAGLES
OLD HAM,2,OLD HAM-2,12,STEELERS
WOODYK,1,WOODYK-1,22,CHARGERS
FAT FRANKIE,9,FAT FRANKIE-9,22,CHARGERS
OLD HAM,3,OLD HAM-3,12,STEELERS
WOODYWOOD7,1,WOODYWOOD7-1,22,CHARGERS
Fat Mack,1,Fat Mack-1,22,CHARGERS
OLD HAM,4,OLD HAM-4,12,STEELERS
WOODYWOOD7,2,WOODYWOOD7-2,6,JAGUARS
FATBOYLILCOAT,1,FATBOYLILCOAT-1,22,CHARGERS
OLD HAM,5,OLD HAM-5,12,STEELERS
WORKINGNINETOFIVE,1,WORKINGNINETOFIVE-1,12,STEELERS
FATBOYLILCOAT,2,FATBOYLILCOAT-2,24,RAIDERS
OLD HAM,6,OLD HAM-6,12,STEELERS
WORKINGNINETOFIVE,2,WORKINGNINETOFIVE-2,22,CHARGERS
FatCats,1,FatCats-1,6,JAGUARS
OLD HAM,7,OLD HAM-7,12,STEELERS
WORKINGNINETOFIVE,3,WORKINGNINETOFIVE-3,6,JAGUARS
FatCats,10,FatCats-10,26,EAGLES
OLD HAM,8,OLD HAM-8,12,STEELERS
World Champs,1,World Champs-1,6,JAGUARS
FatCats,2,FatCats-2,6,JAGUARS
OLD HAM,9,OLD HAM-9,12,STEELERS
World Champs,10,World Champs-10,6,JAGUARS
FatCats,3,FatCats-3,6,JAGUARS
OLD HEAD CREW,1,OLD HEAD CREW-1,26,EAGLES
World Champs,2,World Champs-2,6,JAGUARS
FatCats,4,FatCats-4,6,JAGUARS
OLD HEAD CREW,2,OLD HEAD CREW-2,22,CHARGERS
World Champs,3,World Champs-3,6,JAGUARS
FatCats,5,FatCats-5,6,JAGUARS
OLD HEAD CREW,3,OLD HEAD CREW-3,6,JAGUARS
World Champs,4,World Champs-4,6,JAGUARS
FatCats,6,FatCats-6,22,CHARGERS
OLD HEAD CREW,4,OLD HEAD CREW-4,22,CHARGERS
World Champs,5,World Champs-5,6,JAGUARS
FatCats,7,FatCats-7,22,CHARGERS
OLD MAN PICKS,1,OLD MAN PICKS-1,6,JAGUARS
World Champs,6,World Champs-6,6,JAGUARS
FatCats,8,FatCats-8,22,CHARGERS
OLD MAN PICKS,10,OLD MAN PICKS-10,6,JAGUARS
World Champs,7,World Champs-7,6,JAGUARS
FatCats,9,FatCats-9,12,STEELERS
OLD MAN PICKS,2,OLD MAN PICKS-2,6,JAGUARS
World Champs,8,World Champs-8,6,JAGUARS
FATHER CHRISTMAS,1,FATHER CHRISTMAS-1,6,JAGUARS
OLD MAN PICKS,3,OLD MAN PICKS-3,6,JAGUARS
World Champs,9,World Champs-9,6,JAGUARS
FATHER CHRISTMAS,2,FATHER CHRISTMAS-2,22,CHARGERS
OLD MAN PICKS,4,OLD MAN PICKS-4,6,JAGUARS
WORMS,1,WORMS-1,22,CHARGERS
FATHER CHRISTMAS,3,FATHER CHRISTMAS-3,6,JAGUARS
OLD MAN PICKS,5,OLD MAN PICKS-5,6,JAGUARS
WORMS,2,WORMS-2,6,JAGUARS
FATHER CHRISTMAS,4,FATHER CHRISTMAS-4,22,CHARGERS
OLD MAN PICKS,6,OLD MAN PICKS-6,6,JAGUARS
WORMS,3,WORMS-3,12,STEELERS
FATS DOMINO,1,FATS DOMINO-1,22,CHARGERS
OLD MAN PICKS,7,OLD MAN PICKS-7,6,JAGUARS
WORTHLESS,1,WORTHLESS-1,12,STEELERS
FATS DOMINO,10,FATS DOMINO-10,8,BENGALS
OLD MAN PICKS,8,OLD MAN PICKS-8,6,JAGUARS
WORTHLESS,10,WORTHLESS-10,15,BEARS
FATS DOMINO,2,FATS DOMINO-2,22,CHARGERS
OLD MAN PICKS,9,OLD MAN PICKS-9,6,JAGUARS
WORTHLESS,2,WORTHLESS-2,12,STEELERS
FATS DOMINO,3,FATS DOMINO-3,22,CHARGERS
oldjp3,1,oldjp3-1,12,STEELERS
WORTHLESS,3,WORTHLESS-3,24,RAIDERS
FATS DOMINO,4,FATS DOMINO-4,22,CHARGERS
oldjp3,10,oldjp3-10,22,CHARGERS
WORTHLESS,4,WORTHLESS-4,6,JAGUARS
FATS DOMINO,5,FATS DOMINO-5,6,JAGUARS
oldjp3,2,oldjp3-2,12,STEELERS
WORTHLESS,5,WORTHLESS-5,6,JAGUARS
FATS DOMINO,6,FATS DOMINO-6,6,JAGUARS
oldjp3,3,oldjp3-3,6,JAGUARS
WORTHLESS,6,WORTHLESS-6,6,JAGUARS
FATS DOMINO,7,FATS DOMINO-7,6,JAGUARS
oldjp3,4,oldjp3-4,12,STEELERS
WORTHLESS,7,WORTHLESS-7,22,CHARGERS
FATS DOMINO,8,FATS DOMINO-8,24,RAIDERS
oldjp3,5,oldjp3-5,6,JAGUARS
WORTHLESS,8,WORTHLESS-8,22,CHARGERS
FATS DOMINO,9,FATS DOMINO-9,24,RAIDERS
oldjp3,6,oldjp3-6,6,JAGUARS
WORTHLESS,9,WORTHLESS-9,20,LIONS
FAUSTINA,1,FAUSTINA-1,6,JAGUARS
oldjp3,7,oldjp3-7,22,CHARGERS
worthyofitall820,1,worthyofitall820-1,6,JAGUARS
FAUSTINA,10,FAUSTINA-10,6,JAGUARS
oldjp3,8,oldjp3-8,22,CHARGERS
Wow Lucky,1,Wow Lucky-1,12,STEELERS
FAUSTINA,2,FAUSTINA-2,6,JAGUARS
oldjp3,9,oldjp3-9,22,CHARGERS
WPG MAVERICK,1,WPG MAVERICK-1,22,CHARGERS
FAUSTINA,3,FAUSTINA-3,6,JAGUARS
OLDSCHOOLSKINS,1,OLDSCHOOLSKINS-1,6,JAGUARS
WPG MAVERICK,10,WPG MAVERICK-10,6,JAGUARS
FAUSTINA,4,FAUSTINA-4,6,JAGUARS
OLDSCHOOLSKINS,2,OLDSCHOOLSKINS-2,22,CHARGERS
WPG MAVERICK,2,WPG MAVERICK-2,22,CHARGERS
FAUSTINA,5,FAUSTINA-5,6,JAGUARS
OLE MISS REBELS,1,OLE MISS REBELS-1,6,JAGUARS
WPG MAVERICK,3,WPG MAVERICK-3,12,STEELERS
FAUSTINA,6,FAUSTINA-6,6,JAGUARS
OLGUITA,1,OLGUITA-1,6,JAGUARS
WPG MAVERICK,4,WPG MAVERICK-4,22,CHARGERS
FAUSTINA,7,FAUSTINA-7,6,JAGUARS
OLLIES PICKS,1,OLLIES PICKS-1,22,CHARGERS
WPG MAVERICK,5,WPG MAVERICK-5,22,CHARGERS
FAUSTINA,8,FAUSTINA-8,6,JAGUARS
OLLIES PICKS,2,OLLIES PICKS-2,6,JAGUARS
WPG MAVERICK,6,WPG MAVERICK-6,6,JAGUARS
FAUSTINA,9,FAUSTINA-9,6,JAGUARS
OLWILLYD,1,OLWILLYD-1,12,STEELERS
WPG MAVERICK,7,WPG MAVERICK-7,6,JAGUARS
FB MARK,1,FB MARK-1,6,JAGUARS
OLYSBEST,1,OLYSBEST-1,22,CHARGERS
WPG MAVERICK,8,WPG MAVERICK-8,12,STEELERS
FB MARK,2,FB MARK-2,22,CHARGERS
OMAHA BLUEJAYS,1,OMAHA BLUEJAYS-1,6,JAGUARS
WPG MAVERICK,9,WPG MAVERICK-9,22,CHARGERS
FDO,1,FDO-1,6,JAGUARS
OMAHA BLUEJAYS,2,OMAHA BLUEJAYS-2,20,LIONS
WRANGLOR,1,WRANGLOR-1,22,CHARGERS
FDO,2,FDO-2,12,STEELERS
OMAHA!,1,OMAHA!-1,20,LIONS
WRETCHY,1,WRETCHY-1,22,CHARGERS
FEDERALLIS8,1,FEDERALLIS8-1,6,JAGUARS
OMAHA!,2,OMAHA!-2,6,JAGUARS
WRETCHY,10,WRETCHY-10,6,JAGUARS
FEDERALLIS8,2,FEDERALLIS8-2,22,CHARGERS
OMAHASTEAKSNATE,1,OMAHASTEAKSNATE-1,6,JAGUARS
WRETCHY,2,WRETCHY-2,22,CHARGERS
FEED THE PEASANTS,1,FEED THE PEASANTS-1,22,CHARGERS
OMEGA MAN,1,OMEGA MAN-1,12,STEELERS
WRETCHY,3,WRETCHY-3,22,CHARGERS
FEED THE PEASANTS,2,FEED THE PEASANTS-2,22,CHARGERS
OMEGA,1,OMEGA-1,20,LIONS
WRETCHY,4,WRETCHY-4,22,CHARGERS
FEED THE PEASANTS,3,FEED THE PEASANTS-3,20,LIONS
OMEGA,10,OMEGA-10,9,RAVENS
WRETCHY,5,WRETCHY-5,22,CHARGERS
FEED THE PEASANTS,4,FEED THE PEASANTS-4,6,JAGUARS
OMEGA,2,OMEGA-2,20,LIONS
WRETCHY,6,WRETCHY-6,22,CHARGERS
FEED THE PEASANTS,5,FEED THE PEASANTS-5,6,JAGUARS
OMEGA,3,OMEGA-3,20,LIONS
WRETCHY,7,WRETCHY-7,22,CHARGERS
FEED THE PEASANTS,6,FEED THE PEASANTS-6,24,RAIDERS
OMEGA,4,OMEGA-4,20,LIONS
WRETCHY,8,WRETCHY-8,22,CHARGERS
FENTDOG,1,FENTDOG-1,12,STEELERS
OMEGA,5,OMEGA-5,20,LIONS
WRETCHY,9,WRETCHY-9,6,JAGUARS
FENTDOG,2,FENTDOG-2,6,JAGUARS
OMEGA,6,OMEGA-6,20,LIONS
WTF NOT US,1,WTF NOT US-1,22,CHARGERS
FENTDOG,3,FENTDOG-3,12,STEELERS
OMEGA,7,OMEGA-7,20,LIONS
WTF NOT US,2,WTF NOT US-2,6,JAGUARS
FENTDOG,4,FENTDOG-4,22,CHARGERS
OMEGA,8,OMEGA-8,8,BENGALS
WTF NOT US,3,WTF NOT US-3,20,LIONS
FESHARRR,1,FESHARRR-1,22,CHARGERS
OMEGA,9,OMEGA-9,8,BENGALS
WTF NOT US,4,WTF NOT US-4,12,STEELERS
FESHARRR,2,FESHARRR-2,6,JAGUARS
OMNI BUILD,1,OMNI BUILD-1,6,JAGUARS
WTF NOT US,5,WTF NOT US-5,12,STEELERS
FESHARRR,3,FESHARRR-3,12,STEELERS
OMNI BUILD,2,OMNI BUILD-2,6,JAGUARS
WTx432,1,WTx432-1,22,CHARGERS
FESHARRR,4,FESHARRR-4,18,TITANS
OMNI BUILD,3,OMNI BUILD-3,22,CHARGERS
WTx432,2,WTx432-2,22,CHARGERS
FESHARRR,5,FESHARRR-5,6,JAGUARS
OMNI BUILD,4,OMNI BUILD-4,22,CHARGERS
WTx432,3,WTx432-3,6,JAGUARS
FEZZIK,1,FEZZIK-1,6,JAGUARS
OMNI BUILD,5,OMNI BUILD-5,20,LIONS
WUTANGKILLABEES,1,WUTANGKILLABEES-1,22,CHARGERS
FEZZIK,2,FEZZIK-2,22,CHARGERS
On Borrowed Time,1,On Borrowed Time-1,22,CHARGERS
WUTANGKILLABEES,2,WUTANGKILLABEES-2,22,CHARGERS
FEZZIK,3,FEZZIK-3,22,CHARGERS
ON MY WAY,1,ON MY WAY-1,22,CHARGERS
WUTANGKILLABEES,3,WUTANGKILLABEES-3,12,STEELERS
FEZZIK,4,FEZZIK-4,12,STEELERS
ON MY WAY,10,ON MY WAY-10,6,JAGUARS
WUTANGKILLABEES,4,WUTANGKILLABEES-4,12,STEELERS
FEZZIK,5,FEZZIK-5,12,STEELERS
ON MY WAY,2,ON MY WAY-2,22,CHARGERS
WVU CREW,1,WVU CREW-1,24,RAIDERS
FHJBGOLF,1,FHJBGOLF-1,22,CHARGERS
ON MY WAY,3,ON MY WAY-3,22,CHARGERS
WVU CREW,10,WVU CREW-10,22,CHARGERS
FHJBGOLF,2,FHJBGOLF-2,6,JAGUARS
ON MY WAY,4,ON MY WAY-4,22,CHARGERS
WVU CREW,2,WVU CREW-2,20,LIONS
Fiddles Picks,1,Fiddles Picks-1,6,JAGUARS
ON MY WAY,5,ON MY WAY-5,22,CHARGERS
WVU CREW,3,WVU CREW-3,22,CHARGERS
FIERCE BAD RABBIT,1,FIERCE BAD RABBIT-1,6,JAGUARS
ON MY WAY,6,ON MY WAY-6,6,JAGUARS
WVU CREW,4,WVU CREW-4,6,JAGUARS
FIERCE BAD RABBIT,10,FIERCE BAD RABBIT-10,5,BROWNS
ON MY WAY,7,ON MY WAY-7,6,JAGUARS
WVU CREW,5,WVU CREW-5,6,JAGUARS
FIERCE BAD RABBIT,2,FIERCE BAD RABBIT-2,6,JAGUARS
ON MY WAY,8,ON MY WAY-8,6,JAGUARS
WVU CREW,6,WVU CREW-6,6,JAGUARS
FIERCE BAD RABBIT,3,FIERCE BAD RABBIT-3,6,JAGUARS
ON MY WAY,9,ON MY WAY-9,6,JAGUARS
WVU CREW,7,WVU CREW-7,12,STEELERS
FIERCE BAD RABBIT,4,FIERCE BAD RABBIT-4,6,JAGUARS
ON TIME,1,ON TIME-1,12,STEELERS
WVU CREW,8,WVU CREW-8,24,RAIDERS
FIERCE BAD RABBIT,5,FIERCE BAD RABBIT-5,6,JAGUARS
ONE AND DONE,1,ONE AND DONE-1,6,JAGUARS
WVU CREW,9,WVU CREW-9,20,LIONS
FIERCE BAD RABBIT,6,FIERCE BAD RABBIT-6,6,JAGUARS
ONE AND DONE,2,ONE AND DONE-2,12,STEELERS
WVWRANGLER,1,WVWRANGLER-1,12,STEELERS
FIERCE BAD RABBIT,7,FIERCE BAD RABBIT-7,22,CHARGERS
ONE AND DONE,3,ONE AND DONE-3,22,CHARGERS
WVWRANGLER,2,WVWRANGLER-2,6,JAGUARS
FIERCE BAD RABBIT,8,FIERCE BAD RABBIT-8,12,STEELERS
ONE AND DONE,4,ONE AND DONE-4,22,CHARGERS
WVWRANGLER,3,WVWRANGLER-3,22,CHARGERS
FIERCE BAD RABBIT,9,FIERCE BAD RABBIT-9,12,STEELERS
ONE AND DONE,5,ONE AND DONE-5,6,JAGUARS
WW&W,1,WW&W-1,20,LIONS
FIERCE!,1,FIERCE!-1,22,CHARGERS
ONE BAD MOFO,1,ONE BAD MOFO-1,24,RAIDERS
WWW.GAMBLINGGOAT.COM,1,WWW.GAMBLINGGOAT.COM-1,22,CHARGERS
FIFA-ROUND AND FO,1,FIFA-ROUND AND FO-1,22,CHARGERS
ONE BAD MOFO,2,ONE BAD MOFO-2,24,RAIDERS
WWW.GAMBLINGGOAT.COM,10,WWW.GAMBLINGGOAT.COM-10,22,CHARGERS
FIFA-ROUND AND FO,2,FIFA-ROUND AND FO-2,22,CHARGERS
One Bullet Bob,1,One Bullet Bob-1,6,JAGUARS
WWW.GAMBLINGGOAT.COM,2,WWW.GAMBLINGGOAT.COM-2,22,CHARGERS
FIFA-ROUND AND FO,3,FIFA-ROUND AND FO-3,20,LIONS
ONE EACH 476,1,ONE EACH 476-1,24,RAIDERS
WWW.GAMBLINGGOAT.COM,3,WWW.GAMBLINGGOAT.COM-3,22,CHARGERS
FIFA-ROUND AND FO,4,FIFA-ROUND AND FO-4,6,JAGUARS
ONE NUT NATION,1,ONE NUT NATION-1,6,JAGUARS
WWW.GAMBLINGGOAT.COM,4,WWW.GAMBLINGGOAT.COM-4,22,CHARGERS
FIFA-ROUND AND FO,5,FIFA-ROUND AND FO-5,6,JAGUARS
ONE NUT NATION,2,ONE NUT NATION-2,6,JAGUARS
WWW.GAMBLINGGOAT.COM,5,WWW.GAMBLINGGOAT.COM-5,22,CHARGERS
FIFTYWOEIGHTY,1,FIFTYWOEIGHTY-1,22,CHARGERS
ONE NUT NATION,3,ONE NUT NATION-3,22,CHARGERS
WWW.GAMBLINGGOAT.COM,6,WWW.GAMBLINGGOAT.COM-6,22,CHARGERS
FIGHT 4 YOUR RIGHT,1,FIGHT 4 YOUR RIGHT-1,8,BENGALS
ONE NUT NATION,4,ONE NUT NATION-4,12,STEELERS
WWW.GAMBLINGGOAT.COM,7,WWW.GAMBLINGGOAT.COM-7,22,CHARGERS
FIGHT 4 YOUR RIGHT,10,FIGHT 4 YOUR RIGHT-10,15,BEARS
ONE NUT NATION,5,ONE NUT NATION-5,12,STEELERS
WWW.GAMBLINGGOAT.COM,8,WWW.GAMBLINGGOAT.COM-8,22,CHARGERS
FIGHT 4 YOUR RIGHT,2,FIGHT 4 YOUR RIGHT-2,8,BENGALS
ONE PUTT,1,ONE PUTT-1,6,JAGUARS
WWW.GAMBLINGGOAT.COM,9,WWW.GAMBLINGGOAT.COM-9,22,CHARGERS
FIGHT 4 YOUR RIGHT,3,FIGHT 4 YOUR RIGHT-3,8,BENGALS
ONE PUTT,2,ONE PUTT-2,22,CHARGERS
WYATT HUGHES,1,WYATT HUGHES-1,6,JAGUARS
FIGHT 4 YOUR RIGHT,4,FIGHT 4 YOUR RIGHT-4,8,BENGALS
ONE TIME,1,ONE TIME-1,22,CHARGERS
WYATT HUGHES,2,WYATT HUGHES-2,22,CHARGERS
FIGHT 4 YOUR RIGHT,5,FIGHT 4 YOUR RIGHT-5,8,BENGALS
ONE TIME,10,ONE TIME-10,12,STEELERS
WYJW,1,WYJW-1,6,JAGUARS
FIGHT 4 YOUR RIGHT,6,FIGHT 4 YOUR RIGHT-6,8,BENGALS
ONE TIME,2,ONE TIME-2,22,CHARGERS
WYJW,10,WYJW-10,6,JAGUARS
FIGHT 4 YOUR RIGHT,7,FIGHT 4 YOUR RIGHT-7,8,BENGALS
ONE TIME,3,ONE TIME-3,22,CHARGERS
WYJW,2,WYJW-2,6,JAGUARS
FIGHT 4 YOUR RIGHT,8,FIGHT 4 YOUR RIGHT-8,15,BEARS
ONE TIME,4,ONE TIME-4,22,CHARGERS
WYJW,3,WYJW-3,6,JAGUARS
FIGHT 4 YOUR RIGHT,9,FIGHT 4 YOUR RIGHT-9,15,BEARS
ONE TIME,5,ONE TIME-5,6,JAGUARS
WYJW,4,WYJW-4,6,JAGUARS
fight on,1,fight on-1,12,STEELERS
ONE TIME,6,ONE TIME-6,6,JAGUARS
WYJW,5,WYJW-5,6,JAGUARS
FIGHTING AMISH,1,FIGHTING AMISH-1,6,JAGUARS
ONE TIME,7,ONE TIME-7,6,JAGUARS
WYJW,6,WYJW-6,6,JAGUARS
fighton89go,1,fighton89go-1,20,LIONS
ONE TIME,8,ONE TIME-8,20,LIONS
WYJW,7,WYJW-7,6,JAGUARS
FIGJAM,1,FIGJAM-1,6,JAGUARS
ONE TIME,9,ONE TIME-9,20,LIONS
WYJW,8,WYJW-8,6,JAGUARS
FIGJAM,2,FIGJAM-2,26,EAGLES
ONE WEEK AT A TIME,1,ONE WEEK AT A TIME-1,22,CHARGERS
WYJW,9,WYJW-9,6,JAGUARS
FIGJAM,3,FIGJAM-3,12,STEELERS
ONE WEEK AT A TIME,2,ONE WEEK AT A TIME-2,12,STEELERS
WYNNING26,1,WYNNING26-1,6,JAGUARS
FIGJAM,4,FIGJAM-4,22,CHARGERS
ONE,1,ONE-1,6,JAGUARS
WYO DAVE,1,WYO DAVE-1,22,CHARGERS
FIGJAM,5,FIGJAM-5,20,LIONS
ONE,2,ONE-2,6,JAGUARS
WYO DAVE,2,WYO DAVE-2,6,JAGUARS
FILKGB,1,FILKGB-1,24,RAIDERS
ONELASTSHOT,1,ONELASTSHOT-1,22,CHARGERS
WYO DAVE,3,WYO DAVE-3,15,BEARS
FILKGB,10,FILKGB-10,6,JAGUARS
ONELASTSHOT,2,ONELASTSHOT-2,6,JAGUARS
WYO DAVE,4,WYO DAVE-4,24,RAIDERS
FILKGB,2,FILKGB-2,24,RAIDERS
ONELASTSHOT,3,ONELASTSHOT-3,12,STEELERS
WYO DAVE,5,WYO DAVE-5,18,TITANS
FILKGB,3,FILKGB-3,24,RAIDERS
ONELASTSHOT,4,ONELASTSHOT-4,12,STEELERS
Xavier 82,1,Xavier 82-1,22,CHARGERS
FILKGB,4,FILKGB-4,12,STEELERS
ONEPICKFROMDISASTER,1,ONEPICKFROMDISASTER-1,6,JAGUARS
Xavier 82,2,Xavier 82-2,26,EAGLES
FILKGB,5,FILKGB-5,12,STEELERS
ONEPICKFROMDISASTER,2,ONEPICKFROMDISASTER-2,6,JAGUARS
XCLUSIVE,1,XCLUSIVE-1,22,CHARGERS
FILKGB,6,FILKGB-6,12,STEELERS
ONION BOYZ,1,ONION BOYZ-1,6,JAGUARS
XENATHECHOW,1,XENATHECHOW-1,6,JAGUARS
FILKGB,7,FILKGB-7,24,RAIDERS
ONION DRAW,1,ONION DRAW-1,6,JAGUARS
XENOQUESTXXV,1,XENOQUESTXXV-1,6,JAGUARS
FILKGB,8,FILKGB-8,12,STEELERS
ONION DRAW,2,ONION DRAW-2,22,CHARGERS
XENOQUESTXXV,10,XENOQUESTXXV-10,22,CHARGERS
FILKGB,9,FILKGB-9,22,CHARGERS
ONION DRAW,3,ONION DRAW-3,22,CHARGERS
XENOQUESTXXV,2,XENOQUESTXXV-2,6,JAGUARS
FILTHY ANIMAL,1,FILTHY ANIMAL-1,24,RAIDERS
ONION DRAW,4,ONION DRAW-4,6,JAGUARS
XENOQUESTXXV,3,XENOQUESTXXV-3,6,JAGUARS
FILTHY ANIMAL,10,FILTHY ANIMAL-10,6,JAGUARS
ONION FRAMERS,1,ONION FRAMERS-1,6,JAGUARS
XENOQUESTXXV,4,XENOQUESTXXV-4,22,CHARGERS
FILTHY ANIMAL,2,FILTHY ANIMAL-2,24,RAIDERS
ONLY THE BEGINING,1,ONLY THE BEGINING-1,22,CHARGERS
XENOQUESTXXV,5,XENOQUESTXXV-5,22,CHARGERS
FILTHY ANIMAL,3,FILTHY ANIMAL-3,6,JAGUARS
ONLY THE BEGINING,10,ONLY THE BEGINING-10,6,JAGUARS
XENOQUESTXXV,6,XENOQUESTXXV-6,22,CHARGERS
FILTHY ANIMAL,4,FILTHY ANIMAL-4,12,STEELERS
ONLY THE BEGINING,2,ONLY THE BEGINING-2,20,LIONS
XENOQUESTXXV,7,XENOQUESTXXV-7,12,STEELERS
FILTHY ANIMAL,5,FILTHY ANIMAL-5,12,STEELERS
ONLY THE BEGINING,3,ONLY THE BEGINING-3,22,CHARGERS
XENOQUESTXXV,8,XENOQUESTXXV-8,12,STEELERS
FILTHY ANIMAL,6,FILTHY ANIMAL-6,6,JAGUARS
ONLY THE BEGINING,4,ONLY THE BEGINING-4,22,CHARGERS
XENOQUESTXXV,9,XENOQUESTXXV-9,12,STEELERS
FILTHY ANIMAL,7,FILTHY ANIMAL-7,6,JAGUARS
ONLY THE BEGINING,5,ONLY THE BEGINING-5,24,RAIDERS
Xicoboy,1,Xicoboy-1,12,STEELERS
FILTHY ANIMAL,8,FILTHY ANIMAL-8,6,JAGUARS
ONLY THE BEGINING,6,ONLY THE BEGINING-6,22,CHARGERS
Xicoboy,2,Xicoboy-2,6,JAGUARS
FILTHY ANIMAL,9,FILTHY ANIMAL-9,6,JAGUARS
ONLY THE BEGINING,7,ONLY THE BEGINING-7,22,CHARGERS
Xicoboy,3,Xicoboy-3,22,CHARGERS
Filthy McNasty,1,Filthy McNasty-1,6,JAGUARS
ONLY THE BEGINING,8,ONLY THE BEGINING-8,22,CHARGERS
XXSEBXX,1,XXSEBXX-1,22,CHARGERS
Fin_Grp,1,Fin_Grp-1,22,CHARGERS
ONLY THE BEGINING,9,ONLY THE BEGINING-9,6,JAGUARS
XXSEBXX,2,XXSEBXX-2,22,CHARGERS
Fin_Grp,10,Fin_Grp-10,12,STEELERS
ONLYJEFF'S.COM,1,ONLYJEFF'S.COM-1,6,JAGUARS
XXSEBXX,3,XXSEBXX-3,12,STEELERS
Fin_Grp,2,Fin_Grp-2,22,CHARGERS
ONLYJEFF'S.COM,2,ONLYJEFF'S.COM-2,20,LIONS
XXSEBXX,4,XXSEBXX-4,12,STEELERS
Fin_Grp,3,Fin_Grp-3,22,CHARGERS
ONLYJEFF'S.COM,3,ONLYJEFF'S.COM-3,22,CHARGERS
XXSEBXX,5,XXSEBXX-5,12,STEELERS
Fin_Grp,4,Fin_Grp-4,22,CHARGERS
ONLYJEFF'S.COM,4,ONLYJEFF'S.COM-4,6,JAGUARS
XYZWI2026,1,XYZWI2026-1,22,CHARGERS
Fin_Grp,5,Fin_Grp-5,6,JAGUARS
ONLYJEFF'S.COM,5,ONLYJEFF'S.COM-5,20,LIONS
XYZWI2026,10,XYZWI2026-10,12,STEELERS
Fin_Grp,6,Fin_Grp-6,6,JAGUARS
ONLYJEFF'S.COM,6,ONLYJEFF'S.COM-6,22,CHARGERS
XYZWI2026,2,XYZWI2026-2,22,CHARGERS
Fin_Grp,7,Fin_Grp-7,6,JAGUARS
ONLYTHEGOOD DIEYOUNG,1,ONLYTHEGOOD DIEYOUNG-1,6,JAGUARS
XYZWI2026,3,XYZWI2026-3,22,CHARGERS
Fin_Grp,8,Fin_Grp-8,20,LIONS
ONLYTHEGOOD DIEYOUNG,2,ONLYTHEGOOD DIEYOUNG-2,6,JAGUARS
XYZWI2026,4,XYZWI2026-4,22,CHARGERS
Fin_Grp,9,Fin_Grp-9,20,LIONS
ONLYTHEGOOD DIEYOUNG,3,ONLYTHEGOOD DIEYOUNG-3,22,CHARGERS
XYZWI2026,5,XYZWI2026-5,20,LIONS
FINALLY-THE RETURN,1,FINALLY-THE RETURN-1,6,JAGUARS
ONLYTHEGOOD DIEYOUNG,4,ONLYTHEGOOD DIEYOUNG-4,22,CHARGERS
XYZWI2026,6,XYZWI2026-6,20,LIONS
FINALLY-THE RETURN,2,FINALLY-THE RETURN-2,22,CHARGERS
ONLYTHEGOOD DIEYOUNG,5,ONLYTHEGOOD DIEYOUNG-5,12,STEELERS
XYZWI2026,7,XYZWI2026-7,6,JAGUARS
Financial Mistake,1,Financial Mistake-1,22,CHARGERS
ONTOP247,1,ONTOP247-1,6,JAGUARS
XYZWI2026,8,XYZWI2026-8,6,JAGUARS
FINBUCETS,1,FINBUCETS-1,22,CHARGERS
ONTOP247,2,ONTOP247-2,22,CHARGERS
XYZWI2026,9,XYZWI2026-9,12,STEELERS
FINDAWAY,1,FINDAWAY-1,6,JAGUARS
OOPS,1,OOPS-1,12,STEELERS
y'town degens,1,y'town degens-1,6,JAGUARS
FINDAWAY26,1,FINDAWAY26-1,6,JAGUARS
OP SUNDAY LIBERATION,1,OP SUNDAY LIBERATION-1,24,RAIDERS
y'town degens,2,y'town degens-2,6,JAGUARS
Finding Deebo,1,Finding Deebo-1,6,JAGUARS
OP SUNDAY LIBERATION,2,OP SUNDAY LIBERATION-2,22,CHARGERS
y'town degens,3,y'town degens-3,22,CHARGERS
Finding Deebo,2,Finding Deebo-2,22,CHARGERS
OP SUNDAY LIBERATION,3,OP SUNDAY LIBERATION-3,12,STEELERS
y'town degens,4,y'town degens-4,22,CHARGERS
Finding Deebo,3,Finding Deebo-3,6,JAGUARS
OP SUNDAY LIBERATION,4,OP SUNDAY LIBERATION-4,20,LIONS
y'town degens,5,y'town degens-5,12,STEELERS
Finding Deebo,4,Finding Deebo-4,6,JAGUARS
OP SUNDAY LIBERATION,5,OP SUNDAY LIBERATION-5,6,JAGUARS
y'town degens,6,y'town degens-6,12,STEELERS
FINDTHEARCHIVE.COM,1,FINDTHEARCHIVE.COM-1,32,CHIEFS
OP SUNDAY LIBERATION,6,OP SUNDAY LIBERATION-6,12,STEELERS
y'town degens,7,y'town degens-7,20,LIONS
FINDTHEARCHIVE.COM,10,FINDTHEARCHIVE.COM-10,9,RAVENS
Open Road,1,Open Road-1,6,JAGUARS
Y-BRIDGE CITY,1,Y-BRIDGE CITY-1,12,STEELERS
FINDTHEARCHIVE.COM,2,FINDTHEARCHIVE.COM-2,32,CHIEFS
OPERATION NANTUCKET,1,OPERATION NANTUCKET-1,12,STEELERS
Y-BRIDGE CITY,10,Y-BRIDGE CITY-10,20,LIONS
FINDTHEARCHIVE.COM,3,FINDTHEARCHIVE.COM-3,32,CHIEFS
OPERATION NANTUCKET,2,OPERATION NANTUCKET-2,12,STEELERS
Y-BRIDGE CITY,2,Y-BRIDGE CITY-2,12,STEELERS
FINDTHEARCHIVE.COM,4,FINDTHEARCHIVE.COM-4,32,CHIEFS
OPERATION NANTUCKET,3,OPERATION NANTUCKET-3,6,JAGUARS
Y-BRIDGE CITY,3,Y-BRIDGE CITY-3,22,CHARGERS
FINDTHEARCHIVE.COM,5,FINDTHEARCHIVE.COM-5,32,CHIEFS
OPERATION NANTUCKET,4,OPERATION NANTUCKET-4,6,JAGUARS
Y-BRIDGE CITY,4,Y-BRIDGE CITY-4,22,CHARGERS
FINDTHEARCHIVE.COM,6,FINDTHEARCHIVE.COM-6,9,RAVENS
ORACLE ROY,1,ORACLE ROY-1,22,CHARGERS
Y-BRIDGE CITY,5,Y-BRIDGE CITY-5,22,CHARGERS
FINDTHEARCHIVE.COM,7,FINDTHEARCHIVE.COM-7,9,RAVENS
orange crush,1,orange crush-1,6,JAGUARS
Y-BRIDGE CITY,6,Y-BRIDGE CITY-6,20,LIONS
FINDTHEARCHIVE.COM,8,FINDTHEARCHIVE.COM-8,9,RAVENS
orange crush,2,orange crush-2,6,JAGUARS
Y-BRIDGE CITY,7,Y-BRIDGE CITY-7,20,LIONS
FINDTHEARCHIVE.COM,9,FINDTHEARCHIVE.COM-9,9,RAVENS
orange crush,3,orange crush-3,6,JAGUARS
Y-BRIDGE CITY,8,Y-BRIDGE CITY-8,12,STEELERS
FINNMAC87,1,FINNMAC87-1,22,CHARGERS
orange crush,4,orange crush-4,6,JAGUARS
Y-BRIDGE CITY,9,Y-BRIDGE CITY-9,22,CHARGERS
FINNMAC87,2,FINNMAC87-2,22,CHARGERS
orange crush,5,orange crush-5,6,JAGUARS
Y21B19,1,Y21B19-1,12,STEELERS
FINSKI WILD,1,FINSKI WILD-1,22,CHARGERS
OrangeandBlueballs,1,OrangeandBlueballs-1,6,JAGUARS
Y21B19,2,Y21B19-2,22,CHARGERS
fire dawg,1,fire dawg-1,6,JAGUARS
OrangeandBlueballs,10,OrangeandBlueballs-10,12,STEELERS
Y21B19,3,Y21B19-3,6,JAGUARS
fire dawg,2,fire dawg-2,22,CHARGERS
OrangeandBlueballs,2,OrangeandBlueballs-2,6,JAGUARS
YADONE,1,YADONE-1,22,CHARGERS
FIRE4EFFECT,1,FIRE4EFFECT-1,2,SEAHAWKS
OrangeandBlueballs,3,OrangeandBlueballs-3,6,JAGUARS
YaegerMeisters,1,YaegerMeisters-1,12,STEELERS
FIRE4EFFECT,2,FIRE4EFFECT-2,12,STEELERS
OrangeandBlueballs,4,OrangeandBlueballs-4,22,CHARGERS
YaegerMeisters,10,YaegerMeisters-10,22,CHARGERS
FIREFLY,1,FIREFLY-1,12,STEELERS
OrangeandBlueballs,5,OrangeandBlueballs-5,20,LIONS
YaegerMeisters,2,YaegerMeisters-2,22,CHARGERS
FIREFLY,10,FIREFLY-10,24,RAIDERS
OrangeandBlueballs,6,OrangeandBlueballs-6,20,LIONS
YaegerMeisters,3,YaegerMeisters-3,22,CHARGERS
FIREFLY,2,FIREFLY-2,12,STEELERS
OrangeandBlueballs,7,OrangeandBlueballs-7,6,JAGUARS
YaegerMeisters,4,YaegerMeisters-4,6,JAGUARS
FIREFLY,3,FIREFLY-3,12,STEELERS
OrangeandBlueballs,8,OrangeandBlueballs-8,22,CHARGERS
YaegerMeisters,5,YaegerMeisters-5,12,STEELERS
FIREFLY,4,FIREFLY-4,12,STEELERS
OrangeandBlueballs,9,OrangeandBlueballs-9,22,CHARGERS
YaegerMeisters,6,YaegerMeisters-6,22,CHARGERS
FIREFLY,5,FIREFLY-5,12,STEELERS
ORCA,1,ORCA-1,12,STEELERS
YaegerMeisters,7,YaegerMeisters-7,6,JAGUARS
FIREFLY,6,FIREFLY-6,24,RAIDERS
ORCA,10,ORCA-10,12,STEELERS
YaegerMeisters,8,YaegerMeisters-8,12,STEELERS
FIREFLY,7,FIREFLY-7,24,RAIDERS
ORCA,2,ORCA-2,12,STEELERS
YaegerMeisters,9,YaegerMeisters-9,22,CHARGERS
FIREFLY,8,FIREFLY-8,24,RAIDERS
ORCA,3,ORCA-3,12,STEELERS
Yalbeet,1,Yalbeet-1,22,CHARGERS
FIREFLY,9,FIREFLY-9,24,RAIDERS
ORCA,4,ORCA-4,12,STEELERS
Yalbeet,2,Yalbeet-2,6,JAGUARS
FIRESIDE VIDEO,1,FIRESIDE VIDEO-1,22,CHARGERS
ORCA,5,ORCA-5,12,STEELERS
YALLPLAYINGFOR2ND,1,YALLPLAYINGFOR2ND-1,6,JAGUARS
FIRST CLASS,1,FIRST CLASS-1,12,STEELERS
ORCA,6,ORCA-6,12,STEELERS
YANDAO,1,YANDAO-1,12,STEELERS
FIRST TEAM ALL-CUCK,1,FIRST TEAM ALL-CUCK-1,22,CHARGERS
ORCA,7,ORCA-7,12,STEELERS
YANDAO,10,YANDAO-10,6,JAGUARS
FIRST TIME A CHARM,1,FIRST TIME A CHARM-1,22,CHARGERS
ORCA,8,ORCA-8,12,STEELERS
YANDAO,2,YANDAO-2,22,CHARGERS
FIRST TIME A CHARM,2,FIRST TIME A CHARM-2,6,JAGUARS
ORCA,9,ORCA-9,12,STEELERS
YANDAO,3,YANDAO-3,22,CHARGERS
Fish Creek Boys,1,Fish Creek Boys-1,22,CHARGERS
ORCHIDMAN,1,ORCHIDMAN-1,6,JAGUARS
YANDAO,4,YANDAO-4,6,JAGUARS
Fish Creek Boys,2,Fish Creek Boys-2,22,CHARGERS
ORCHIDMAN,2,ORCHIDMAN-2,12,STEELERS
YANDAO,5,YANDAO-5,6,JAGUARS
Fish Creek Boys,3,Fish Creek Boys-3,6,JAGUARS
ORENTHAL JAMES,1,ORENTHAL JAMES-1,6,JAGUARS
YANDAO,6,YANDAO-6,6,JAGUARS
Fish Creek Boys,4,Fish Creek Boys-4,6,JAGUARS
ORENTHAL JAMES,10,ORENTHAL JAMES-10,22,CHARGERS
YANDAO,7,YANDAO-7,6,JAGUARS
Fish Creek Boys,5,Fish Creek Boys-5,20,LIONS
ORENTHAL JAMES,2,ORENTHAL JAMES-2,6,JAGUARS
YANDAO,8,YANDAO-8,6,JAGUARS
Fish Creek Boys,6,Fish Creek Boys-6,20,LIONS
ORENTHAL JAMES,3,ORENTHAL JAMES-3,6,JAGUARS
YANDAO,9,YANDAO-9,6,JAGUARS
FishyFive,1,FishyFive-1,22,CHARGERS
ORENTHAL JAMES,4,ORENTHAL JAMES-4,6,JAGUARS
YANKEES#1,1,YANKEES#1-1,22,CHARGERS
fist franchise,1,fist franchise-1,6,JAGUARS
ORENTHAL JAMES,5,ORENTHAL JAMES-5,6,JAGUARS
YAsin18,1,YAsin18-1,6,JAGUARS
fist franchise,10,fist franchise-10,6,JAGUARS
ORENTHAL JAMES,6,ORENTHAL JAMES-6,6,JAGUARS
YATTA,1,YATTA-1,6,JAGUARS
fist franchise,2,fist franchise-2,6,JAGUARS
ORENTHAL JAMES,7,ORENTHAL JAMES-7,12,STEELERS
YATTA,10,YATTA-10,26,EAGLES
fist franchise,3,fist franchise-3,6,JAGUARS
ORENTHAL JAMES,8,ORENTHAL JAMES-8,12,STEELERS
YATTA,2,YATTA-2,6,JAGUARS
fist franchise,4,fist franchise-4,6,JAGUARS
ORENTHAL JAMES,9,ORENTHAL JAMES-9,22,CHARGERS
YATTA,3,YATTA-3,24,RAIDERS
fist franchise,5,fist franchise-5,6,JAGUARS
ORGANIZED MINORITY,1,ORGANIZED MINORITY-1,6,JAGUARS
YATTA,4,YATTA-4,6,JAGUARS
fist franchise,6,fist franchise-6,6,JAGUARS
ORIENTAL EXPRESS,1,ORIENTAL EXPRESS-1,6,JAGUARS
YATTA,5,YATTA-5,12,STEELERS
fist franchise,7,fist franchise-7,6,JAGUARS
ORIENTAL EXPRESS,10,ORIENTAL EXPRESS-10,22,CHARGERS
YATTA,6,YATTA-6,12,STEELERS
fist franchise,8,fist franchise-8,6,JAGUARS
ORIENTAL EXPRESS,2,ORIENTAL EXPRESS-2,6,JAGUARS
YATTA,7,YATTA-7,12,STEELERS
fist franchise,9,fist franchise-9,6,JAGUARS
ORIENTAL EXPRESS,3,ORIENTAL EXPRESS-3,6,JAGUARS
YATTA,8,YATTA-8,26,EAGLES
FIVE BLADES,1,FIVE BLADES-1,6,JAGUARS
ORIENTAL EXPRESS,4,ORIENTAL EXPRESS-4,22,CHARGERS
YATTA,9,YATTA-9,22,CHARGERS
FIVE BLADES,10,FIVE BLADES-10,20,LIONS
ORIENTAL EXPRESS,5,ORIENTAL EXPRESS-5,22,CHARGERS
yavapai al,1,yavapai al-1,22,CHARGERS
FIVE BLADES,2,FIVE BLADES-2,6,JAGUARS
ORIENTAL EXPRESS,6,ORIENTAL EXPRESS-6,24,RAIDERS
YAWHEY,1,YAWHEY-1,6,JAGUARS
FIVE BLADES,3,FIVE BLADES-3,22,CHARGERS
ORIENTAL EXPRESS,7,ORIENTAL EXPRESS-7,6,JAGUARS
YAWHEY,2,YAWHEY-2,22,CHARGERS
FIVE BLADES,4,FIVE BLADES-4,22,CHARGERS
ORIENTAL EXPRESS,8,ORIENTAL EXPRESS-8,12,STEELERS
YAWHEY,3,YAWHEY-3,22,CHARGERS
FIVE BLADES,5,FIVE BLADES-5,20,LIONS
ORIENTAL EXPRESS,9,ORIENTAL EXPRESS-9,6,JAGUARS
YAWHEY,4,YAWHEY-4,6,JAGUARS
FIVE BLADES,6,FIVE BLADES-6,6,JAGUARS
ORIGINAL BIRDMAN,1,ORIGINAL BIRDMAN-1,12,STEELERS
YAYHOWFUN,1,YAYHOWFUN-1,26,EAGLES
FIVE BLADES,7,FIVE BLADES-7,6,JAGUARS
ORIGINAL BIRDMAN,2,ORIGINAL BIRDMAN-2,6,JAGUARS
YAYHOWFUN,10,YAYHOWFUN-10,26,EAGLES
FIVE BLADES,8,FIVE BLADES-8,22,CHARGERS
ORLANDO DEGNS,1,ORLANDO DEGNS-1,22,CHARGERS
YAYHOWFUN,2,YAYHOWFUN-2,26,EAGLES
FIVE BLADES,9,FIVE BLADES-9,22,CHARGERS
OSH VEGAS ACES,1,OSH VEGAS ACES-1,22,CHARGERS
YAYHOWFUN,3,YAYHOWFUN-3,26,EAGLES
Five Feet Down,1,Five Feet Down-1,6,JAGUARS
OSH VEGAS ACES,2,OSH VEGAS ACES-2,6,JAGUARS
YAYHOWFUN,4,YAYHOWFUN-4,26,EAGLES
Five Feet Down,2,Five Feet Down-2,6,JAGUARS
OSH VEGAS ACES,3,OSH VEGAS ACES-3,20,LIONS
YAYHOWFUN,5,YAYHOWFUN-5,26,EAGLES
Five Feet Down,3,Five Feet Down-3,12,STEELERS
OSH VEGAS ACES,4,OSH VEGAS ACES-4,26,EAGLES
YAYHOWFUN,6,YAYHOWFUN-6,26,EAGLES
Five Feet Down,4,Five Feet Down-4,12,STEELERS
OSH VEGAS ACES,5,OSH VEGAS ACES-5,8,BENGALS
YAYHOWFUN,7,YAYHOWFUN-7,26,EAGLES
Five Feet Down,5,Five Feet Down-5,22,CHARGERS
OSH VEGAS ACES,6,OSH VEGAS ACES-6,12,STEELERS
YAYHOWFUN,8,YAYHOWFUN-8,26,EAGLES
FIVEALIVE$,1,FIVEALIVE$-1,22,CHARGERS
OSH VEGAS ACES,7,OSH VEGAS ACES-7,22,CHARGERS
YAYHOWFUN,9,YAYHOWFUN-9,26,EAGLES
FIVEALIVE$,10,FIVEALIVE$-10,6,JAGUARS
OSH VEGAS ACES,8,OSH VEGAS ACES-8,6,JAGUARS
YAYNESS130,1,YAYNESS130-1,12,STEELERS
FIVEALIVE$,2,FIVEALIVE$-2,22,CHARGERS
OSH VEGAS ACES,9,OSH VEGAS ACES-9,20,LIONS
YAYNESS130,10,YAYNESS130-10,12,STEELERS
FIVEALIVE$,3,FIVEALIVE$-3,2,SEAHAWKS
OTHMER99,1,OTHMER99-1,24,RAIDERS
YAYNESS130,2,YAYNESS130-2,12,STEELERS
FIVEALIVE$,4,FIVEALIVE$-4,18,TITANS
OTOWNBOYS,1,OTOWNBOYS-1,6,JAGUARS
YAYNESS130,3,YAYNESS130-3,12,STEELERS
FIVEALIVE$,5,FIVEALIVE$-5,6,JAGUARS
OTOWNBOYS,2,OTOWNBOYS-2,12,STEELERS
YAYNESS130,4,YAYNESS130-4,12,STEELERS
FIVEALIVE$,6,FIVEALIVE$-6,22,CHARGERS
OTTO T,1,OTTO T-1,22,CHARGERS
YAYNESS130,5,YAYNESS130-5,12,STEELERS
FIVEALIVE$,7,FIVEALIVE$-7,24,RAIDERS
OTTO T,2,OTTO T-2,22,CHARGERS
YAYNESS130,6,YAYNESS130-6,12,STEELERS
FIVEALIVE$,8,FIVEALIVE$-8,12,STEELERS
OUT OF NOWHERE,1,OUT OF NOWHERE-1,22,CHARGERS
YAYNESS130,7,YAYNESS130-7,12,STEELERS
FIVEALIVE$,9,FIVEALIVE$-9,20,LIONS
OUT OF THE SHADOWS,1,OUT OF THE SHADOWS-1,6,JAGUARS
YAYNESS130,8,YAYNESS130-8,12,STEELERS
FIVEALIVE,1,FIVEALIVE-1,12,STEELERS
OUT OF THE SHADOWS,2,OUT OF THE SHADOWS-2,22,CHARGERS
YAYNESS130,9,YAYNESS130-9,12,STEELERS
FIVEALIVE,10,FIVEALIVE-10,6,JAGUARS
OUT THE BLUE,1,OUT THE BLUE-1,22,CHARGERS
YEAR OF JUSTICE,1,YEAR OF JUSTICE-1,6,JAGUARS
FIVEALIVE,2,FIVEALIVE-2,12,STEELERS
OUT THE BLUE,10,OUT THE BLUE-10,22,CHARGERS
YEAR OF JUSTICE,2,YEAR OF JUSTICE-2,6,JAGUARS
FIVEALIVE,3,FIVEALIVE-3,30,GIANTS
OUT THE BLUE,2,OUT THE BLUE-2,6,JAGUARS
YEAR OF JUSTICE,3,YEAR OF JUSTICE-3,24,RAIDERS
FIVEALIVE,4,FIVEALIVE-4,24,RAIDERS
OUT THE BLUE,3,OUT THE BLUE-3,6,JAGUARS
YEAR OF JUSTICE,4,YEAR OF JUSTICE-4,8,BENGALS
FIVEALIVE,5,FIVEALIVE-5,6,JAGUARS
OUT THE BLUE,4,OUT THE BLUE-4,22,CHARGERS
YEAR OF JUSTICE,5,YEAR OF JUSTICE-5,12,STEELERS
FIVEALIVE,6,FIVEALIVE-6,6,JAGUARS
OUT THE BLUE,5,OUT THE BLUE-5,6,JAGUARS
Year of Smitty,1,Year of Smitty-1,20,LIONS
FIVEALIVE,7,FIVEALIVE-7,22,CHARGERS
OUT THE BLUE,6,OUT THE BLUE-6,22,CHARGERS
Year of Smitty,10,Year of Smitty-10,20,LIONS
FIVEALIVE,8,FIVEALIVE-8,20,LIONS
OUT THE BLUE,7,OUT THE BLUE-7,18,TITANS
Year of Smitty,2,Year of Smitty-2,20,LIONS
FIVEALIVE,9,FIVEALIVE-9,6,JAGUARS
OUT THE BLUE,8,OUT THE BLUE-8,22,CHARGERS
Year of Smitty,3,Year of Smitty-3,20,LIONS
FJA,1,FJA-1,6,JAGUARS
OUT THE BLUE,9,OUT THE BLUE-9,20,LIONS
Year of Smitty,4,Year of Smitty-4,20,LIONS
FJS,1,FJS-1,22,CHARGERS
OUTHOUSE,1,OUTHOUSE-1,6,JAGUARS
Year of Smitty,5,Year of Smitty-5,20,LIONS
FJS,2,FJS-2,12,STEELERS
OUTHOUSE,2,OUTHOUSE-2,22,CHARGERS
Year of Smitty,6,Year of Smitty-6,20,LIONS
FJS,3,FJS-3,12,STEELERS
OUTHOUSE,3,OUTHOUSE-3,20,LIONS
Year of Smitty,7,Year of Smitty-7,20,LIONS
FJS,4,FJS-4,18,TITANS
OUTPOST HOMEMADE,1,OUTPOST HOMEMADE-1,22,CHARGERS
Year of Smitty,8,Year of Smitty-8,20,LIONS
FJS,5,FJS-5,24,RAIDERS
OUTPOST HOMEMADE,2,OUTPOST HOMEMADE-2,22,CHARGERS
Year of Smitty,9,Year of Smitty-9,20,LIONS
FJS,6,FJS-6,28,VIKINGS
OUTPOST HOMEMADE,3,OUTPOST HOMEMADE-3,6,JAGUARS
YEARLY DONATION,1,YEARLY DONATION-1,17,JETS
FJT,1,FJT-1,6,JAGUARS
OUTPOST HOMEMADE,4,OUTPOST HOMEMADE-4,6,JAGUARS
YEARLY DONATION,2,YEARLY DONATION-2,6,JAGUARS
FJT,2,FJT-2,6,JAGUARS
OUTPOST HOMEMADE,5,OUTPOST HOMEMADE-5,20,LIONS
YEARLY DONATION,3,YEARLY DONATION-3,12,STEELERS
FJT,3,FJT-3,12,STEELERS
OUTPOST HOMEMADE,6,OUTPOST HOMEMADE-6,26,EAGLES
YEELUVSPIZZA,1,YEELUVSPIZZA-1,6,JAGUARS
FJT,4,FJT-4,26,EAGLES
OUTPOST SAUCE,1,OUTPOST SAUCE-1,8,BENGALS
YEELUVSPIZZA,2,YEELUVSPIZZA-2,12,STEELERS
FJT,5,FJT-5,22,CHARGERS
OUTPOST SAUCE,2,OUTPOST SAUCE-2,28,VIKINGS
YEESH,1,YEESH-1,20,LIONS
FJT,6,FJT-6,22,CHARGERS
OUTPOST SAUCE,3,OUTPOST SAUCE-3,20,LIONS
YEESH,2,YEESH-2,6,JAGUARS
FKENNEDY14,1,FKENNEDY14-1,6,JAGUARS
OUTPOST SAUCE,4,OUTPOST SAUCE-4,8,BENGALS
YEESH,3,YEESH-3,6,JAGUARS
FKENNEDY14,10,FKENNEDY14-10,6,JAGUARS
OUTPOST SAUCE,5,OUTPOST SAUCE-5,12,STEELERS
YEESH,4,YEESH-4,12,STEELERS
FKENNEDY14,2,FKENNEDY14-2,6,JAGUARS
OUTPOST SAUCE,6,OUTPOST SAUCE-6,12,STEELERS
YEESH,5,YEESH-5,24,RAIDERS
FKENNEDY14,3,FKENNEDY14-3,6,JAGUARS
OVER UNDER DAILY,1,OVER UNDER DAILY-1,12,STEELERS
YEESH,6,YEESH-6,22,CHARGERS
FKENNEDY14,4,FKENNEDY14-4,6,JAGUARS
overated88,1,overated88-1,6,JAGUARS
YEESH,7,YEESH-7,29,COWBOYS
FKENNEDY14,5,FKENNEDY14-5,6,JAGUARS
OVERHAUL,1,OVERHAUL-1,18,TITANS
YEESH,8,YEESH-8,2,SEAHAWKS
FKENNEDY14,6,FKENNEDY14-6,6,JAGUARS
OVERHAUL,2,OVERHAUL-2,6,JAGUARS
YEESH,9,YEESH-9,22,CHARGERS
FKENNEDY14,7,FKENNEDY14-7,6,JAGUARS
OVERS CLUB,1,OVERS CLUB-1,22,CHARGERS
YELDARB,1,YELDARB-1,6,JAGUARS
FKENNEDY14,8,FKENNEDY14-8,6,JAGUARS
OVERSHOT,1,OVERSHOT-1,6,JAGUARS
YELDARB,2,YELDARB-2,22,CHARGERS
FKENNEDY14,9,FKENNEDY14-9,6,JAGUARS
OVERTIME 48,1,OVERTIME 48-1,22,CHARGERS
YELDARB,3,YELDARB-3,22,CHARGERS
FKLG1,1,FKLG1-1,22,CHARGERS
OWAAT,1,OWAAT-1,6,JAGUARS
YELDARB,4,YELDARB-4,6,JAGUARS
FLAG ON THE PLAY,1,FLAG ON THE PLAY-1,6,JAGUARS
OWAAT,2,OWAAT-2,22,CHARGERS
YELDARB,5,YELDARB-5,20,LIONS
FLAG ON THE PLAY,2,FLAG ON THE PLAY-2,22,CHARGERS
OWEN'S OPERATION,1,OWEN'S OPERATION-1,6,JAGUARS
YELLA FELLAS,1,YELLA FELLAS-1,22,CHARGERS
FLAGMASTERS,1,FLAGMASTERS-1,6,JAGUARS
OWEN'S OPERATION,2,OWEN'S OPERATION-2,6,JAGUARS
YELLA FELLAS,2,YELLA FELLAS-2,24,RAIDERS
FLAGMASTERS,2,FLAGMASTERS-2,12,STEELERS
OZEMPICK,1,OZEMPICK-1,12,STEELERS
yeokjeon,1,yeokjeon-1,22,CHARGERS
FLAGMASTERS,3,FLAGMASTERS-3,22,CHARGERS
OZEMPICK,10,OZEMPICK-10,12,STEELERS
yeokjeon,2,yeokjeon-2,22,CHARGERS
FLAN GOO,1,FLAN GOO-1,12,STEELERS
OZEMPICK,2,OZEMPICK-2,12,STEELERS
yeokjeon,3,yeokjeon-3,6,JAGUARS
Flashgator10,1,Flashgator10-1,12,STEELERS
OZEMPICK,3,OZEMPICK-3,12,STEELERS
yeokjeon,4,yeokjeon-4,6,JAGUARS
Flashgator10,10,Flashgator10-10,18,TITANS
OZEMPICK,4,OZEMPICK-4,12,STEELERS
yeokjeon,5,yeokjeon-5,12,STEELERS
Flashgator10,2,Flashgator10-2,12,STEELERS
OZEMPICK,5,OZEMPICK-5,12,STEELERS
YERINATOR,1,YERINATOR-1,12,STEELERS
Flashgator10,3,Flashgator10-3,12,STEELERS
OZEMPICK,6,OZEMPICK-6,12,STEELERS
Yiatros,1,Yiatros-1,6,JAGUARS
Flashgator10,4,Flashgator10-4,6,JAGUARS
OZEMPICK,7,OZEMPICK-7,12,STEELERS
yinzer kids,1,yinzer kids-1,22,CHARGERS
Flashgator10,5,Flashgator10-5,6,JAGUARS
OZEMPICK,8,OZEMPICK-8,12,STEELERS
YINZERCOUNTRY,1,YINZERCOUNTRY-1,22,CHARGERS
Flashgator10,6,Flashgator10-6,22,CHARGERS
OZEMPICK,9,OZEMPICK-9,12,STEELERS
YKNAPS,1,YKNAPS-1,22,CHARGERS
Flashgator10,7,Flashgator10-7,24,RAIDERS
OZZY,1,OZZY-1,12,STEELERS
YKNAPS,10,YKNAPS-10,20,LIONS
Flashgator10,8,Flashgator10-8,22,CHARGERS
OZZY,2,OZZY-2,20,LIONS
YKNAPS,2,YKNAPS-2,22,CHARGERS
Flashgator10,9,Flashgator10-9,6,JAGUARS
OZZYS,1,OZZYS-1,24,RAIDERS
YKNAPS,3,YKNAPS-3,22,CHARGERS
FLASHQB9,1,FLASHQB9-1,22,CHARGERS
OZZYS,2,OZZYS-2,12,STEELERS
YKNAPS,4,YKNAPS-4,22,CHARGERS
FLASHQB9,2,FLASHQB9-2,6,JAGUARS
OZZYS,3,OZZYS-3,12,STEELERS
YKNAPS,5,YKNAPS-5,22,CHARGERS
FLATLANDERS,1,FLATLANDERS-1,6,JAGUARS
OZZYS,4,OZZYS-4,22,CHARGERS
YKNAPS,6,YKNAPS-6,22,CHARGERS
FLATLANDERS,2,FLATLANDERS-2,22,CHARGERS
OZZYS,5,OZZYS-5,26,EAGLES
YKNAPS,7,YKNAPS-7,12,STEELERS
FLATLANDERS,3,FLATLANDERS-3,6,JAGUARS
P.L.O.,1,P.L.O.-1,6,JAGUARS
YKNAPS,8,YKNAPS-8,12,STEELERS
FLBENGALSEAST,1,FLBENGALSEAST-1,22,CHARGERS
P.L.O.,2,P.L.O.-2,22,CHARGERS
YKNAPS,9,YKNAPS-9,20,LIONS
FLBENGALSEAST,10,FLBENGALSEAST-10,22,CHARGERS
P.L.O.,3,P.L.O.-3,24,RAIDERS
"yo, cummish",1,"yo, cummish-1",6,JAGUARS
FLBENGALSEAST,2,FLBENGALSEAST-2,22,CHARGERS
pac-12 refs,1,pac-12 refs-1,6,JAGUARS
"yo, cummish",2,"yo, cummish-2",24,RAIDERS
FLBENGALSEAST,3,FLBENGALSEAST-3,6,JAGUARS
pac-12 refs,2,pac-12 refs-2,6,JAGUARS
YoEleven,1,YoEleven-1,6,JAGUARS
FLBENGALSEAST,4,FLBENGALSEAST-4,6,JAGUARS
pac-12 refs,3,pac-12 refs-3,22,CHARGERS
YOLO-SURVIVOR,1,YOLO-SURVIVOR-1,24,RAIDERS
FLBENGALSEAST,5,FLBENGALSEAST-5,24,RAIDERS
pac-12 refs,4,pac-12 refs-4,12,STEELERS
YOLO-SURVIVOR,10,YOLO-SURVIVOR-10,24,RAIDERS
FLBENGALSEAST,6,FLBENGALSEAST-6,12,STEELERS
PACEH,1,PACEH-1,6,JAGUARS
YOLO-SURVIVOR,2,YOLO-SURVIVOR-2,24,RAIDERS
FLBENGALSEAST,7,FLBENGALSEAST-7,6,JAGUARS
PACEH,2,PACEH-2,22,CHARGERS
YOLO-SURVIVOR,3,YOLO-SURVIVOR-3,24,RAIDERS
FLBENGALSEAST,8,FLBENGALSEAST-8,22,CHARGERS
PACEH,3,PACEH-3,22,CHARGERS
YOLO-SURVIVOR,4,YOLO-SURVIVOR-4,24,RAIDERS
FLBENGALSEAST,9,FLBENGALSEAST-9,24,RAIDERS
PACEH,4,PACEH-4,22,CHARGERS
YOLO-SURVIVOR,5,YOLO-SURVIVOR-5,24,RAIDERS
FLBENGALSWEST,1,FLBENGALSWEST-1,22,CHARGERS
PACER NATION,1,PACER NATION-1,22,CHARGERS
YOLO-SURVIVOR,6,YOLO-SURVIVOR-6,24,RAIDERS
FLBENGALSWEST,10,FLBENGALSWEST-10,8,BENGALS
PACER NATION,2,PACER NATION-2,22,CHARGERS
YOLO-SURVIVOR,7,YOLO-SURVIVOR-7,24,RAIDERS
FLBENGALSWEST,2,FLBENGALSWEST-2,22,CHARGERS
PACER NATION,3,PACER NATION-3,6,JAGUARS
YOLO-SURVIVOR,8,YOLO-SURVIVOR-8,24,RAIDERS
FLBENGALSWEST,3,FLBENGALSWEST-3,22,CHARGERS
PACER NATION,4,PACER NATION-4,6,JAGUARS
YOLO-SURVIVOR,9,YOLO-SURVIVOR-9,24,RAIDERS
FLBENGALSWEST,4,FLBENGALSWEST-4,22,CHARGERS
PACER NATION,5,PACER NATION-5,6,JAGUARS
YOLO4,1,YOLO4-1,24,RAIDERS
FLBENGALSWEST,5,FLBENGALSWEST-5,6,JAGUARS
PACER NATION,6,PACER NATION-6,12,STEELERS
YOLO4,2,YOLO4-2,20,LIONS
FLBENGALSWEST,6,FLBENGALSWEST-6,6,JAGUARS
PACER NATION,7,PACER NATION-7,12,STEELERS
YOLO4,3,YOLO4-3,22,CHARGERS
FLBENGALSWEST,7,FLBENGALSWEST-7,24,RAIDERS
PACER NATION,8,PACER NATION-8,24,RAIDERS
YOLO4,4,YOLO4-4,12,STEELERS
FLBENGALSWEST,8,FLBENGALSWEST-8,24,RAIDERS
PACHABO,1,PACHABO-1,6,JAGUARS
YoooDraay,1,YoooDraay-1,22,CHARGERS
FLBENGALSWEST,9,FLBENGALSWEST-9,20,LIONS
PACHABO,2,PACHABO-2,6,JAGUARS
YOOPERGUS,1,YOOPERGUS-1,6,JAGUARS
FLETCHDOG,1,FLETCHDOG-1,6,JAGUARS
PACHABO,3,PACHABO-3,22,CHARGERS
YOSHI777,1,YOSHI777-1,20,LIONS
FLETCHDOG,2,FLETCHDOG-2,22,CHARGERS
PACIFICO,1,PACIFICO-1,28,VIKINGS
YOSHI777,10,YOSHI777-10,20,LIONS
FLETCHDOG,3,FLETCHDOG-3,6,JAGUARS
PACKACE,1,PACKACE-1,22,CHARGERS
YOSHI777,2,YOSHI777-2,20,LIONS
FLETCHDOG,4,FLETCHDOG-4,22,CHARGERS
PACKACE,2,PACKACE-2,12,STEELERS
YOSHI777,3,YOSHI777-3,20,LIONS
FLETCHDOG,5,FLETCHDOG-5,6,JAGUARS
PACKACE,3,PACKACE-3,20,LIONS
YOSHI777,4,YOSHI777-4,20,LIONS
FLETCHDOG,6,FLETCHDOG-6,24,RAIDERS
PACKACE,4,PACKACE-4,22,CHARGERS
YOSHI777,5,YOSHI777-5,20,LIONS
FLETCHER FALCONS,1,FLETCHER FALCONS-1,24,RAIDERS
PACKACE,5,PACKACE-5,12,STEELERS
YOSHI777,6,YOSHI777-6,20,LIONS
FLETCHER FALCONS,2,FLETCHER FALCONS-2,22,CHARGERS
PACKACE,6,PACKACE-6,6,JAGUARS
YOSHI777,7,YOSHI777-7,20,LIONS
FLETCHER FALCONS,3,FLETCHER FALCONS-3,22,CHARGERS
PACKACE,7,PACKACE-7,6,JAGUARS
YOSHI777,8,YOSHI777-8,20,LIONS
FLETCHER FALCONS,4,FLETCHER FALCONS-4,6,JAGUARS
PACKACE,8,PACKACE-8,6,JAGUARS
YOSHI777,9,YOSHI777-9,20,LIONS
FLETCHER FALCONS,5,FLETCHER FALCONS-5,6,JAGUARS
PACKERS999,1,PACKERS999-1,6,JAGUARS
Yost,1,Yost-1,6,JAGUARS
FLEXING ON EGLIS,1,FLEXING ON EGLIS-1,20,LIONS
PACO_WINS,1,PACO_WINS-1,22,CHARGERS
Yost,2,Yost-2,20,LIONS
FLEXING ON EGLIS,10,FLEXING ON EGLIS-10,22,CHARGERS
PACO_WINS,2,PACO_WINS-2,12,STEELERS
Yost,3,Yost-3,22,CHARGERS
FLEXING ON EGLIS,2,FLEXING ON EGLIS-2,20,LIONS
PACOWBOY,1,PACOWBOY-1,20,LIONS
YOU GOT GIANERA'D,1,YOU GOT GIANERA'D-1,6,JAGUARS
FLEXING ON EGLIS,3,FLEXING ON EGLIS-3,20,LIONS
PACOWBOY,2,PACOWBOY-2,6,JAGUARS
YOU GOT GIANERA'D,2,YOU GOT GIANERA'D-2,12,STEELERS
FLEXING ON EGLIS,4,FLEXING ON EGLIS-4,20,LIONS
Pain Hurts,1,Pain Hurts-1,6,JAGUARS
YOU GOT GIANERA'D,3,YOU GOT GIANERA'D-3,24,RAIDERS
FLEXING ON EGLIS,5,FLEXING ON EGLIS-5,20,LIONS
Pain Hurts,2,Pain Hurts-2,22,CHARGERS
You Got The Snake,1,You Got The Snake-1,6,JAGUARS
FLEXING ON EGLIS,6,FLEXING ON EGLIS-6,8,BENGALS
PAK-TEX,1,PAK-TEX-1,2,SEAHAWKS
YOUNG BUMPS,1,YOUNG BUMPS-1,12,STEELERS
FLEXING ON EGLIS,7,FLEXING ON EGLIS-7,8,BENGALS
PAK-TEX,2,PAK-TEX-2,6,JAGUARS
YOUNG BUMPS,2,YOUNG BUMPS-2,12,STEELERS
FLEXING ON EGLIS,8,FLEXING ON EGLIS-8,22,CHARGERS
PAK-TEX,3,PAK-TEX-3,6,JAGUARS
YOUNG BUMPS,3,YOUNG BUMPS-3,6,JAGUARS
FLEXING ON EGLIS,9,FLEXING ON EGLIS-9,22,CHARGERS
PAK-TEX,4,PAK-TEX-4,12,STEELERS
YOUNG BUMPS,4,YOUNG BUMPS-4,6,JAGUARS
FLICK & SURVIVE,1,FLICK & SURVIVE-1,22,CHARGERS
PAK-TEX,5,PAK-TEX-5,12,STEELERS
YOUNG DANIEL,1,YOUNG DANIEL-1,12,STEELERS
FLICK & SURVIVE,2,FLICK & SURVIVE-2,20,LIONS
PAKSCHAMP,1,PAKSCHAMP-1,20,LIONS
YOUNG DANIEL,10,YOUNG DANIEL-10,24,RAIDERS
FLICK & SURVIVE,3,FLICK & SURVIVE-3,12,STEELERS
PALAZZO OVERNIGHT,1,PALAZZO OVERNIGHT-1,6,JAGUARS
YOUNG DANIEL,2,YOUNG DANIEL-2,24,RAIDERS
FLICKAJJ,1,FLICKAJJ-1,28,VIKINGS
PALAZZO OVERNIGHT,2,PALAZZO OVERNIGHT-2,22,CHARGERS
YOUNG DANIEL,3,YOUNG DANIEL-3,6,JAGUARS
FLICKAJJ,10,FLICKAJJ-10,20,LIONS
palmer,1,palmer-1,22,CHARGERS
YOUNG DANIEL,4,YOUNG DANIEL-4,6,JAGUARS
FLICKAJJ,2,FLICKAJJ-2,28,VIKINGS
palmer,10,palmer-10,22,CHARGERS
YOUNG DANIEL,5,YOUNG DANIEL-5,22,CHARGERS
FLICKAJJ,3,FLICKAJJ-3,28,VIKINGS
palmer,2,palmer-2,22,CHARGERS
YOUNG DANIEL,6,YOUNG DANIEL-6,22,CHARGERS
FLICKAJJ,4,FLICKAJJ-4,28,VIKINGS
palmer,3,palmer-3,22,CHARGERS
YOUNG DANIEL,7,YOUNG DANIEL-7,20,LIONS
FLICKAJJ,5,FLICKAJJ-5,26,EAGLES
palmer,4,palmer-4,22,CHARGERS
YOUNG DANIEL,8,YOUNG DANIEL-8,20,LIONS
FLICKAJJ,6,FLICKAJJ-6,26,EAGLES
palmer,5,palmer-5,22,CHARGERS
YOUNG DANIEL,9,YOUNG DANIEL-9,20,LIONS
FLICKAJJ,7,FLICKAJJ-7,26,EAGLES
palmer,6,palmer-6,22,CHARGERS
YOUNGBLOOD-SMARTEES,1,YOUNGBLOOD-SMARTEES-1,22,CHARGERS
FLICKAJJ,8,FLICKAJJ-8,26,EAGLES
palmer,7,palmer-7,22,CHARGERS
YOUNGBLOOD-SMARTEES,2,YOUNGBLOOD-SMARTEES-2,22,CHARGERS
FLICKAJJ,9,FLICKAJJ-9,20,LIONS
palmer,8,palmer-8,22,CHARGERS
YOUNGBLOOD-SMARTEES,3,YOUNGBLOOD-SMARTEES-3,6,JAGUARS
Flood Party,1,Flood Party-1,24,RAIDERS
palmer,9,palmer-9,22,CHARGERS
YOUNGBLOOD-SMARTEES,4,YOUNGBLOOD-SMARTEES-4,12,STEELERS
Flood Party,10,Flood Party-10,22,CHARGERS
PALMER82,1,PALMER82-1,6,JAGUARS
YOUNGBUFFS,1,YOUNGBUFFS-1,6,JAGUARS
Flood Party,2,Flood Party-2,24,RAIDERS
PALMER82,2,PALMER82-2,6,JAGUARS
YOUNGBUFFS,2,YOUNGBUFFS-2,22,CHARGERS
Flood Party,3,Flood Party-3,24,RAIDERS
PALMER82,3,PALMER82-3,22,CHARGERS
YOUNGBUFFS,3,YOUNGBUFFS-3,20,LIONS
Flood Party,4,Flood Party-4,24,RAIDERS
PALMER82,4,PALMER82-4,22,CHARGERS
YOUNGBUFFS,4,YOUNGBUFFS-4,22,CHARGERS
Flood Party,5,Flood Party-5,24,RAIDERS
PALMER82,5,PALMER82-5,22,CHARGERS
Youngguns,1,Youngguns-1,24,RAIDERS
Flood Party,6,Flood Party-6,22,CHARGERS
PALMER82,6,PALMER82-6,20,LIONS
Youngguns,10,Youngguns-10,6,JAGUARS
Flood Party,7,Flood Party-7,22,CHARGERS
PALMETTO PRESS,1,PALMETTO PRESS-1,8,BENGALS
Youngguns,2,Youngguns-2,24,RAIDERS
Flood Party,8,Flood Party-8,22,CHARGERS
PALMETTO PRESS,10,PALMETTO PRESS-10,22,CHARGERS
Youngguns,3,Youngguns-3,24,RAIDERS
Flood Party,9,Flood Party-9,22,CHARGERS
PALMETTO PRESS,2,PALMETTO PRESS-2,12,STEELERS
Youngguns,4,Youngguns-4,6,JAGUARS
FLOORING GUYS,1,FLOORING GUYS-1,6,JAGUARS
PALMETTO PRESS,3,PALMETTO PRESS-3,6,JAGUARS
Youngguns,5,Youngguns-5,6,JAGUARS
FLORIDA MAN,1,FLORIDA MAN-1,24,RAIDERS
PALMETTO PRESS,4,PALMETTO PRESS-4,22,CHARGERS
Youngguns,6,Youngguns-6,6,JAGUARS
FLORIDA VEGAS LINE,1,FLORIDA VEGAS LINE-1,6,JAGUARS
PALMETTO PRESS,5,PALMETTO PRESS-5,24,RAIDERS
Youngguns,7,Youngguns-7,6,JAGUARS
FLORIDA VEGAS LINE,2,FLORIDA VEGAS LINE-2,24,RAIDERS
PALMETTO PRESS,6,PALMETTO PRESS-6,6,JAGUARS
Youngguns,8,Youngguns-8,12,STEELERS
FLOWMASTER,1,FLOWMASTER-1,12,STEELERS
PALMETTO PRESS,7,PALMETTO PRESS-7,6,JAGUARS
Youngguns,9,Youngguns-9,12,STEELERS
FLOWMASTER,10,FLOWMASTER-10,22,CHARGERS
PALMETTO PRESS,8,PALMETTO PRESS-8,28,VIKINGS
YOUR GIRL NEXT,1,YOUR GIRL NEXT-1,22,CHARGERS
FLOWMASTER,2,FLOWMASTER-2,12,STEELERS
PALMETTO PRESS,9,PALMETTO PRESS-9,22,CHARGERS
YOUR MOM,1,YOUR MOM-1,20,LIONS
FLOWMASTER,3,FLOWMASTER-3,12,STEELERS
PALVERIZER,1,PALVERIZER-1,26,EAGLES
YOYO FOR THE HOHO,1,YOYO FOR THE HOHO-1,24,RAIDERS
FLOWMASTER,4,FLOWMASTER-4,12,STEELERS
PALVERIZER,2,PALVERIZER-2,22,CHARGERS
YOYO FOR THE HOHO,2,YOYO FOR THE HOHO-2,12,STEELERS
FLOWMASTER,5,FLOWMASTER-5,6,JAGUARS
PANCHO54,1,PANCHO54-1,6,JAGUARS
YTOWN08,1,YTOWN08-1,22,CHARGERS
FLOWMASTER,6,FLOWMASTER-6,6,JAGUARS
PANCHO54,10,PANCHO54-10,6,JAGUARS
YTOWN08,2,YTOWN08-2,6,JAGUARS
FLOWMASTER,7,FLOWMASTER-7,6,JAGUARS
PANCHO54,2,PANCHO54-2,22,CHARGERS
YTOWN08,3,YTOWN08-3,12,STEELERS
FLOWMASTER,8,FLOWMASTER-8,6,JAGUARS
PANCHO54,3,PANCHO54-3,22,CHARGERS
Yu,1,Yu-1,22,CHARGERS
FLOWMASTER,9,FLOWMASTER-9,22,CHARGERS
PANCHO54,4,PANCHO54-4,24,RAIDERS
YUDO GHOME,1,YUDO GHOME-1,22,CHARGERS
FLSKIBBY,1,FLSKIBBY-1,22,CHARGERS
PANCHO54,5,PANCHO54-5,24,RAIDERS
YUDO GHOME,10,YUDO GHOME-10,22,CHARGERS
FLSKIBBY,2,FLSKIBBY-2,6,JAGUARS
PANCHO54,6,PANCHO54-6,24,RAIDERS
YUDO GHOME,2,YUDO GHOME-2,22,CHARGERS
FLUFFY5,1,FLUFFY5-1,24,RAIDERS
PANCHO54,7,PANCHO54-7,22,CHARGERS
YUDO GHOME,3,YUDO GHOME-3,22,CHARGERS
FLUFFY5,2,FLUFFY5-2,12,STEELERS
PANCHO54,8,PANCHO54-8,22,CHARGERS
YUDO GHOME,4,YUDO GHOME-4,22,CHARGERS
FLUFFY5,3,FLUFFY5-3,14,TEXANS
PANCHO54,9,PANCHO54-9,6,JAGUARS
YUDO GHOME,5,YUDO GHOME-5,22,CHARGERS
FLUSHING'S FINEST,1,FLUSHING'S FINEST-1,6,JAGUARS
PAND P PAYDAY,1,PAND P PAYDAY-1,6,JAGUARS
YUDO GHOME,6,YUDO GHOME-6,22,CHARGERS
Fly EaglesFlyHurts,1,Fly EaglesFlyHurts-1,20,LIONS
PANDAZX3,1,PANDAZX3-1,22,CHARGERS
YUDO GHOME,7,YUDO GHOME-7,22,CHARGERS
FlyEaglesFly,1,FlyEaglesFly-1,6,JAGUARS
PANDAZX3,10,PANDAZX3-10,22,CHARGERS
YUDO GHOME,8,YUDO GHOME-8,22,CHARGERS
FLYNNER WINNER,1,FLYNNER WINNER-1,6,JAGUARS
PANDAZX3,2,PANDAZX3-2,22,CHARGERS
YUDO GHOME,9,YUDO GHOME-9,22,CHARGERS
FLYNNER WINNER,2,FLYNNER WINNER-2,22,CHARGERS
PANDAZX3,3,PANDAZX3-3,22,CHARGERS
YUGO77,1,YUGO77-1,12,STEELERS
FLYNTGR,1,FLYNTGR-1,6,JAGUARS
PANDAZX3,4,PANDAZX3-4,22,CHARGERS
YUGO77,2,YUGO77-2,12,STEELERS
FLYNTGR,2,FLYNTGR-2,6,JAGUARS
PANDAZX3,5,PANDAZX3-5,22,CHARGERS
YUGO77,3,YUGO77-3,24,RAIDERS
FLYNTGR,3,FLYNTGR-3,12,STEELERS
PANDAZX3,6,PANDAZX3-6,22,CHARGERS
YUNG STUART,1,YUNG STUART-1,22,CHARGERS
FLYNTGR,4,FLYNTGR-4,12,STEELERS
PANDAZX3,7,PANDAZX3-7,22,CHARGERS
Yuno Ball,1,Yuno Ball-1,6,JAGUARS
FLYNTGR,5,FLYNTGR-5,12,STEELERS
PANDAZX3,8,PANDAZX3-8,22,CHARGERS
Yuno Ball,10,Yuno Ball-10,6,JAGUARS
FM2,1,FM2-1,8,BENGALS
PANDAZX3,9,PANDAZX3-9,22,CHARGERS
Yuno Ball,2,Yuno Ball-2,6,JAGUARS
FM2,10,FM2-10,6,JAGUARS
PANTHER BOLTS,1,PANTHER BOLTS-1,22,CHARGERS
Yuno Ball,3,Yuno Ball-3,6,JAGUARS
FM2,2,FM2-2,8,BENGALS
PANTHER BOLTS,2,PANTHER BOLTS-2,6,JAGUARS
Yuno Ball,4,Yuno Ball-4,6,JAGUARS
FM2,3,FM2-3,8,BENGALS
PANTHER BOLTS,3,PANTHER BOLTS-3,12,STEELERS
Yuno Ball,5,Yuno Ball-5,6,JAGUARS
FM2,4,FM2-4,8,BENGALS
PANTHER BOLTS,4,PANTHER BOLTS-4,24,RAIDERS
Yuno Ball,6,Yuno Ball-6,6,JAGUARS
FM2,5,FM2-5,12,STEELERS
PANTHERRIDGESTOOGES,1,PANTHERRIDGESTOOGES-1,20,LIONS
Yuno Ball,7,Yuno Ball-7,6,JAGUARS
FM2,6,FM2-6,12,STEELERS
PANTHERRIDGESTOOGES,2,PANTHERRIDGESTOOGES-2,6,JAGUARS
Yuno Ball,8,Yuno Ball-8,6,JAGUARS
FM2,7,FM2-7,12,STEELERS
PANTHERRIDGESTOOGES,3,PANTHERRIDGESTOOGES-3,22,CHARGERS
Yuno Ball,9,Yuno Ball-9,6,JAGUARS
FM2,8,FM2-8,12,STEELERS
PANTIES,1,PANTIES-1,6,JAGUARS
YURD,1,YURD-1,22,CHARGERS
FM2,9,FM2-9,6,JAGUARS
PANTIES,10,PANTIES-10,22,CHARGERS
YUVNEVA HUDOVA,1,YUVNEVA HUDOVA-1,22,CHARGERS
FNS UNITED,1,FNS UNITED-1,22,CHARGERS
PANTIES,2,PANTIES-2,22,CHARGERS
YUVNEVA HUDOVA,10,YUVNEVA HUDOVA-10,22,CHARGERS
FNS UNITED,2,FNS UNITED-2,22,CHARGERS
PANTIES,3,PANTIES-3,20,LIONS
YUVNEVA HUDOVA,2,YUVNEVA HUDOVA-2,22,CHARGERS
FNS UNITED,3,FNS UNITED-3,22,CHARGERS
PANTIES,4,PANTIES-4,12,STEELERS
YUVNEVA HUDOVA,3,YUVNEVA HUDOVA-3,22,CHARGERS
FNS UNITED,4,FNS UNITED-4,6,JAGUARS
PANTIES,5,PANTIES-5,6,JAGUARS
YUVNEVA HUDOVA,4,YUVNEVA HUDOVA-4,22,CHARGERS
FNS UNITED,5,FNS UNITED-5,6,JAGUARS
PANTIES,6,PANTIES-6,22,CHARGERS
YUVNEVA HUDOVA,5,YUVNEVA HUDOVA-5,22,CHARGERS
FNS UNITED,6,FNS UNITED-6,12,STEELERS
PANTIES,7,PANTIES-7,20,LIONS
YUVNEVA HUDOVA,6,YUVNEVA HUDOVA-6,22,CHARGERS
FNS UNITED,7,FNS UNITED-7,22,CHARGERS
PANTIES,8,PANTIES-8,12,STEELERS
YUVNEVA HUDOVA,7,YUVNEVA HUDOVA-7,22,CHARGERS
FO' TIMES,1,FO' TIMES-1,22,CHARGERS
PANTIES,9,PANTIES-9,6,JAGUARS
YUVNEVA HUDOVA,8,YUVNEVA HUDOVA-8,22,CHARGERS
FO' TIMES,10,FO' TIMES-10,12,STEELERS
PAPA BEAN,1,PAPA BEAN-1,6,JAGUARS
YUVNEVA HUDOVA,9,YUVNEVA HUDOVA-9,22,CHARGERS
FO' TIMES,2,FO' TIMES-2,22,CHARGERS
PAPA D,1,PAPA D-1,20,LIONS
Z HOUSE ALWAYS WINS,1,Z HOUSE ALWAYS WINS-1,22,CHARGERS
FO' TIMES,3,FO' TIMES-3,22,CHARGERS
PAPA D,2,PAPA D-2,22,CHARGERS
Z HOUSE ALWAYS WINS,10,Z HOUSE ALWAYS WINS-10,26,EAGLES
FO' TIMES,4,FO' TIMES-4,6,JAGUARS
PAPA D,3,PAPA D-3,22,CHARGERS
Z HOUSE ALWAYS WINS,2,Z HOUSE ALWAYS WINS-2,22,CHARGERS
FO' TIMES,5,FO' TIMES-5,6,JAGUARS
PAPA LOU,1,PAPA LOU-1,6,JAGUARS
Z HOUSE ALWAYS WINS,3,Z HOUSE ALWAYS WINS-3,22,CHARGERS
FO' TIMES,6,FO' TIMES-6,12,STEELERS
PAPA LOU,2,PAPA LOU-2,22,CHARGERS
Z HOUSE ALWAYS WINS,4,Z HOUSE ALWAYS WINS-4,22,CHARGERS
FO' TIMES,7,FO' TIMES-7,22,CHARGERS
PAPA STEW GAMING,1,PAPA STEW GAMING-1,6,JAGUARS
Z HOUSE ALWAYS WINS,5,Z HOUSE ALWAYS WINS-5,6,JAGUARS
FO' TIMES,8,FO' TIMES-8,6,JAGUARS
PAPA STEW GAMING,2,PAPA STEW GAMING-2,6,JAGUARS
Z HOUSE ALWAYS WINS,6,Z HOUSE ALWAYS WINS-6,6,JAGUARS
FO' TIMES,9,FO' TIMES-9,6,JAGUARS
PAPA STEW GAMING,3,PAPA STEW GAMING-3,6,JAGUARS
Z HOUSE ALWAYS WINS,7,Z HOUSE ALWAYS WINS-7,20,LIONS
FOAM PARTY PADDY'S,1,FOAM PARTY PADDY'S-1,22,CHARGERS
PAPA STEW GAMING,4,PAPA STEW GAMING-4,22,CHARGERS
Z HOUSE ALWAYS WINS,8,Z HOUSE ALWAYS WINS-8,20,LIONS
FOAM PARTY PADDY'S,2,FOAM PARTY PADDY'S-2,12,STEELERS
PAPA STEW GAMING,5,PAPA STEW GAMING-5,22,CHARGERS
Z HOUSE ALWAYS WINS,9,Z HOUSE ALWAYS WINS-9,12,STEELERS
FOAM PARTY PADDY'S,3,FOAM PARTY PADDY'S-3,17,JETS
PAPA STEW GAMING,6,PAPA STEW GAMING-6,22,CHARGERS
ZACH12345,1,ZACH12345-1,6,JAGUARS
FOLLOW THE MOMMIES,1,FOLLOW THE MOMMIES-1,6,JAGUARS
PAPAJOE,1,PAPAJOE-1,18,TITANS
ZACH12345,2,ZACH12345-2,22,CHARGERS
FOLLY ME,1,FOLLY ME-1,6,JAGUARS
PAPAJOE,2,PAPAJOE-2,6,JAGUARS
ZACHATTACK,1,ZACHATTACK-1,10,COLTS
FOLLY ME,2,FOLLY ME-2,22,CHARGERS
PAPAJOE,3,PAPAJOE-3,6,JAGUARS
ZACHATTACK,2,ZACHATTACK-2,12,STEELERS
FOLSOM 1226,1,FOLSOM 1226-1,12,STEELERS
PAPAJOE,4,PAPAJOE-4,12,STEELERS
ZACHATTACK,3,ZACHATTACK-3,32,CHIEFS
FOOF,1,FOOF-1,24,RAIDERS
PAPAJOE,5,PAPAJOE-5,20,LIONS
ZACHATTACK,4,ZACHATTACK-4,30,GIANTS
FOOF,10,FOOF-10,26,EAGLES
PAPAJOE,6,PAPAJOE-6,6,JAGUARS
ZACHATTACK,5,ZACHATTACK-5,22,CHARGERS
FOOF,2,FOOF-2,24,RAIDERS
PAPAJOHNTN,1,PAPAJOHNTN-1,6,JAGUARS
ZACHATTACK,6,ZACHATTACK-6,24,RAIDERS
FOOF,3,FOOF-3,17,JETS
PAPAJOHNTN,2,PAPAJOHNTN-2,22,CHARGERS
ZACHATTACK,7,ZACHATTACK-7,18,TITANS
FOOF,4,FOOF-4,26,EAGLES
PAPAJOHNTN,3,PAPAJOHNTN-3,6,JAGUARS
ZACKOLINE 5,1,ZACKOLINE 5-1,6,JAGUARS
FOOF,5,FOOF-5,26,EAGLES
PAPAJOHNTN,4,PAPAJOHNTN-4,22,CHARGERS
ZACKOLINE 5,10,ZACKOLINE 5-10,6,JAGUARS
FOOF,6,FOOF-6,26,EAGLES
PAPASSEVEN,1,PAPASSEVEN-1,6,JAGUARS
ZACKOLINE 5,2,ZACKOLINE 5-2,6,JAGUARS
FOOF,7,FOOF-7,26,EAGLES
PAPASSEVEN,2,PAPASSEVEN-2,22,CHARGERS
ZACKOLINE 5,3,ZACKOLINE 5-3,6,JAGUARS
FOOF,8,FOOF-8,26,EAGLES
PAPI PAGO,1,PAPI PAGO-1,22,CHARGERS
ZACKOLINE 5,4,ZACKOLINE 5-4,6,JAGUARS
FOOF,9,FOOF-9,26,EAGLES
PAPI PAGO,2,PAPI PAGO-2,6,JAGUARS
ZACKOLINE 5,5,ZACKOLINE 5-5,6,JAGUARS
FOOGE,1,FOOGE-1,6,JAGUARS
PAPI PAGO,3,PAPI PAGO-3,6,JAGUARS
ZACKOLINE 5,6,ZACKOLINE 5-6,6,JAGUARS
FOOGE,2,FOOGE-2,12,STEELERS
PAPPY VAN HENKEL,1,PAPPY VAN HENKEL-1,6,JAGUARS
ZACKOLINE 5,7,ZACKOLINE 5-7,6,JAGUARS
FOOGE,3,FOOGE-3,22,CHARGERS
PAPPY VAN HENKEL,2,PAPPY VAN HENKEL-2,12,STEELERS
ZACKOLINE 5,8,ZACKOLINE 5-8,6,JAGUARS
FOOL'S GOLD,1,FOOL'S GOLD-1,6,JAGUARS
PAPPY Z,1,PAPPY Z-1,6,JAGUARS
ZACKOLINE 5,9,ZACKOLINE 5-9,6,JAGUARS
Football Gratitude,1,Football Gratitude-1,22,CHARGERS
Paquete De Cuatro,1,Paquete De Cuatro-1,22,CHARGERS
ZANDER,1,ZANDER-1,22,CHARGERS
Football Gratitude,2,Football Gratitude-2,6,JAGUARS
Paquete De Cuatro,2,Paquete De Cuatro-2,6,JAGUARS
ZAPEGATO,1,ZAPEGATO-1,22,CHARGERS
Football Gratitude,3,Football Gratitude-3,22,CHARGERS
PAR SIX,1,PAR SIX-1,6,JAGUARS
ZAPEGATO,2,ZAPEGATO-2,22,CHARGERS
Football Gratitude,4,Football Gratitude-4,6,JAGUARS
PAR SIX,10,PAR SIX-10,9,RAVENS
zatara,1,zatara-1,12,STEELERS
Football Gratitude,5,Football Gratitude-5,22,CHARGERS
PAR SIX,2,PAR SIX-2,6,JAGUARS
ZD22,1,ZD22-1,12,STEELERS
Football Gratitude,6,Football Gratitude-6,6,JAGUARS
PAR SIX,3,PAR SIX-3,24,RAIDERS
ZD22,10,ZD22-10,22,CHARGERS
Football Gratitude,7,Football Gratitude-7,22,CHARGERS
PAR SIX,4,PAR SIX-4,24,RAIDERS
ZD22,2,ZD22-2,6,JAGUARS
Football Gratitude,8,Football Gratitude-8,12,STEELERS
PAR SIX,5,PAR SIX-5,24,RAIDERS
ZD22,3,ZD22-3,6,JAGUARS
Football Gratitude,9,Football Gratitude-9,26,EAGLES
PAR SIX,6,PAR SIX-6,24,RAIDERS
ZD22,4,ZD22-4,6,JAGUARS
FOOTBALLCONTESTSHOW,1,FOOTBALLCONTESTSHOW-1,22,CHARGERS
PAR SIX,7,PAR SIX-7,8,BENGALS
ZD22,5,ZD22-5,6,JAGUARS
FOOTBALLCONTESTSHOW,2,FOOTBALLCONTESTSHOW-2,22,CHARGERS
PAR SIX,8,PAR SIX-8,8,BENGALS
ZD22,6,ZD22-6,6,JAGUARS
FOOTBALLCONTESTSHOW,3,FOOTBALLCONTESTSHOW-3,6,JAGUARS
PAR SIX,9,PAR SIX-9,9,RAVENS
ZD22,7,ZD22-7,6,JAGUARS
FOOTBALLJUNKIEPINSK,1,FOOTBALLJUNKIEPINSK-1,12,STEELERS
PARA11EL LINES,1,PARA11EL LINES-1,12,STEELERS
ZD22,8,ZD22-8,22,CHARGERS
FOOTBALLSCHOOL3307,1,FOOTBALLSCHOOL3307-1,22,CHARGERS
PARA11EL LINES,10,PARA11EL LINES-10,20,LIONS
ZD22,9,ZD22-9,22,CHARGERS
FOOTBALLSCHOOL3307,2,FOOTBALLSCHOOL3307-2,6,JAGUARS
PARA11EL LINES,2,PARA11EL LINES-2,12,STEELERS
ZEBRA,1,ZEBRA-1,6,JAGUARS
FOOZ,1,FOOZ-1,6,JAGUARS
PARA11EL LINES,3,PARA11EL LINES-3,24,RAIDERS
ZEBRA,2,ZEBRA-2,12,STEELERS
FOR SANAE,1,FOR SANAE-1,6,JAGUARS
PARA11EL LINES,4,PARA11EL LINES-4,24,RAIDERS
ZEEROBJOE$$,1,ZEEROBJOE$$-1,6,JAGUARS
FOR SANAE,2,FOR SANAE-2,18,TITANS
PARA11EL LINES,5,PARA11EL LINES-5,18,TITANS
ZEEROBJOE$$,2,ZEEROBJOE$$-2,12,STEELERS
FOR SANAE,3,FOR SANAE-3,22,CHARGERS
PARA11EL LINES,6,PARA11EL LINES-6,18,TITANS
ZEEROBJOE$$,3,ZEEROBJOE$$-3,22,CHARGERS
FOR SANAE,4,FOR SANAE-4,12,STEELERS
PARA11EL LINES,7,PARA11EL LINES-7,22,CHARGERS
ZEEROBJOE$$,4,ZEEROBJOE$$-4,6,JAGUARS
FOR THE LEES,1,FOR THE LEES-1,22,CHARGERS
PARA11EL LINES,8,PARA11EL LINES-8,22,CHARGERS
Zello Survive,1,Zello Survive-1,9,RAVENS
FOR THE LEES,2,FOR THE LEES-2,6,JAGUARS
PARA11EL LINES,9,PARA11EL LINES-9,6,JAGUARS
Zello Survive,2,Zello Survive-2,12,STEELERS
FOR THE LEES,3,FOR THE LEES-3,22,CHARGERS
PARADIGM,1,PARADIGM-1,22,CHARGERS
Zello Survive,3,Zello Survive-3,22,CHARGERS
FORBES_500,1,FORBES_500-1,12,STEELERS
PARADIGM,10,PARADIGM-10,22,CHARGERS
ZENYATTA,1,ZENYATTA-1,6,JAGUARS
FORBES_500,2,FORBES_500-2,12,STEELERS
PARADIGM,2,PARADIGM-2,22,CHARGERS
ZENYATTA,2,ZENYATTA-2,6,JAGUARS
FORBES_500,3,FORBES_500-3,6,JAGUARS
PARADIGM,3,PARADIGM-3,22,CHARGERS
ZENYATTA,3,ZENYATTA-3,6,JAGUARS
FORBES_500,4,FORBES_500-4,6,JAGUARS
PARADIGM,4,PARADIGM-4,22,CHARGERS
ZENYATTA,4,ZENYATTA-4,22,CHARGERS
FORBES_500,5,FORBES_500-5,6,JAGUARS
PARADIGM,5,PARADIGM-5,22,CHARGERS
ZENYATTA,5,ZENYATTA-5,6,JAGUARS
FORE,1,FORE-1,22,CHARGERS
PARADIGM,6,PARADIGM-6,22,CHARGERS
ZENYATTA,6,ZENYATTA-6,20,LIONS
FORE,2,FORE-2,22,CHARGERS
PARADIGM,7,PARADIGM-7,22,CHARGERS
Zerbs63,1,Zerbs63-1,6,JAGUARS
FORE,3,FORE-3,22,CHARGERS
PARADIGM,8,PARADIGM-8,22,CHARGERS
Zerbs63,10,Zerbs63-10,6,JAGUARS
FORE,4,FORE-4,22,CHARGERS
PARADIGM,9,PARADIGM-9,22,CHARGERS
Zerbs63,2,Zerbs63-2,12,STEELERS
FORE,5,FORE-5,6,JAGUARS
PARDON OUR DEATH,1,PARDON OUR DEATH-1,22,CHARGERS
Zerbs63,3,Zerbs63-3,24,RAIDERS
FORE,6,FORE-6,6,JAGUARS
PARDON OUR DEATH,2,PARDON OUR DEATH-2,22,CHARGERS
Zerbs63,4,Zerbs63-4,22,CHARGERS
FORE,7,FORE-7,6,JAGUARS
PARDON OUR DEATH,3,PARDON OUR DEATH-3,22,CHARGERS
Zerbs63,5,Zerbs63-5,6,JAGUARS
FORE,8,FORE-8,6,JAGUARS
PARDON OUR DEATH,4,PARDON OUR DEATH-4,22,CHARGERS
Zerbs63,6,Zerbs63-6,22,CHARGERS
FOREVERFRESH83,1,FOREVERFRESH83-1,22,CHARGERS
PARDON OUR DEATH,5,PARDON OUR DEATH-5,6,JAGUARS
Zerbs63,7,Zerbs63-7,12,STEELERS
ForkedRiverSyndicate,1,ForkedRiverSyndicate-1,6,JAGUARS
PARDON OUR DEATH,6,PARDON OUR DEATH-6,12,STEELERS
Zerbs63,8,Zerbs63-8,22,CHARGERS
ForkedRiverSyndicate,2,ForkedRiverSyndicate-2,6,JAGUARS
PARDON OUR DEATH,7,PARDON OUR DEATH-7,9,RAVENS
Zerbs63,9,Zerbs63-9,22,CHARGERS
ForkedRiverSyndicate,3,ForkedRiverSyndicate-3,6,JAGUARS
PARDON OUR DEATH,8,PARDON OUR DEATH-8,20,LIONS
ZERO DARK 30,1,ZERO DARK 30-1,22,CHARGERS
ForkedRiverSyndicate,4,ForkedRiverSyndicate-4,22,CHARGERS
PARIS 22,1,PARIS 22-1,22,CHARGERS
ZERO DARK 30,2,ZERO DARK 30-2,6,JAGUARS
ForkedRiverSyndicate,5,ForkedRiverSyndicate-5,22,CHARGERS
PARIS 22,2,PARIS 22-2,20,LIONS
ZERO DARK 30,3,ZERO DARK 30-3,22,CHARGERS
ForkedRiverSyndicate,6,ForkedRiverSyndicate-6,20,LIONS
PARIS 22,3,PARIS 22-3,22,CHARGERS
ZERO DARK 30,4,ZERO DARK 30-4,6,JAGUARS
ForkedRiverSyndicate,7,ForkedRiverSyndicate-7,12,STEELERS
PARIS 22,4,PARIS 22-4,6,JAGUARS
Zeus Juice,1,Zeus Juice-1,12,STEELERS
ForkedRiverSyndicate,8,ForkedRiverSyndicate-8,12,STEELERS
PARISH DENTAL GROUP,1,PARISH DENTAL GROUP-1,22,CHARGERS
Zeus Juice,10,Zeus Juice-10,22,CHARGERS
Fort Fun,1,Fort Fun-1,22,CHARGERS
PARISH DENTAL GROUP,2,PARISH DENTAL GROUP-2,12,STEELERS
Zeus Juice,2,Zeus Juice-2,12,STEELERS
Fort Fun,2,Fort Fun-2,26,EAGLES
PARISH DENTAL GROUP,3,PARISH DENTAL GROUP-3,6,JAGUARS
Zeus Juice,3,Zeus Juice-3,12,STEELERS
FORT MONTANA MAFIA,1,FORT MONTANA MAFIA-1,12,STEELERS
PARK INN PICKS,1,PARK INN PICKS-1,6,JAGUARS
Zeus Juice,4,Zeus Juice-4,12,STEELERS
FORT MONTANA MAFIA,10,FORT MONTANA MAFIA-10,8,BENGALS
PARK INN PICKS,2,PARK INN PICKS-2,6,JAGUARS
Zeus Juice,5,Zeus Juice-5,12,STEELERS
FORT MONTANA MAFIA,2,FORT MONTANA MAFIA-2,12,STEELERS
Parkers Fund,1,Parkers Fund-1,6,JAGUARS
Zeus Juice,6,Zeus Juice-6,12,STEELERS
FORT MONTANA MAFIA,3,FORT MONTANA MAFIA-3,6,JAGUARS
Parkers Fund,2,Parkers Fund-2,6,JAGUARS
Zeus Juice,7,Zeus Juice-7,22,CHARGERS
FORT MONTANA MAFIA,4,FORT MONTANA MAFIA-4,22,CHARGERS
Parkers Fund,3,Parkers Fund-3,12,STEELERS
Zeus Juice,8,Zeus Juice-8,22,CHARGERS
FORT MONTANA MAFIA,5,FORT MONTANA MAFIA-5,24,RAIDERS
Parkers Fund,4,Parkers Fund-4,22,CHARGERS
Zeus Juice,9,Zeus Juice-9,12,STEELERS
FORT MONTANA MAFIA,6,FORT MONTANA MAFIA-6,6,JAGUARS
Parkers Fund,5,Parkers Fund-5,22,CHARGERS
ZIGGY,1,ZIGGY-1,12,STEELERS
FORT MONTANA MAFIA,7,FORT MONTANA MAFIA-7,22,CHARGERS
PARKPLACEPAYDAY,1,PARKPLACEPAYDAY-1,6,JAGUARS
ZIGGY,2,ZIGGY-2,22,CHARGERS
FORT MONTANA MAFIA,8,FORT MONTANA MAFIA-8,18,TITANS
PARKPLACEPAYDAY,2,PARKPLACEPAYDAY-2,22,CHARGERS
ZIGGY,3,ZIGGY-3,26,EAGLES
FORT MONTANA MAFIA,9,FORT MONTANA MAFIA-9,6,JAGUARS
Parlay Bros,1,Parlay Bros-1,6,JAGUARS
ZIGGY,4,ZIGGY-4,22,CHARGERS
Fort Worth Mike,1,Fort Worth Mike-1,6,JAGUARS
PARLAY DUMMIES,1,PARLAY DUMMIES-1,6,JAGUARS
ZIGGY,5,ZIGGY-5,6,JAGUARS
Fort Worth Mike,2,Fort Worth Mike-2,26,EAGLES
PARLAY DUMMIES,2,PARLAY DUMMIES-2,12,STEELERS
ZIGGY,6,ZIGGY-6,12,STEELERS
Fort Worth Mike,3,Fort Worth Mike-3,22,CHARGERS
PARLAY DUMMIES,3,PARLAY DUMMIES-3,22,CHARGERS
ZIGZAG,1,ZIGZAG-1,20,LIONS
FORZAP,1,FORZAP-1,12,STEELERS
PARLAY K,1,PARLAY K-1,6,JAGUARS
ZIGZAG,2,ZIGZAG-2,12,STEELERS
FORZI,1,FORZI-1,22,CHARGERS
PARLAY K,2,PARLAY K-2,22,CHARGERS
ZIGZAG,3,ZIGZAG-3,18,TITANS
FORZI,2,FORZI-2,6,JAGUARS
PARLAY PAULIE,1,PARLAY PAULIE-1,6,JAGUARS
ZIGZAG,4,ZIGZAG-4,18,TITANS
FORZI,3,FORZI-3,6,JAGUARS
PARLAY PAULIE,2,PARLAY PAULIE-2,12,STEELERS
ZION THE LION,1,ZION THE LION-1,6,JAGUARS
FOSTER THE DACHSUNDS,1,FOSTER THE DACHSUNDS-1,12,STEELERS
PARLAYFINANCIALGROUP,1,PARLAYFINANCIALGROUP-1,22,CHARGERS
ZION THE LION,2,ZION THE LION-2,22,CHARGERS
four aces ranch,1,four aces ranch-1,6,JAGUARS
PARLAYMAGIC66,1,PARLAYMAGIC66-1,26,EAGLES
ZIPPERS,1,ZIPPERS-1,20,LIONS
four aces ranch,10,four aces ranch-10,24,RAIDERS
PARLAYMAGIC66,2,PARLAYMAGIC66-2,22,CHARGERS
ZIPPERS,2,ZIPPERS-2,22,CHARGERS
four aces ranch,2,four aces ranch-2,6,JAGUARS
PARLAYMAGIC66,3,PARLAYMAGIC66-3,22,CHARGERS
ZIPPERS,3,ZIPPERS-3,22,CHARGERS
four aces ranch,3,four aces ranch-3,6,JAGUARS
PARLAYMAGIC66,4,PARLAYMAGIC66-4,22,CHARGERS
ZIPPERS,4,ZIPPERS-4,6,JAGUARS
four aces ranch,4,four aces ranch-4,6,JAGUARS
PARLAYMAGIC66,5,PARLAYMAGIC66-5,20,LIONS
ZIPPERS,5,ZIPPERS-5,12,STEELERS
four aces ranch,5,four aces ranch-5,22,CHARGERS
PARLAYMAGIC66,6,PARLAYMAGIC66-6,20,LIONS
ZMEMMOCH,1,ZMEMMOCH-1,22,CHARGERS
four aces ranch,6,four aces ranch-6,22,CHARGERS
PARLAYMAGIC66,7,PARLAYMAGIC66-7,6,JAGUARS
ZMEMMOCH,2,ZMEMMOCH-2,6,JAGUARS
four aces ranch,7,four aces ranch-7,12,STEELERS
PARLAYMAGIC66,8,PARLAYMAGIC66-8,6,JAGUARS
ZOEANDALYSSA'SANGEL,1,ZOEANDALYSSA'SANGEL-1,12,STEELERS
four aces ranch,8,four aces ranch-8,12,STEELERS
PARLAYMAGIC66,9,PARLAYMAGIC66-9,6,JAGUARS
ZOEANDALYSSA'SANGEL,2,ZOEANDALYSSA'SANGEL-2,8,BENGALS
four aces ranch,9,four aces ranch-9,24,RAIDERS
PARLAYSAM,1,PARLAYSAM-1,6,JAGUARS
ZOEY,1,ZOEY-1,12,STEELERS
FOUR BET,1,FOUR BET-1,26,EAGLES
PARROTDEAD,1,PARROTDEAD-1,6,JAGUARS
ZOEY,2,ZOEY-2,6,JAGUARS
FOUR HORSEMEN,1,FOUR HORSEMEN-1,22,CHARGERS
PARROTDEAD,2,PARROTDEAD-2,12,STEELERS
ZOEY,3,ZOEY-3,6,JAGUARS
FOUR HORSEMEN,2,FOUR HORSEMEN-2,22,CHARGERS
PARROTDEAD,3,PARROTDEAD-3,22,CHARGERS
ZOEY,4,ZOEY-4,6,JAGUARS
FOUR HORSEMEN,3,FOUR HORSEMEN-3,6,JAGUARS
PARROTDEAD,4,PARROTDEAD-4,6,JAGUARS
ZONIS20,1,ZONIS20-1,17,JETS
FOUR HORSEMEN,4,FOUR HORSEMEN-4,6,JAGUARS
PARROTDEAD,5,PARROTDEAD-5,6,JAGUARS
ZONIS20,2,ZONIS20-2,28,VIKINGS
FOUR HORSEMEN,5,FOUR HORSEMEN-5,22,CHARGERS
PARTNERS,1,PARTNERS-1,22,CHARGERS
ZOOFIREBLITZ,1,ZOOFIREBLITZ-1,6,JAGUARS
FOUR LOCOS,1,FOUR LOCOS-1,12,STEELERS
PARTNERS,2,PARTNERS-2,22,CHARGERS
ZOPILOTE,1,ZOPILOTE-1,6,JAGUARS
FOUR LOCOS,2,FOUR LOCOS-2,22,CHARGERS
PARTY MARTY,1,PARTY MARTY-1,4,RAMS
ZOPILOTE,2,ZOPILOTE-2,22,CHARGERS
FOUR LOCOS,3,FOUR LOCOS-3,20,LIONS
PARTY MARTY,10,PARTY MARTY-10,22,CHARGERS
ZUPP,1,ZUPP-1,6,JAGUARS
FOUR LOCOS,4,FOUR LOCOS-4,6,JAGUARS
PARTY MARTY,2,PARTY MARTY-2,4,RAMS
ZUPP,10,ZUPP-10,6,JAGUARS
FOUR LOONIES,1,FOUR LOONIES-1,6,JAGUARS
PARTY MARTY,3,PARTY MARTY-3,24,RAIDERS
ZUPP,2,ZUPP-2,6,JAGUARS
FOUR LOONIES,2,FOUR LOONIES-2,22,CHARGERS
PARTY MARTY,4,PARTY MARTY-4,24,RAIDERS
ZUPP,3,ZUPP-3,6,JAGUARS
FOUR POOCHES,1,FOUR POOCHES-1,6,JAGUARS
PARTY MARTY,5,PARTY MARTY-5,6,JAGUARS
ZUPP,4,ZUPP-4,6,JAGUARS
FOUR THIN INCHES,1,FOUR THIN INCHES-1,20,LIONS
PARTY MARTY,6,PARTY MARTY-6,24,RAIDERS
ZUPP,5,ZUPP-5,6,JAGUARS
FOUR THIN INCHES,10,FOUR THIN INCHES-10,6,JAGUARS
PARTY MARTY,7,PARTY MARTY-7,22,CHARGERS
ZUPP,6,ZUPP-6,6,JAGUARS
FOUR THIN INCHES,2,FOUR THIN INCHES-2,22,CHARGERS
PARTY MARTY,8,PARTY MARTY-8,6,JAGUARS
ZUPP,7,ZUPP-7,6,JAGUARS
FOUR THIN INCHES,3,FOUR THIN INCHES-3,22,CHARGERS
PARTY MARTY,9,PARTY MARTY-9,6,JAGUARS
ZUPP,8,ZUPP-8,6,JAGUARS
FOUR THIN INCHES,4,FOUR THIN INCHES-4,22,CHARGERS
PartyBarn,1,PartyBarn-1,6,JAGUARS
ZUPP,9,ZUPP-9,6,JAGUARS
FOUR THIN INCHES,5,FOUR THIN INCHES-5,22,CHARGERS
PARTYPARROT,1,PARTYPARROT-1,22,CHARGERS
ZURALOCKS PICKS,1,ZURALOCKS PICKS-1,22,CHARGERS
FOUR THIN INCHES,6,FOUR THIN INCHES-6,22,CHARGERS
PARTYPARROT,10,PARTYPARROT-10,12,STEELERS
ZURALOCKS PICKS,2,ZURALOCKS PICKS-2,6,JAGUARS
FOUR THIN INCHES,7,FOUR THIN INCHES-7,22,CHARGERS
PARTYPARROT,2,PARTYPARROT-2,22,CHARGERS
Zweating Bullets,1,Zweating Bullets-1,12,STEELERS
FOUR THIN INCHES,8,FOUR THIN INCHES-8,22,CHARGERS
PARTYPARROT,3,PARTYPARROT-3,22,CHARGERS
Zweating Bullets,10,Zweating Bullets-10,22,CHARGERS
FOUR THIN INCHES,9,FOUR THIN INCHES-9,6,JAGUARS
PARTYPARROT,4,PARTYPARROT-4,22,CHARGERS
Zweating Bullets,2,Zweating Bullets-2,12,STEELERS
FOURTH DOWN UNDER,1,FOURTH DOWN UNDER-1,6,JAGUARS
PARTYPARROT,5,PARTYPARROT-5,6,JAGUARS
Zweating Bullets,3,Zweating Bullets-3,12,STEELERS
FOURTH DOWN UNDER,2,FOURTH DOWN UNDER-2,15,BEARS
PARTYPARROT,6,PARTYPARROT-6,6,JAGUARS
Zweating Bullets,4,Zweating Bullets-4,20,LIONS
FOURTH&DEGEN,1,FOURTH&DEGEN-1,6,JAGUARS
PARTYPARROT,7,PARTYPARROT-7,6,JAGUARS
Zweating Bullets,5,Zweating Bullets-5,20,LIONS
FOURTH&DEGEN,10,FOURTH&DEGEN-10,6,JAGUARS
PARTYPARROT,8,PARTYPARROT-8,20,LIONS
Zweating Bullets,6,Zweating Bullets-6,20,LIONS
FOURTH&DEGEN,2,FOURTH&DEGEN-2,6,JAGUARS
PARTYPARROT,9,PARTYPARROT-9,26,EAGLES
Zweating Bullets,7,Zweating Bullets-7,6,JAGUARS
FOURTH&DEGEN,3,FOURTH&DEGEN-3,6,JAGUARS
PASSIVE NIGHT,1,PASSIVE NIGHT-1,6,JAGUARS
Zweating Bullets,8,Zweating Bullets-8,6,JAGUARS
FOURTH&DEGEN,4,FOURTH&DEGEN-4,6,JAGUARS
PATH2VICTORY,1,PATH2VICTORY-1,6,JAGUARS
Zweating Bullets,9,Zweating Bullets-9,6,JAGUARS
FOURTH&DEGEN,5,FOURTH&DEGEN-5,6,JAGUARS
PATH2VICTORY,2,PATH2VICTORY-2,12,STEELERS
ZWEI BRUDER,1,ZWEI BRUDER-1,12,STEELERS
FOURTH&DEGEN,6,FOURTH&DEGEN-6,6,JAGUARS
PathBrew,1,PathBrew-1,22,CHARGERS
ZWEI BRUDER,2,ZWEI BRUDER-2,12,STEELERS
FOURTH&DEGEN,7,FOURTH&DEGEN-7,6,JAGUARS
PathBrew,10,PathBrew-10,6,JAGUARS
ZYLBERTSWINSDAY,1,ZYLBERTSWINSDAY-1,24,RAIDERS
FOURTH&DEGEN,8,FOURTH&DEGEN-8,6,JAGUARS
PathBrew,2,PathBrew-2,6,JAGUARS
ZYLBERTSWINSDAY,10,ZYLBERTSWINSDAY-10,24,RAIDERS
FOURTH&DEGEN,9,FOURTH&DEGEN-9,6,JAGUARS
PathBrew,3,PathBrew-3,22,CHARGERS
ZYLBERTSWINSDAY,2,ZYLBERTSWINSDAY-2,24,RAIDERS
FOWARD PROGRESS,1,FOWARD PROGRESS-1,22,CHARGERS
PathBrew,4,PathBrew-4,6,JAGUARS
ZYLBERTSWINSDAY,3,ZYLBERTSWINSDAY-3,24,RAIDERS
FOWARD PROGRESS,2,FOWARD PROGRESS-2,6,JAGUARS
PathBrew,5,PathBrew-5,22,CHARGERS
ZYLBERTSWINSDAY,4,ZYLBERTSWINSDAY-4,24,RAIDERS
FOWARD PROGRESS,3,FOWARD PROGRESS-3,24,RAIDERS
PathBrew,6,PathBrew-6,6,JAGUARS
ZYLBERTSWINSDAY,5,ZYLBERTSWINSDAY-5,24,RAIDERS
FOWARD PROGRESS,4,FOWARD PROGRESS-4,8,BENGALS
PathBrew,7,PathBrew-7,22,CHARGERS
ZYLBERTSWINSDAY,6,ZYLBERTSWINSDAY-6,24,RAIDERS
FOX7276,1,FOX7276-1,6,JAGUARS
PathBrew,8,PathBrew-8,6,JAGUARS
ZYLBERTSWINSDAY,7,ZYLBERTSWINSDAY-7,24,RAIDERS
FOX7276,10,FOX7276-10,22,CHARGERS
PathBrew,9,PathBrew-9,22,CHARGERS
ZYLBERTSWINSDAY,8,ZYLBERTSWINSDAY-8,24,RAIDERS
FOX7276,2,FOX7276-2,22,CHARGERS
PATIO DRUNKS,1,PATIO DRUNKS-1,12,STEELERS
ZYLBERTSWINSDAY,9,ZYLBERTSWINSDAY-9,24,RAIDERS
FOX7276,3,FOX7276-3,6,JAGUARS
PATIO DRUNKS,2,PATIO DRUNKS-2,12,STEELERS
ZYNDICATE,1,ZYNDICATE-1,20,LIONS
FOX7276,4,FOX7276-4,22,CHARGERS
PATIO DRUNKS,3,PATIO DRUNKS-3,22,CHARGERS
Zyzzyx Road,1,Zyzzyx Road-1,22,CHARGERS
FOX7276,5,FOX7276-5,22,CHARGERS
PATRICE PG,1,PATRICE PG-1,12,STEELERS
Zyzzyx Road,10,Zyzzyx Road-10,20,LIONS
FOX7276,6,FOX7276-6,22,CHARGERS
PATRICE PG,2,PATRICE PG-2,8,BENGALS
Zyzzyx Road,2,Zyzzyx Road-2,22,CHARGERS
FOX7276,7,FOX7276-7,8,BENGALS
PATRICE PG,3,PATRICE PG-3,26,EAGLES
Zyzzyx Road,3,Zyzzyx Road-3,22,CHARGERS
FOX7276,8,FOX7276-8,8,BENGALS
PATRICE PG,4,PATRICE PG-4,6,JAGUARS
Zyzzyx Road,4,Zyzzyx Road-4,22,CHARGERS
FOX7276,9,FOX7276-9,8,BENGALS
PATRICE PG,5,PATRICE PG-5,12,STEELERS
Zyzzyx Road,5,Zyzzyx Road-5,6,JAGUARS
Foxboro_Five,1,Foxboro_Five-1,6,JAGUARS
PATRICE PG,6,PATRICE PG-6,20,LIONS
Zyzzyx Road,6,Zyzzyx Road-6,6,JAGUARS
FOXY ODDS,1,FOXY ODDS-1,12,STEELERS
PATRICK STAR,1,PATRICK STAR-1,6,JAGUARS
Zyzzyx Road,7,Zyzzyx Road-7,6,JAGUARS
FOXY ODDS,2,FOXY ODDS-2,20,LIONS
PATRICK STAR,10,PATRICK STAR-10,22,CHARGERS
Zyzzyx Road,8,Zyzzyx Road-8,6,JAGUARS
Fozzie,1,Fozzie-1,22,CHARGERS
PATRICK STAR,2,PATRICK STAR-2,6,JAGUARS
Zyzzyx Road,9,Zyzzyx Road-9,20,LIONS
Fozzie,2,Fozzie-2,20,LIONS
PATRICK STAR,3,PATRICK STAR-3,6,JAGUARS
zz,1,zz-1,6,JAGUARS
Fozzie,3,Fozzie-3,6,JAGUARS
PATRICK STAR,4,PATRICK STAR-4,12,STEELERS
zz,2,zz-2,22,CHARGERS
Fozzie,4,Fozzie-4,22,CHARGERS
PATRICK STAR,5,PATRICK STAR-5,24,RAIDERS
zz,3,zz-3,12,STEELERS
FPSU,1,FPSU-1,12,STEELERS
PATRICK STAR,6,PATRICK STAR-6,24,RAIDERS
zz,4,zz-4,6,JAGUARS
FPSU,2,FPSU-2,22,CHARGERS
PATRICK STAR,7,PATRICK STAR-7,22,CHARGERS
zz,5,zz-5,12,STEELERS
FPSU,3,FPSU-3,6,JAGUARS
PATRICK STAR,8,PATRICK STAR-8,22,CHARGERS
ZZYXX,1,ZZYXX-1,18,TITANS
FRANCHEK FRANCHISE,1,FRANCHEK FRANCHISE-1,6,JAGUARS
PATRICK STAR,9,PATRICK STAR-9,22,CHARGERS
ZZYXX,2,ZZYXX-2,24,RAIDERS
FRANK B,1,FRANK B-1,12,STEELERS
PATRICKLONGTHAO,1,PATRICKLONGTHAO-1,6,JAGUARS
ZZYXX,3,ZZYXX-3,6,JAGUARS
FRANK B,10,FRANK B-10,6,JAGUARS
PATRICKLONGTHAO,2,PATRICKLONGTHAO-2,20,LIONS
ZZYZX RD,1,ZZYZX RD-1,6,JAGUARS
FRANK B,2,FRANK B-2,12,STEELERS
PATRICKLONGTHAO,3,PATRICKLONGTHAO-3,6,JAGUARS
ZZYZX RD,2,ZZYZX RD-2,12,STEELERS
FRANK B,3,FRANK B-3,12,STEELERS
PATRICKLONGTHAO,4,PATRICKLONGTHAO-4,22,CHARGERS
ZZYZX RD,3,ZZYZX RD-3,22,CHARGERS
FRANK B,4,FRANK B-4,26,EAGLES
patriots with leis,1,patriots with leis-1,6,JAGUARS
ZZYZX RD,4,ZZYZX RD-4,22,CHARGERS
FRANK B,5,FRANK B-5,26,EAGLES
patriots with leis,2,patriots with leis-2,6,JAGUARS
ZZYZX RD,5,ZZYZX RD-5,22,CHARGERS
